player_name,pitcher,game_year,n_pitches,tunneling_plus,tunneling_WAA,tunneling_WAA_per162,runs_saved_total,runs_saved_above_avg,runs_saved_per_100,runs_above_avg_per_100,vra_total,hra_total,vaa_total,haa_total,vra_per_100,hra_per_100,vaa_per_100,haa_per_100,release_sim_total,approach_div_total,release_sim_per_100,approach_div_per_100,VRA_KDE,HRA_KDE,VAA_KDE,HAA_KDE,release_similarity,approach_divergence,tunnel_quality,tunneling_plus_pct,tunneling_WAA_pct,tunneling_WAA_per162_pct,tunnel_quality_pct,release_similarity_pct,approach_divergence_pct
"Montero, Rafael",606160,2025,1098,133.49680064018816,0.37215315091838375,0.8473432397959557,3.7779717161788113,3.7215315091838375,0.344077569779491,0.3389372959183823,1.7232216150173372,0.8026245882729199,1.267002736763743,-0.01487722387518886,0.15694185929119647,0.07309877853123133,0.1153918703792116,-0.00135493842214834,1.2629231016451286,0.6260627564442771,0.11502031891121388,0.05701846597853161,0.33188658314096764,0.31326106711726737,0.05098897078467105,0.19936662558500556,0.3225738251291175,0.8748222018151617,0.5986980134721396,100,98.82026370575988,100,96.32199861207495,98.47328244274809,48.507980569049266
"Yates, Kirby",489446,2024,1052,131.23622817741054,0.3324990112895117,0.790159247361007,3.3790657939139805,3.324990112895117,0.3212039728055115,0.3160636989444028,0.7817295945696969,0.31956943348814093,2.4629675380604112,-0.18520077220426856,0.07430889682221455,0.03037732257491834,0.2341223895494687,-0.01760463614109016,0.5506495140289189,1.1388833829280711,0.05234310969856644,0.1082588767041893,0.2913762155662924,0.3035741197886424,0.01682690060121387,0.3019182919157759,0.2974751676774674,0.8406274037415051,0.5690512857094863,99.93060374739764,98.47328244274809,99.93060374739764,70.15961138098544,90.83969465648855,9.993060374739764
"Burr, Ryan",621114,2024,570,130.1831057459245,0.17408237884220584,0.7635192054482711,1.770123349430378,1.7408237884220583,0.3105479560404172,0.30540768217930847,0.4001000972079965,0.32433915200999763,1.2483655543228451,-0.20268145411046137,0.07019299951017482,0.05690160561578906,0.2190115007583939,-0.03555814984394058,0.36221962460899704,0.5228420501061919,0.06354730256298194,0.09172667545722664,0.2371006084504944,0.38747912625893505,0.00427494771507112,0.2611133964477245,0.31228986735471476,0.8673058279186021,0.5897978476366584,99.86120749479528,91.67244968771686,99.86120749479528,92.85218598195696,96.11380985426787,37.682165163081194
"Speier, Gabe",642100,2023,782,129.60775735174198,0.23427626830487105,0.7489650521255469,2.382959624642581,2.3427626830487105,0.30472629471132745,0.29958602085021874,0.8285298842442899,0.5365477854938945,0.3061732601206586,0.7117086947837379,0.10595011307471736,0.06861224878438549,0.03915259080826836,0.09101134204395624,0.6825388348690922,0.5089409774521982,0.08728118092955144,0.0650819664261123,0.30806798719326356,0.3105605300265057,0.07458976704771507,0.07968663787085245,0.3093142586098846,0.9228617975407163,0.6160880280753005,99.79181124219292,95.62803608605135,99.79181124219292,99.09784871616932,95.28105482303955,92.43580846634282
"Cousins, Jake",664776,2024,760,127.4274021467466,0.21091831752324636,0.6938102550106786,2.14824925657689,2.1091831752324635,0.2826643758653802,0.27752410200427147,0.31562868334071936,-0.8706296113368808,0.838524004791168,1.8647261797818828,0.04153008991325255,-0.11455652780748432,0.11033210589357471,0.2453587078660372,-0.2775004639980807,1.3516250922865254,-0.03651321894711588,0.177845406879806,0.2795838102950781,0.11876157126586864,0.02470133904451233,0.01159216340123048,0.1991726907804734,0.9818532487771285,0.590512969778801,99.72241498959056,94.44829979181124,99.72241498959056,93.12977099236642,12.560721721027065,100
"Ginkel, Kevin",656464,2024,1184,126.64167213571042,0.3191752546385086,0.6739342369900941,3.2526133889006132,3.191752546385086,0.27471396865714637,0.26957369479603766,1.2634112544428715,-0.01407873030802875,1.6379751842287078,0.36530568053706247,0.10670703162524256,-0.00118908195169161,0.1383424986679652,0.03085352031563027,0.6246662620674215,1.0016404323828851,0.05275897483677547,0.08459800949179773,0.29724106170251363,0.2983417757744446,0.03456057015961221,0.10451904087946012,0.29779141873847914,0.9304601944804638,0.6141258066094715,99.6530187369882,98.19569743233866,99.6530187369882,98.95905621096462,91.04788341429563,95.76682859125607
"Enright, Nic",663671,2025,532,125.85246643327231,0.1391648792084072,0.6539702970319887,1.4189950490251704,1.391648792084072,0.2667283926739042,0.2615881188127955,-0.02195226369985903,0.806959642257425,0.8423305724938928,-0.20834290202628836,-0.00412636535711635,0.15168414328147087,0.15833281437855126,-0.03916219962900157,0.392503689278783,0.3169938352338022,0.07377888896217724,0.05958530737477485,0.20366136755986664,0.4178136596211924,0.026916449174468,0.1751367933152823,0.3107375135905295,0.8989733787551248,0.6048554461728272,99.58362248438584,88.54961832061069,99.58362248438584,97.29354614850799,95.69743233865371,78.55655794587092
"Vesia, Alex",681911,2023,882,125.36494006206209,0.22636978444948136,0.641637711024607,2.3090350599497924,2.2636978444948137,0.2617953582709515,0.2566550844098428,0.39663899662537005,0.5803277486575098,1.4909762833722198,-0.1589079687053072,0.0449704077806542,0.06579679689994443,0.16904493008755328,-0.01801677649720036,0.48848337264143993,0.6660341573334563,0.05538360234029931,0.07551407679517645,0.2684041666478883,0.3552592560911983,0.01120105435163136,0.07241078156433381,0.3118317113695433,0.9581940820420174,0.6350128967057803,99.51422623178348,95.35045107564191,99.51422623178348,100,95.90562109646079,99.16724496877168
"Smith, Cade",671922,2025,1240,125.07107509915456,0.3145651994955641,0.6342040312410566,3.209391390833389,3.145651994955641,0.25882188635753134,0.2536816124964226,0.3550681552037531,0.7914862836987595,2.4997524381667517,-0.4369154862358755,0.02863452864546396,0.06382953900796448,0.2015929385618348,-0.03523511985773189,0.5732772194512563,1.031418475965438,0.04623203382671422,0.08317890935205145,0.2515984414455039,0.2939080812441722,0.01687302111319812,0.2179312825222023,0.27275326134483807,0.8825978481822998,0.5776755547635689,99.44482997918112,98.1263011797363,99.44482997918112,82.65093684941013,74.73976405274115,59.958362248438576
"De Los Santos, Enyel",660853,2025,1105,124.95964802599568,0.2790723224096735,0.6313853448182657,2.847523250261986,2.790723224096735,0.257694411788415,0.2525541379273063,1.354590662967837,0.3932251423439084,1.2119355647878365,-0.11222811983759584,0.1225873903138314,0.03558598573248039,0.10967742667763226,-0.01015639093552903,0.8739079026558727,0.5498537224751203,0.0790866880231559,0.04976051787105162,0.3665099559378691,0.31200612469533084,0.05187090297438173,0.15113019594514843,0.3392580403166,0.898499450540235,0.6188787454284175,99.37543372657876,97.50173490631506,99.37543372657876,99.51422623178348,99.3060374739764,78.00138792505204
"Díaz, Alexis",664747,2023,1161,124.86895626771938,0.2921499458396922,0.6290911839786653,2.981178037924394,2.921499458396922,0.25677674745257484,0.2516364735914661,1.195210469045037,0.06304370884481614,1.7744970017538435,-0.05157314171930238,0.10294663816064056,0.00543012134752938,0.1528421190141123,-0.00444213106970735,0.6291270889449265,0.8614619300172706,0.05418837975408497,0.07419999397220246,0.3317066464236647,0.2521421031175664,0.02111855120611717,0.11271971116792032,0.29192437477061556,0.9330808688129812,0.6125026217917984,99.3060374739764,97.64052741151977,99.3060374739764,98.6120749479528,88.61901457321305,96.18320610687023
"Kittredge, Andrew",552640,2024,1045,124.7830874572766,0.26205215270243526,0.6269190256039121,2.674237388872939,2.6205215270243527,0.25590788410267357,0.25076761024156485,0.9983012716916164,0.7461063667788039,-0.03494094265647618,0.9647706930589948,0.09553122217144656,0.07139773844773242,-0.00334363087621781,0.0923225543597124,0.8722038192352102,0.4649148752012593,0.08346448030958949,0.04448946174174729,0.3039125161579199,0.28455248621388385,0.10240929499193711,0.06214828212687266,0.2942325011859019,0.9177212114405952,0.6059768563132485,99.23664122137404,96.87716863289383,99.23664122137404,97.57113115891742,89.65995836224843,90.42331714087439
"Yates, Kirby",489446,2025,721,124.43513262438665,0.17826496450938564,0.6181170752752623,1.8197110196324504,1.7826496450938565,0.2523871039712136,0.2472468301101049,0.5088162040128736,0.23437496210590325,1.710404765893145,-0.6338849123794716,0.07057090208222935,0.03250692955699074,0.2372267359075097,-0.08791746357551618,0.3715955830593885,0.5382599267568366,0.05153891581961005,0.07465463616599677,0.3092317466695251,0.2917631855187519,0.01840413670792419,0.3135869798424826,0.3004974660941385,0.8340044417247966,0.5672509539094676,99.16724496877168,91.9500346981263,99.16724496877168,67.17557251908397,92.57460097154754,5.968077723802915
"Mayza, Tim",641835,2023,790,124.40266698611126,0.1950654780361754,0.6172958165701752,1.9912629438645129,1.950654780361754,0.2520586004891788,0.24691832662807006,0.03902008843147087,0.17445360990950576,0.00920579645821817,1.7685834490653178,0.00493925170018618,0.022082735431583,0.00116529069091369,0.22387132266649593,0.10673684917048833,0.888894622761768,0.01351099356588459,0.11251830667870484,0.25630625523346495,0.3097034069049328,0.08973177408525636,0.02376840151929943,0.2830048310691989,0.9432499121977221,0.6131273716334605,99.09784871616932,93.26856349757114,99.09784871616932,98.75086745315753,82.58154059680777,97.57113115891742
"Hamilton, Ian",641656,2023,970,123.89662863829716,0.23454403946976998,0.6044949470870361,2.3953010511504544,2.3454403946977,0.24693825269592315,0.24179797883481444,0.7982950544982259,0.9639783283337238,0.3242301976957833,0.30879747062272145,0.08229845922662124,0.09937920910656946,0.03342579357688487,0.03183479078584757,0.8811366914159748,0.3165138341592524,0.09083883416659534,0.03263029218136622,0.2704544971866936,0.3303595565920683,0.08333134847718021,0.10019090445454965,0.3004070268893809,0.9082388735341351,0.604322950211758,99.02845246356696,95.69743233865371,99.02845246356696,97.22414989590563,92.50520471894518,84.7328244274809
"Alvarado, José",621237,2023,855,123.74751433017644,0.20544723699008433,0.6007229151756853,2.098421711413323,2.0544723699008434,0.24542943993138283,0.24028916607027412,0.549757923139623,0.6737669725644082,0.2913869706890182,0.5835098450202736,0.06429917229703193,0.0788031546858957,0.03408034744900797,0.0682467654994472,0.6117624478520156,0.4374484078546459,0.07155116349146382,0.05116355647422759,0.27346194225438036,0.366972465701956,0.07817785645632046,0.06577035370506472,0.3202172039781682,0.9280258949193074,0.6241215494487378,98.95905621096462,93.96252602359473,98.95905621096462,99.79181124219292,97.77931991672449,94.72588480222069
"Jiménez, Joe",641729,2024,1103,123.74566858088339,0.26501835031617066,0.6006762246513386,2.7068807238497357,2.6501835031617067,0.2454107637216442,0.24027048986053548,0.5666149176271347,0.3263213386026109,1.4393155683250145,0.3746288992949758,0.05137034611306751,0.02958489017249419,0.1304909853422497,0.0339645420938328,0.4464681281148728,0.906972233809995,0.04047761814278085,0.08222776371804126,0.24994483433331569,0.30192989172556794,0.0240287098406451,0.07793760313473566,0.27593736302944183,0.9490168435123096,0.6124771032708758,98.88965995836226,97.08535739070089,98.88965995836226,98.54267869535045,77.30742539902845,98.47328244274809
"De Los Santos, Enyel",660853,2024,1127,123.66621824463174,0.2698788264480683,0.598666429565369,2.7567191508953783,2.698788264480683,0.24460684568725627,0.23946657182614756,1.419946761086976,0.1750724918092601,1.0698958301636594,0.09180406783548278,0.1259935014274158,0.01553438259177108,0.09493308164717476,0.00814588002089465,0.7975096264481181,0.5808499489995711,0.07076394200959345,0.0515394808340347,0.3422650536381677,0.28533478785369487,0.05427602986472352,0.11893663719256418,0.3137999207459313,0.9133936664713561,0.6135967936086437,98.82026370575988,97.22414989590563,98.82026370575988,98.88965995836226,96.59958362248439,88.13324080499653
"Graterol, Brusdar",660813,2023,963,123.50197871510454,0.22900594010735803,0.5945117863638578,2.339560238356057,2.2900594010735804,0.24294498840665185,0.23780471454554314,1.3045070110688926,0.40387070725046215,-0.02897544887787262,0.6601579689145751,0.13546282565616746,0.0419388065680646,-0.00300887319604077,0.06855222937846055,0.8541888591596773,0.31559126001835125,0.08870081611211603,0.03277167809120989,0.3552103422477587,0.2891920418439239,0.1085192948954369,0.0902357084754635,0.3222011920458413,0.9006224983145498,0.6114118451801955,98.75086745315753,95.48924358084663,98.75086745315753,98.26509368494102,98.26509368494102,79.94448299791812
"Tonkin, Michael",543859,2023,1296,123.32671249336221,0.30589654368367863,0.5900782092663555,3.1255833860767552,3.0589654368367865,0.24117155756765088,0.23603128370654217,0.6011952060116528,-0.25175108403163904,2.5026408214401954,0.2734984426565461,0.04638851898238062,-0.01942523796540424,0.19310500165433608,0.02110327489633843,0.17472206099000687,1.3880696320483707,0.01348164050848818,0.10710413827533724,0.26728104624994276,0.20820392624380776,0.00704051561731263,0.10599928059464644,0.23774248624687527,0.9434801018940204,0.5906112940704479,98.68147120055517,97.91811242192921,98.68147120055517,93.3379597501735,42.60929909784872,97.64052741151977
"Scott, Tanner",656945,2025,901,123.07339393778813,0.21035474054603642,0.5836702012931088,2.1498612729489537,2.1035474054603642,0.23860835437835223,0.23346808051724352,0.24622608764610732,0.5142577501028427,1.2080214950556185,0.1813559401443854,0.02732808963885763,0.0570763318649104,0.1340756376310342,0.02012829524354998,0.380241918874475,0.6946887176000018,0.04220221075188402,0.0771019664372921,0.23401425013273233,0.32590839100835567,0.0314631460295756,0.1068479561365956,0.279961320570544,0.9308444489169144,0.6054028847437292,98.6120749479528,94.37890353920888,98.6120749479528,97.4323386537127,80.36086051353227,95.83622484385843
"Hjelle, Sean",663546,2024,1204,122.73180900575707,0.27693415207143157,0.5750293855303812,2.8312304180020647,2.7693415207143155,0.2351520280732612,0.23001175421215247,1.3090857191359646,-0.02665813080693624,0.554446918499707,0.9943559111733292,0.1087280497621233,-0.00221413046569237,0.04605040851326469,0.08258770026356556,0.6412137941645142,0.7744014148365181,0.05325695964821547,0.06431905438841512,0.3581221697763795,0.25451570712005583,0.07806910866000834,0.06602504206516907,0.30631893844821767,0.9279529246374113,0.6171359315428144,98.54267869535045,97.4323386537127,98.54267869535045,99.23664122137404,94.65648854961832,94.65648854961832
"Díaz, Alexis",664747,2024,977,122.49028260326227,0.22233380888755683,0.5689196747378629,2.2735585644986003,2.2233380888755683,0.23270814375625387,0.22756786989514516,0.6949652330376921,0.15453355889485465,1.533684985829538,-0.10962521326348452,0.07113257247059285,0.01581715034747744,0.15697901594979918,-0.01122059501161561,0.42474939596627337,0.7120298862830268,0.04347486140903515,0.07287921046909178,0.32122363170352386,0.2492890991252946,0.02500453158254918,0.12165904601450409,0.28525636541440924,0.9266682112014734,0.6059622883079413,98.47328244274809,95.28105482303955,98.47328244274809,97.50173490631506,84.10825815405968,94.17071478140181
"Strider, Spencer",675911,2025,2110,122.24990169351497,0.475036065874251,0.5628389406093022,4.858820437211904,4.75036065874251,0.23027585010482957,0.22513557624372085,1.3747688867174477,0.7228933721994508,2.708586942480224,0.0525712358147814,0.06515492354111126,0.0342603493933389,0.1283690494066457,0.00249152776373371,1.0488311294584491,1.3805790891475027,0.04970763646722508,0.0654302885851897,0.2572134759767981,0.2816117373876204,0.02723068708290029,0.10981638841540192,0.26941260668220923,0.9314764622508489,0.600444534466529,98.40388619014573,99.58362248438584,98.40388619014573,96.66897987508675,72.24149895905622,95.97501734906315
"Lee, Dylan",669276,2024,876,122.0372887039842,0.1953342049495931,0.5574606305639074,1.9983708485192435,1.953342049495931,0.2281245260866717,0.22298425222556298,0.7677472879177003,0.4196497257544251,0.5382770290841563,0.27269680576296196,0.0876423844654909,0.04790521983498004,0.06144714943883063,0.03112977234737008,0.5936985068360627,0.40548691742355913,0.06777380215023547,0.04628846089310036,0.2557675476166087,0.3783750662352175,0.06451607902724323,0.11068416577908982,0.3170713069259131,0.9123998775968335,0.6147355922613733,98.33448993754337,93.3379597501735,98.33448993754337,99.02845246356696,97.29354614850799,87.36988202637058
"Snell, Blake",605483,2024,1773,121.99753822394824,0.3946379517603357,0.5564550927246696,4.037516573160815,3.9463795176033574,0.2277223109509766,0.22258203708986787,0.3957787828685469,0.9245533809371408,2.516174159217826,0.20101025013730123,0.02232254838514082,0.0521462707804366,0.14191619623337992,0.01133729555201924,0.6601660819028439,1.3585922046775636,0.03723440958278871,0.07662674589269959,0.20330287187920543,0.25557687229605175,0.0303460509575364,0.11784134049253966,0.2294398720876286,0.925906304274962,0.5776730881812953,98.26509368494102,99.02845246356696,98.26509368494102,82.58154059680777,34.90631505898681,93.75433726578764
"Romano, Jordan",605447,2023,927,121.8743247391054,0.20517782471553403,0.5533382543568879,2.099428585847818,2.0517782471553403,0.22647557560386383,0.22133530174275512,0.199227662623116,0.4015072155443704,1.868021239263726,-0.3693275315833944,0.02149165724089708,0.04331253673617804,0.20151253929490032,-0.03984115766811158,0.3003674390837432,0.7493468538401657,0.03240209698853756,0.08083569081339437,0.20638151139837335,0.31024046922493037,0.00537525688568563,0.2060650723300818,0.25831099031165183,0.8942798353921163,0.576295412851884,98.19569743233866,93.89312977099237,98.19569743233866,80.84663428174879,63.0117973629424,73.90700902151283
"Castillo, José",620454,2025,543,121.79077579768904,0.11972602220620598,0.5512247799549078,1.22517190912788,1.1972602220620598,0.22563018584307185,0.22048991198196313,0.4697928114766228,0.1577850976755144,0.04878160801899867,0.5488123919567442,0.08651801316328228,0.02905802903784796,0.00898372155046016,0.10107042209148144,0.3137889545760686,0.29879699998787146,0.05778802110056512,0.0550270718209708,0.3100150032582301,0.2605092031024957,0.10012754479512724,0.07774891062192973,0.28526210318036294,0.9110617722914716,0.5981619377359173,98.1263011797363,85.63497571131158,98.1263011797363,96.11380985426787,84.17765440666204,86.4677307425399
"Rainey, Tanner",663432,2024,985,121.76915362643324,0.2169670611732093,0.5506778202365719,2.2203023092640137,2.169670611732093,0.22541140195573744,0.22027112809462873,0.36731470316408377,0.4574630176439314,1.45350964527006,-0.05798505681406141,0.03729083280853642,0.04644294595369862,0.1475644309918843,-0.00588680779838186,0.4123888604040076,0.6977622942279993,0.04186688938111752,0.07083881159675119,0.2535965192648966,0.2947737612686253,0.02823371247984147,0.0956367453883192,0.274185140266761,0.9380647710659197,0.6061249556663404,98.05690492713394,94.79528105482305,98.05690492713394,97.64052741151977,75.64191533657183,96.87716863289383
"López, Reynaldo",625643,2023,1203,121.50655089550952,0.2617896215485246,0.544034957499012,2.679733710034384,2.617896215485246,0.2227542568607135,0.2176139829996048,0.3601155440128423,0.5133526630679626,1.5472508140387615,0.25901468891481727,0.02993479168851557,0.04267270682194202,0.12861602776714562,0.02153073058311033,0.4367341035404024,0.9031327514767896,0.0363037492552288,0.07507337917512798,0.24860641641621856,0.3362293301073163,0.02757743871258974,0.08001479654187924,0.29241787326176744,0.9462038823727655,0.6193108778172665,97.98750867453158,96.80777238029147,97.98750867453158,99.58362248438584,88.75780707841776,98.1263011797363
"Miller, Shelby",571946,2025,704,121.36586503800122,0.1521980792584488,0.5404761337302869,1.5581683205666934,1.521980792584488,0.22133072735322348,0.21619045349211477,0.23492800342728515,0.4353775428990048,1.0830823498135658,-0.19521957557316227,0.03337045503228482,0.06184340097997227,0.15384692468942696,-0.02773005334846055,0.33515277316314496,0.44393138712020175,0.04760692800612854,0.0630584356704832,0.2539746080138925,0.2862188173513576,0.03112892806401512,0.22662352987107584,0.27009671268262503,0.8711237710324545,0.5706102418575398,97.91811242192921,90.00693962526024,97.91811242192921,72.58848022206801,72.72727272727273,43.37265787647467
"Jiménez, Joe",641729,2023,958,121.20158423131352,0.20551799504961815,0.536320446371655,2.1044237740856033,2.0551799504961816,0.2196684524097707,0.214528178548662,0.05296982256788851,0.3589988361891301,1.7220908902590963,-0.02963577493051161,0.00552920903631404,0.03747378248320773,0.17975896558028143,-0.00309350469003252,0.2059843293785093,0.8462275576642924,0.02150149575976089,0.08833273044512446,0.22577771847545455,0.2974276829576752,0.02026541988826304,0.10976517774310654,0.2616027007165649,0.9349847011843152,0.5982937009504401,97.84871616932685,94.0319222761971,97.84871616932685,96.18320610687023,66.20402498265094,96.53018736988203
"Treinen, Blake",595014,2025,591,121.14741136764542,0.12646219806049605,0.5349500763980375,1.2950009991241132,1.2646219806049606,0.2191203044203237,0.213980030559215,0.258887232540701,-0.04675104383113648,-0.00221787204259271,1.0850826824571411,0.04380494628438258,-0.00791049811017538,-3.752744572914918e-4,0.183601130703408,0.10606809435478226,0.5414324052072743,0.01794722408710359,0.09161292812305824,0.2665561558931505,0.18192635945521757,0.08927115768734487,0.05436393666073094,0.22424125767418404,0.9281824528259621,0.5762118552500731,97.77931991672449,86.60652324774463,97.77931991672449,80.6384455239417,29.632199861207493,94.8646773074254
"Uceta, Edwin",670955,2024,672,120.84439428281826,0.14173417636383973,0.5272848823059513,1.4518844039850478,1.4173417636383971,0.21605422678348923,0.21091395292238052,0.921383371683703,0.1467686559062713,0.5138334632779333,-0.13010108688285982,0.13711062078626532,0.02184057379557608,0.0764633129877877,-0.01936028078613985,0.5340760137949871,0.19186618819753676,0.0794755972909207,0.02855151610082392,0.35257460947921276,0.241414042654793,0.07151728251163485,0.17947926658298652,0.2969943260670029,0.8745017254526893,0.5857480257598461,97.70992366412213,89.10478834142957,97.70992366412213,90.63150589868147,90.56210964607911,48.091603053435115
"Ryan, Joe",657746,2023,2700,120.67253666829862,0.5647725325816647,0.522937530168208,5.7865127200665825,5.647725325816647,0.2143152859283919,0.2091750120672832,1.1391964160540624,1.1136933615434828,3.9907997925099608,-0.45717685004092345,0.04219245985385416,0.04124790227938825,0.14780739972259113,-0.01693247592744161,1.1264448887987726,1.7668114712345186,0.04172018106662121,0.06543746189757477,0.27334519064207974,0.27907956515592863,0.04348505514665582,0.2116111519195546,0.2762123778990042,0.8724518964668948,0.5743321371829495,97.64052741151977,99.93060374739764,97.64052741151977,78.62595419847328,77.5850104094379,45.59333795975017
"Chargois, JT",608638,2024,529,120.34230221100448,0.10888594028650866,0.5145838387831223,1.1160514515903517,1.0888594028650866,0.2109738093743576,0.2058335355132489,0.5751028820372994,0.02783509129949379,0.14384626944547563,0.3692672088080826,0.10871510057415867,0.00526183200368502,0.0271921114263659,0.06980476537014793,0.3014689866683966,0.2565567391267791,0.05698846628892185,0.04849843839825692,0.32660591006052864,0.2250848468355906,0.06891195791920103,0.07716345119422205,0.2758453784480596,0.9269622954432885,0.601403836945674,97.57113115891742,84.2470506592644,97.57113115891742,96.87716863289383,77.23802914642609,94.37890353920888
"Abreu, Bryan",650556,2025,1189,120.24970544608803,0.24362205189772085,0.5122414884308679,2.497338375185791,2.4362205189772084,0.2100368692334559,0.2048965953723472,-0.3637529686734524,0.13414496683481048,2.3873697813214676,0.3395765957029653,-0.03059318491786816,0.01128216710132972,0.2007880387991142,0.02855984825088017,-0.11480400091932096,1.3634731885122164,-0.00965550890826921,0.1146739435249972,0.16305356796332462,0.26340905779387763,0.00993348002099159,0.08281731703989856,0.21323131287860114,0.953624601469555,0.583427957174078,97.50173490631506,96.11380985426787,97.50173490631506,88.61901457321305,20.680083275503122,98.88965995836226
"Santillan, Tony",663574,2025,1258,120.24891531887035,0.2577498593937939,0.5122215011800356,2.642163239110687,2.577498593937939,0.21002887433312295,0.20488860047201424,0.3216411182431784,-0.06836322625940738,1.448059845309217,0.9408255018176988,0.02556765645812229,-0.00543427871696402,0.11510809581154348,0.0747874007804212,0.12663894599188552,1.194442673563458,0.01006668887057913,0.09494774829598236,0.2437849447616579,0.1909094456563574,0.02828645549174547,0.04409239793929907,0.21734719520900764,0.9638105732844777,0.5905788842467427,97.4323386537127,96.66897987508675,97.4323386537127,93.19916724496878,23.66412213740458,99.3060374739764
"Duran, Jhoan",661395,2023,1073,120.17618204639078,0.21905579241035888,0.5103816225777236,2.2457130626332855,2.190557924103589,0.2092929228921981,0.2041526490310894,0.0418050633106759,0.40100689352766494,1.381828306244529,0.42107279955041577,0.0038960916412559,0.03737249706688397,0.12878176199855815,0.03924257218550007,0.2214059784191704,0.9014505528974724,0.02063429435406993,0.0840121670920291,0.2198098742510992,0.27816563381493764,0.04464936962487427,0.18936762010082084,0.24898775403301843,0.8829915051371524,0.5659896295850855,97.36294240111035,95.07286606523247,97.36294240111035,64.33032616238722,52.81054823039556,60.72172102706453
"Bickford, Phil",641360,2023,1218,119.97729635631525,0.24620679363481726,0.5053505616478189,2.524676471976477,2.4620679363481726,0.20728049852023625,0.20214022465912754,0.617789528287858,0.04908017556772393,2.1787929947026896,-0.32098622658179465,0.05072163614842841,0.00402957106467355,0.17888284028757714,-0.02635354898044291,0.333434851927791,0.9289033840604476,0.02737560360655098,0.07626464565356712,0.25982655066203886,0.2835433239860574,0.01491541788477697,0.14855890922358636,0.27168493732404814,0.9182628364458183,0.5949738868849332,97.29354614850799,96.18320610687023,97.29354614850799,95.14226231783483,73.90700902151283,90.56210964607911
"Sterner, Justin",686993,2025,1093,119.79437109532218,0.21891620036412726,0.5007232396251767,2.245345196943191,2.1891620036412727,0.20542956971117943,0.20028929585007071,0.7136840024102185,0.32171978586848127,0.6989895246733795,0.5109518839911118,0.06529588311163938,0.02943456412337431,0.06395146611833298,0.04674765635783274,0.5177018941393499,0.6049707043322456,0.04736522361750685,0.05534956123808285,0.2809016000560516,0.2684230136171236,0.05357584503389489,0.06584653344853597,0.2746623068365876,0.9402888107587846,0.6074755587976861,97.22414989590563,95.00346981263012,97.22414989590563,97.84871616932685,76.1970853573907,97.36294240111035
"Megill, Trevor",656730,2024,697,119.74841126946494,0.13927750327024402,0.4995606286594117,1.4286027415143678,1.3927750327024402,0.2049645253248734,0.19982425146376467,-0.3193227211320391,0.6303435938079929,1.160371096237526,-0.04278922739911195,-0.04581387677647619,0.09043667056068765,0.1664807885563165,-0.00613905701565451,0.1555104363379769,0.558790934419207,0.02231139689210572,0.08017086577033099,0.16470794785976586,0.3984004101263891,0.00548141114378376,0.1242692754629372,0.2815541789930775,0.9351246566966396,0.6083394178448586,97.15475364330327,88.61901457321305,97.15475364330327,97.98750867453158,81.3324080499653,96.59958362248439
"Jax, Griffin",643377,2024,1047,119.45625296246133,0.20612084661612956,0.4921701208599081,2.1150271334871036,2.0612084661612955,0.20200832220507195,0.19686804834396324,0.21328696424734517,0.6303280754236766,-0.08535707015244043,1.3567691639685222,0.02037124777911606,0.0602032545772375,-0.00815253774139832,0.12958635759011675,0.4218075198355109,0.6357060469080409,0.04028725117817678,0.06071690992435921,0.23445264201559707,0.29900028697292186,0.08661055491010256,0.06866543928865725,0.26672646449425946,0.9223620029006201,0.5945442336974398,97.08535739070089,94.10131852879945,97.08535739070089,95.00346981263012,69.81263011797363,92.22761970853574
"Ferguson, Caleb",657571,2023,1088,119.44401560575884,0.21405771645172228,0.49186056169972964,2.1965033441260857,2.140577164517223,0.20188449854100057,0.19674422467989186,-0.00512854510384386,0.526968488456987,1.4192608627063237,0.25540253806661894,-4.71373630868002e-4,0.04843460371847306,0.13044677046933123,0.02347449798406424,0.26091997167657155,0.8373317003864713,0.02398161504380253,0.07696063422669773,0.21202535296783073,0.2934539430786403,0.02368450809300457,0.10747579290632894,0.2527396480232355,0.9344198495003333,0.5935797487617844,97.01596113809853,94.72588480222069,97.01596113809853,94.72588480222069,57.66828591256073,96.39139486467731
"Dodd, Dylan",689266,2025,536,119.32049439286868,0.10478498531478204,0.48873593896819967,1.075401721043363,1.0478498531478204,0.2006346494483886,0.1954943755872799,0.5700235749682179,0.32893639812391484,0.20040781926672935,-0.02396607131549899,0.10634768189705555,0.0613687309932677,0.03738951851991218,-0.00447128196184682,0.4494799865460664,0.08822087397561518,0.08385820644516163,0.01645911827903268,0.3006193446065389,0.32559668595565827,0.06752181648434395,0.13722307831013758,0.31310801528109855,0.8976275526027593,0.6053677839419289,96.94656488549617,83.34489937543373,96.94656488549617,97.36294240111035,96.39139486467731,77.16863289382373
"Kittredge, Andrew",552640,2025,849,119.25815636839644,0.16543920356392003,0.48715902109517095,1.6980329607200133,1.6543920356392003,0.2000038822991771,0.19486360843806838,0.9545571899964784,-7.322892361116828e-4,-0.12262357624422292,0.8668316362038695,0.11243312014092796,-8.62531491297624e-5,-0.01444329519955511,0.102100310506934,0.4769124503801834,0.3721040299798233,0.0561734334958991,0.04382850765368943,0.30612923659896774,0.25793152100096833,0.12197333388970304,0.05077753977309176,0.28203037879996806,0.9136245631686026,0.5978274709842853,96.87716863289383,91.11727966689799,96.87716863289383,96.04441360166551,81.81818181818183,88.41082581540597
"deGrom, Jacob",594798,2025,2614,119.19345094738892,0.5076620300762873,0.485522216981912,5.210987059492254,5.0766203007628725,0.1993491606538735,0.1942088867927648,2.6843202204717045,-0.2002132019142664,2.4306455720442273,0.2962344688905887,0.10269013850312564,-0.00765926556672786,0.09298567605371948,0.01133261166375626,1.242053509278719,1.363440020467408,0.04751543646819889,0.05215914385873787,0.29984669756011506,0.26952558005973487,0.04767445971597155,0.1139266901104437,0.284686138809925,0.9191994250867923,0.6019427819483587,96.80777238029147,99.79181124219292,96.80777238029147,96.94656488549617,83.69188063844553,90.97848716169327
"Ginkel, Kevin",656464,2023,1242,119.16239594335603,0.24081716375787918,0.4847366420247165,2.472013838933762,2.408171637578792,0.1990349306709953,0.1938946568098866,1.0209568837944971,-0.05611620390754979,1.5267067215224586,-0.01953356247564386,0.08220264764851024,-0.004518212875004,0.1229232464993928,-0.00157275060190369,0.48242033994347366,0.7535865795234074,0.03884221738675311,0.06067524794874455,0.2753324999526769,0.2742425769823369,0.03796904263563397,0.13920237922215348,0.2747875384675069,0.9114142890711063,0.5931009137693066,96.73837612768911,96.04441360166551,96.73837612768911,94.44829979181124,76.33587786259542,86.8147120055517
"Yates, Kirby",489446,2023,1083,119.14822227950624,0.2098325935986603,0.48437810156662114,2.15399510190241,2.098325935986603,0.19889151448775716,0.19375124062664845,0.3707867778357467,0.13980210336512755,2.2507204604928575,-0.6073142397913216,0.03423700626368853,0.01290878147415766,0.20782275720155652,-0.05607703045164558,0.25529444060043716,0.8217031103507679,0.02357289386892309,0.07587286337495548,0.2579781149822282,0.2549162431661983,0.02104096268764464,0.28348849174997864,0.25644717907421327,0.8477352727811883,0.5520912259277008,96.66897987508675,94.30950728660652,96.66897987508675,34.073560027758504,61.1380985426787,15.96113809854268
"Hamilton, Ian",641656,2024,655,119.06853008292569,0.12637889334056712,0.48236218832277533,1.297457727195933,1.2637889334056711,0.19808514919021883,0.19294487532911012,0.6491113317845247,0.4404734713125435,0.02050984697598323,0.1873630771228818,0.09910096668466026,0.0672478582156555,0.00313127434747835,0.0286050499424247,0.5447924015485341,0.10393646204943252,0.08317441245015789,0.01586816214495153,0.28619480084859067,0.2895301171928389,0.1008434365254774,0.10701988950599468,0.2878624590207148,0.8960683369842639,0.5919653980024894,96.59958362248439,86.53712699514227,96.59958362248439,93.89312977099237,85.77376821651632,75.29493407356003
"Nardi, Andrew",677053,2024,950,118.93891832626477,0.18205172912993936,0.47908349771036657,1.8693498929799264,1.8205172912993937,0.19677367294525536,0.19163339908414664,0.35237242416042136,-0.4262257809309631,1.111122064297433,0.8320811854530348,0.03709183412214962,-0.04486587167694348,0.11696021729446664,0.08758749320558261,-0.03692667838527086,0.971601624875234,-0.00388701877739693,0.10227385525002464,0.2398346355976316,0.1921739814893496,0.01489459936740306,0.0564977352628458,0.21600430854349062,0.9643038326848756,0.5901540706141831,96.53018736988203,92.15822345593338,96.53018736988203,92.9909784871617,22.48438584316447,99.37543372657876
"Alvarado, José",621237,2024,1060,118.76680130741858,0.20128534345382115,0.47472958361750284,2.067340337465964,2.0128534345382114,0.19503210730810985,0.18989183344700114,0.6754167498513084,0.7185648776348899,0.31000614175763985,0.36335256822212614,0.0637185613067272,0.0677891393995179,0.02924586242996602,0.03427854417189869,0.6969908137430991,0.336679354989883,0.06575385035312256,0.03176220330093236,0.26976648239461365,0.3395040492138708,0.09107681638511451,0.10229199580222756,0.3046352658042422,0.903315593906329,0.6039754298552856,96.46079111727967,93.68494101318528,96.46079111727967,97.15475364330327,94.17071478140181,81.74878556557947
"Montero, Rafael",606160,2023,1344,118.6342300891312,0.2534117535892434,0.4713760297418963,2.6032028165857355,2.534117535892434,0.19369068575786724,0.18855041189675853,2.100359103062601,0.00764270669196776,0.26705707292558145,0.22814393390558507,0.15627671897787213,5.686537717237917e-4,0.01987031792601052,0.01697499508226079,1.0540009048772845,0.2476005034155833,0.07842268637479796,0.01842265650413566,0.3555607599804509,0.35664498083653623,0.08467041731708057,0.13400628421529365,0.35610287040849353,0.8906616492338129,0.6233822598211531,96.39139486467731,96.46079111727967,96.39139486467731,99.72241498959056,99.86120749479528,70.64538514920194
"Nardi, Andrew",677053,2023,976,118.45306778226521,0.18223610581792057,0.4667933038368869,1.8725301310636269,1.8223610581792058,0.19185759539586345,0.18671732153475473,0.2609150112333509,-0.52807660326107,1.3415404786303498,0.7981512444609962,0.02673309541325317,-0.05410620935051946,0.13745291789245387,0.08177779144067583,-0.13358079601385953,1.069845861545673,-0.01368655696863314,0.10961535466656486,0.24233358137337443,0.1832445723994448,0.01306438607978841,0.04115606890898755,0.21278907688640963,0.972889772505612,0.5928394246960108,96.32199861207495,92.2970159611381,96.32199861207495,94.37890353920888,20.194309507286608,99.86120749479528
"Treinen, Blake",595014,2024,962,118.39218413717497,0.17902942224003562,0.46525317629946894,1.839743656944222,1.7902942224003562,0.19124154438089627,0.18610127051978756,0.6629423798768244,-0.3877347683451262,-0.13903611885712053,1.7035721642696444,0.06891292930112519,-0.04030506947454534,-0.01445281900801668,0.1770865035623331,0.13760380576584907,0.782268022706262,0.01430392991328992,0.0813168422771582,0.32536289178666516,0.1796624328225822,0.09783531423814344,0.05490365346464736,0.25251266230462366,0.9236305161486046,0.5880715892266142,96.25260235947259,92.08882720333102,96.25260235947259,92.01943095072866,57.39070090215128,92.78278972935462
"Green, Chad",643338,2024,862,118.38417912812515,0.16034947433914803,0.46505067963790025,1.6478039040742374,1.6034947433914803,0.19116054571626884,0.18602027185516012,0.20801962103024607,0.2962016675646737,1.1391938085664606,0.00438880691285703,0.02413220661603782,0.03436214240889486,0.13215705435805808,5.091423332780784e-4,0.2521106442974599,0.5717913077396588,0.02924717451246634,0.06633309834566807,0.23108640898772037,0.3453850180738023,0.02612741747971019,0.10194979412414398,0.28823571353076133,0.9359613941980729,0.6120985538644171,96.18320610687023,90.97848716169327,96.18320610687023,98.47328244274809,86.05135322692574,96.66897987508675
"Greene, Hunter",668881,2024,2563,118.28866221735585,0.47429284897005647,0.4626344605638475,4.874673708760781,4.742928489700565,0.19019405808664772,0.185053784225539,1.349226671010456,0.7984089417609539,2.408166497567265,0.3188715984221062,0.05264247643427452,0.031151343806514,0.09395889573028736,0.01244134211557183,1.073817806385705,1.3635190479946857,0.04189691012039426,0.0532001189229296,0.24768806809425095,0.2829319985119854,0.0443649320588423,0.1098411067156483,0.2653100333031182,0.9228969806127547,0.5941035069579365,96.11380985426787,99.51422623178348,96.11380985426787,94.8646773074254,68.77168632893824,92.50520471894518
"King, Bryan",687911,2025,1046,118.25736524173635,0.19323501272302188,0.46184276463437357,1.986117391817416,1.9323501272302188,0.18987737971485813,0.18473710585374942,0.10026163277052548,0.00105106300770785,0.8825863381254209,1.0022183579137618,0.00958524213867356,1.0048403515371443e-4,0.08437727897948574,0.09581437456154512,0.05065634788911666,0.9424023480195912,0.00484286308691363,0.09009582677051542,0.23240045778466945,0.20804018592841397,0.03908392644203618,0.06572959718432334,0.22022032185654172,0.9475932381868203,0.5839067800216811,96.04441360166551,92.92158223455932,96.04441360166551,89.31297709923665,26.092990978487162,98.19569743233866
"Díaz, Edwin",621242,2024,1104,118.24662829172979,0.20382982431251,0.4615711601279666,2.0950468665517405,2.0382982431251,0.18976873791229537,0.18462846405118666,0.5630637440681312,0.3027077833603471,1.2366618088631185,-0.00738646973985623,0.05100215073080899,0.02741918327539376,0.11201646819412306,-6.690642880304564e-4,0.43288576371423915,0.6146376695616311,0.03921066700310137,0.05567370195304629,0.29716598007545436,0.2515887134499941,0.03989228050562744,0.10339391963070498,0.27437734676272424,0.9283568999318338,0.601367123347279,95.97501734906315,93.82373351839,95.97501734906315,96.80777238029147,75.8501040943789,95.07286606523247
"Gallegos, Giovanny",606149,2023,869,118.21523083039133,0.16016605818704271,0.46077692228723455,1.646329561723462,1.6016605818704273,0.18945104277600253,0.1843107689148938,0.4326893791430848,0.25705314080187236,1.09590288435993,-0.13931584258142493,0.04979164316951494,0.02958033841218324,0.12611080372381242,-0.01603174252950804,0.3448712599724786,0.4782935208892525,0.03968599079084909,0.05503953059715218,0.22197369177964205,0.3513755556125085,0.03715993646996574,0.21498912463793352,0.28667462369607527,0.8739254694460503,0.5803000465710628,95.90562109646079,90.83969465648855,95.90562109646079,85.77376821651632,85.01040943789036,47.18945176960444
"Green, Chad",643338,2025,710,118.15016393286442,0.1303931966659178,0.4591309741757669,1.34042791107305,1.303931966659178,0.1887926635314155,0.18365238967030678,0.4718461564032168,0.192600230951939,0.8968190298637637,-0.2208375061458696,0.06645720512721363,0.02712679309182239,0.1263125394174315,-0.03110387410505205,0.3322231936775779,0.33799076185894705,0.04679199910951802,0.04760433265618973,0.26539158016818887,0.3047287261934407,0.02707106411170579,0.1468977770793907,0.2850601531808148,0.9130155794044518,0.5990378662926332,95.83622484385843,87.23108952116586,95.83622484385843,96.46079111727967,83.96946564885496,87.78625954198473
"Lee, Dylan",669276,2025,1102,118.0922696124369,0.20173937791490584,0.45766646532419664,2.0740395970984764,2.0173937791490584,0.18820685999078737,0.18306658612967866,1.0542017976409852,0.7326110535395856,0.38686995414627745,-0.0996432082283718,0.09566259506724004,0.06648013190014387,0.03510616643795621,-0.00904203341455279,0.8934064255902854,0.14361337295895282,0.081071363483691955,0.0130320665117017,0.25923797358531836,0.3874799048691503,0.08023180032831269,0.18000811508463016,0.32335893922723435,0.8698800422935286,0.5966194907603815,95.76682859125607,93.75433726578764,95.76682859125607,95.62803608605135,98.6120749479528,41.568355308813324
"Strider, Spencer",675911,2023,3287,118.05654828009082,0.6005517949009251,0.45676284978774345,6.174478750823894,6.005517949009251,0.1878454137762061,0.18270513991509738,0.22685723381277967,1.3129198032111162,4.65088992050552,-0.01618820670552168,0.0069016499486699,0.03994279900246779,0.1414934566627782,-4.924918377098168e-4,0.769888518511948,2.317350856899999,0.02342222447556884,0.0705004824125342,0.22486795421037536,0.3679020816412042,0.02996115689217569,0.09144803897718848,0.29638501792578975,0.9392954020653179,0.6178402099955538,95.69743233865371,100,95.69743233865371,99.3060374739764,90.35392088827203,97.22414989590563
"Swanson, Erik",657024,2024,666,118.03554053791069,0.12154005370249728,0.4562314328171819,1.2496347609399567,1.2154005370249727,0.1876328469879815,0.18249257312687278,0.25375932573842874,0.48915990295608935,0.5090808837594523,-0.00236535151401362,0.03810200086162594,0.0734474328762897,0.0764385711350529,-3.551578849870308e-4,0.37145961434725905,0.2533577661227193,0.05577471686895782,0.03804170662503293,0.23202480369263276,0.37282860147761526,0.05641125699512005,0.2181703433759714,0.302426702585124,0.8627091998144543,0.5825679511997891,95.62803608605135,85.98195697432338,95.62803608605135,87.78625954198473,93.26856349757114,31.089521165857043
"Heaney, Andrew",571760,2023,2770,118.02761607690752,0.5052823188802632,0.4560309737186491,5.1952087747553435,5.052823188802632,0.18755266334856835,0.18241238948745964,1.7933855389077848,0.40405336637968503,2.4101110658675395,0.5876588036003341,0.06474316024937851,0.0145867641292305,0.08700761970640937,0.02121511926354996,1.098719452643735,1.4988849347339368,0.03966496218930451,0.05411136948497967,0.2847127580483599,0.22703275267450823,0.03528150970414101,0.11584781568585507,0.25587275536143406,0.9244353373050019,0.590154046333218,95.55863983344899,99.72241498959056,95.55863983344899,92.92158223455932,60.86051353226926,93.12977099236642
"Pagán, Emilio",641941,2024,593,117.84919982884018,0.10710000147304088,0.4515177127868504,1.1014818387267835,1.0710000147304088,0.18574735897584888,0.18060708511474016,0.33748885028501263,0.2787323820339225,0.6620399515759345,-0.1767793451680859,0.05691211640556705,0.04700377437334274,0.11164248761820143,-0.02981101942126237,0.30811061615946755,0.2426303032039243,0.0519579453894549,0.04091573409846952,0.25577635760914563,0.34816788005046606,0.04356900010624048,0.18011048248631736,0.30197211882980585,0.8881602587037211,0.5950661887667634,95.48924358084663,83.69188063844553,95.48924358084663,95.2116585704372,93.12977099236642,68.07772380291465
"Puk, A.J.",640462,2023,961,117.82461141878798,0.17332431414080235,0.4508957183683724,1.7826411732132783,1.7332431414080236,0.18549856120845767,0.18035828734734896,0.7929930163768404,-0.17048049036066004,0.280442803886217,0.879685843310881,0.08251748349394801,-0.01773990534450156,0.02918239374466358,0.09153858931434763,0.3112562630080902,0.580064323598549,0.03238878907472322,0.06036049152950562,0.3021863489681004,0.1747388544351651,0.07093754088600808,0.07431944363894558,0.23846260170163275,0.9273715077375232,0.582917054719578,95.41984732824427,91.6030534351145,95.41984732824427,87.99444829979181,43.58084663428175,94.5176960444136
"Mahle, Tyler",641816,2025,1381,117.82095302780945,0.24902367376935053,0.45080317481779614,2.5612239197154167,2.4902367376935053,0.18546154378822716,0.18032126992711844,0.9720428000200628,0.9969524105558776,1.0934616416685683,-0.5012329325290921,0.07038687907458817,0.07219061626038216,0.07917897477686955,-0.03629492632361275,0.98449760528797,0.2961143545697382,0.07128874766748516,0.0214420242266284,0.2922083261934556,0.33258112068216095,0.06558639891079138,0.19676140264253356,0.3123947234378083,0.8688260992233375,0.5906104113305729,95.35045107564191,96.25260235947259,95.35045107564191,93.26856349757114,96.18320610687023,39.76405274115198
"Pop, Zach",647315,2024,781,117.68229953387028,0.13973519611554902,0.4472957622136654,1.4374975000107495,1.3973519611554903,0.18405857874657489,0.17891830488546617,0.40853513867762103,0.5169645454370766,-0.7469653580250224,1.2589631739210745,0.05230923670648157,0.0661926434618536,-0.09564217132202592,0.16119886990026563,0.4627498420573488,0.25599890794802604,0.05925094008416758,0.03277834928911985,0.2899841699287103,0.2966002298846999,0.18105055457244765,0.03110729275877373,0.2932921999067051,0.8939210763343893,0.5936066381205471,95.28105482303955,88.75780707841776,95.28105482303955,94.79528105482305,89.10478834142957,73.49063150589869
"Brown, Ben",676962,2025,1737,117.67113186106361,0.31058481446417047,0.447013262038242,3.195134701609163,3.1058481446417048,0.18394557867640549,0.17880530481529677,0.3710736970447215,0.2481897168700016,2.777538668108946,-0.20166738041450571,0.0213629071413196,0.01428841202475541,0.1599043562526739,-0.01161009674234345,0.30963170695736153,1.28793564384722,0.0178256595830375,0.07414712975516523,0.21923658680183744,0.32716764339118226,0.02541930796581475,0.18796031761554136,0.2732021150965098,0.893310187209322,0.583256151152916,95.2116585704372,98.05690492713394,95.2116585704372,88.41082581540597,75.22553782095767,73.00485773768216
"Neris, Héctor",593576,2025,547,117.54911030808418,0.09713113462523335,0.44392657506962224,0.999428644272598,0.9713113462523334,0.1827109038889576,0.1775706300278489,0.17453888835643738,0.4471053031147676,0.6890775071348116,-0.3112930543334187,0.03190838909624084,0.08173771537747122,0.1259739501160533,-0.0569091507008078,0.3108220957356025,0.18889222640069647,0.05682305223685603,0.03453239970762276,0.2294542633974672,0.3369672268593012,0.04444216302101077,0.2755605268699836,0.2832107451283842,0.8399986550545028,0.5616047000914435,95.14226231783483,81.81818181818183,95.14226231783483,54.961832061068705,82.78972935461485,9.368494101318529
"Abreu, Bryan",650556,2024,1332,117.54014774769188,0.23640328325320786,0.4436998559557204,2.4325012803620467,2.3640328325320787,0.1826202162433969,0.17747994238228817,-0.7322118311374766,0.16585793999274756,2.7116296786907697,0.28722549281600607,-0.05497085819350424,0.01245179729675282,0.20357580170351125,0.02156347543663709,-0.2831769455723645,1.499427585753388,-0.02125953044837571,0.11256963857007415,0.1435619383329866,0.2715842086618379,0.0099935033935576,0.09345400070553668,0.20757307349741227,0.9482762479504528,0.5779246607239326,95.07286606523247,95.76682859125607,95.07286606523247,82.92852185981957,16.655100624566273,98.33448993754337
"Wicks, Jordan",696136,2024,851,117.44143852000342,0.15018546145972486,0.4412028832541859,1.545598345155284,1.5018546145972487,0.18162142716278307,0.17648115330167435,0.46999523581052927,0.5877888896943659,0.5142516758183575,-0.02643745616796877,0.05522858235141355,0.06907037481719928,0.06042910409146387,-0.00310663409729362,0.5288920627524476,0.24390710982519437,0.06214947858430641,0.02866123499708511,0.26872968773881595,0.3556915670783535,0.0638022573110767,0.15203569885291068,0.31221062740858474,0.8920810219180063,0.6021458246632956,95.00346981263012,89.79875086745317,95.00346981263012,97.01596113809853,96.04441360166551,72.24149895905622
"Hernández, Daysbel",678226,2025,717,117.43171626954032,0.1264664523522619,0.44095694683494385,1.3015202871067686,1.264664523522619,0.18152305259508628,0.17638277873397756,0.152326750793236,0.2655479602040032,0.8050372766483633,0.0786082994611661,0.02124501405763403,0.03703597771325009,0.11227856020200326,0.01096350062219889,0.2089373554986196,0.4418227880547647,0.02914049588544206,0.06162103041210107,0.21622060532644485,0.30476587505011193,0.03716757451750616,0.10618199427932,0.2604932401882784,0.9283252156015869,0.5944092278949327,94.93407356002776,86.67591950034698,94.93407356002776,94.93407356002776,65.16308119361554,95.00346981263012
"Finnegan, Kyle",640448,2025,967,117.40835553684164,0.17033357191074827,0.4403660080422654,1.753042167344404,1.7033357191074827,0.18128667707801488,0.17614640321690617,0.24014556965994416,0.3937497010874722,1.5729979580301006,-0.45385106143311305,0.02483408166080084,0.04071868677223084,0.1626678343361014,-0.0469339256911182,0.3169476353737082,0.5595734482984938,0.03277638421651584,0.0578669543224916,0.23166501160339553,0.38254118157469663,0.04006913566871475,0.30070209423689914,0.3071030965890461,0.8296143850471931,0.5683587408181197,94.8646773074254,91.39486467730742,94.8646773074254,69.04927133934767,94.8646773074254,4.510756419153366
"Greene, Hunter",668881,2023,2071,117.39132484255359,0.36444231590688203,0.43993519544529464,3.7508782307323822,3.6444231590688205,0.18111435203922657,0.17597407817811786,1.1227528781654996,-0.22470577844887885,2.3860445671105595,0.46678656390520246,0.05421307958307578,-0.01085011001684591,0.1152121954181825,0.02253918705481421,0.4490235498583104,1.426415565507881,0.02168148478311494,0.06887569123649837,0.25829497979992855,0.2196571226447381,0.03621899560173483,0.10987170692542372,0.23897605122233334,0.9269546487364207,0.582965349979377,94.79528105482305,98.75086745315753,94.79528105482305,88.06384455239417,44.136016655100626,94.30950728660652
"López, Pablo",641154,2025,1259,117.26353645275285,0.21992344404787212,0.4367026291657508,2.26395048839008,2.199234440478721,0.17982132552740904,0.17468105166630032,0.572090953737586,0.4207363643458848,0.7707121568672335,0.5004110134393756,0.04544010752482812,0.03341829740634509,0.06121621579564999,0.03974670480058583,0.4964136590417354,0.6355615851533045,0.03942920246558661,0.05048146029811791,0.25740806910298303,0.2570083274664605,0.06809557159972683,0.11674624632205025,0.25720819828472175,0.9075790910391115,0.5823936446619167,94.72588480222069,95.14226231783483,94.72588480222069,87.5086745315753,62.04024982650937,84.59403192227619
"Barnes, Jacob",606930,2024,1117,117.21742662767124,0.1945975847862521,0.4355362237830172,2.0033927068911055,1.945975847862521,0.1793547633743156,0.1742144895132069,1.0858161084979088,0.4128621635500167,0.7296771015537331,-0.2249626667105531,0.09720824606069012,0.03696169772157714,0.06532471813372723,-0.02013989854167888,0.7493391360239627,0.25235721742159,0.06708497189113363,0.02259240979602417,0.31055942782433393,0.3863411297709593,0.066664527096412865,0.1787176194401185,0.3484502787976466,0.8773089267317343,0.6128796027646904,94.65648854961832,93.19916724496878,94.65648854961832,98.68147120055517,99.72241498959056,51.908396946564885
"Gausman, Kevin",592332,2023,3130,117.06294940295379,0.5403989198420391,0.43162853022527087,5.5648797702730946,5.403989198420391,0.17779168595121708,0.17265141209010837,1.8512338533851107,1.6662236780489366,3.6675582073321498,-1.620135968493102,0.05914485154585017,0.05323398332424717,0.11717438362083545,-0.05176153253971571,1.7587287657170236,1.0237111194195236,0.05618941743504868,0.03270642554055986,0.26418670573852754,0.3188964307553919,0.05856274122183248,0.2564634397706715,0.29154156824695976,0.842486909503748,0.5670142388753538,94.58709229701596,99.86120749479528,94.58709229701596,66.2734212352533,88.20263705759889,11.242192921582236
"Ober, Bailey",641927,2023,2407,117.03616959291602,0.4149197206380175,0.43095110161821515,4.272923598217062,4.149197206380175,0.17752071450839477,0.17238044064728605,1.0583155831551494,0.3144737942475331,2.140346504537547,0.7597877162768327,0.04396824192584751,0.01306496860189169,0.08892174925374105,0.03156575472691453,0.6863946887013412,1.4500671104071898,0.02851660526386959,0.06024375199032779,0.2774081116447977,0.241124568572661,0.04884928195362975,0.1201058603937028,0.25926634010872934,0.9155224288263337,0.5873943844675316,94.5176960444136,99.16724496877168,94.5176960444136,91.53365718251214,64.12213740458014,89.17418459403193
"Brebbia, John",605154,2023,649,117.01874152534725,0.11176045751736126,0.43051023696980445,1.150964952532208,1.1176045751736126,0.1773443686490305,0.17220409478792179,0.3722693445656659,-0.11962781156034907,0.7909728614395135,0.10735055808737748,0.05736045370811494,-0.01843263660405995,0.12187563350377711,0.01654091804119838,0.12632076650265844,0.4491617097634455,0.01946390855202749,0.06920827577248775,0.2384812259989152,0.22648891394163656,0.00292722954159472,0.06694724042946573,0.23248506997027588,0.9650627650144697,0.5987739174923729,94.44829979181124,84.52463566967384,94.44829979181124,96.39139486467731,36.9882026370576,99.51422623178348
"Banda, Anthony",607455,2025,1126,116.99935538924221,0.1936809361801499,0.43001984054207354,1.994688845477583,1.936809361801499,0.17714821007793813,0.17200793621682942,0.18468150973194497,0.45803584810619213,0.2317643611609128,1.1202071264785332,0.01640155503836101,0.04067813926342736,0.02058298056491232,0.0994855352112374,0.32135867891906855,0.675985743819723,0.02853984715089419,0.06003425788807487,0.22947133977578876,0.2418523422503119,0.07605437908923482,0.07376253252552835,0.23566184101305032,0.9250915441926184,0.5803766926028344,94.37890353920888,93.12977099236642,94.37890353920888,85.91256072172104,40.804996530187374,93.3379597501735
"Hudson, Daniel",543339,2024,1118,116.86345214286834,0.19076746989520812,0.4265819988712168,1.9651429607192767,1.9076746989520812,0.17577307340959542,0.1706327995484867,0.6468072050970477,0.7827932416976182,0.8038388717211546,-0.2682963577965438,0.05785395394427976,0.07001728458833793,0.07189972018972761,-0.02399788531274989,0.714800223397333,0.2677712569623054,0.06393561926630885,0.02395091743848885,0.28550052765421796,0.3504226596709863,0.06090917589603623,0.16407567898604722,0.3179615936626021,0.8875075725589583,0.6027345831107802,94.30950728660652,92.71339347675226,94.30950728660652,97.08535739070089,97.57113115891742,66.82859125607217
"Okert, Steven",595345,2025,1052,116.80495060620311,0.17888297619020738,0.42510212972958017,1.8429054429209373,1.7888297619020737,0.17518112575294079,0.17004085189183207,0.3264381450374003,0.20045945445326652,0.8761968446522133,0.4398109987780572,0.03103024192370725,0.01905508122179339,0.08328867344602787,0.04180712916141228,0.2634487997453334,0.6580039217151352,0.02504266157275032,0.06254790130372008,0.2172139552813964,0.2062314760065949,0.06055001968360826,0.09616645783442312,0.21172271564399564,0.9216417612409843,0.56668223844249,94.24011103400416,92.01943095072866,94.24011103400416,65.44066620402498,19.083969465648856,91.88063844552394
"Greene, Hunter",668881,2025,1813,116.76308361023432,0.30751602130099304,0.42404305198702846,3.1683533781118314,3.0751602130099305,0.1747574946559201,0.1696172207948114,0.4617754204200537,0.7634368700578307,1.6099940321332724,0.3331470555006746,0.0254702383022644,0.04210903861322838,0.08880275963228199,0.01837545810814531,0.6126061452389422,0.9715705438169736,0.0337896384577464,0.05358910887021365,0.2300206689884645,0.29006884797790666,0.05536749557747006,0.11258951917341536,0.2600447584831856,0.9160214926245573,0.5880331255538714,94.17071478140181,97.98750867453158,94.17071478140181,91.9500346981263,64.60791117279668,89.45176960444135
"Banda, Anthony",607455,2024,923,116.7577925724598,0.15650727981691176,0.42390920860485315,1.6125175259071511,1.5650727981691177,0.17470395730304997,0.16956368344194125,0.640283386471765,0.4366092152977217,0.04396989317137922,0.49165503096628527,0.0693698143523039,0.04730327359671957,0.0047638020770725004,0.05326706727695398,0.5384463008847433,0.26781246206883225,0.05833654397451173,0.02901543467701324,0.2791401160261578,0.2858502369297735,0.08583041073866976,0.10498324209324436,0.2824951764779656,0.9045931735840429,0.5935441750310042,94.10131852879945,90.63150589868147,94.10131852879945,94.65648854961832,82.02637057598889,82.51214434420542
"Scott, Tanner",656945,2024,1236,116.6672440067095,0.20844827044716868,0.4216186699983185,2.1480164893949905,2.0844827044716867,0.1737877418604361,0.1686474679993274,-0.20247577437567088,-0.08488165737253439,2.573818802493406,-0.13844488135021038,-0.01638153514366269,-0.0068674480074866,0.20823776719202317,-0.01120104218043773,-0.14367871587410264,1.217686960571598,-0.01162449157557464,0.0985183625057927,0.1818174045555352,0.2870589957564155,0.01552741776184795,0.14792032326779395,0.23443820015597536,0.918276129485179,0.5763571648205772,94.0319222761971,94.17071478140181,94.0319222761971,80.91603053435115,39.27827897293546,90.63150589868147
"Williams, Devin",642207,2025,1192,116.64688026091696,0.20078216964448775,0.421103543717466,2.0690937608692934,2.0078216964448776,0.1735816913480951,0.16844141748698638,-0.18916302357911263,0.20667196278691335,2.5507436031231236,-0.49915878146163095,-0.01586938117274435,0.0173382519116538,0.2139885573089869,-0.04187573669980125,0.00875446960390036,1.0257924108307463,7.344353694547283e-4,0.08605641030459281,0.2020904586055281,0.3034973200704574,0.00145029389001462,0.2746978978735485,0.25279388933799274,0.8619259041182185,0.5573598967281056,93.96252602359473,93.61554476058292,93.96252602359473,45.107564191533655,57.737682165163086,29.979181124219288
"Rogers, Taylor",573124,2024,1064,116.52290160777945,0.17788690393266843,0.41796734946585623,1.833561553208881,1.7788690393266842,0.1723272136474512,0.1671869397863425,-0.2509304305175988,-1.6581713007790313,0.3176019859221242,3.425061298583387,-0.02358368707872168,-0.15584316736645032,0.02984981070696656,0.32190425738565664,-0.954550865648315,1.8713316422527555,-0.089713427222586,0.1758770340463116,0.2141918971007348,0.05346346371948719,0.05662051342984563,0.00903644536263154,0.133827680410111,0.9671715206037614,0.5504996005069362,93.89312977099237,91.88063844552394,93.89312977099237,29.770992366412212,0.4857737682165163,99.58362248438584
"Mayza, Tim",641835,2024,782,116.44190247163303,0.13009926787515336,0.4159183755599531,1.3411896203454037,1.3009926787515336,0.17150762408508996,0.16636735022398125,0.2116614892461257,0.09396494551401702,-0.4298540461504672,1.465417231735728,0.0270666866043639,0.01201597768721445,-0.05496854810108276,0.18739350789459436,0.15281321738007136,0.5177815927926304,0.01954133214578917,0.0662124798967558,0.2711413368666735,0.29260409090574213,0.1331836347278644,0.03996125631736419,0.2818727138862078,0.9134275544773857,0.5976501341817968,93.82373351839,87.1616932685635,93.82373351839,95.90562109646079,81.67938931297711,88.20263705759889
"Richards, Trevor",670950,2024,1197,116.41648422068945,0.198833856389115,0.415275389283866,2.0498676420086213,1.98833856389115,0.17125042957465508,0.16611015571354637,-0.7380312160016729,-0.18096735425206137,2.7910010353425605,0.17786517691979498,-0.06165674319145136,-0.01511840887652976,0.23316633545050633,0.0148592461921299,-0.4594992851268671,1.4844331061311775,-0.03838757603399057,0.12401279082131812,0.12980993777223773,0.3288363734320791,0.01347075944107211,0.31850920458473386,0.22932315560215843,0.8340100179870971,0.5316665867946277,93.75433726578764,93.54614850798056,93.75433726578764,4.718945176960444,34.83691880638445,6.037473976405274
"Sewald, Paul",623149,2024,642,116.20866512726396,0.10529271145919401,0.41001834680371496,1.085927672780258,1.05292711459194,0.1691476125825947,0.16400733872148598,0.29841434379386556,-0.5806370150248767,0.9228247806131548,0.4453255633981143,0.0464819850146208,-0.09044190265184995,0.14374217766560043,0.06936535255422342,-0.1411113356155056,0.6840751720056346,-0.02197995881861458,0.10655376510991194,0.41599581487292975,0.12311502990193011,0.02120807378136331,0.07286095928884961,0.2695554223874299,0.9529654834648935,0.6112604529261617,93.68494101318528,83.48369188063845,93.68494101318528,98.19569743233866,72.38029146426092,98.82026370575988
"Abreu, Bryan",650556,2023,1336,116.18319478648424,0.21876948849926778,0.4093740428504263,2.2563689437770904,2.187694884992678,0.1688898910012792,0.1637496171401705,-0.4494122056266861,-0.04776682053625336,2.137827964234077,0.6157200057059526,-0.03363863814571003,-0.00357536081858183,0.16001706319117345,0.04608682677439765,-0.2485895130814697,1.376773984970015,-0.01860699948214593,0.10305194498278554,0.1650830331603524,0.23303409841183292,0.01821434579409559,0.07748160684708388,0.19905856578609266,0.9521520236794103,0.5756052947327515,93.61554476058292,94.93407356002776,93.61554476058292,80.29146426092991,12.491325468424705,98.68147120055517
"Tonkin, Michael",543859,2024,1422,116.17200309940738,0.23269092394412966,0.40909093520416606,2.4000039337462624,2.3269092394412967,0.16877664794277514,0.16363637408166642,1.0024333781425412,0.2853458609824884,0.5216879226893525,0.5905367719318804,0.07049461168372301,0.02006651624349426,0.03668691439446923,0.04152860562108863,0.6438896195625148,0.5561123473106164,0.04528056396360863,0.03910776000777893,0.2857163441533166,0.2289396126564234,0.07789515320428761,0.10384855010677074,0.25732797840487,0.9091281483444709,0.5832280633746705,93.54614850798056,95.55863983344899,93.54614850798056,88.34142956280361,62.179042331714086,85.49618320610686
"Pagán, Emilio",641941,2023,1088,116.04608068175583,0.17665010450410512,0.4059055710112709,1.822427224649914,1.7665010450410512,0.16750250226561708,0.16236222840450837,0.5132469430895981,0.5033796599127527,1.1830924913492709,-0.3772918697017076,0.04717343226926453,0.046266512859628,0.10874011869019036,-0.03467756155346577,0.5083133015011754,0.4029003108237816,0.04671997256444626,0.03703127856836228,0.2506154638880764,0.3059503330269553,0.04750779235087689,0.18572220412911183,0.27828289845751586,0.8833850017600057,0.5808339501087607,93.47675225537822,91.74184594031922,93.47675225537822,86.05135322692574,79.04233171408744,61.1380985426787
"Ober, Bailey",641927,2024,2692,116.00340655995333,0.43591671865483556,0.40482607601674925,4.497543358889402,4.359167186548356,0.1670707042678084,0.1619304304066997,1.4528241899020031,1.0262778588316903,0.8498520758109862,1.1685892343447222,0.05396820913454692,0.03812324884218762,0.03156954219208716,0.04340970409898671,1.2395510243668468,1.0092206550778542,0.04604572898836727,0.03748962314553693,0.27041779884895667,0.3088933207381625,0.08117136145713036,0.10848448452034688,0.2896555597935596,0.9051720770112613,0.5974138184024105,93.40735600277586,99.3060374739764,93.40735600277586,95.76682859125607,86.88410825815406,82.99791811242193
"Snell, Blake",605483,2025,1565,115.94243004170147,0.25245553305987517,0.4032835991371808,2.6050006165251034,2.524555330598752,0.16645371351598104,0.16131343965487233,0.7502634615934767,0.462425131472628,1.2630229367854326,0.1292890866735661,0.04794015729031799,0.0295479317234906,0.08070434100865384,0.0082612834935186,0.6063442965330523,0.6961560117294994,0.0387440445069043,0.04448281225108622,0.23364720643761663,0.2709625032765268,0.04889198742735006,0.13687159018396908,0.2523048548570717,0.9071182111943404,0.5797115330257061,93.3379597501735,96.39139486467731,93.3379597501735,85.07980569049272,56.97432338653713,84.45523941707148
"Gausman, Kevin",592332,2024,2918,115.82002920050506,0.4670986371042436,0.4001873176013054,4.820979562309589,4.670986371042436,0.16521520090163086,0.16007492704052215,2.353646448606014,1.4094415491299517,1.949843712503565,-0.8919521479299419,0.0806595767171355,0.04830162951096475,0.06682123757722978,-0.03056724290369917,1.8815439988679827,0.52894578228681155,0.06448060311405013,0.0181269973367653,0.29667072408949735,0.35318721340975,0.07170357019858332,0.23707862800449325,0.3249289687496237,0.8456089008984617,0.5852689348240427,93.26856349757114,99.44482997918112,93.26856349757114,90.42331714087439,98.68147120055517,14.226231783483692
"Heaney, Andrew",571760,2024,2730,115.7097830732054,0.4339591671029539,0.3973985046730347,4.479921147437807,4.339591671029539,0.1640996757303226,0.1589594018692139,1.862960510931316,0.48434442952111567,1.4678688353719451,0.66474737161343,0.06824031175572587,0.01774155419491266,0.05376808920776356,0.02434972057192051,1.173652470226216,1.0663081034926876,0.04299093297531926,0.03905890488984204,0.2936575613633489,0.2359586442134572,0.05395286570683112,0.11292590976269189,0.26480810278840305,0.9165606122652386,0.5906843575268208,93.19916724496878,99.23664122137404,93.19916724496878,93.40735600277586,68.63289382373353,89.72935461485079
"Hjelle, Sean",663546,2023,504,115.69782852749313,0.08005457367304006,0.3970960995686511,0.8264527169903886,0.8005457367304006,0.16397871368856914,0.15883843982746043,0.4834929490025388,-0.0264034467500096,-0.0457841510194612,0.4151473657573206,0.0959311406751069,-0.00523877911706539,-0.00908415694830579,0.08237050907883345,0.2285447511262646,0.1846816073689297,0.04534618077902076,0.03664317606526383,0.3055019527332701,0.21884423969107827,0.08552990523069369,0.06533171880999604,0.26217309621217416,0.9245691879796551,0.5933711420959147,93.12977099236642,79.38931297709924,93.12977099236642,94.5176960444136,66.55100624566273,93.19916724496878
"Harvey, Hunter",640451,2024,906,115.61804190437805,0.14317619388218705,0.3950777976881542,1.4783328200035155,1.4317619388218705,0.1631713929363704,0.15803111907526168,-0.17462377095716874,0.546092589223008,1.6306113259818176,-0.523747324244141,-0.01927414690476476,0.06027512022329005,0.17997917505318076,-0.05780875543533565,0.1857344091329196,0.5534320008688383,0.02050048665926265,0.06108520980892255,0.2005332526607103,0.3019794098825905,0.02908520084169281,0.23641001844199777,0.25125633127165037,0.8672523903581547,0.5592543608149025,93.06037473976406,89.31297709923665,93.06037473976406,49.41013185287994,55.58639833448994,37.612768910478835
"Castillo, Luis",622491,2025,3080,115.53244053884399,0.484068082547341,0.39291240466504956,4.999001260395559,4.84068082547341,0.16230523572712854,0.15716496186601983,3.414794092635475,1.2187034125890932,0.9086098719499204,-0.5431061167789295,0.11086993807258036,0.039568292616529,0.02950032051785456,-0.01763331547983537,2.316748752612284,0.1827518775854955,0.07521911534455468,0.00593350251900959,0.3708127452949242,0.29453407183443264,0.0775212338660364,0.1618683417029704,0.3326734085646784,0.8803052122154966,0.6064893103900875,92.9909784871617,99.6530187369882,92.9909784871617,97.70992366412213,99.02845246356696,56.34975711311589
"Scott, Tayler",605463,2024,1225,115.37581640313326,0.19058569713833182,0.38895040232312617,1.9688253261819,1.9058569713833182,0.1607204347903592,0.15558016092925048,0.9510889581493984,-0.5163518120043591,0.8515395535246171,0.6825486265122436,0.07763991495097129,-0.04215116832688646,0.06951343294078506,0.05571825522548927,0.21736857307251967,0.7670440900184303,0.01774437331204242,0.06261584408313717,0.33864376007998204,0.1783123429491521,0.05542199505109202,0.13102138126496168,0.25847805151456704,0.9067783118419731,0.5826281816782701,92.92158223455932,92.6439972241499,92.92158223455932,87.8556557945871,63.21998612074948,84.31644691186676
"Vest, Will",676684,2023,780,115.37554845360047,0.12135041075239197,0.3889436242063845,1.2535982436405677,1.2135041075239197,0.1607177235436625,0.1555774496825538,0.01784050780338475,0.3806112671654774,0.5700272676923532,0.28511920097935217,0.00228724459017753,0.04879631630326632,0.07308041893491708,0.03655374371530156,0.19922588748443104,0.4275732343358527,0.02554178044672192,0.05481708132510932,0.21229750942416295,0.2814981250905401,0.06394563991026585,0.11379854960094092,0.24689781725735155,0.9111279052443966,0.579012861250874,92.85218598195696,85.91256072172104,92.85218598195696,83.96946564885496,50.72866065232478,86.53712699514227
"Hader, Josh",623352,2025,847,115.33858556272553,0.1314573143245786,0.3880086019025343,1.358111262849377,1.3145731432457861,0.16034371462212244,0.15520344076101372,0.3050234095669566,0.01066895058374939,1.23275248979553,-0.190333587096859,0.03601220892171861,0.00125961636171775,0.145543387224974,-0.02247149788628795,0.157846180075353,0.5212094513493355,0.01863591264171818,0.06153594466934303,0.2047457580426298,0.2564676751304249,0.01581610936781691,0.16028976910757542,0.23060671658652734,0.9119470607623038,0.5712768886744156,92.78278972935462,87.43927827897294,92.78278972935462,73.69882026370576,35.94725884802221,87.02290076335878
"Vesia, Alex",681911,2024,1227,115.24516521384498,0.1892747711393959,0.3856454179694293,1.9558188716697629,1.8927477113939588,0.15939844104888043,0.15425816718777172,0.4116283068949542,0.48211296637055057,1.5159436486546838,-0.4538660502504257,0.0335475392742424,0.03929201029914837,0.12354878962140864,-0.03698989814591896,0.4468706366327524,0.531038799202129,0.03641977478669539,0.04327944573774483,0.26449924940144426,0.3217457809869044,0.01703624001690618,0.09495104025222244,0.2931225151941743,0.9440063598654357,0.618564437529805,92.71339347675226,92.57460097154754,92.71339347675226,99.37543372657876,89.03539208882721,97.77931991672449
"Mears, Nick",683232,2025,882,115.2127816377546,0.13576669575364939,0.38482623512939174,1.4030041729914728,1.357666957536494,0.1590707679128654,0.15393049405175668,-0.09195772924340416,0.22088559928579343,1.699210787381162,-0.4251344844320783,-0.01042604639947893,0.02504371873988587,0.19265428428357845,-0.04820118871111999,0.06446393502119463,0.6370381514745418,0.00730883617020347,0.07222654778622924,0.17995428022674198,0.3966712940837517,0.02064332175228392,0.24538967736795209,0.28831278715524683,0.866983500439882,0.5776481437975645,92.6439972241499,88.06384455239417,92.6439972241499,82.51214434420542,86.19014573213046,37.335183900069396
"O'Brien, Riley",676617,2025,758,114.94548651521882,0.11462920870473134,0.37806467250900855,1.1852553629145175,1.1462920870473134,0.15636614286471212,0.1512258690036034,0.6198481867327246,-0.1469694366924159,-0.23725207693826175,0.9496286898124708,0.08177416711513517,-0.01938910774306278,-0.03129974629792372,0.12528082979056343,0.23643937502015433,0.35618830643710453,0.03119252968603619,0.04699054174631986,0.3038617714013615,0.1856442378268012,0.12023393451964429,0.05054360413182852,0.24475300461408134,0.9146112306742636,0.5796821176441724,92.57460097154754,84.87161693268564,92.57460097154754,84.941013185288,49.27133934767522,89.10478834142957
"Chafin, Andrew",605177,2025,614,114.86184569743912,0.09233304344952001,0.3759488739801303,0.9548917160024076,0.9233304344952001,0.15551982345316084,0.15037954959205213,0.07299457313547464,0.01509897457162878,0.5212086038716279,0.34558956442367617,0.01188836696017502,0.0024591163797441,0.0848873947673661,0.05628494534587559,0.04404677385355171,0.4333990841476521,0.00717374166995956,0.07058617005662085,0.2266115307362472,0.37448587613287354,0.0581252167255276,0.08903711642736299,0.30054870343456036,0.9264188334235547,0.6134837684290575,92.50520471894518,81.12421929215823,92.50520471894518,98.82026370575988,92.6439972241499,94.10131852879945
"Pagán, Emilio",641941,2025,1068,114.82142389638238,0.16016853853158314,0.37492635424059734,1.6565835101524726,1.6016853853158315,0.15511081555734765,0.14997054169623894,0.31065270045246507,0.4095107389603072,1.4895057068342794,-0.5530856360945791,0.0290873315030398,0.0383437021498415,0.13946682648261044,-0.0517870445781441,0.36008171970638614,0.4682100353698502,0.03371551682644064,0.04383989095223317,0.24334503265608795,0.316051063892938,0.03361717321616097,0.20812618360244897,0.279698048274513,0.879128321590695,0.579413184932604,92.43580846634282,90.9090909090909,92.43580846634282,84.38584316446912,80.08327550312283,54.6148507980569
"Kerkering, Orion",689147,2024,1126,114.78176347557748,0.16841496179056087,0.37392309456163597,1.7420291015816929,1.6841496179056088,0.1547095116857631,0.1495692378246544,-0.4500310701411081,-0.26063192028823323,0.5357970130916101,1.916895078919424,-0.03996723535889059,-0.02314670695277382,0.04758410418220338,0.17023934981522415,-0.35533149521467067,1.226346046005517,-0.03155697115583221,0.10891172699871378,0.16230033337969485,0.17654211631633435,0.0534787139159887,0.02820610532356534,0.16942122484801458,0.959157590380223,0.5642894076141187,92.36641221374046,91.32546842470506,92.36641221374046,60.86051353226926,3.2616238723108952,99.23664122137404
"Hader, Josh",623352,2023,1020,114.78081132794973,0.1525507955916197,0.3738990088029893,1.5779387492995056,1.5255079559161968,0.15469987738230445,0.14955960352119574,-0.09464735837536864,0.29275970122489525,1.4866758742837192,-0.10684946783374016,-0.00927915278189888,0.02870193149263678,0.1457525366944823,-0.0104754380229157,0.0990561714247633,0.6899132032249895,0.00971138935536895,0.06763854933578328,0.2023698947131335,0.2900333864795852,0.02975908100787944,0.1616636174691398,0.24620164059635935,0.9042886507614903,0.5752451456789248,92.2970159611381,90.07633587786259,92.2970159611381,79.87508674531576,50.24288688410826,82.30395558639833
"Smith, Cade",671922,2024,1325,114.78064474433066,0.19816424127745721,0.3738947948631269,2.049751041434263,1.9816424127745722,0.15469819180635946,0.14955791794525075,0.16104110675360062,0.25512366798648145,2.1622276393333664,-0.5286413726391856,0.01215404579272457,0.01925461645180992,0.16318699164780123,-0.03989746208597627,0.20808238737004103,0.8167931333470904,0.01570433112226724,0.06164476478091248,0.23882492364477328,0.2568077702786269,0.02975859359040583,0.20890581231141156,0.24781634696170007,0.8806677970490913,0.5642420720053957,92.22761970853574,93.47675225537822,92.22761970853574,60.58292852185983,51.76960444136016,57.11311589174185
"Sale, Chris",519242,2025,2028,114.7659163355047,0.303001226032774,0.3735222214407964,3.134257014231025,3.0300122603277404,0.15454916243742728,0.14940888857631857,0.37063348048604894,-1.6105363224301072,1.8381663110042157,2.535993545170868,0.01827581264724107,-0.07941500603698755,0.09063936444793962,0.12504899137923414,-0.6199514209720292,2.1870799280875417,-0.03056959669487323,0.10784417791358689,0.21626661953153148,0.11525754925344672,0.0347833537787507,0.06847947496704264,0.1657620843924891,0.9483685856271034,0.5570653350097963,92.15822345593338,97.77931991672449,92.15822345593338,44.066620402498266,2.70645385149202,98.40388619014573
"Farmer, Buck",571656,2023,1221,114.73681619829755,0.18206872990748427,0.37278609727167134,1.88345004291898,1.8206872990748426,0.15425471276977726,0.14911443890866855,0.6956310734046838,0.4247553530299229,0.15050404158273523,0.6125595749016384,0.05697224188408548,0.03478749820064888,0.01232629333191934,0.05016867935312354,0.5601932132173033,0.3815318082421868,0.04587987004236718,0.03124748634252144,0.26710322727801034,0.2592130841281273,0.0824380910285071,0.1056612748079966,0.26315815570306883,0.9059503170817481,0.5845542363924084,92.08882720333102,92.22761970853574,92.08882720333102,89.65995836224843,67.31436502428869,83.5530881332408
"Sheehan, Emmet",686218,2025,1300,114.56503852741614,0.1915891990520046,0.3684407674077012,1.9827155507144596,1.9158919905200462,0.1525165808241892,0.1473763069630805,0.09599904030892505,0.5823480587196173,1.1128647724933387,0.1915036791925786,0.007384541562225,0.04479600451689364,0.08560498249948759,0.01473105224558296,0.33917354951427114,0.6521842258429587,0.026090273039559322,0.05016801737253528,0.21617120960823008,0.30984636708183105,0.04693976804138492,0.12920201101536927,0.26300878834503055,0.911929110471623,0.5874689494083267,92.01943095072866,92.85218598195696,92.01943095072866,91.6030534351145,67.03678001387925,86.95350451075642
"Llovera, Mauricio",661440,2023,621,114.49482636492993,0.09107950239321752,0.36666466341875004,0.9427161246096604,0.9107950239321753,0.15180613922860872,0.1466658653675,0.31553248556883773,-0.7411751311001353,-0.02614031952612094,1.3944990896670788,0.05081038414957129,-0.11935187296298476,-0.00420939122803879,0.224557019270061,-0.2128213227656488,0.6841793850704789,-0.03427074440670674,0.1101738140210111,0.2824745151758925,0.09452186391608612,0.08709349235789038,0.01729459112978679,0.18849818954598932,0.9478059582561614,0.5681520739010754,91.9500346981263,80.77723802914643,91.9500346981263,68.63289382373353,8.396946564885496,98.26509368494102
"Kimbrel, Craig",518886,2024,963,114.46345310910756,0.1409335237939405,0.36587103788665754,1.458836075221882,1.409335237939405,0.15148868901577173,0.14634841515466301,0.07368819855997799,-0.8455467981007132,1.7115384412227286,0.5191562335398885,0.00765194169885545,-0.08780340582561923,0.1777298485174173,0.05391030462511822,-0.3859292997703676,1.1153473373813083,-0.04007573206338189,0.11582007657126776,0.21067837310504983,0.13037315767850047,0.01081974783319186,0.06013519016574294,0.17052576539177516,0.9645225310005326,0.5675241481961539,91.88063844552394,88.96599583622485,91.88063844552394,67.73074253990285,3.816793893129771,99.44482997918112
"Gray, Jon",592351,2024,1620,114.42341383727,0.23642811016531629,0.36485819469956204,2.447553538203124,2.364281101653163,0.15108355174093355,0.14594327787982483,1.5620485200396388,0.4816259956050999,0.7756104770980983,-0.371731454539713,0.096422748150595,0.02972999972870987,0.04787718994432705,-0.02294638608269833,1.0218372578223691,0.20193951127919263,0.06307637393965243,0.01246540193081436,0.30024548752963875,0.27779542720657363,0.07331187825304272,0.1648084211468745,0.2890204573681062,0.8809398503000414,0.5849801538340738,91.81124219292158,95.83622484385843,91.81124219292158,90.00693962526024,86.4677307425399,57.529493407356
"Romano, Jordan",605447,2025,701,114.42229763597201,0.10229832050339127,0.36482995899925563,1.0590165248002847,1.0229832050339127,0.15107225746081096,0.14593198359970225,-0.00127287280224663,0.04135025294499428,1.277645639937873,-0.25870649528033596,-1.8157957236043345e-4,0.00589875220328021,0.18226043365732852,-0.03690534882743736,0.02003869007137382,0.5094695723287685,0.00285858631545988,0.07267754241494559,0.17917588713498483,0.2913105227847575,0.01211607843525288,0.18664034795364465,0.23524320495987117,0.9006217868055513,0.5679324958827112,91.74184594031922,82.72033310201249,91.74184594031922,68.21651630811935,40.31922276197085,79.87508674531576
"Walker, Ryan",676254,2023,1065,114.39579427433037,0.15513195701025922,0.3641595234982611,1.6060634867234,1.5513195701025921,0.15080408326041314,0.14566380939930443,0.657229652206297,-1.074965533919567,-0.41607024768032375,2.4398696161169937,0.06171170443251615,-0.10093573088446638,-0.03906762889017125,0.22909573860253463,-0.20886794085663496,1.011899684218335,-0.01961201322597511,0.09501405485618168,0.35630864742180396,0.11898663493562071,0.12367375585086164,0.01611387626948753,0.23764764117871234,0.9301061839398255,0.5838769125592689,91.67244968771686,90.49271339347675,91.67244968771686,89.24358084663429,42.40111034004164,95.55863983344899
"Mears, Nick",683232,2024,1064,114.34336572674479,0.15442184318904761,0.3628332781697547,1.598910945772673,1.5442184318904761,0.1502735851290106,0.14513331126790188,-1.2946739615197205,0.8635599848767015,2.0172645767684116,0.01276034564727979,-0.12167988360147748,0.0811616527139757,0.189592535410565,0.00119928060594734,-0.21555698832150935,1.0150124612078455,-0.02025911544375088,0.09539590800825616,0.10376962002637596,0.3793583877223478,0.01974979691118128,0.2787865864861463,0.2415640038743619,0.8507318083013362,0.546147906087849,91.6030534351145,90.42331714087439,91.6030534351145,20.81887578070784,46.42609299097848,18.3206106870229
"Wilson, Steven",621051,2025,974,114.32239532274608,0.1411531731065399,0.3623028057149382,1.4615979984725982,1.4115317310653992,0.150061396147084,0.14492112228597528,-0.11696220889871256,-0.6636747424786336,1.2819396344675624,0.960295315382382,-0.01200844033867685,-0.0681390906035558,0.13161597889810703,0.09859294819120965,-0.39031847568867306,1.1211174749249722,-0.04007376547111633,0.11510446354465834,0.15497354485263296,0.171722880693902,0.0289944052614341,0.05515640617030515,0.1633482127732675,0.9579245942841303,0.5606364035286989,91.53365718251214,89.03539208882721,91.53365718251214,53.15752949340735,2.220680083275503,99.09784871616932
"Singer, Brady",663903,2023,2603,114.25071473990192,0.37534172592212817,0.36048955620642353,3.8872185878259415,3.7534172592212816,0.14933609634367814,0.14419582248256943,2.724800893753809,-0.3662228248272186,0.8321027761894584,0.6965377427098929,0.104679250624426,-0.01406925950162192,0.03196706785207293,0.02675903736880111,1.1792890344632951,0.7643202594496756,0.04530499556140204,0.02936305261043702,0.3400113371121344,0.2519149487047581,0.06614541777532813,0.09602101081968682,0.2959631429084463,0.9189167857024925,0.6074399643054693,91.46426092990978,98.88965995836226,91.46426092990978,97.77931991672449,90.07633587786259,90.83969465648855
"Poche, Colin",621363,2024,555,114.21662733361667,0.07983725457540063,0.359627272862165,0.8269010656831597,0.7983725457540063,0.14899118300597472,0.143850909144866,-0.1358481317965925,0.27938314656876173,0.4420361964239419,0.24132985448704855,-0.0244771408642509,0.05033930568806517,0.07964616151782736,0.04348285666433308,0.07176750738608462,0.3416830254554952,0.01293108241190713,0.06156450909108021,0.1878488450079394,0.4102373152410389,0.03691894257742009,0.39613270012251983,0.29904308012448916,0.7834741786500301,0.5412586293872597,91.39486467730742,79.31991672449688,91.39486467730742,13.046495489243581,91.88063844552394,0.2081887578070784
"Muñoz, Andrés",662253,2024,963,114.08966120778045,0.1372912532087443,0.3564155067724411,1.42241336936992,1.372912532087443,0.14770647657008515,0.14256620270897644,0.8516286806689095,-0.23611230783353676,0.45695492869970167,0.3499420678348457,0.08843496164786184,-0.02451841202840464,0.04745118678086206,0.03633874016976591,0.3077581864176864,0.4034484982672737,0.03195827480972859,0.04189496347531399,0.28323016936279777,0.1976349518379842,0.06850533004460875,0.10029130018963456,0.24043256060039098,0.9156016848828783,0.5780171227416346,91.32546842470506,88.27203331020125,91.32546842470506,83.13671061762665,45.59333795975017,89.24358084663429
"Gaddis, Hunter",683769,2025,1098,113.9976972936137,0.15551596134139956,0.354089165167121,1.6115998204089692,1.5551596134139956,0.14677593992795712,0.1416356660668484,0.3907511325587621,0.3907177957426029,0.3613542186894847,0.4687766734181196,0.03558753484141731,0.0355844987015121,0.03291022028137384,0.04269368610365388,0.39073446415068247,0.41506544605380213,0.03558601677146471,0.03780195319251385,0.24597340488800049,0.2708165759687358,0.08120634036698143,0.10531720397126712,0.25839499042836817,0.9067382278308758,0.582566609129622,91.2560721721027,90.56210964607911,91.2560721721027,87.71686328938237,63.08119361554476,84.10825815405968
"Ryan, Joe",657746,2024,2085,113.96349647437138,0.29458882675946396,0.3532240129010359,3.0530629775987563,2.9458882675946394,0.14642987902152307,0.14128960516041436,1.3394351011088474,0.3434261772054015,1.2902309510677696,0.07997074821673777,0.06424149165989676,0.01647127948227345,0.06188158038694339,0.00383552749240948,0.8414306391571245,0.6851008496422537,0.0403563855710851,0.03285855393967643,0.2903129654341095,0.2472772969196645,0.07174002642332528,0.1717085569222872,0.268795131176887,0.8782757083271937,0.5735354197520404,91.18667591950035,97.70992366412213,91.18667591950035,77.79319916724496,71.61693268563496,53.08813324080499
"Jackson, Luke",592426,2023,524,113.89212716406702,0.07365734640294194,0.3514186374186162,0.7635084990616292,0.7365734640294195,0.14570772882855518,0.14056745496744646,-0.0837238025201259,0.11937518160266336,1.0410472631061225,-0.31319014312703075,-0.01597782490842097,0.02278152320661514,0.19867314181414553,-0.05976911128378449,0.01782568954126873,0.3639285599895459,0.00340184914909708,0.06945201526518051,0.1866558882915732,0.34255623802853874,0.02249014071286811,0.3113856198458156,0.26460606316005597,0.8330621197206581,0.5488340914403571,91.11727966689799,78.14018043025676,91.11727966689799,26.50936849410132,68.42470506592645,5.690492713393477
"Payamps, Joel",606303,2023,1135,113.71677378553662,0.15753021643411125,0.3469828555817428,1.6336442726646965,1.5753021643411125,0.14393341609380583,0.13879314223269712,0.3894054398826938,-0.2732353427700218,0.08804744687768107,1.4294267286743434,0.0343088493288717,-0.02407359848194025,0.00775748430640361,0.12594068094047078,0.058085048556336,0.7587370877760122,0.00511762542346572,0.06684908262343721,0.25162222149558733,0.20603435003578996,0.07913719889633382,0.07650875088245004,0.22882828576568864,0.9221770251106081,0.5755026554381484,91.04788341429563,90.70090215128384,91.04788341429563,80.1526717557252,34.073560027758504,92.15822345593338
"Sousa, Bennett",656986,2025,728,113.68217260041979,0.10078652600389774,0.3461075755628357,1.045286453747849,1.0078652600389775,0.143583304086243,0.1384430302251343,0.02720794413016847,-0.05451759633069741,1.1806154850792154,-0.10801937913083748,0.00373735496293522,-0.00748868081465623,0.16217245674165048,-0.01483782680368646,-0.01365482610026447,0.536298052974189,-0.0018756629258605,0.073667314968982,0.18130547613030695,0.3104077345562156,0.02560215230651734,0.3014170785152945,0.2458566053432613,0.8364903845890941,0.5411734949661777,90.97848716169327,82.44274809160305,90.97848716169327,12.977099236641221,49.96530187369882,7.564191533657183
"Weaver, Luke",596133,2025,1075,113.64314555168255,0.14840174526182387,0.3451203378181951,1.5392753966251576,1.4840174526182388,0.14318840898838675,0.13804813512727804,0.915619933311973,0.2650993154002208,0.6950682837709792,-0.3365121358580154,0.0851739472848347,0.02466040143257868,0.06465751476939341,-0.03130345449842004,0.5903596243560969,0.17927807395648188,0.05491717435870669,0.01667703013548668,0.2929023958735661,0.3535484534545523,0.07108484745398214,0.21812255919708,0.32322542466405924,0.8553962966744689,0.5893108606692641,90.9090909090909,89.59056210964607,90.9090909090909,92.36641221374046,98.54267869535045,22.831367106176266
"Morejon, Adrian",670970,2025,1049,113.63874173567254,0.1447657503068352,0.34500893781419256,1.5015789758713822,1.4476575030683518,0.14314384898678573,0.138003575125677,0.23822828081557643,0.36521982850808854,-0.2166559233046428,1.11478678985236,0.02271003630272416,0.03481599890448889,-0.02065356752189159,0.10627138130146424,0.3017240546618325,0.4490654332738586,0.02876301760360653,0.04280890688978633,0.253866434877857,0.26114341837784805,0.08169835195237027,0.0828909922855287,0.2575049266278525,0.9177053278810505,0.5876051272544516,90.83969465648855,89.45176960444135,90.83969465648855,91.67244968771686,62.317834836918806,90.35392088827203
"Cruz, Fernando",518585,2025,855,113.57293012815532,0.11742369975730686,0.3433441513371546,1.2181863390855483,1.1742369975730687,0.14247793439597056,0.13733766053486185,0.2446634190516761,0.673920266359346,0.7110322945736698,-0.4114296408991436,0.02861560456744749,0.07882108378471882,0.08316167187996137,-0.04812042583615714,0.45929184270551104,0.1498013268372631,0.05371834417608315,0.01752062302190211,0.2022202555694865,0.32567368766826693,0.05620407076153554,0.21182170355641816,0.2639469716188767,0.8659871128410231,0.56496704222995,90.77029840388619,85.28799444829978,90.77029840388619,62.248438584316446,67.80013879250521,36.08605135322693
"Nelson, Kyle",669459,2023,961,113.56005590305101,0.1318563044033566,0.34301848179853434,1.3679610758388208,1.318563044033566,0.14234766658052245,0.13720739271941373,0.7303931285808858,0.3080700156806415,0.6988297738481606,-0.36933184227086713,0.07600344730290175,0.03205723368164844,0.07271901913092202,-0.03843203353494975,0.5192315721307637,0.16474896578864673,0.05403034049227509,0.01714349279798613,0.2899271596267448,0.3955650921419317,0.05248712712353998,0.19559111041036328,0.3427461258843383,0.8759608812330484,0.6093535035586933,90.70090215128384,87.57807078417765,90.70090215128384,98.05690492713394,99.44482997918112,50.03469812630118
"Bernardino, Brennan",657514,2023,863,113.51400156143528,0.118007821274973,0.34185347993908743,1.2244387761710982,1.18007821274973,0.1418816658367437,0.13674139197563498,-0.3598416099208066,-1.1016069156603407,0.5303168454634033,2.1555704562888423,-0.04169659442883042,-0.12764854179146476,0.06145038765508728,0.2497764144019516,-0.7307242627905737,1.3429436508761228,-0.08467256811014759,0.15561340102851945,0.17547864217084808,0.06822774194374909,0.03935120234937146,0.0219863612241269,0.12185319205729858,0.9693312182132509,0.5455922051352747,90.63150589868147,85.4267869535045,90.63150589868147,19.63913948646773,0.3469812630117973,99.72241498959056
"Alvarado, Elvis",665660,2025,765,113.45361530135868,0.10413973591853602,0.3403259343743007,1.080720454222842,1.0413973591853602,0.141270647610829,0.13613037374972028,0.7501779254299663,0.29550349044620816,0.1792430479183622,-0.14420400957169477,0.09806247391241388,0.03862790724787035,0.02343046378017806,-0.0188501973296333,0.5228407079380872,0.01751951917333372,0.06834519058014213,0.00229013322527238,0.3232112600605475,0.2710813716836943,0.09010469340973148,0.13870991437493968,0.2971463158721209,0.8855926961076644,0.5913695059898927,90.56210964607911,83.27550312283137,90.56210964607911,93.68494101318528,90.63150589868147,63.84455239417072
"Brogdon, Connor",641401,2023,544,113.44463169720727,0.07400547340607619,0.34009868293233547,0.7680178238651933,0.7400547340607619,0.1411797470340429,0.1360394731729342,0.3690053334485128,0.12295134259329644,0.2360916983834613,0.03996944943992275,0.06783186276627075,0.02260134974141478,0.04339920926166569,0.00734732526469168,0.24597833802090463,0.13803057391169204,0.04521660625384276,0.02537326726317868,0.27936478044585017,0.29604819894639733,0.08436996622899609,0.14255494076760017,0.2877064896961238,0.8865375465017019,0.5871220180989128,90.49271339347675,78.20957668285912,90.49271339347675,91.39486467730742,85.63497571131158,65.09368494101318
"Moll, Sam",594580,2023,1005,113.42229923107247,0.13649256967943485,0.3395337554214798,1.4165854490984913,1.3649256967943486,0.14095377602970063,0.13581350216859192,-0.05490544600303337,-0.02643213345572803,-0.4260309700489415,1.9239539986061944,-0.00546322845801327,-0.0026300630304207,-0.04239114129840214,0.19143820881653675,-0.0406687897293807,0.7489615142786263,-0.00404664574421698,0.0745235337590673,0.2363959477027796,0.1469354210816754,0.1253854365703362,0.06755638695578643,0.1916656843922275,0.9035290882369387,0.5475973863145831,90.42331714087439,88.13324080499653,90.42331714087439,23.4559333795975,9.437890353920888,81.88757807078417
"Lovelady, Richard",663992,2024,528,113.25718479539408,0.070827394256373,0.335356980380554,0.735414588550384,0.70827394256373,0.13928306601333032,0.1341427921522216,0.38356426682594247,0.24732498397906968,-0.44391300062466144,0.5484383383700333,0.07264474750491334,0.04684185302633895,-0.0840744319364889,0.10387089741856692,0.31544462540250606,0.05226266887268593,0.05974330026562614,0.009898232741039,0.29493509225038944,0.26507529698947757,0.19102522052292875,0.08561276332084904,0.2800051946199335,0.8616810080781111,0.5708431013490223,90.35392088827203,77.3768216516308,90.35392088827203,73.14365024288688,80.43025676613463,29.909784871616935
"Duran, Jhoan",661395,2024,881,113.22975961186579,0.11793532092988572,0.3346632262482569,1.224639022015225,1.1793532092988572,0.13900556436041148,0.13386529049930276,0.13181388207340206,0.21568995727830045,0.8824733953414068,-0.00533821267788425,0.01496184813545993,0.02448240150718506,0.10016724124193038,-6.05926524163934e-4,0.17375191967585124,0.43856759133176126,0.0197221248213225,0.04978065735888323,0.2367153552792313,0.26221680248114565,0.05197232952432633,0.16898949975556654,0.24946607888018846,0.8895190853600535,0.569492582120121,90.28452463566967,85.35739070090214,90.28452463566967,70.92297015961138,53.78209576682858,69.53504510756419
"Phillips, Evan",623465,2023,941,112.96061402054549,0.1234045669395002,0.3278548537181195,1.282415646428035,1.234045669395002,0.13628221534835652,0.1311419414872478,0.3496827602675694,-0.22141636420519717,-0.15304044024924224,1.307189690614905,0.03716076092110195,-0.02352990055315591,-0.01626359620076963,0.1389149511811801,0.06413319803118611,0.5770746251828314,0.00681543018397302,0.06132567749020524,0.2580623769257982,0.21912262423151505,0.11205048290263162,0.05881822563440066,0.2385925005786566,0.9145656457314839,0.5765790731550703,90.21512838306731,86.19014573213046,90.21512838306731,81.26301179736294,43.71963913948647,89.03539208882721
"López, Pablo",641154,2024,2985,112.93868796246043,0.3907964469244825,0.32730020680442423,4.06140164399892,3.907964469244825,0.1360603565828784,0.1309200827217697,0.378665207252368,1.0156930462544551,0.9949512560552876,1.6720921344368094,0.0126856015829939,0.03402656771371709,0.03333170037036139,0.05601648691580601,0.6971791267534115,1.3335216952460485,0.02335608464835549,0.0446740936430837,0.23718217670288477,0.2653837190681959,0.07726453146874088,0.10454177764715812,0.25128294788554034,0.9090968454420505,0.5801898966637954,90.14573213046495,98.95905621096462,90.14573213046495,85.56557945870922,55.6557945870923,85.4267869535045
"Johnson, Pierce",572955,2024,929,112.88456859982145,0.12111603028050877,0.32593119020589006,1.2589134469747876,1.2111603028050877,0.13551274994346474,0.13037247608235603,0.17060785816624957,-0.7810435335759394,1.6567077132973225,0.2126414090871549,0.01836467795115711,-0.08407357734940143,0.17833236956914128,0.0228892797725678,-0.3052178377048449,0.9346745611922388,-0.03285444969912216,0.10061082467085454,0.1932970095778472,0.14773437244598828,0.01329431117166995,0.09477291866283602,0.17051569101191774,0.945966385082747,0.5582410380473324,90.07633587786259,85.77376821651632,90.07633587786259,46.911866759195,3.747397640527411,98.05690492713394
"Fernandez, Ryan",681676,2025,523,112.88172155015923,0.06816973847762905,0.32585917054315994,0.7085810170698892,0.6816973847762906,0.1354839420783727,0.13034366821726398,0.1959245140633357,0.14594145550108806,0.34588535215380034,0.02082969535166512,0.03746166616889783,0.02790467600403213,0.06613486656860428,0.00398273333683845,0.17093298478221186,0.18335752375273273,0.03268317108646498,0.03505879995272136,0.2470098108438552,0.3705268488956579,0.0517367442485521,0.1200990909625338,0.30876832986975655,0.9140820823944571,0.6114252061321068,90.00693962526024,76.54406662040249,90.00693962526024,98.33448993754337,95.14226231783483,88.68841082581541
"Montero, Rafael",606160,2024,708,112.85166955506043,0.09206802772191722,0.32509896794462295,0.957073416155822,0.9206802772191722,0.1351798610389579,0.1300395871778492,1.010002687967244,-0.05085922667421982,0.00604715157339796,-0.00811719671060018,0.14265574688802882,-0.00718350659240393,8.541174538697695e-4,-0.00114649671053674,0.47957173064651215,-0.0010350225686011,0.06773612014781244,-1.4618962833348972e-4,0.34661778586688785,0.29726604608086743,0.09959857593242892,0.15406473964149978,0.32194191597387767,0.8731683422130356,0.5975551290934566,89.93754337265788,81.05482303955587,89.93754337265788,95.83622484385843,98.19569743233866,46.28730048577377
"Castillo, Luis",622491,2023,3171,112.77066630044915,0.4097564802946544,0.32304988985702804,4.260562887082301,4.097564802946544,0.13436022980391993,0.12921995594281122,3.4985474945287933,1.414010642671201,-0.16143798404755216,-0.49055726607014094,0.11032947002613666,0.04459194710410599,-0.00509107486747247,-0.01547011245885023,2.456279068599997,-0.32599762505884655,0.07746070856512131,-0.01028059366316135,0.323963835171792,0.28169724532643925,0.09379809424033345,0.16428828726406564,0.3028305402491156,0.8709568092478004,0.586893674748458,89.86814712005553,99.09784871616932,89.86814712005553,91.2560721721027,93.47675225537822,42.95628036086052
"Uceta, Edwin",670955,2025,1194,112.75072346325857,0.15404768828540544,0.3225454109828422,1.6018517527556924,1.5404768828540543,0.1341584382542456,0.12901816439313687,0.8326583497957927,0.2319154576098299,1.0394102750992715,-0.5021323297492017,0.06973688021740307,0.01942340515995225,0.08705278685923547,-0.0420546339823452,0.5322869037028113,0.2686389726750349,0.04458014268867767,0.02249907643844513,0.3738539397354841,0.26399030067593704,0.07273908547291437,0.19809435726537167,0.31892212020571054,0.8645832786308569,0.5917526994182838,89.79875086745317,90.35392088827203,89.79875086745317,93.82373351839,97.64052741151977,33.31020124913255
"Daniel, Davis",669721,2024,508,112.58728056070996,0.06470109883258558,0.31841091945170075,0.6731235795402881,0.6470109883258558,0.13250464164178902,0.1273643677806803,0.07290765154448309,0.300293800532927,0.17211426729136292,0.12780786017151513,0.01435189991033131,0.0591129528608124,0.03388076127782735,0.02515902759281793,0.18660072603870503,0.14996106373143905,0.03673242638557186,0.02951989443532264,0.2309529769108899,0.30825177608367926,0.07468465455439373,0.11179795074806978,0.2696023764972846,0.9067586973487682,0.5881805369230264,89.72935461485079,75.64191533657183,89.72935461485079,92.08882720333102,72.51908396946564,84.17765440666204
"Vesia, Alex",681911,2025,1086,112.58465635625596,0.13828886684487507,0.31834453693571607,1.4387120425803914,1.3828886684487507,0.13247808863539515,0.12733781477428643,0.1447676092416259,0.15717661470898747,1.2849500481743237,-0.1481822295445454,0.01333035075889741,0.0144729847798331,0.1183195256145786,-0.01364477251791394,0.1509721119753067,0.568383909314889,0.01390166776936525,0.05233737654833233,0.2387930309365318,0.2662593175193342,0.02732455629349847,0.16812702353163178,0.252526174227933,0.9022742100874349,0.5774001921576839,89.65995836224843,88.34142956280361,89.65995836224843,82.23455933379597,57.46009715475364,81.05482303955587
"Imanaga, Shota",684007,2024,2576,112.56105932157503,0.32740714825640355,0.3177476205904538,3.406484937226196,3.2740714825640356,0.13223932209729022,0.1270990482361815,0.5118626021148316,1.375562475599054,2.9763960756181405,-1.45733621610583,0.01987044262868135,0.05339916442542911,0.11554332591685328,-0.05657361087367352,0.9437125388569428,0.7595299297561553,0.03663480352705522,0.02948485752158988,0.2443783779895001,0.3219295365766166,0.04542383367576143,0.26187438288411463,0.28315395728305837,0.846350891720062,0.5647524245015602,89.59056210964607,98.33448993754337,89.59056210964607,61.901457321304655,82.72033310201249,14.920194309507288
"Winn, Keaton",676775,2023,585,112.54235663961464,0.07424223603860208,0.317274512985479,0.77249296247350685,0.7424223603860208,0.1320500790553003,0.1269098051941916,0.23946110180668256,0.18487912698583384,0.5871021088782982,-0.23894937519730777,0.04093352167635599,0.03160326957022801,0.10035933485099112,-0.04084604704227482,0.2121701143962582,0.1740763668404952,0.036268395623292,0.02975664390435815,0.25745796843514096,0.31586263406295595,0.0664137017084514,0.28022008099937784,0.28666030124904845,0.8266831086460854,0.5566717049475669,89.52116585704371,78.27897293546148,89.52116585704371,42.88688410825816,84.941013185288,3.4004163775156147
"Gausman, Kevin",592332,2025,3466,112.48208662497703,0.4377556724424278,0.3157499079936727,4.5557186164503065,4.377556724424278,0.1314402370585778,0.12629996319746908,0.1919293858015294,0.8799018737490769,4.8654997070195805,-1.3816123501198805,0.00553748949225416,0.02538666687100626,0.14037794884649682,-0.03986186815117946,0.5359156297753032,1.74194367844985,0.01546207818163021,0.05025804034765868,0.23590164854293455,0.31649270942112967,0.04696191111053004,0.27071076243288295,0.2761971789820321,0.8411636632282935,0.5586804211051628,89.45176960444135,99.37543372657876,89.45176960444135,48.160999306037475,77.51561415683554,10.340041637751561
"López, Reynaldo",625643,2024,2109,112.40463389806447,0.26471378805520157,0.31379064492081743,2.7555462562827984,2.6471378805520156,0.13065653182943568,0.12551625796832697,-1.182220109110915,0.7240287997824453,3.2710626908809672,-0.05732512526969913,-0.05605595586111498,0.03433043147380015,0.15510017500620993,-0.00271811878945941,-0.22909565466423487,1.606868782805634,-0.01086276219365741,0.07619102810837525,0.16817845363158965,0.2959940040174456,0.02622743751740297,0.12030291903519014,0.23208622882451763,0.9267348217237035,0.5794105252741105,89.382373351839007,97.01596113809853,89.382373351839007,84.31644691186676,36.710617626648165,94.24011103400416
"Sims, Lucas",608371,2023,1056,112.39303502991287,0.132421232960657,0.31349723712276756,1.378493621579878,1.32421232960657,0.13053916871021573,0.12539889484910702,-0.13157684941950265,-0.0614287851312838,0.9578367472549872,0.6136625088756773,-0.01245992892230138,-0.00581711980409884,0.09070423742944954,0.05811198000716641,-0.09650281727539324,0.7857496280653322,-0.00913852436320011,0.07440810871830797,0.18564629897846455,0.1911023508838173,0.03477849800455986,0.05093036234594266,0.18837432493114092,0.9571455698247487,0.5727599473779448,89.31297709923665,87.64746703678001,89.31297709923665,76.54406662040249,8.327550312283137,99.02845246356696
"Fernandez, Ryan",681676,2024,1187,112.391683336811,0.14883225346419196,0.313463044364347,1.54933758537328,1.4883225346419195,0.13052549160684754,0.12538521774573883,0.5698737367990816,0.6345850828211042,0.7341207752795071,-0.38924200952641286,0.04800958187018379,0.05346125381812167,0.06184673759726261,-0.03279208167872054,0.6022294098100929,0.17243938287654714,0.05073541784415273,0.01452732795927103,0.2489099650183437,0.3699988184881984,0.06166843341161567,0.16022070142230854,0.30945439175327105,0.8890554325830379,0.5992549121681545,89.24358084663429,89.65995836224843,89.24358084663429,96.53018736988203,95.35045107564191,68.84108258154059
"Santos, Gregory",666619,2023,1043,112.38441383340731,0.13070006272881302,0.3132791532330131,1.3606136836594942,1.3070006272881303,0.13045193515431394,0.12531166129320523,0.5592908217424792,0.22822778652380293,-0.7189308798224374,1.2920259552156494,0.05362328108748603,0.02188185872711437,-0.06892913516993647,0.12387593050965,0.3937593041331411,0.286547537696606,0.0377525699073002,0.02747339766985676,0.27616661855131985,0.2704237266543566,0.22099070844515173,0.04958195958753277,0.2732951726028382,0.8647136659836577,0.569004419293248,89.17418459403193,87.30048577376822,89.17418459403193,70.09021512838306,75.29493407356003,33.934767522553784
"Pruitt, Austin",643493,2023,745,112.34045503276133,0.09302581388535114,0.3121671606890978,0.9685531791187714,0.9302581388535114,0.13000713813674783,0.12486686427563912,0.24619544166284868,0.6845696043542375,0.2196016691518707,-0.1818135360501856,0.03304636800843606,0.09188853749721308,0.02947673411434506,-0.02440450148324638,0.4653825230085431,0.01889406655084258,0.06246745275282458,0.00253611631554934,0.25564842831639284,0.3527469257889301,0.08487803649648536,0.15239141043519414,0.30419767705266143,0.8813652765341602,0.5927814767934108,89.10478834142957,81.40180430256765,89.10478834142957,94.24011103400416,93.89312977099237,58.15405968077724
"Harvey, Hunter",640451,2023,958,112.28148766452982,0.11905085457306937,0.31067550775853175,1.2397523693201151,1.1905085457306936,0.1294104769645214,0.12427020310341269,-0.29228642431803564,0.32046724143901884,1.4282959105064492,-0.2167243583073173,-0.03051006516889724,0.03345169534854059,0.14909143115933707,-0.022622584374459,0.01409040856049159,0.605785776099566,0.00147081508982166,0.06323442339243904,0.17177336140278376,0.30456607381839407,0.03195766065994622,0.18685662730251057,0.23816971761058892,0.8905928560187716,0.5643812868146802,89.03539208882721,85.56557945870922,89.03539208882721,61.27689104788342,43.16446911866759,70.57598889659958
"Brash, Matt",666374,2025,953,112.24239396007312,0.11805252577297942,0.30968658387455256,1.2295120676261604,1.1805252577297942,0.12901490741092975,0.12387463354982103,0.2941951099420521,-0.5784557795245746,-0.7560884719630394,2.2698612091717223,0.0308704207704147,-0.06069840288820299,-0.07933772003809438,0.2381806095668124,-0.14213033479126125,0.7568863686043414,-0.01491399105889415,0.07942144476435901,0.25316717177718,0.13308575678296575,0.13496434962946918,0.02991518091939076,0.19312646428007288,0.91756023472557,0.5553433495028215,88.96599583622485,85.49618320610686,88.96599583622485,40.31922276197085,9.923664122137405,90.14573213046495
"Leone, Dominic",608678,2023,875,112.2171555962747,0.10816685182364898,0.30904814806756853,1.1266459145211911,1.0816685182364898,0.12875953308813612,0.1236192592270274,0.5946211815630704,0.49986989970329887,0.46544588502365514,-0.4332910517688333,0.0679567064643509,0.05712798853751986,0.05319381543127487,-0.04951897734500953,0.5472455406331846,0.01607741662741091,0.06254234750093539,0.00183741904313267,0.27548876303105485,0.3216057791760372,0.07082763434951392,0.17423877959618506,0.29854727110354606,0.8774667930271505,0.5880070320653483,88.89659958362247,84.03886190145732,88.89659958362247,91.88063844552394,91.46426092990978,52.463566967383755
"Manaea, Sean",640455,2025,1095,112.16218759769147,0.13475405690522615,0.307657664167183,1.403826567831402,1.3475405690522615,0.1282033395279819,0.1230630656668732,0.3611349670347863,-0.6618868654072685,0.48263059538408015,1.221947870819804,0.03298036228628185,-0.06044628907828935,0.04407585345973335,0.11159341286025608,-0.1503759491862411,0.852289233101942,-0.01373296339600375,0.07783463315999471,0.258076489319209,0.13323497994374295,0.04180363976165898,0.05618531719261757,0.19565573463147598,0.9510055215228617,0.5733306280771688,88.82720333102012,87.92505204718945,88.82720333102012,77.16863289382373,11.172796668979876,98.54267869535045
"Whitlock, Garrett",676477,2025,1226,112.11444801869848,0.15028309575751544,0.30645003213196464,1.5658507151123473,1.5028309575751544,0.12772028671389457,0.12258001285278586,-0.06605978076277097,0.28019330850293045,1.1873843947668092,0.1643327926053786,-0.00538823660381492,0.02285426659893397,0.09685027689778215,0.01340397982099335,0.10706676387007974,0.6758585936860939,0.00873301499755952,0.05512712835938775,0.19592627046601505,0.243003851920526,0.05151601377005815,0.13729838764109914,0.21946506119327053,0.9055927992944214,0.562528930243846,88.75780707841776,89.86814712005553,88.75780707841776,56.557945870922964,25.260235947258845,83.20610687022901
"De Los Santos, Enyel",660853,2023,1047,112.06423129068637,0.1278092740779462,0.3051797375309126,1.3319114081052703,1.278092740779462,0.12721216887347375,0.12207189501236504,0.7699460335668391,-0.6872468516039589,1.8000811752453956,-0.5508689491030054,0.07353830311049084,-0.06563962288480983,0.1719275239011839,-0.05261403525339116,0.04134959098144009,0.6246061130711951,0.0039493401128405,0.05965674432389637,0.27852993518339414,0.20421001121726223,0.02567067273301327,0.20693199085260017,0.2413699732003282,0.8836986682071932,0.5625343207037607,88.68841082581541,86.95350451075642,88.68841082581541,56.627342123525324,46.28730048577377,61.762664816099935
"Pepiot, Ryan",686752,2023,654,112.0128489379384,0.07949499675177929,0.3038799570022145,0.828567358569444,0.7949499675177929,0.1266922566619945,0.12155198280088578,0.35799638120806776,0.16700141083310882,0.4596016818857151,-0.15603211535744776,0.05473950782997978,0.0255353839194356,0.07027548652686776,-0.02385812161428865,0.2624988960205883,0.1517847832641337,0.04013744587470769,0.02320868245628955,0.2813820720865117,0.31799361611899485,0.06601408936977408,0.1871989495784671,0.2996878441027533,0.8733934805258794,0.5865406623143163,88.61901457321305,79.25052047189452,88.61901457321305,90.83969465648855,92.22761970853574,46.56488549618321
"Bednar, David",670280,2023,1098,111.92848311252091,0.1325267634866411,0.3017458185032812,1.3817078418613846,1.325267634866411,0.1258386012624212,0.12069832740131248,-0.920698488601829,0.2689982299143594,2.1950315931044315,-0.16162349255557729,-0.0838523213662868,0.02449892804320213,0.19991180265067685,-0.01471980806517097,-0.3258501293437348,1.0167040502744271,-0.02967669666154233,0.09259599729275292,0.1368121988740384,0.27189308893337066,0.02035353930254503,0.18110792684863844,0.20435264390370453,0.8992692669244082,0.5518109554140563,88.54961832061069,87.71686328938237,88.54961832061069,33.10201249132547,14.642609299097847,78.90353920888272
"Neris, Héctor",593576,2023,1209,111.79679785512818,0.14431333736707466,0.2984146761105762,1.505279284651551,1.4431333736707466,0.1245061443053392,0.11936587044423048,0.3203847982217667,0.4522232828221604,0.9105904253906374,-0.17791922178301345,0.02649998331031982,0.03740473803326389,0.07531765305133477,-0.01471623008957927,0.38630404052196354,0.36633560180381203,0.03195236067179186,0.03030071148087775,0.24743501757871517,0.3552686403644484,0.06651382866723936,0.24248116005651207,0.30135182897158175,0.8455025056381242,0.573427167304853,88.48022206800833,89.382373351839007,88.48022206800833,77.30742539902845,93.06037473976406,14.087439278278973
"Ray, Robbie",592662,2024,568,111.67518752595275,0.06710088256234373,0.29533839155961145,0.7002055811545347,0.6710088256234372,0.1232756304849533,0.11813535662384458,0.24560317223352968,0.25495793666050304,0.525853411548951,-0.3262089392884491,0.04323999511153691,0.04488696067966603,0.092579825976928,-0.05743115128317765,0.25028055444701636,0.099822236130251,0.04406347789560147,0.01757433734687517,0.26752876884254784,0.3661184802936558,0.0393707555950757,0.18931044467316077,0.3168236245681018,0.8856593998658817,0.6012415122169917,88.41082581540597,76.26648160999306,88.41082581540597,96.73837612768911,97.15475364330327,63.91394864677308
"García, Yimi",554340,2023,1118,111.62928458095318,0.13155605254514907,0.2941772194658969,1.3730287872186864,1.3155605254514908,0.12281116164746748,0.11767088778635877,0.30831278190430567,0.0354158226700747,0.19423291445764335,0.8350672681866627,0.02757717190557295,0.00316778378086535,0.0173732481625799,0.07469295779844926,0.17186430228719018,0.514650091322153,0.01537247784321915,0.04603310298051458,0.24780816912944145,0.22208241602893156,0.08245087484424564,0.08255770245060857,0.2349452925791865,0.9174957113525729,0.5762205019658797,88.34142956280361,87.5086745315753,88.34142956280361,80.70784177654406,39.97224149895906,90.00693962526024
"Junis, Jakob",596001,2023,1361,111.60907037414734,0.15987170287247626,0.2936658759597286,1.6686761559744523,1.5987170287247627,0.12260662424500016,0.11746635038389144,0.46017720206890544,-0.4405304855954455,-1.2410693203808307,2.8900987598818233,0.03381169743342435,-0.03236814736189901,-0.09118804705222856,0.21235112122570343,0.00982335823672997,0.8245147197504963,7.217750357626726e-4,0.06058153708673743,0.2652328835798812,0.1588838020446298,0.14898681216634335,0.03437544213230833,0.2120583428122555,0.9083188728506741,0.5601886078314648,88.27203331020125,90.77029840388619,88.27203331020125,51.908396946564885,19.50034698126301,84.80222068008328
"Hader, Josh",623352,2024,1203,111.55953860360907,0.14070909143065938,0.2924129082100153,1.4689284088557315,1.4070909143065937,0.12210543714511483,0.11696516328400612,0.10734822159304258,0.15662667886635973,2.1355384770590717,-0.9305849686627424,0.00892337669102598,0.01301967405372898,0.17751774539144402,-0.07735535899108417,0.13198745022970115,0.6024767541981646,0.01097152537237748,0.05008119320017993,0.22269550968643115,0.27860772789478466,0.02127673838072683,0.2366450582335884,0.25065161879060793,0.8710391016928424,0.5608453602417252,88.20263705759889,88.89659958362247,88.20263705759889,53.43511450381679,54.823039555863986,43.30326162387232
"Brogdon, Connor",641401,2025,840,111.51234949704205,0.09784965155601225,0.29121920105956023,1.0216748159934357,0.9784965155601224,0.1216279542849328,0.11648768042382408,0.5197804641156836,0.3140260430009221,0.48253805052445387,-0.29466974164762405,0.06187862668043852,0.03738405273820501,0.05744500601481593,-0.03507973114852667,0.4169032535583028,0.09393415443841492,0.04963133970932176,0.01118263743314463,0.2927198129230511,0.30892666860542634,0.08084390068284594,0.1875934298500598,0.3008232407642387,0.8657813347335471,0.5833022877488929,88.13324080499653,81.95697432338653,88.13324080499653,88.48022206800833,92.78278972935462,35.73907009021513
"Morgan, Eli",669212,2024,724,111.48486975431284,0.08413576974076453,0.2905240667844079,0.8785732801620725,0.8413576974076453,0.12134990057487188,0.11620962671376317,0.1915265797565553,0.3082652283846983,0.3817866712652176,-0.00300519924439868,0.02645394748018719,0.04257807021888098,0.05273296564436706,-4.150827685633539e-4,0.2498959040706268,0.18939073601040943,0.03451600884953408,0.02615894143790186,0.2491192461915189,0.30380712146870803,0.06515123789642088,0.14147801156782014,0.2764631838301135,0.8966853752678795,0.5865742795489965,88.06384455239417,79.94448299791812,88.06384455239417,90.9090909090909,77.86259541984732,76.05829285218599
"Webb, Jacob",657097,2023,961,111.3911255123675,0.11076589387198783,0.2881526895733294,1.157056970525133,1.1076589387198783,0.12040134969044047,0.11526107582933176,-0.16268298656632396,0.0268718721335972,0.7131444615605176,0.5797236233973422,-0.01692851056881623,0.00279624059662822,0.07420858080754605,0.06032503885508244,-0.06790555721636338,0.6464340424789299,-0.007066134986094,0.06726680983131424,0.21680454139825067,0.23967490264661812,0.05326909840526453,0.0967339824401642,0.2282397220224344,0.9249984595772857,0.5766190907998601,87.99444829979181,84.38584316446912,87.99444829979181,81.40180430256765,33.657182512144345,93.26856349757114
"Ober, Bailey",641927,2025,2354,111.29089037430342,0.26893707743379097,0.2856171170707211,2.810372821028409,2.6893707743379096,0.11938712068939716,0.11424684682828845,0.7097479521328296,0.954933068381706,0.32022388519339984,0.8254679153204734,0.03015072014158154,0.04056640052598582,0.01360339359360237,0.03506660642822741,0.8323405102572679,0.5728459002569366,0.03535856033378368,0.02433500001091489,0.25772112686139365,0.28694134125910514,0.08938962734428428,0.11541112026338494,0.2723312340602494,0.8975996261961654,0.5849654301282075,87.92505204718945,97.15475364330327,87.92505204718945,89.93754337265788,74.32338653712699,77.09923664122137
"Springs, Jeffrey",605488,2024,564,111.27728760353521,0.06435759287507468,0.2852730180632743,0.6725670733274001,0.6435759287507469,0.11924948108641845,0.11410920722530973,0.12715927318777176,0.3843793667692807,0.413054732213368,-0.2520262988430204,0.02254597042336378,0.06815236999455332,0.07323665464776027,-0.04468551397925893,0.25576931997852625,0.08051421668517378,0.04534917020895855,0.01427557033425067,0.2587062122640576,0.2897314889967875,0.06229618354067384,0.17966107043044968,0.27421885063042256,0.8790213730144383,0.5766201118224304,87.8556557945871,75.43372657876475,87.8556557945871,81.47120055517001,75.71131158917417,54.406662040249834
"Rodríguez, Randy",678495,2025,808,111.25887249955179,0.09204968222462812,0.2848071851009534,0.9620302350440396,0.9204968222462812,0.11906314790149006,0.11392287404038134,-0.15378230341593735,-0.22795746542215056,1.2558951171436092,0.0878748867385184,-0.01903246329405165,-0.0282125576017513,0.15543256400292194,0.01087560479437108,-0.19086988441904396,0.6718850019410638,-0.02362251044790148,0.08315408439864651,0.1811498919837254,0.22243782370751336,0.02110439186298043,0.0939340312966096,0.20179385784561937,0.942480788420205,0.5721373231329122,87.78625954198473,80.98542678695351,87.78625954198473,75.15614156835531,13.809854267869534,97.4323386537127
"Tinoco, Jesus",622786,2024,664,111.0889145190126,0.07450289467239532,0.28050788656775355,0.7791603651617152,0.7450289467239533,0.11734342848821012,0.11220315462710141,0.671967385762855,-0.13293564927153056,-0.5344221304558232,0.774550759126214,0.10119990749440588,-0.02002042910715821,-0.08048526061081675,0.11664921071177922,0.2695158682456622,0.12006431433519538,0.04058973919362382,0.01808197505048123,0.30426421512116153,0.20208288668558363,0.1743886739687841,0.06452015579839915,0.25317355090337257,0.8805455851164083,0.5668595680098905,87.71686328938237,78.41776544066622,87.71686328938237,65.9264399722415,58.2234559333796,56.97432338653713
"Chafin, Andrew",605177,2023,920,111.06889087818041,0.10304050182869769,0.28000136366493933,1.077695537809177,1.0304050182869768,0.11714081932708444,0.11200054546597572,0.05656891819626253,0.03298024721334514,0.2108388891224422,0.7773074832771272,0.00614879545611549,0.00358480947971142,0.02291727055678719,0.08448994383447035,0.04477458270480383,0.4940731861997847,0.00486680246791346,0.05370360719562877,0.2398250490026021,0.3829889982954899,0.08639127509322399,0.0716157937137495,0.311407023649046,0.9209964655965133,0.6162017446227797,87.64746703678001,82.92852185981957,87.64746703678001,99.16724496877168,95.76682859125607,91.6030534351145
"Poche, Colin",621363,2023,955,111.06813448717587,0.10695321178878892,0.27998222981358356,1.1186217332614774,1.0695321178878892,0.11713316578654212,0.11199289192543341,-0.3925466048549424,1.435133260684779,1.0640428905251156,-0.9880078130934749,-0.04110435652931334,0.15027573410311823,0.1114181037199074,-0.10345631550717016,0.5212933279149183,0.03801753871582036,0.05458568878690244,0.00398089410636862,0.1879441540222445,0.42769190533894913,0.04976302668590642,0.3909306303185142,0.3078180296805968,0.7796531714977897,0.5437356005891932,87.57807078417765,83.5530881332408,87.57807078417765,17.071478140180428,95.00346981263012,0.13879250520471895
"Bowlan, Jonathan",680742,2025,727,111.00780996130888,0.08097507630551629,0.27845624589242185,0.8471205540254232,0.8097507630551628,0.11652277221807746,0.11138249835696874,0.04977252158028023,0.4267185341373078,0.24856257425631156,0.12206692405152351,0.00684628907569191,0.05869580937239448,0.03419017527597133,0.01679049849401974,0.23824552785879405,0.18531474915391755,0.0327710492240432,0.02549033688499553,0.21594708052135092,0.3276152886672402,0.0698500530424341,0.119684088844267,0.27178118459429557,0.9052329290566494,0.5885070568254724,87.5086745315753,79.52810548230396,87.5086745315753,92.22761970853574,74.04580152671755,83.06731436502429
"Marte, Yunior",628708,2023,697,110.97122070563819,0.07737555223344773,0.2775306751558383,0.8095832311464051,0.7737555223344773,0.11615254392344404,0.11101227006233533,-0.0354149506940189,0.3697557827263154,-0.321287441394702,0.7965298405088106,-0.00508105461894101,0.05304961014724754,-0.04609575916710215,0.11427974756223969,0.16717041601614824,0.2376211995570543,0.02398427776415326,0.03409199419756876,0.22769351858095663,0.24798673833601567,0.12101075695753843,0.03624543937068314,0.23784012845848615,0.9213719018358892,0.5796060151471877,87.43927827897294,79.1117279666898,87.43927827897294,84.87161693268564,42.95628036086052,91.81124219292158
"Santillan, Tony",663574,2024,504,110.95374049227595,0.05586103986920693,0.277088491414717,0.5845173789520572,0.5586103986920693,0.1159756704269955,0.11083539656588678,0.00769376612061023,-0.07115509604227555,0.3859620438816478,0.26201666499207477,0.00152654089694647,-0.0141180746115626,0.07657977061143806,0.05198743353017356,-0.03173066496083265,0.3239893544368613,-0.00629576685730806,0.06428360207080581,0.21532643995765297,0.1789044050150365,0.05167510050678849,0.07043933192523888,0.19711542248634473,0.9389427837839863,0.5680291031351655,87.36988202637058,73.56002775850105,87.36988202637058,68.35530881332407,11.79736294240111,97.01596113809853
"Shuster, Jared",694363,2024,1290,110.93100583872474,0.14268090927760135,0.2765133900728708,1.493118625584316,1.4268090927760135,0.11574562989025704,0.11060535602914832,1.0089410650073205,1.25128204651719,-0.5172870153153326,-0.24981747062486193,0.07821248565948222,0.0969986082571465,-0.04009976862909555,-0.01936569539727612,1.1301115557622552,-0.38355224297009727,0.08760554695831435,-0.02973273201318583,0.28187560071506584,0.35836936676499614,0.1224560479151436,0.1597198304565481,0.320122483740031,0.8589120608141542,0.5895172722770926,87.30048577376822,89.17418459403193,87.30048577376822,92.50520471894518,97.70992366412213,26.78695350451076
"Walker, Ryan",676254,2024,1219,110.89745433595337,0.13441408971518504,0.27566466307462073,1.4068008355187658,1.3441408971518505,0.115406139090957,0.11026586522984828,0.09020340836843845,-1.3015660511318856,-0.7571982333740834,3.3753617116562964,0.00739978739691865,-0.10677326096241883,-0.06211634400115532,0.2768959566576125,-0.6056813213817236,1.3090817391411065,-0.04968673678275009,0.1073898063282286,0.395377306162769,0.07866738785245758,0.13886275855062258,0.01611408671951484,0.2370223470076133,0.9225115773649313,0.5797669621862723,87.23108952116586,87.8556557945871,87.23108952116586,85.14920194309508,41.429562803608604,92.2970159611381
"Martinez, Seth",661527,2023,762,110.86631525137167,0.08378249777234366,0.2748769611953532,0.876993864545085,0.8378249777234366,0.11509105833925,0.10995078447814129,0.6948166746778952,0.09539346995461528,-0.3065326602541347,0.3933163801667092,0.09118329064014372,0.0125188280780335,-0.04022738323545075,0.05161632285652352,0.3951050723162553,0.04339185995628725,0.05185105935908861,0.00569446981053638,0.3288822630462144,0.23150446599672317,0.12080616123953986,0.098727605312096,0.28019336452146876,0.890233116724182,0.5852132406228254,87.1616932685635,79.87508674531576,87.1616932685635,90.28452463566967,80.49965301873698,70.09021512838306
"Kerkering, Orion",689147,2025,1117,110.76993343222192,0.12172568407236858,0.2724388631879333,1.2746736997522703,1.217256840723686,0.11411581913628203,0.10897554527517332,-0.09917087254103762,-0.3771470938231687,0.1282153300940081,1.6227763360224683,-0.00887832341459602,-0.03376428771917356,0.01147854342829078,0.14527988684176082,-0.23815898318210316,0.8754958330582383,-0.02132130556688479,0.07837921513502581,0.1928241832968308,0.17923099670124074,0.08775554999038339,0.04468529331697091,0.18602758999903576,0.9337795783463229,0.5599035841726793,87.09229701596114,86.05135322692574,87.09229701596114,51.28383067314365,7.286606523247745,96.25260235947259
"Speier, Gabe",642100,2025,990,110.76266485836396,0.10781297824596352,0.272254995570615,1.1290184936846115,1.0781297824596352,0.11404227208935472,0.108901998228246,0.7854125445921909,0.1593911918298545,0.2382901525916168,-0.05407539532905048,0.07933460046385767,0.01610012038685399,0.02406971238299159,-0.00546216114434853,0.4724018682110227,0.09210737863128315,0.04771736042535583,0.00930377561932153,0.2813369458287145,0.2685549410174699,0.08641067677860964,0.1346504073000003,0.2749459434230922,0.889469457960695,0.5822077006918935,87.02290076335878,83.9000693962526,87.02290076335878,87.1616932685635,76.54406662040249,69.39625260235948
"Erceg, Lucas",668674,2025,963,110.75452271594085,0.10479328633665719,0.272049029949785,1.0974337006490489,1.0479328633665719,0.11395988584102272,0.10881961197991401,0.5355691487084187,0.5698616148265501,0.12423720681090344,-0.1322342696968235,0.05561465718675167,0.05917566093733645,0.01290105989729007,-0.0137314921803555,0.5527153817674844,-0.00399853144296002,0.05739515906204406,-4.152161415327134e-4,0.26821163538926635,0.3367057170896014,0.08287425212745839,0.15818399519027143,0.3024586762394339,0.8794708763411351,0.5909647762902845,86.95350451075642,83.41429562803609,86.95350451075642,93.54614850798056,93.3379597501735,55.031228313671065
"Akin, Keegan",669211,2024,1230,110.71825203121256,0.1333967067878425,0.2711315178614685,1.3971924363700623,1.333967067878425,0.11359288100569612,0.1084526071445874,0.2590469190886324,0.2079455482225967,1.0185672488955788,-0.08836727983674564,0.0210607251291571,0.01690614213191843,0.08281034543866495,-0.00718433169404436,0.23349623365561456,0.4650999845294166,0.01898343363053777,0.03781300687231029,0.22729190811444577,0.28077623608494595,0.04946294230983987,0.12487108572102684,0.25403407209969586,0.9128329859845666,0.5834335290421313,86.88410825815406,87.78625954198473,86.88410825815406,88.68841082581541,59.19500346981263,87.71686328938237
"Devenski, Chris",606965,2023,696,110.6985369735167,0.07534417178529931,0.27063280095294295,0.7892180239263098,0.7534417178529931,0.1133933942422859,0.10825312038117718,0.1997583597431003,0.2799305744574667,0.20551815320732203,0.10401093651842076,0.02870091375619257,0.04021991012319924,0.02952847028840834,0.01494410007448574,0.2398444671002835,0.1547645448628714,0.03446041193969591,0.02223628518144704,0.23990290297531985,0.3068522094313413,0.0856237069880028,0.15985957147914018,0.2733775562033306,0.8772583607664285,0.5753179584848795,86.8147120055517,78.62595419847328,86.8147120055517,80.01387925052047,75.36433032616239,51.76960444136016
"Smith, Will",519293,2023,923,110.68939218248613,0.09983222349502427,0.27040147208836485,1.0457669626882762,0.9983222349502427,0.11330086269645465,0.10816058883534593,-0.3093649476604696,0.24269986105127828,0.89031473268642,0.2221173166110475,-0.03351732910730982,0.026294676170236,0.09645880094110729,0.02406471469242118,-0.03333254330459567,0.5562160246487338,-0.0036113264685369,0.06026175781676422,0.1671640826972802,0.2937794931965057,0.03768152365591608,0.09404480457203804,0.23047178794689294,0.9341368358860229,0.5823043119164579,86.74531575294934,82.23455933379597,86.74531575294934,87.23108952116586,35.73907009021513,96.32199861207495
"López, Pablo",641154,2023,3209,110.67592038005182,0.34664989666235047,0.2700606860878393,3.631450354826484,3.466498966623505,0.11316454829624442,0.10802427443513571,0.760950461516984,0.6119548142683016,0.5018352573124503,1.756709821728748,0.02371300908435599,0.01906995370110008,0.01563836887854317,0.05474321663224518,0.6864526378926428,1.1292725395205991,0.02139148139272803,0.03519079275539417,0.24612535057688423,0.252221223320816,0.08510444703959912,0.10173763310186808,0.2491732869488501,0.9065789599292664,0.5778761234390583,86.67591950034698,98.68147120055517,86.67591950034698,82.85912560721721,53.22692574600971,84.03886190145732
"Farmer, Buck",571656,2024,1169,110.6474288539927,0.1259433641245552,0.2693399574947716,1.319523442681913,1.259433641245552,0.11287625685901734,0.10773598299790862,0.9000815159320155,0.25763495668479663,-0.6512156827235742,0.8130226527886748,0.07699585251770877,0.02203891845036754,-0.05570707294470267,0.06954855883564369,0.578858236308406,0.08090348503255029,0.04951738548403815,0.00692074294547051,0.2955349454357203,0.23546842811376015,0.120919418418397,0.10158202840253912,0.26550168677474023,0.888749276589532,0.5771254816821361,86.60652324774463,86.4677307425399,86.60652324774463,81.95697432338653,68.91047883414295,68.35530881332407
"Doval, Camilo",666808,2023,1126,110.60805037584521,0.12086206098968313,0.26834382990604605,1.2665000935729154,1.2086206098968313,0.11247780582352714,0.10733753196241842,1.060241338968808,0.19579519984563376,0.21067405317899104,-0.20021049842051752,0.09415997681783377,0.01738856126515397,0.01870995143685533,-0.01778068369631594,0.6280182694072209,0.00523177737923674,0.05577426904149387,4.6463387026969327e-4,0.3122744793665354,0.283073095160764,0.09494001395163595,0.1594142984461968,0.2976737872636497,0.8728228438010837,0.5852483155323667,86.53712699514227,85.70437196391396,86.53712699514227,90.35392088827203,90.9090909090909,46.14850798056905
"Snell, Blake",605483,2023,3164,110.5523050859463,0.3378312697805669,0.2669336834549359,3.5409509627711486,3.378312697805669,0.11191374724308308,0.10677347338197436,0.03987430276242776,0.8407704206083508,3.194255705765727,-0.5339494663653568,0.00126024977125245,0.02657302214312107,0.1009562486019509,-0.01687577327324136,0.4403223616853893,1.330153119700185,0.01391663595718676,0.04204023766435477,0.1984378877116047,0.26641673176407965,0.04722783430678114,0.14673745574924849,0.23242730973784217,0.9030173549719852,0.5677223323549137,86.4677307425399,98.6120749479528,86.4677307425399,67.93893129770993,36.91880638445524,81.60999306037475
"Moll, Sam",594580,2024,624,110.54167629897843,0.06655953784075809,0.26666481506713985,0.6976706873008993,0.6655953784075809,0.11180619988796464,0.10666592602685593,0.07013867322058331,0.31822571380780573,-0.10369932242338108,0.41300562269589136,0.01124017199047809,0.05099771054612271,-0.01661848115759312,0.06618679850895695,0.19418219351419452,0.15465315013625514,0.0311189412683004,0.02478415867568191,0.2407613040668675,0.19148551403250005,0.09990548401423928,0.11476241871139384,0.21612340904968377,0.8926660486371835,0.5543947288434337,86.39833448993754,76.12768910478835,86.39833448993754,38.37612768910479,22.761970853573906,72.51908396946564
"Wesneski, Hayden",669713,2024,1075,110.49541142874105,0.11416262967846003,0.2654944876243256,1.196884240791519,1.1416262967846003,0.11133806891083896,0.10619779504973025,-0.24547087250948607,-6.14786593359895e-4,0.08069396870985202,1.362275931184513,-0.02283449976832428,-5.718945054510651e-5,0.00750641569393972,0.12672334243576866,-0.12304282955142298,0.7214849499471825,-0.01144584460943469,0.06711487906485418,0.19357993638374063,0.23684843884881057,0.085621503254220993,0.06853422126214712,0.2152141876162756,0.922922137741816,0.5690681626790458,86.32893823733518,84.80222068008328,86.32893823733518,70.22900763358778,21.998612074947953,92.6439972241499
"Urías, Julio",628711,2023,1845,110.4803401981653,0.19565357266934905,0.26511324209938897,2.0513737794309463,1.9565357266934904,0.1111855707008643,0.10604529683975558,-0.3437766321694653,0.22365836371864137,0.6792782400956412,1.492213807786129,-0.01863287979238294,0.01212240453759573,0.03681724878567161,0.08087879716997991,-0.06005913422541198,1.0857460239408852,-0.0032552376273936,0.05884802297782576,0.16566323171511388,0.19061263887145025,0.0636360639477646,0.08466398631424635,0.17813793529328206,0.9258499748689946,0.5519939550811384,86.25954198473282,93.40735600277586,86.25954198473282,33.657182512144345,5.41290770298404,93.68494101318528
"Brebbia, John",605154,2024,1023,110.35771717179865,0.10721504037434201,0.26201134011325034,1.1247354053425624,1.0721504037434202,0.10994480990640884,0.10480453604530013,0.4126410804867646,-0.9306454303841748,1.257365922236204,0.3853738330037686,0.04033637150408256,-0.09097218283325266,0.12290966981781072,0.03767095141776819,-0.25900217494870503,0.8213698776199863,-0.02531790566458505,0.08029031061778948,0.2363255374739769,0.18617892970176375,0.00381717483584,0.05527667407230826,0.21125223358787032,0.9704530755459259,0.5908526545668981,86.19014573213046,83.76127689104788,86.19014573213046,93.47675225537822,18.736988202637058,99.79181124219292
"Weaver, Luke",596133,2024,1660,110.30775477039393,0.17313632606934393,0.2607474790200963,1.816691806787844,1.7313632606934393,0.10943926546914724,0.10429899160803853,1.3436379353656775,0.6902850509964082,0.5177365147110322,-0.7349676942852739,0.0809420442991372,0.04158343680701254,0.03118894666933929,-0.0442751623063418,1.016961493181043,-0.10861558978712084,0.06126274055307487,-0.00654310781850125,0.28557873892212704,0.32343516532061817,0.09504660583193889,0.19519940223794893,0.3045069521213726,0.8548769959650561,0.5796919740432143,86.1207494795281,91.53365718251214,86.1207494795281,85.01040943789036,94.0319222761971,22.414989590562108
"Bautista, Félix",642585,2023,977,110.29287720062536,0.10175303853651803,0.26037113238617715,1.0677508609882125,1.0175303853651803,0.10928872681557958,0.10414845295447087,-0.04368480811626796,0.3674149046828461,0.8566521791043442,-0.11263141468270987,-0.00447132119920859,0.03760643855505077,0.0876819016483464,-0.01152829218860899,0.16186504828328907,0.3720103822108172,0.01656755867792109,0.0380768047298687,0.18175311906958572,0.3253398921080572,0.05274913913849672,0.269846333473704,0.25354650558882147,0.8387022636938997,0.5461243846413606,86.05135322692574,82.58154059680777,86.05135322692574,20.680083275503122,58.431644691186676,8.743927827897293
"Middleton, Keynan",641871,2023,855,110.29245755134079,0.08904329675774468,0.2603605168355108,0.9343823090899264,0.8904329675774468,0.10928448059531304,0.10414420673420433,0.42088782445961215,0.5919941515148821,-0.5319464814775756,0.4534468145930078,0.04922664613562715,0.06923908204852422,-0.06221596274591527,0.05303471515707693,0.5064409879872471,-0.03924983344228394,0.05923286409207568,-0.00459062379441917,0.2592336409245544,0.3373583115463821,0.12722905829151163,0.11063797242211296,0.2982959762354682,0.8810664846431877,0.589681230439328,85.98195697432338,80.49965301873698,85.98195697432338,92.71339347675226,91.11727966689799,57.66828591256073
"McGough, Scott",543518,2023,1225,110.27848978125874,0.12740352051102977,0.2600071847163873,1.3370035599088794,1.2740352051102977,0.10914314774766362,0.10400287388655491,0.5151450303334286,0.8945500098088814,0.5660949565286444,-0.638786436762075,0.04205265553742274,0.07302449059664338,0.04621183318601178,-0.05214583157241428,0.704847520071155,-0.03634574011671532,0.05753857306703306,-0.00296699919320125,0.22715396438415425,0.32921102743023645,0.07672532581056946,0.2583105333581745,0.27818249590719535,0.832482070415628,0.5553322831614117,85.91256072172104,86.8147120055517,85.91256072172104,40.24982650936849,78.97293546148508,5.41290770298404
"Peralta, Freddy",642547,2024,3122,110.22032761602985,0.3228596324162566,0.2585359003973867,3.3890756741063797,3.2285963241625657,0.1085546340200634,0.1034143601589547,0.13589424597262223,0.23576939022314036,3.3511652439272552,-0.33375320601663816,0.00435279455389565,0.00755187028261179,0.10734033452681792,-0.01069036534326195,0.1858318180978813,1.5087060189553083,0.00595233241825372,0.04832498459177797,0.21899994750190863,0.2581904014205635,0.04523320595708491,0.15032747950603106,0.23859517446123607,0.902219657268442,0.570407415864839,85.84316446911868,98.26509368494102,85.84316446911868,72.44968771686328,43.78903539208883,80.98542678695351
"Fermin, José",820862,2025,645,110.19735222197951,0.06655231498008912,0.2579547092251516,0.6986779162050425,0.6655231498008912,0.10832215755116938,0.10318188369006066,0.31633844279758705,-0.13340779947884585,0.770436535234694,-0.25468926234839273,0.04904471981357938,-0.02068337976416215,0.11944752484258822,-0.03948670734083608,0.0914653216593706,0.25787363644315064,0.01418067002470862,0.03998040875087606,0.24445178180977015,0.2540651087636336,0.04151036791528348,0.2609721204939034,0.24925844528670188,0.8487587557954066,0.5490086005410543,85.77376821651632,76.05829285218599,85.77376821651632,26.995142262317835,53.36571825121443,16.585704371963914
"Latz, Jacob",656641,2025,1349,110.15985290973016,0.1386805009897077,0.25700611747536645,1.4561473042834336,1.386805009897077,0.10794272085125528,0.10280244699014657,0.11324849541432512,0.5541389925119802,0.9425447364991868,-0.15378492014205847,0.00839499595361935,0.04107776074959082,0.06986988409927256,-0.01139991995122746,0.33369374396315266,0.39437990817856416,0.02473637835160509,0.02923498207402254,0.19812615373486392,0.3007250962274706,0.05612284888450043,0.1518150976413852,0.24942562498116727,0.8960310267370571,0.5727283258591123,85.70437196391396,88.48022206800833,85.70437196391396,76.47467036780013,53.64330326162388,75.22553782095767
"McHugh, Collin",543521,2023,1014,110.00203291822031,0.10262242343042956,0.25301386447344576,1.078346611255938,1.0262242343042955,0.106345819650487,0.10120554578937829,0.4161603493990356,-0.4254411157216964,0.9048025067354502,0.1828248708431488,0.04104145457584177,-0.04195671752679451,0.08923101644333828,0.01803006615810146,-0.00464038316133041,0.5438136887892995,-4.576314754763727e-4,0.05363054130071987,0.267850292952273,0.2203002387035232,0.04177279428116976,0.12210998735605325,0.24407526582789807,0.9180586091813885,0.5810669375046433,85.63497571131158,82.78972935461485,85.63497571131158,86.32893823733518,48.64677307425399,90.49271339347675
"Lopez, Jacob",682052,2025,1666,109.98606663192302,0.16833928893979175,0.25260997740064794,1.7690298519239889,1.6833928893979175,0.10618426482136788,0.10104399096025916,0.8031018961078189,0.5171264174005046,-0.3049925072359656,0.753794045651631,0.04820539592483907,0.03104000104444805,-0.01830687318343131,0.04524574103551206,0.6601141567541617,0.2244007692078327,0.03962269848464356,0.01346943392604037,0.280847174337506,0.23946998281297277,0.10822372430940722,0.10307944818111944,0.2601585785752394,0.8943484137547366,0.577253496164988,85.56557945870922,91.2560721721027,85.56557945870922,82.16516308119361,64.81609993060374,73.9764052741152
"Williams, Devin",642207,2023,978,109.9786229465808,0.09874736126314315,0.2524216801205091,1.0377454909930748,0.9874736126314315,0.10610894590931234,0.10096867204820363,0.13282446641824208,-0.32520458849012357,1.907945421769,-0.6778198087040437,0.01358123378509632,-0.03325200291310057,0.19508644394366056,-0.06930672890634393,-0.09619006103594074,0.6150628065324781,-0.00983538456400212,0.06288985751865829,0.21815316466066145,0.2806350807299655,0.01017623015573626,0.22342624730780433,0.24939412269531347,0.8831987612682297,0.5662964419817715,85.49618320610686,82.02637057598889,85.49618320610686,64.81609993060374,53.50451075641915,60.92990978487162
"Scott, Tayler",605463,2025,536,109.9754828621115,0.054102177923564566,0.2523422477778198,0.5685736471311884,0.5410217792356457,0.10607717297223664,0.10093689911112792,0.3988228537400573,-0.08462502449492604,0.3813523439710025,-0.12697652608494536,0.07440724883210025,-0.0157882508386056,0.07114782536772435,-0.02368965038898234,0.15709891462256564,0.12718790894302856,0.02930949899674732,0.02372908748937099,0.34127616380544246,0.21286111331322263,0.0609004614591549,0.1547287760807292,0.27706863855933256,0.892185381230058,0.5846270098946953,85.4267869535045,73.07425399028452,85.4267869535045,89.72935461485079,78.34836918806386,72.31089521165856
"Rodriguez, Grayson",680570,2024,1930,109.89526088296847,0.1932415842953347,0.250312933025045,2.031623128472745,1.932415842953347,0.1052654470711267,0.10012517321001799,-0.08010022401413153,0.3850784428022962,1.876726142813709,-0.15008123312912858,-0.00415027067430733,0.01995225092239876,0.09723969651884502,-0.00777622969580977,0.1524891093940823,0.8633224548422902,0.00790099012404571,0.04473173341151763,0.19771390305206113,0.24895428192114735,0.04844638470776202,0.14212297244566338,0.22333409248660424,0.9047153214232873,0.5640247069549458,85.35739070090214,92.9909784871617,85.35739070090214,60.16655100624566,29.00763358778626,82.72033310201249
"Francis, Bowden",670102,2025,1141,109.78095547818025,0.1129231432184526,0.24742143562325278,1.1878819569397765,1.129231432184526,0.10410884811040982,0.09896857424930111,-0.33663236176698774,0.18882540557660832,1.6366174565300469,-0.30092854339989117,-0.02950327447563433,0.01654911530031624,0.14343711275460533,-0.0263741054688774,-0.07390347809518971,0.6678444565650778,-0.00647707958765904,0.05853150364286396,0.18242192571851015,0.2299832662243012,0.03156780676015881,0.19227764963647972,0.20620259597140567,0.8880772718016807,0.5471399338865433,85.28799444829978,84.66342817487855,85.28799444829978,22.623178348369187,15.96113809854268,67.73074253990285
"Cease, Dylan",656302,2024,3380,109.75365134033422,0.3335799652012658,0.24673074349206056,3.509540908518133,3.3357996520126583,0.10383257125793294,0.09869229739682422,-0.8436624718846133,1.359076333882058,3.89918288466194,-0.9050558381412516,-0.02496042816226666,0.04020935899059343,0.1153604403746136,-0.02677679994500743,0.25770693099872233,1.4970635232603442,0.00762446541416338,0.04429182021480308,0.1723837157649469,0.35950677738616865,0.03846809511278152,0.26640619301749763,0.2659452465755578,0.8475628559348605,0.5567540512552092,85.21859819569744,98.54267869535045,85.21859819569744,43.23386537126995,69.18806384455239,15.7529493407356
"Foley, Jason",671345,2024,906,109.73905542874891,0.08928141548301546,0.24636152175225012,0.9393850360117996,0.8928141548301546,0.10368488256200876,0.09854460870090005,0.7302426795185966,0.02948307766746438,-0.25229631436411637,0.4319555931898549,0.08060073725370823,0.00325420283305346,-0.02784727531612763,0.04767721779137471,0.3798628785930305,0.08982963941286926,0.04192747004338085,0.00991497123762353,0.30712169367704045,0.2167469524831324,0.10142580214167037,0.10164120580999228,0.2619343230800864,0.8984664960241686,0.5802004095521275,85.14920194309508,80.56904927133934,85.14920194309508,85.63497571131158,66.34281748785565,77.93199167244968
"Devenski, Chris",606965,2024,545,109.72792366735781,0.053645424740164406,0.2460799300007542,0.5644687399446866,0.536454247401644,0.1035722458614104,0.09843197200030168,0.4239173833575478,-0.09830995237552996,0.4181940505015973,-0.17933274153892853,0.07778300612065098,-0.01803852337165687,0.07673285330304537,-0.03290509019062909,0.16280371549100892,0.1194306544813344,0.02987224137449705,0.02191388155620814,0.26514477257384217,0.3058614745283121,0.06817828386883487,0.2024388188208097,0.2855031235510771,0.8646914486551778,0.5750972861031274,85.07980569049272,72.93546148507981,85.07980569049272,79.59750173490632,84.31644691186676,33.795975017349065
"Morgan, Eli",669212,2023,1189,109.68003766271822,0.11645950328103254,0.24486859394666216,1.225712889018908,1.1645950328103254,0.10308771143977358,0.09794743757866486,0.3014800820349137,0.5457021359561622,0.4891564779333635,-0.11062580690553148,0.02535576804330645,0.04589589032431978,0.04114015794225093,-0.00930410487010357,0.423591108995538,0.189265335513916,0.03562582918381311,0.01591802653607367,0.22669296503083092,0.29678784766074695,0.06829213756919192,0.1677664527760449,0.26174040634578893,0.8819707048273816,0.5718555555865853,85.01040943789036,85.14920194309508,85.01040943789036,74.46217904233171,66.2734212352533,58.986814712005554
"Webb, Jacob",657097,2025,945,109.67478231549107,0.09251007698568342,0.24473565340127892,0.9736763578443116,0.9251007698568342,0.10303453522162027,0.09789426136051156,-0.2907927230162386,-0.07315919670918447,0.8184339884698204,0.5191942890999144,-0.03077171672129509,-0.00774171393747983,0.08660677126664766,0.05494119461374755,-0.18197595986271153,0.6688141387848674,-0.01925671532938746,0.07077398294019761,0.21254810830461035,0.220054070954904,0.05206472921359154,0.10589368205940364,0.2163010896297572,0.9210207943635024,0.5686609419966298,84.941013185288,81.19361554476058,84.941013185288,69.46564885496184,22.831367106176266,91.67244968771686
"Yesavage, Trey",702056,2025,679,109.61113186395065,0.06603289559199368,0.24312553605299594,0.6952314154368651,0.6603289559199369,0.10239048828230708,0.09725021442119837,0.41003369313466465,0.23582678970160487,0.05225529005610951,-0.00288435745551396,0.06038787822307285,0.03473148596489026,0.00769591900679079,-4.2479491244682826e-4,0.32293024141813476,0.02468546630029777,0.04755968209398155,0.00363556204717198,0.2175410176532157,0.3640436402030886,0.08048977871724285,0.2569183977603975,0.29079232892815216,0.8312959117611798,0.561044120344666,84.87161693268564,75.8501040943789,84.87161693268564,53.78209576682858,87.36988202637058,4.9271339347675225
"Leasure, Jordan",673929,2025,1130,109.5841163919847,0.10958385003011265,0.24244214608432002,1.1539235949316549,1.0958385003011264,0.10211713229483672,0.09697685843372801,0.10172107330708968,0.28286774448042706,1.294471741036773,-0.5251369638926349,0.00900186489443271,0.02503254375932982,0.11455502133068789,-0.0464722976896137,0.19229440889375837,0.38466738857206906,0.01701720432688127,0.03404136182053709,0.2180314632690173,0.32698517952801986,0.03313881153168753,0.16313347871548808,0.27250832139851855,0.9018638548764122,0.5871860881374653,84.80222068008328,84.31644691186676,84.80222068008328,91.46426092990978,74.53157529493407,80.70784177654406
"Erceg, Lucas",668674,2024,1073,109.49355093772996,0.10307288656847528,0.24015118026205795,1.0858840042144493,1.0307288656847529,0.1012007459659319,0.09606047210482319,0.32794029002479874,0.5690095103800559,0.2682579928010682,-0.07932378899147352,0.03056293476465971,0.05302977729543857,0.02500074490224307,-0.00739271099640946,0.4484749002024273,0.09446710190479736,0.04179635603004914,0.0088040169529168,0.2402818602943983,0.31039882255113943,0.08714815823841915,0.1495221227394033,0.27534034142276886,0.8816648595110887,0.5785026004669288,84.7328244274809,82.99791811242193,84.7328244274809,83.62248438584317,76.96044413601666,58.63983344899375
"Giolito, Lucas",608337,2023,3183,109.48623623343427,0.30552489672807365,0.23996614571793407,3.218863884279827,3.0552489672807366,0.10112673214828234,0.09598645828717363,0.498303792907393,1.2478327665330653,1.8595214652463028,-0.38679414040693416,0.01565516157421907,0.03920304010471458,0.05842040418618607,-0.01215187371683739,0.8730682797202292,0.7363636624196843,0.02742910083946682,0.02313426523467434,0.2195433280259388,0.36296817232904455,0.06994782492272658,0.16742966067540468,0.29125575017749167,0.8813112572009344,0.586283503689213,84.66342817487855,97.84871616932685,84.66342817487855,90.70090215128384,87.8556557945871,58.01526717557252
"Duran, Jhoan",661395,2025,1139,109.41821883999688,0.10854467765638949,0.23824556114220696,1.1439944958419233,1.0854467765638949,0.1004384983179915,0.09529822445688278,0.19727850709455197,0.6026264393776728,0.31991585401260636,0.02417369535709213,0.01732032546923195,0.0529083792254322,0.02808743231014981,0.00212236131317753,0.3999524732361124,0.17204477468484924,0.03511435234733208,0.01510489681166367,0.2345275333212503,0.2973182538662104,0.07558787948264556,0.17548588014635577,0.26592289359373034,0.8744631201854993,0.5701930068896148,84.59403192227619,84.10825815405968,84.59403192227619,72.1027064538515,69.11866759195003,47.952810548230396
"Sheehan, Emmet",686218,2023,1014,109.41411260028296,0.0965902689370354,0.23814168870077762,1.0180250663219963,0.965902689370354,0.10039694934141977,0.09525667548031105,-0.1327598140437658,0.484484734293801,0.587777337048891,0.0785228090230703,-0.01309268383074613,0.0477795595950494,0.05796620680955532,0.00774386676756117,0.1758624601250176,0.33315007303598065,0.01734343788215163,0.03285503678855825,0.20350336915600784,0.2910205314656795,0.05848776680588009,0.14916328549339436,0.2472619503108437,0.8961744738503628,0.5717182120806032,84.52463566967384,81.74878556557947,84.52463566967384,74.11519777931991,51.006245662734216,75.43372657876475
"Wheeler, Zack",554430,2025,2393,109.38003088176818,0.22712398452845783,0.23727954923574793,2.39424659878091,2.2712398452845783,0.10005209355540788,0.09491181969429917,1.4710119181293069,-0.01081080281392132,0.15399297594160544,0.7800525075239193,0.06147145499913525,-4.5176777325204047e-4,0.00643514316513186,0.03259726316439278,0.7301005576576927,0.4670227417327624,0.0305098436129416,0.01951620316476232,0.2777448582789004,0.2259240414781783,0.09222020138095235,0.1167374423798229,0.2518344498785393,0.8955211781196124,0.5736778139990759,84.45523941707148,95.41984732824427,84.45523941707148,78.00138792505204,56.48854961832062,74.94795281054823
"Pfaadt, Brandon",694297,2023,1941,109.36801241703556,0.18398779933378945,0.2369755272202337,1.9396507089820147,1.8398779933378946,0.0999304847492022,0.09479021088809349,0.9086400957658044,0.01473613610869506,-0.08535511559193765,1.101629592699453,0.04681298793229285,7.592033028694005e-4,-0.00439748148335588,0.05675577499739583,0.4616881159372497,0.5081372385537577,0.02378609561758113,0.02617914675701997,0.2644756264485813,0.2450106055899788,0.09771109863724584,0.1006303344844612,0.25474311601928007,0.9008292834391465,0.5777861997292133,84.38584316446912,92.36641221374046,84.38584316446912,82.72033310201249,59.958362248438576,80.1526717557252
"Rogers, Taylor",573124,2023,806,109.29657458039071,0.0758182980530818,0.2351684182787897,0.7996135878513542,0.7581829805308179,0.0992076411726246,0.09406736731151588,-0.24079971644482612,-1.199487963813226,-0.06674415015322666,2.306645418262633,-0.02987589534054914,-0.14881984662695114,-0.00828091192968072,0.2861842950698056,-0.7201438401290261,1.1199506340547032,-0.08934787098375013,0.13895169157006243,0.19896704188361705,0.06315579578545838,0.0733601002364434,0.02453846044222836,0.1310614188345377,0.9510507196606641,0.541056069247601,84.31644691186676,78.83414295628036,84.31644691186676,12.768910478834142,0.4163775156141568,98.6120749479528
"Svanson, Matt",694335,2025,956,109.29063495597704,0.08987094747791487,0.23501816809078155,0.947850492891348,0.8987094747791486,0.09914754109742133,0.09400726723631261,0.3970076101632003,-0.03390449245489435,-0.466022169955977,1.050769545139019,0.04152799269489542,-0.00354649502666258,-0.04874708890752897,0.10991313233671748,0.18155155885415297,0.29237368759152105,0.01899074883411642,0.03058302171459425,0.26367555969160583,0.20168829626185503,0.13579060348539204,0.06026453771337413,0.23268192797673043,0.901972429400617,0.5673271786886737,84.2470506592644,80.6384455239417,84.2470506592644,67.38376127689105,37.12699514226232,80.77723802914643
"Peralta, Freddy",642547,2023,2924,109.26184605699916,0.2740254870165617,0.23428991707982366,2.890556477864436,2.740254870165617,0.09885624069303817,0.09371596683192945,0.1886546218363492,0.5497667755012117,3.2258155569340943,-1.073680476407219,0.00645193645131153,0.01880187330715498,0.11032200947107026,-0.03671957853649859,0.3692106986687804,1.0760675402634376,0.01262690487923325,0.03680121546728583,0.22553975434981477,0.26091332020690056,0.04279018180585395,0.17629726967746667,0.24322653727835766,0.8904562742583397,0.5668414057683487,84.17765440666204,97.36294240111035,84.17765440666204,65.78764746703678,48.091603053435115,70.29840388619014
"Wheeler, Zack",554430,2023,3548,109.22608079492757,0.3312202620543427,0.23338519028631816,3.4945795371355644,3.312202620543427,0.09849434997563598,0.09335407611452727,1.3055375159228788,0.8987635602329647,0.16530529995350207,1.1249731610262188,0.03679643505983311,0.0253315546852583,0.00465911217456319,0.03170724805598136,1.1021505380779215,0.6451392304898604,0.0310639948725457,0.01818318011527227,0.24975444191720916,0.27329935555837775,0.09622619247100482,0.114358958414034,0.26152689873779345,0.8947074245574806,0.578117161647637,84.10825815405968,98.40388619014573,84.10825815405968,83.27550312283137,66.06523247744622,74.46217904233171
"Perkins, Jack",678022,2025,637,109.15647658751406,0.0590179137526262,0.23162446527718292,0.6229226820215246,0.590179137526262,0.09779005997198188,0.09264978611087317,0.18261163326769747,0.100007000698497,-0.2225967595950351,0.5629008076503652,0.02866744635285674,0.01569968613791161,-0.03494454624725825,0.08836747372847177,0.14130931698309723,0.17015202402766505,0.02218356624538418,0.02671146374060675,0.252555121185636,0.2284786252784928,0.11064656406653108,0.08300159038184649,0.2405168732320644,0.9031759227758112,0.5718463980039378,84.03886190145732,74.18459403192227,84.03886190145732,74.39278278972935,45.73213046495489,81.67938931297711
"McGreevy, Michael",700241,2025,1465,109.10471606860358,0.1349646594790855,0.23031511856499237,1.424951606856098,1.3496465947908551,0.09726632128710566,0.09212604742599695,0.8033187915527833,0.05787922059471384,0.05523232516168264,0.5085212695469181,0.05483404720496814,0.0039508000405948,0.00377012458441519,0.03471134945712752,0.43059900607374857,0.2818767973543004,0.02939242362278147,0.01924073702077135,0.3016457707391747,0.2308627622266422,0.09177601107437162,0.11726958315777868,0.26625426648290845,0.8954772028839248,0.5808657346834166,83.96946564885496,87.99444829979181,83.96946564885496,86.1207494795281,69.39625260235948,74.87855655794587
"Leiter, Jack",683004,2024,669,109.07883303255808,0.06145711634239824,0.2296603749715928,0.6489595955547998,0.6145711634239824,0.09700442384974584,0.09186414998863712,-0.0331933677480265,0.15314004945594206,0.7618605514899173,-0.23284763764303307,-0.0049616394242192,0.02289088930582093,0.11388050097009228,-0.03480532700194814,0.05997334085395778,0.2645064569234421,0.00896462494080086,0.03953758698407206,0.20202419091004464,0.27117912969416935,0.03833978514260895,0.16581084916849206,0.236601660302107,0.8979246828444495,0.5672631715732782,83.9000693962526,74.60097154753643,83.9000693962526,67.31436502428869,41.082581540596806,77.44621790423317
"Singer, Brady",663903,2024,2973,109.07008016959419,0.272848811725508,0.22943896041499157,2.881308459145842,2.72848811725508,0.09691585802710534,0.09177558416599663,1.4886897663436685,0.19142144039687992,-0.0340908393862378,1.2352880917915314,0.05007365510742241,0.0064386626436892,-0.00114668144588758,0.04155022172188132,0.8400556033702742,0.6005986262026468,0.02825615887555581,0.02020177013799686,0.27483544673885113,0.25119402969054866,0.07616452321170648,0.09884655173187867,0.2630147382146999,0.9124944625282074,0.5877546003714537,83.83067314365024,97.29354614850799,83.83067314365024,91.74184594031922,67.10617626648161,87.5086745315753
"Woo, Bryan",693433,2025,2753,109.01747919598297,0.25119291871527577,0.22810835335568092,2.653440926549081,2.5119291871527576,0.09638361520338108,0.09124334134227237,3.15417605623486,0.7739207975964746,-0.9875150804278974,-0.28714084685435637,0.11457232314692554,0.02811190692322828,-0.03587050782520513,-0.01043010704156761,1.9640484269156673,-0.6373279636411269,0.07134211503507691,-0.02315030743338637,0.31167508888003564,0.2751842235873115,0.11561977455602848,0.16506530191805302,0.29342965623367356,0.8596574617629593,0.5765435589983164,83.76127689104788,96.32199861207495,83.76127689104788,81.19361554476058,89.24358084663429,27.133934767522554
"Woo, Bryan",693433,2023,1444,108.98562785877851,0.1312900014910063,0.22730263416032953,1.387125569464473,1.3129000149100631,0.09606132752524052,0.0909210536641318,1.3907661007638126,0.2112784489613659,-0.5681186123950965,0.3531996321343911,0.09631344188115044,0.01463147153472063,-0.03934339421018674,0.02445980831955617,0.8010222748625893,-0.10745949013035272,0.05547245670793554,-0.00744179294531528,0.2937904587912937,0.2752301180415788,0.1194245000327024,0.12003165691003644,0.2845102884164362,0.8802719215286305,0.5823911049725334,83.69188063844553,87.36988202637058,83.69188063844553,87.43927827897294,83.5530881332408,56.28036086051353
"Garcia, Robert",676395,2024,996,108.97619068279575,0.09046226136738439,0.2270639090546797,0.9558197413304867,0.9046226136738439,0.0959658374829806,0.09082556362187189,0.4755352807676445,0.06910824120313919,0.7911654355507096,-0.37998921619100656,0.04774450610116913,0.00693857843405011,0.07943428067778209,-0.03815152773002074,0.27232176098539185,0.20558810967985153,0.02734154226760962,0.02064137647388067,0.28059632226432935,0.26429478533796225,0.04897965251039456,0.18364435408882604,0.27244555380114577,0.8836879967003897,0.5780667752507678,83.62248438584317,80.70784177654406,83.62248438584317,83.20610687022901,74.46217904233171,61.69326856349757
"Weems, Jordan",607179,2024,754,108.96785589823237,0.06841888600588161,0.22685307031127863,0.7229465249715759,0.6841888600588162,0.09588150198562016,0.09074122812451145,-0.2572844383730626,0.1737706199510285,0.7270017075625219,0.07945863583108803,-0.03412260455876162,0.023046501319765052,0.09641932461041404,0.01053828061420265,-0.04175690921101704,0.403230171696805,-0.00553805161949828,0.05347880261230835,0.20326688391318065,0.31831895292439083,0.03940635408360268,0.0881346042251897,0.2607929184187857,0.9362295208456038,0.5985112196321948,83.5530881332408,76.75225537820958,83.5530881332408,96.25260235947259,65.5794587092297,96.73837612768911
"Williams, Trevor",592866,2023,2617,108.95120901978582,0.23702898286032786,0.226431966813458,2.5048107955484937,2.3702898286032785,0.09571306058649191,0.0905727867253832,1.1861911159228384,0.6897618320217589,0.57867226915846,0.05018557844543636,0.0453263704976247,0.02635696721519903,0.02211204696822545,0.00191767590544273,0.9379764739722988,0.3144289238019482,0.03584166885641187,0.01201486143683409,0.39349282886791515,0.3016023575592226,0.08716656453800146,0.12940383930733587,0.3475475932135689,0.8917147980773313,0.6196311956454501,83.48369188063845,95.90562109646079,83.48369188063845,99.6530187369882,99.6530187369882,71.7557251908397
"Anderson, Tyler",542881,2024,2913,108.90039128890454,0.26234066579208826,0.22514646909722646,2.77314283549498,2.623406657920883,0.0951988614999993,0.09005858763889059,0.04752544792484059,1.6013619438067508,0.8070438791436914,0.31721156461969713,0.00163149495107588,0.05497294692093206,0.02770490487963238,0.01088951474835898,0.8244436958657957,0.5621277218816942,0.02830222093600397,0.01929720981399568,0.23349587257698515,0.36561231302373454,0.09634039063513578,0.14793910563055634,0.29955409280035983,0.8778602518671539,0.5887071723337569,83.41429562803609,96.94656488549617,83.41429562803609,92.2970159611381,92.08882720333102,52.67175572519084
"Sewald, Paul",623149,2023,1190,108.8863194020045,0.10700027952971092,0.22479050321367838,1.131172054244303,1.0700027952971092,0.09505647514658006,0.08991620128547134,0.36592799269374154,-1.5569674179573667,1.6841865609458182,0.6380249185621096,0.03075025148686903,-0.13083759814767787,0.1415282824324217,0.05361553937496719,-0.5955197126318126,1.161105739753964,-0.05004367333040441,0.09757191090369444,0.3998960565484659,0.14034800554401777,0.03051789386956727,0.07773064697779013,0.27012203104624183,0.9458757295763213,0.6079988803112816,83.34489937543373,83.62248438584317,83.34489937543373,97.91811242192921,72.86606523247745,97.98750867453158
"Akin, Keegan",669211,2025,1058,108.75826895478181,0.0937605134887498,0.2215513078656659,0.9919892323380282,0.937605134887498,0.09376079700737508,0.08862052314626637,0.6634685619321772,-0.01758580214391258,0.2580184741773337,0.08808799837242987,0.06270969394444019,-0.00166217411568171,0.02438737941184628,0.0083258977667703,0.3229413798941323,0.17305323627488178,0.03052375991437923,0.01635663858930829,0.2631490183990805,0.2772876573386822,0.0756627795625138,0.1272429015542821,0.2702183378688814,0.898547159441602,0.5843827486552418,83.27550312283137,81.47120055517001,83.27550312283137,89.52116585704371,73.00485773768216,78.0707841776544
"Peguero, Elvis",665625,2024,829,108.75636112105492,0.07345041033159243,0.22150304683833663,0.7771169736245156,0.7345041033159243,0.09374149259644338,0.08860121873533466,0.8374855933254821,-0.4122743631614867,-0.9394520710848157,1.2913578145453355,0.10102359388727168,-0.04973152752249537,-0.11332353089081008,0.15577295712247716,0.2126056150819977,0.17595287173026009,0.02564603318238814,0.02122471311583354,0.3104197306525088,0.19942123729420433,0.14868117678299264,0.03174000635451898,0.25492048397335654,0.9097894084312442,0.5823549462023003,83.20610687022901,77.93199167244968,83.20610687022901,87.36988202637058,60.30534351145038,85.70437196391396
"Cruz, Fernando",518585,2024,1138,108.7454984834229,0.10070310527531076,0.22122826290709754,1.065527369292525,1.0070310527531077,0.09363157902394773,0.08849130516283901,0.44386689637860854,0.5266328960392457,0.6180282161606101,-0.5230006392859394,0.03900412094715365,0.04627705589097062,0.05430827910022936,-0.04595787691440593,0.4852498962089271,0.04751378843733533,0.04264058841906214,0.00417520109291171,0.22946271452297823,0.3278728749838561,0.07379970008106951,0.2136204968846342,0.2786677947534172,0.8562899015171481,0.5674788481352826,83.13671061762665,82.37335183900069,83.13671061762665,67.66134628730049,79.18112421929216,23.941707147814018
"Fairbanks, Pete",664126,2023,732,108.70468487833213,0.06447333960876477,0.22019583199714746,0.6823602007509635,0.6447333960876477,0.0932186066599677,0.08807833279885899,-0.6001346443283637,0.1642988085195611,1.1922780293966753,-0.0740819928369092,-0.08198560714868357,0.02244519242070507,0.16287951221266056,-0.01012049082471437,-0.2179179179044013,0.559098018279883,-0.02977020736398925,0.07637951069397309,0.07694727268157107,0.3841427238334256,0.00925858523108425,0.3330142409423271,0.23054499825749836,0.8288635869132943,0.5297042925853963,83.06731436502429,75.50312283136711,83.06731436502429,3.2616238723108952,35.87786259541985,4.371963913948647
"Corbin, Patrick",571578,2023,2886,108.68443536907996,0.25360274261251403,0.21968359547168576,2.684375729756738,2.5360274261251403,0.09301371204978302,0.08787343818867431,1.890722408890724,0.6330482776447752,0.6029424011890967,-0.4423373579678582,0.06551359698166058,0.02193514475553621,0.02089197509317729,-0.01532700478059106,1.2618853432677497,0.08030252161061924,0.04372437086859839,0.00278248515629311,0.27254726134071977,0.2936249707468418,0.0759626872391372,0.1369844632474536,0.28308611604378076,0.8935264247567046,0.5883062704002426,82.99791811242193,96.53018736988203,82.99791811242193,92.15822345593338,82.65093684941013,73.21304649548924
"Maton, Phil",664208,2024,1231,108.6286984070848,0.10747795002902208,0.21827365968526008,1.138056271520469,1.0747795002902207,0.09244973773521276,0.08730946387410404,-0.20165394196942543,0.1353554167717448,0.9124366701216786,0.291918126596471,-0.0163813112891491,0.01099556594408974,0.07412158165082686,0.02371390142944524,-0.03314926259884032,0.6021773983590748,-0.00269287267252967,0.04891774154013605,0.1909740958424168,0.2345700447362677,0.06524311377343503,0.11761397253003336,0.21277207028934225,0.9085714568482658,0.560671763568804,82.92852185981957,83.83067314365024,82.92852185981957,53.29632199861207,20.124913254684245,85.14920194309508
"Burns, Chase",695505,2025,778,108.59629486210586,0.06767167599532636,0.21745397170734693,0.7167080905926895,0.6767167599532636,0.09212186254404749,0.08698158868293877,0.27063991704199,-0.16330727323384053,0.645449101805113,-0.03607365502057291,0.03478662172776221,-0.02099065208661189,0.08296260948651837,-0.00463671658362119,0.05366632190407472,0.30468772339227,0.00689798482057515,0.03916294645144859,0.24474130564087224,0.34796972665271064,0.03886198022855161,0.11334593129700336,0.29635551614679145,0.9238960442372225,0.610125780192007,82.85912560721721,76.33587786259542,82.85912560721721,98.1263011797363,90.28452463566967,92.92158223455932
"Hoffman, Jeff",656546,2024,1053,108.59125185603055,0.0915378807732399,0.21732640259553632,0.9695058914898738,0.915378807732399,0.09207083489932325,0.08693056103821453,0.00761080174925155,0.17219300208398636,0.4125983133092177,0.37710377434741815,7.227731955604511e-4,0.01635261178385435,0.03918312567039105,0.03581232424951739,0.08990190191661895,0.3948510438283179,0.0085376924897074,0.03749772495995421,0.19755632475387905,0.24540701563397535,0.07308153381163107,0.10410043385285137,0.2214816701939272,0.9114090161677588,0.566445343180843,82.78972935461485,80.91603053435115,82.78972935461485,65.09368494101318,27.203331020124917,86.74531575294934
"Wheeler, Zack",554430,2024,3311,108.55725389028422,0.28668807600422475,0.21646638176096705,3.037075227583557,2.8668807600422475,0.09172682656549554,0.08658655270438682,2.3297340378558715,1.0650814527434704,-0.6960955358501906,0.3383552728344057,0.07036345629283816,0.03216796897443281,-0.02102372503322834,0.0102191263314529,1.697407745299671,-0.17887013150789244,0.05126571263363549,-0.00540229935088772,0.29085169511147596,0.27180399163113483,0.1105762178058136,0.1269852551417998,0.2813278433713054,0.8812192635261933,0.5812735534487493,82.72033310201249,97.57113115891742,82.72033310201249,86.39833448993754,81.12421929215823,57.876474670367806
"Ferguson, Tyler",621053,2025,990,108.49231151426369,0.08507013909605607,0.21482358357589923,0.901590102185537,0.8507013909605607,0.0910697072914684,0.08592943343035969,0.4150650649776253,0.24387283869828025,-0.17165173609464546,0.41430393460427695,0.04192576413915407,0.02463362007053336,-0.01733855920147933,0.04184888228326029,0.3294689518379528,0.12132609925481574,0.03327969210484371,0.01225516154089047,0.2841091857853236,0.2248374532807328,0.10415884068323508,0.1057291606844893,0.2544733195330282,0.8950559993161378,0.574764659424583,82.65093684941013,80.08327550312283,82.65093684941013,79.1117279666898,59.75017349063151,74.60097154753643
"Walker, Ryan",676254,2025,1018,108.44012104644128,0.08693856850601477,0.21350336077115614,0.9217136729662344,0.8693856850601477,0.09054161816957117,0.08540134430846245,0.5116635200198516,-1.4021106222180606,-0.9884489985696518,2.800609773734095,0.05026164243809936,-0.13773188823360125,-0.09709715113650803,0.27510901510158103,-0.4452235510991045,0.9060803875822216,-0.04373512289775093,0.08900593198253651,0.37221786935149614,0.06832246391294164,0.12857937489622717,0.01177246711042061,0.22027016663221888,0.9298240789966761,0.5750471228144475,82.58154059680777,80.29146426092991,82.58154059680777,79.4587092297016,26.162387231089525,95.35045107564191
"Vest, Will",676684,2025,1226,108.37541675561751,0.10389937340527647,0.2118665852473011,1.1020134915899575,1.0389937340527646,0.08988690796002916,0.08474663409892044,0.5931728081227448,-0.7822503388424593,0.4363385709310137,0.8547524513786584,0.04838277390886988,-0.06380508473429522,0.03559042177251335,0.06971879701294115,-0.09453876535985728,0.645545511154836,-0.00771115541271266,0.05265460939272724,0.25215476363928674,0.4284816786086268,0.08615333958436346,0.07870636619415769,0.34031822112395677,0.9175701471107394,0.6289441841173481,82.51214434420542,83.20610687022901,82.51214434420542,99.93060374739764,99.37543372657876,90.21512838306731
"Paddack, Chris",663978,2024,1451,108.34634395146898,0.12254052091209928,0.21113115250189401,1.2999905828456804,1.2254052091209928,0.08959273486186632,0.08445246100075761,-0.15744040486015365,0.6929906018176553,1.2499506260172666,-0.48551024012908783,-0.01085047586906641,0.04775951769935598,0.08614408173792326,-0.03346038870634651,0.2677750984787508,0.3822201929440894,0.01845452091514478,0.02634184651578838,0.19243144301811207,0.30031400224605953,0.06260626353070131,0.17271289672207144,0.24637272263208582,0.8823404198736137,0.5643565712528498,82.44274809160305,86.1207494795281,82.44274809160305,61.06870229007634,50.38167938931297,59.472588480222065
"Stephan, Trevor",663986,2023,1127,108.33255414493337,0.09502067084417687,0.21078232219205167,1.008137594856464,0.9502067084417687,0.08945320273792938,0.08431292887682067,0.4584622489278445,0.10129556209903968,0.7299758004147634,-0.2815960165851834,0.04067988011782116,0.00898807117116589,0.06477158832429133,-0.02498633687534901,0.2798789055134421,0.22418989191479,0.02483397564449353,0.01989262572447116,0.2785443365128823,0.23564575690084744,0.06651270252518249,0.1759406305850124,0.2570950467068649,0.8787733334449026,0.5679341900758837,82.37335183900069,81.54059680777237,82.37335183900069,68.28591256072171,61.832061068702295,54.12907702984039
"Miller, Mason",695243,2025,1011,108.27844542231746,0.08468684962733757,0.20941357474613645,0.8988366650091848,0.8468684962733757,0.08890570375956329,0.08376542989845458,-0.4457631497391503,-0.16787650509786545,1.3382732901945928,0.17420302965160772,-0.04409131055777945,-0.01660499555864148,0.1323712453209291,0.01723076455505516,-0.3068198274185079,0.7562381599231003,-0.03034815305821047,0.07480100493799212,0.1551422702971818,0.21001569919097615,0.02228518518325693,0.091225901839171,0.18257898474407896,0.9432444564887861,0.5629117206164325,82.30395558639833,80.01387925052047,82.30395558639833,57.39070090215128,6.5232477446217905,97.50173490631506
"Latz, Jacob",656641,2024,825,108.27184469314598,0.06905137836000134,0.20924660109091317,0.7329210429541604,0.6905137836000135,0.08883891429747398,0.08369864043636527,-0.4243511521062828,0.3115477963419835,0.7592861559976427,0.08643824272081702,-0.05143650328561004,0.03776336925357376,0.09203468557547184,0.01047736275403842,-0.05640167788214967,0.42286219935922986,-0.00683656701601814,0.05125602416475514,0.17159114325519106,0.3324204517457013,0.04121228926338508,0.12147248453205696,0.25200579750044616,0.918657613102279,0.5853317053013626,82.23455933379597,76.82165163081194,82.23455933379597,90.49271339347675,56.69673837612768,90.70090215128384
"Luzardo, Jesús",666200,2025,3124,108.26408329524388,0.26122921348870026,0.2090502668763606,2.772874290308039,2.6122921348870025,0.08876038061165296,0.08362010675054425,1.5057838165722617,0.6586646113250936,-0.5382244579678286,1.1466503203785123,0.04820050629232591,0.02108401444702604,-0.01722869583763855,0.03670455570993957,1.0822242139486775,0.3042129312053419,0.03464226036967598,0.0097379299361505,0.2541598022392368,0.2164931704180729,0.1080927845712133,0.11838660874008695,0.23532648632865483,0.8867603033443499,0.5610433948365023,82.16516308119361,96.73837612768911,82.16516308119361,53.71269951422624,40.527411519777935,65.99583622484386
"Scott, Tanner",656945,2023,1215,108.2229318399878,0.1010925147583418,0.2080092896262177,1.073379474995889,1.010925147583418,0.0883439897115958,0.08320371585048708,-0.6138665581532337,0.4113506573007726,1.6389702424883126,-0.3630748666399626,-0.0505239965558217,0.03385602117701832,0.13489467016364717,-0.02988270507324795,-0.10125795042623054,0.637947687924175,-0.00833398768940169,0.05250598254519958,0.16239333089701452,0.3095201663485981,0.04146575108881332,0.157526253995391,0.2359567486228063,0.9005039974578979,0.5682303730403521,82.09576682859125,82.51214434420542,82.09576682859125,68.84108258154059,40.874392782789734,79.80569049271338
"Garcia, Robert",676395,2025,957,108.11241412216353,0.0785557685596975,0.20521360647778866,0.8347501064477854,0.7855576855969749,0.08722571645222417,0.08208544259111546,0.5830117223257503,0.2806527645952883,0.05886726282594168,-0.08778164329919491,0.06092076513330724,0.02932630769020777,0.0061512291354171,-0.00917258550670793,0.4318322434605193,-0.01445719023662661,0.0451235364117575,-0.00151067818564541,0.2817822966881882,0.255640091965105,0.0924245028574723,0.15032738421331157,0.2687111943266466,0.8786240564646081,0.5736676253956273,82.02637057598889,79.18112421929216,82.02637057598889,77.93199167244968,71.47814018043026,54.05968077723803
"Ginn, J.T.",669372,2025,1573,108.09861603768024,0.12890078540977287,0.20486456676696257,1.369864361932969,1.2890078540977288,0.08708610056789375,0.08194582670678503,0.7469762521104713,0.8041344083048898,-1.600845724217379,1.4195994257349869,0.047487365041988,0.05112106855085122,-0.10177023040161344,0.09024789737666794,0.7755553302076805,-0.0906231492411962,0.04930421679641961,-0.00576116651247273,0.29368305531537314,0.31176368577082303,0.16256564007062033,0.08394406248440033,0.30272337054309806,0.8767451487224897,0.5897342596327939,81.95697432338653,87.02290076335878,81.95697432338653,92.78278972935462,93.40735600277586,50.936849410131856
"Hamilton, Ian",641656,2025,641,108.06167445763232,0.05228767342144848,0.20393008354699096,0.5558258896641917,0.5228767342144848,0.0867123072799051,0.08157203341879639,0.4609526292333612,0.31626975496374143,-0.49776859418105346,0.27637209964814247,0.07191148661986914,0.04934005537655873,-0.07765500689252004,0.04311577217599726,0.3886111920985514,-0.1106982472664555,0.06062577099821394,-0.01726961735826138,0.28164140098126367,0.27622013943879153,0.14577760279187466,0.099343353605855,0.2789307702100276,0.8774395218011352,0.5781851460055814,81.88757807078417,72.58848022206801,81.88757807078417,83.41429562803609,79.38931297709924,52.32477446217905
"Neris, Héctor",593576,2024,1023,108.04986769695864,0.08332597577460762,0.20363141684899225,0.8858447593452183,0.8332597577460762,0.0865928406007056,0.08145256673959689,0.5003135427973575,0.3860744974517729,1.1678027488792395,-1.1683460297831516,0.04890650467227346,0.03773944256615571,0.11415471641048285,-0.1142078230482064,0.4431940201245652,-2.716404519560456e-4,0.04332297361921458,-2.6553318861783536e-5,0.2495493510869895,0.3607004183454144,0.04279305432999477,0.28219228761509907,0.3051248847162019,0.8375073290274531,0.5713161068718275,81.81818181818183,79.73629424011104,81.81818181818183,73.76821651630812,94.30950728660652,8.0499653018737
"Vasquez, Andrew",607755,2023,850,107.93610840306897,0.06825626956057862,0.20075373400170188,0.7262550234252103,0.6825626956057862,0.08544176746178946,0.08030149360068074,-0.4601910243948169,-0.10849586103358888,0.3242711911302649,0.9706707177233512,-0.05414012051703727,-0.0127642189451281,0.03814955189767823,0.1141965550262766,-0.28434344271420287,0.647470954426808,-0.03345216973108269,0.07617305346197742,0.1212559513716522,0.1124048327778746,0.06883568782619015,0.07932493098908756,0.1168303920747634,0.9259196905923611,0.5213750413335623,81.74878556557947,76.68285912560722,81.74878556557947,0.8327550312283136,0.2775850104094379,93.82373351839
"Kimbrel, Craig",518886,2023,1252,107.93090676535363,0.10047157377429931,0.2006221521052302,1.0690719664840742,1.0047157377429932,0.08538913470320081,0.0802488608420921,-0.6278397949292867,-1.5227757984125674,2.5318801241337496,0.6878074356921786,-0.05014694847678008,-0.12162745993710602,0.2022268469755391,0.05493669614154781,-1.075307796670927,1.609843779912964,-0.08588720420694305,0.12858177155854345,0.1728883994694186,0.14373537690472343,0.00242291421965071,0.0605385712256096,0.15831188818707104,0.9685192572773699,0.5634155727322204,81.67938931297711,82.30395558639833,81.67938931297711,58.57043719639139,1.6655100624566272,99.6530187369882
"Faedo, Alex",656412,2024,1064,107.92926500855019,0.08536711264857552,0.20058062182466055,0.908363640367952,0.8536711264857553,0.08537252259097293,0.08023224872986422,0.2877509082377401,0.3724140056310716,0.2896134623385933,-0.04141473583945299,0.02704425829302068,0.03500131631870974,0.02721931037016854,-0.00389236239092603,0.33008245693440585,0.12409936324957016,0.03102278730586521,0.01166347398962125,0.22122519678750036,0.26193995459738373,0.07275868847619144,0.1335686404669244,0.24158257569244204,0.8968363355284421,0.5692094556104421,81.60999306037475,80.1526717557252,81.60999306037475,70.50659264399722,46.49548924358085,76.33587786259542
"Vest, Will",676684,2024,1274,107.92800312480307,0.10219961798148607,0.2005487009055849,1.0874832688053857,1.0219961798148607,0.08535975422334267,0.08021948036223396,0.00780526286507665,0.5348707672665114,0.2540736508176451,0.29073358785615255,6.126579956889055e-4,0.04198357670851738,0.0199429867203803,0.02282053279875608,0.271338015065794,0.27240361933689883,0.02129811735210314,0.02138175975956819,0.22211269762868657,0.3358284336715857,0.09466181118443293,0.1291821565133396,0.2789705656501361,0.8880780161511137,0.5835242909006249,81.54059680777237,82.65093684941013,81.54059680777237,88.89659958362247,79.52810548230396,67.80013879250521
"Doval, Camilo",666808,2024,1112,107.89525193068738,0.08883555328234438,0.19972021871030668,0.9455153781589728,0.8883555328234438,0.08502836134523138,0.07988808748412267,1.0696266657296292,-0.1871000776945948,0.6721850455128333,-0.6091962553888948,0.09618944835698104,-0.01682554655526931,0.06044829545978717,-0.05478383591626751,0.4412632940175172,0.03149439506196927,0.03968195090085586,0.00283222977175982,0.285835214208919,0.2370394429574318,0.07107580554113026,0.18334614806724103,0.26143732858317537,0.8727890231958144,0.567113175889495,81.47120055517001,80.43025676613463,81.47120055517001,66.55100624566273,65.9264399722415,45.94031922276197
"Imanaga, Shota",684007,2025,2220,107.88282895778889,0.1770724961719112,0.19940596415755765,1.8848390414357257,1.770724961719112,0.08490265952413177,0.07976238566302306,0.20621128104960465,0.8465045734556043,1.6770500631220102,-0.8449268761914936,0.00928879644367588,0.03813083664214433,0.07554279563612658,-0.03805976919781503,0.5263579272526044,0.4160615934652583,0.02370981654291011,0.01874151321915577,0.2229926712146575,0.28380840949202246,0.05601165826909369,0.1981245922188631,0.25340054035334,0.8729318747560216,0.5631662075546808,81.40180430256765,91.81124219292158,81.40180430256765,57.94587092297016,58.36224843858432,46.21790423317141
"Miller, Mason",695243,2024,1037,107.86982431352789,0.0825771377351159,0.19907699550413666,0.8790760172908563,0.8257713773511589,0.08477107206276338,0.07963079820165467,-0.8563437723053084,0.07032354636521632,1.4776342857696818,0.1874619574612666,-0.08257895586357844,0.00678144130812114,0.1424912522439423,0.01807733437427836,-0.39301011297004607,0.8325481216154742,-0.03789875727772865,0.08028429330911034,0.12660413199007645,0.23742685253884552,0.0268483395156632,0.09522608962509578,0.18201549226446098,0.9389627854296205,0.5604891388470408,81.3324080499653,79.66689798750868,81.3324080499653,52.67175572519084,6.384455239417071,97.08535739070089
"De los Santos, Yerry",660787,2025,590,107.85523486303194,0.0468950731805259,0.19870793720561825,0.4992783475858005,0.46895073180525904,0.08462344874335602,0.0794831748822473,0.5740076534507352,0.34335194097548083,0.03205893733434095,-0.45014018417475654,0.09728943278826022,0.05819524423313234,0.00543371819226117,-0.07629494647029772,0.458679797213108,-0.2090406234202078,0.07774233851069627,-0.03543061413901827,0.2937552606841618,0.27693054695591707,0.09447745657891828,0.21729543146323255,0.28534290382003946,0.8441135559789246,0.564728229899482,81.26301179736294,71.0617626648161,81.26301179736294,61.762664816099935,84.2470506592644,12.560721721027065
"Rodríguez, Manuel",655889,2024,605,107.83993992504799,0.047993689919090726,0.1983210327235154,0.511035556050615,0.47993689919090726,0.08446868695051488,0.07932841308940616,-0.0234572610916075,0.21237426133848203,0.0545433157426487,0.2675752400610918,-0.00387723323828223,0.03510318369231108,0.009015424089694,0.04422731240679203,0.09445850012343726,0.16105927790187025,0.01561297522701442,0.02662136824824301,0.22310637967021135,0.28272526185379404,0.09003918967373134,0.09842230842248796,0.2529158207620027,0.9057692509518903,0.5793425358569465,81.19361554476058,71.26995142262318,81.19361554476058,84.17765440666204,57.876474670367806,83.41429562803609
"Merryweather, Julian",657240,2023,1213,107.79539132712075,0.09567858727810187,0.19719412052370544,1.0191373947162674,0.9567858727810187,0.08401792207059089,0.07887764820948218,-0.08525268940547903,0.2992755928671613,1.3682331765628533,-0.5631186853082681,-0.00702825139369159,0.02467234895854586,0.11279745890872656,-0.04642363440298995,0.10701145173084116,0.40255724562729256,0.00882204878242713,0.0331869122528683,0.1907523225958028,0.3415848827243452,0.04616758435795901,0.2357076019843126,0.26616860266007397,0.8590624068288641,0.5626155047444691,81.12421929215823,81.60999306037475,81.12421929215823,56.83553088133241,69.32685634975712,26.85634975711312
"Weems, Jordan",607179,2023,919,107.79339786799443,0.0724700217289038,0.19714369349538574,0.771939334072627,0.724700217289038,0.08399775125926301,0.0788574773981543,-0.21759039822836712,0.32759469118991547,0.7519583871326176,-0.09002334602153894,-0.02367686596609,0.03564686520020843,0.08182354593390834,-0.00979579390876376,0.05500214648077417,0.33096752055553935,0.00598499961705921,0.03601387601257229,0.19796939264218497,0.25248929827621935,0.0483371563654779,0.14112603407868612,0.22522934545920215,0.905268404777918,0.56524887511856,81.05482303955587,77.65440666204026,81.05482303955587,62.73421235253296,30.742539902845245,83.13671061762665
"Gordon, Tanner",685299,2025,1244,107.74763845642065,0.09752270936369095,0.1959861522582214,1.039172100469102,0.9752270936369095,0.08353473476439728,0.07839446090328857,0.4644779694722274,0.3817962410657856,0.8567072457375389,-0.6638093558064497,0.03733745735307294,0.03069101616284449,0.06886714194031662,-0.05336088069183679,0.4231371052690065,0.09644894496554456,0.03401423675795872,0.00775313062423991,0.2788706178410451,0.35092109342686195,0.0650247688468007,0.19607894661271713,0.3148958556339535,0.8694481422702411,0.5921719989520973,80.98542678695351,81.88757807078417,80.98542678695351,93.96252602359473,96.87716863289383,40.874392782789734
"Miller, Shelby",571946,2024,872,107.72701825579878,0.06817803107534745,0.1954645386334502,0.7266034988223424,0.68178031075347445,0.0833260893144888,0.07818581545338009,0.19202901867993205,0.38860253209895745,0.3706338994921907,-0.2246619514487378,0.02202167645412064,0.04456451056180705,0.04250388755644389,-0.02576398525788277,0.29031577538944475,0.07298597402172646,0.03329309350796385,0.00836995114928055,0.26297857015034776,0.30507802019338925,0.07490639162807833,0.17331159732995188,0.2840282951718685,0.8758910055209849,0.5799596503464267,80.91603053435115,76.61346287300486,80.91603053435115,85.49618320610686,83.27550312283137,49.8265093684941
"Thielbar, Caleb",573204,2024,870,107.68902367458703,0.06768718961683536,0.194503418439182,0.7215922787599993,0.6768718961683535,0.08294164123678152,0.07780136737567281,-0.5953185216467318,-0.1875487359325234,1.4719348163562245,0.03252471998303008,-0.06842741628123354,-0.02155732596925556,0.16918790992600283,0.00373847356126782,-0.3914336287896276,0.7522297681696273,-0.04499237112524455,0.08646319174363531,0.08388038774282325,0.235866500448356,0.01258312129834802,0.12869760329034574,0.15987344409558962,0.9293596377056531,0.5446165409006214,80.84663428174879,76.40527411519777,80.84663428174879,18.390006939625263,1.7349063150589867,95.28105482303955
"Gray, Jon",592351,2023,2462,107.66309164398686,0.1909009544484692,0.19384743546757638,2.0355630869451886,1.909009544484692,0.08267924804813927,0.07753897418703055,1.2273664265781576,0.8065000225033145,0.2722748993951427,-0.2705782615314263,0.04985241375215912,0.03275792130395266,0.01105909420776371,-0.01099018121573624,1.016933224540736,8.483189318582163e-4,0.04130516752805589,3.445649601373746e-5,0.26342613868507747,0.25229092654433377,0.08668050014860536,0.13713569186324698,0.2578585326147056,0.8880919039940738,0.5729752183043897,80.77723802914643,92.78278972935462,80.77723802914643,76.68285912560722,62.66481609993061,67.86953504510757
"Hoffman, Jeff",656546,2025,1335,107.65786706650718,0.10344395593217708,0.19371527328123048,1.1030622153675722,1.0344395593217708,0.08262638317360091,0.0774861093124922,0.4312674404616246,0.7374894518561632,-0.08577822907136579,0.0200835521211502,0.03230467718813667,0.05524265556975005,-0.00642533551096372,0.00150438592667791,0.5843784461588939,-0.03284733847510779,0.04377366637894336,-0.0024604747921429,0.22495995037680033,0.2759070459357157,0.08859062008068908,0.14710808548481158,0.25043349815625804,0.8821506472172497,0.5662920726867539,80.70784177654406,83.13671061762665,80.70784177654406,64.74670367800138,54.406662040249834,59.12560721721027
"Uribe, Abner",682842,2023,552,107.6310300854816,0.042622436780612935,0.1930363984629209,0.45459867951944943,0.4262243678061293,0.08235483324627707,0.07721455938516836,0.3246220726125557,-0.2175515785465905,-0.32207559061134816,0.6696037760648323,0.05880834648778183,-0.0394115178526432,-0.05834702728466452,0.12130503189580295,0.05353524703298262,0.1737640927267421,0.00969841431756931,0.03147900230556922,0.2721862902566114,0.22135288698076463,0.15221919949969845,0.05047200963467059,0.24676958861868803,0.8986543954328154,0.5727119920257517,80.6384455239417,69.81263011797363,80.6384455239417,76.40527411519777,50.58986814712006,78.27897293546148
"Herrin, Tim",682120,2025,775,107.59492160301818,0.05955812673962545,0.19212298948266276,0.6354183898198471,0.5955812673962545,0.08198946965417382,0.07684919579306511,0.4841975119804829,-0.20887767327803888,0.1969676628802972,0.16313088823710586,0.06247709832006231,-0.02695195784232759,0.02541518230713512,0.02104914686930398,0.13765991935122202,0.18004927555870154,0.01776257023886735,0.02323216458821955,0.2704732683732666,0.2232542182188513,0.07741173524046838,0.10948150316603976,0.24686374329605892,0.906553380796746,0.5767085620464024,80.56904927133934,74.32338653712699,80.56904927133934,81.67938931297711,50.65926439972242,83.96946564885496
"McArthur, James",663704,2024,903,107.57983150437104,0.06925694551989992,0.19174126666638963,0.7389861281648109,0.6925694551989992,0.08183678052766456,0.07669650666655585,0.04669779836149246,-0.5397548064911462,0.414681389667976,0.8173617466264886,0.00517140624158277,-0.05977351123932959,0.04592263451472601,0.09051625101068532,-0.24652850406482685,0.6160215681472323,-0.0273010524988734,0.06821944276270568,0.22189492333871896,0.16500491890627664,0.07999075920148752,0.07482578646552852,0.19344992112249781,0.922591727166492,0.5580208241444948,80.49965301873698,77.02984038861902,80.49965301873698,46.56488549618321,10.062456627342122,92.36641221374046
"Castillo, Luis",622491,2024,2755,107.57617681288727,0.21119699600244699,0.1916488166991352,2.253584504898015,2.11196996002447,0.08179980054076279,0.07665952667965407,2.369207240234118,0.5285041009910856,-0.15490680150128355,-0.48922003482590526,0.08599663303935093,0.0191834519416002,-0.00562275141565457,-0.01775753302453376,1.448855670612602,-0.3220634181635944,0.05259004249047556,-0.01169014222009417,0.34351426369419835,0.28920752588192816,0.09676778269543897,0.16476959085653703,0.3163608947880633,0.869231313224012,0.5927961040060377,80.43025676613463,94.5176960444136,80.43025676613463,94.30950728660652,96.94656488549617,40.388619014573216
"Peralta, Freddy",642547,2025,3362,107.52881144444578,0.2561180351760822,0.19045065078530796,2.733996358971297,2.561180351760822,0.0813205341752319,0.07618026031412319,0.07209940566758632,0.19957990718376095,3.687167538618553,-1.2248504924986037,0.00214453913347966,0.00593634465150984,0.10967184826349058,-0.03643219787324817,0.13583965642567364,1.2311585230599746,0.00404044189249475,0.0366198251951212,0.21135075523197208,0.2444403689803437,0.04567514424555748,0.17235915378933725,0.22789556210615788,0.8909828509825526,0.5594392065443552,80.36086051353227,96.59958362248439,80.36086051353227,49.75711311589174,33.37959750173491,70.99236641221374
"Hand, Brad",543272,2023,991,107.48008899407205,0.07500607695749191,0.18921815579589285,0.8010008835385065,0.7500607695749191,0.08082753617946585,0.07568726231835714,-0.17416601494915085,-0.8133078396886049,0.41881881638920504,1.3696559217870572,-0.01757477446510099,-0.08206940864668061,0.04226224181525782,0.1382094774759896,-0.49373692731887786,0.8942373690881311,-0.0498220915558908,0.09023585964562372,0.18798234225485583,0.1225872263705893,0.06237691101032529,0.05921033765988821,0.15528478431272258,0.9392063756648933,0.547245579988808,80.29146426092991,78.48716169326856,80.29146426092991,22.900763358778626,1.457321304649549,97.15475364330327
"Varland, Louis",686973,2025,1316,107.44143730488636,0.09908975352849854,0.18824041323802912,1.058543539297176,0.9908975352849854,0.08043643915632036,0.07529616529521165,-0.13409466963366867,0.654954475181512,1.2339797449965315,-0.696296011247199,-0.01018956456182892,0.04976857714145227,0.09376745782648416,-0.05291003124978716,0.26042990277392164,0.2688418668746664,0.01978950628981167,0.02042871328834851,0.21067030778146997,0.3094587933589946,0.05461335220122038,0.17693617985688898,0.2600645505702323,0.8842252339709453,0.5721448922705888,80.22206800832755,82.09576682859125,80.22206800832755,75.22553782095767,64.74670367800138,62.248438584316446
"Adams, Austin",613534,2024,824,107.4201293120644,0.06186638178739591,0.18770140105399247,0.661019674489495,0.6186638178739591,0.0802208342827057,0.07508056042159698,0.1933913158741234,-0.060036635057713283,0.01874044255137619,0.5089245511217086,0.02346981988763633,-0.00728599940020792,0.00227432555235147,0.06176268824292581,0.06667734040820505,0.2638324968365424,0.0080919102437142,0.03201850689763864,0.23710350339411437,0.1863960120472885,0.10490671636103296,0.1068455302144435,0.21174975772070143,0.8941238767122618,0.5529368172164816,80.1526717557252,74.67036780013879,80.1526717557252,35.25329632199861,19.153365718251216,73.76821651630812
"Pérez, Eury",691587,2023,1533,107.39544091507523,0.11471554118584906,0.18707687734156728,1.2259558101492871,1.1471554118584906,0.07997102479773563,0.07483075093662692,0.3852220434587253,0.7154155979696952,0.5479721878808164,-0.4226540191599497,0.02512863949502448,0.04666768414675115,0.03574508727206891,-0.02757038611610892,0.5503188207142102,0.06265908436043333,0.03589816182088781,0.00408735057797999,0.21237241072529628,0.31170649720270094,0.07010330139614589,0.15462688957483947,0.26203945396399864,0.8876349045145073,0.574837179239253,80.08327550312283,84.941013185288,80.08327550312283,79.25052047189452,66.41221374045801,67.10617626648161
"Almonte, Yency",622075,2023,784,107.32827492084115,0.058134487477891725,0.185377829967767,0.6216446218500096,0.5813448747789173,0.07929140584821551,0.0741511319871068,0.10126656990314586,-0.40625890958199307,-0.5287628943681284,1.4553998558969852,0.01291665432438085,-0.05181873846709095,-0.06744424673062863,0.18563773672155423,-0.1524961698394236,0.4633184807644284,-0.01945104207135505,0.0590967449954628,0.2674303680058182,0.18360205475823327,0.12425789652605644,0.03806417192549057,0.22551621138202574,0.9188389657742265,0.5721775885781262,80.01387925052047,74.04580152671755,80.01387925052047,75.36433032616239,31.020124913254683,90.77029840388619
"Junis, Jakob",596001,2024,941,107.30646611453592,0.0695685625151029,0.1848261490836953,0.7440556021840621,0.695685625151029,0.07907073349458683,0.07393045963347812,0.48639638176655353,-0.40964568379513366,-0.6797596147944205,1.3470645190070627,0.05168930730781653,-0.04353301634379741,-0.07223800369760047,0.1431524462281682,0.03837534898570993,0.3336524521063211,0.00407814548200955,0.03545722126528386,0.30347106924646156,0.16312769048781262,0.12340108080462509,0.06737138729143874,0.23329937986713709,0.9046137659519681,0.5689565729095526,79.94448299791812,77.09923664122137,79.94448299791812,69.88202637057599,37.612768910478835,82.58154059680777
"Littell, Zack",641793,2024,2553,107.2159934626087,0.18640732646495603,0.182537530811747,1.995304456323666,1.8640732646495604,0.07815528618580751,0.0730150123246988,1.4391973066260562,1.2612720266556607,-0.4952264344616424,-0.20993844249640856,0.05637278913537236,0.04940352630848652,-0.01939782351984498,-0.00822320573820636,1.3502346666408584,-0.3525824384790255,0.05288815772192943,-0.01381051462902567,0.2657634369466738,0.32125707059778125,0.10628571345337984,0.16265186980910767,0.2935102537722275,0.8655312083687563,0.579520731070492,79.87508674531576,92.50520471894518,79.87508674531576,84.59403192227619,89.31297709923665,35.32269257460097
"Suárez, Albert",544150,2024,2234,107.20355188650844,0.1628342991448068,0.182222805667868,1.7431767095052368,1.628342991448068,0.0780293961282559,0.0728891222671472,0.22250372997064005,0.8168453522166601,1.2434335754778658,-0.5396059481599291,0.00995988048212354,0.0365642503230376,0.05565951546454188,-0.02415425014144714,0.5196745410936501,0.35191381365896834,0.02326206540258058,0.01575263266154737,0.21664361358457151,0.2863963677243514,0.06950827588857916,0.1662919661208969,0.25151999065446146,0.882099878995262,0.5668099348248617,79.80569049271338,91.04788341429563,79.80569049271338,65.71825121443442,56.14156835530881,59.056210964607914
"Johnson, Pierce",572955,2025,968,107.18286738450911,0.07035407174602203,0.18169956545976765,0.7532985684357527,0.7035407174602203,0.07782010004501577,0.07267982618390706,0.23026360302014837,-0.9092930695005634,1.466867819248023,-0.03453978433185512,0.02378756229546987,-0.09393523445253754,0.15153593174049823,-0.00356815953841478,-0.33951473324020753,0.7161640174580839,-0.03507383607853383,0.07398388610104172,0.20170358610689795,0.14231182238116508,0.01502090130103385,0.12858002354136586,0.1720077042440315,0.9281995375788001,0.5501036209114158,79.73629424011104,77.23802914642609,79.73629424011104,29.215822345593338,4.094378903539209,94.93407356002776
"Armstrong, Shawn",542888,2023,818,107.16801584696815,0.059329172666769625,0.18132387734342795,0.6353391668515656,0.5932917266676963,0.07766982479847989,0.07252955093737118,0.7026408224519969,0.27184647293051967,-0.7327366881784201,0.3935885596474691,0.08589741105770134,0.03323306515043027,-0.08957661224675062,0.04811596083709891,0.4872436476912583,-0.1695740642654755,0.0595652381040658,-0.02073032570482585,0.3392308726356807,0.2768972321916132,0.1961813837536149,0.10288420920880866,0.308064052413647,0.8504672035187882,0.5792656279662176,79.66689798750868,74.25399028452463,79.66689798750868,84.10825815405968,95.07286606523247,18.11242192921582
"Thompson, Mason",666168,2023,875,107.13354590884478,0.06315817108316883,0.18045191738048239,0.6765591071163897,0.6315817108316883,0.07732104081330167,0.07218076695219296,0.02293895853836147,-0.1451309087710797,0.0172162714158901,0.7815347859332178,0.00262159526152702,-0.01658638957383768,0.00196757387610172,0.0893182612495106,-0.06109597511635911,0.3993755286745539,-0.00698239715615532,0.04564291756280616,0.2331657699492516,0.21927687696826775,0.07742432460973928,0.06465747261803621,0.22622132345875967,0.9289591013861123,0.5775902124224359,79.59750173490632,75.22553782095767,79.59750173490632,82.44274809160305,31.714087439278277,95.14226231783483
"Ray, Robbie",592662,2025,3069,107.11513408251227,0.2209510190148219,0.17998616733041858,2.367265194945645,2.209510190148219,0.07713474079327615,0.07199446693216743,0.6488355230973184,1.7952129142058766,1.9869818138505195,-2.0637650562080694,0.02114159410548447,0.05849504445115271,0.06474362378137893,-0.06724552154473996,1.2220242186515975,-0.03839162117877492,0.03981831927831859,-0.00125094888168051,0.24657720746102343,0.35364403178484766,0.06248226199605913,0.20175962412553808,0.30011061962293556,0.8678790569392014,0.5839948382810685,79.52810548230396,95.2116585704372,79.52810548230396,89.382373351839007,92.36641221374046,38.72310895211658
"Pérez, Cionel",672335,2024,875,107.10152816863891,0.06287469608497594,0.179641988814217,0.6737243571344607,0.6287469608497593,0.07699706938679551,0.0718567955256868,-0.3714644849592332,-0.4533861665540826,0.29391287061775984,1.2046621380300166,-0.04245308399534094,-0.05181556189189515,0.03359004235631541,0.13767567291771618,-0.4124253257566579,0.7492875043238882,-0.04713432294361805,0.08563285763701581,0.18231933948489587,0.17941396941055432,0.0682148026645906,0.06576542194424306,0.1808666544477251,0.9330098876955831,0.5569382710716542,79.4587092297016,75.08674531575295,79.4587092297016,43.78903539208883,5.829285218598196,96.11380985426787
"Cleavinger, Garrett",664076,2025,865,107.07549039620689,0.061928232516117974,0.17898333097143923,0.6637456940597701,0.6192823251611798,0.07673360624968441,0.0715933323885757,-0.13985894218399153,-0.06322370035104541,-0.18694974187567936,1.0537780784704864,-0.0161686638362996,-0.00730909830647923,-0.02161268692204385,0.1218240553145071,-0.10154132126751848,0.43341416829740353,-0.01173888107138941,0.05010568419623162,0.21640837375983335,0.1931942439451778,0.10543774265702238,0.06806855291663273,0.20480130885250558,0.9132468522131725,0.559024080532839,79.38931297709924,74.73976405274115,79.38931297709924,48.854961832061065,15.058986814712005,87.92505204718945
"Javier, Cristian",664299,2023,3052,107.04429914515796,0.21753961300890096,0.17819430947649162,2.3322772883300473,2.1753961300890094,0.07641799765170536,0.07127772379059664,-1.3453163120520912,-0.6376471214130106,3.1246048957036834,1.1906358260914658,-0.04407982673827298,-0.02089276282480375,0.10237892843065804,0.03901165878412405,-0.9914817167325508,2.1576203608975746,-0.03248629478153837,0.07069529360739103,0.1620576388215846,0.19774963575087695,0.01970010820500415,0.0703299044828505,0.17990363728623077,0.9549849936560727,0.5674443154711517,79.31991672449688,94.8646773074254,79.31991672449688,67.52255378209576,5.621096460791118,98.95905621096462
"Swanson, Erik",657024,2023,1084,107.02595643884698,0.07706386150689362,0.17773030790335248,0.8263591837233548,0.7706386150689363,0.0762323970224497,0.07109212316134099,0.5247763921775004,0.3476321667303637,0.33259535174784105,-0.3786447269323503,0.0484111062894373,0.03206938807475679,0.03068222802101854,-0.03493032536276294,0.436204279453932,-0.02302468759225462,0.04024024718209705,-0.00212404867087219,0.2552429056955268,0.32099429546245445,0.08754879021854546,0.21575380523071663,0.28811860057899064,0.848348702275369,0.5682336514271797,79.25052047189452,79.04233171408744,79.25052047189452,68.91047883414295,85.98195697432338,16.377515614156835
"García, Yimi",554340,2024,632,107.00177243414419,0.04477556777688915,0.17711854342123876,0.4802422085710986,0.4477556777688915,0.07598769122960422,0.07084741736849551,0.2895078133096831,-0.11226693092885398,-0.04294409849944713,0.3459454246897167,0.04580819830849416,-0.017763754893806,-0.00679495229421631,0.05473820010913238,0.08862044119041457,0.15150066309513477,0.01402222170734407,0.02397162390745803,0.26412648401071637,0.21501851899207364,0.10814924588746086,0.09710797680031108,0.239572501501395,0.897371388656114,0.5684719450787545,79.18112421929216,70.43719639139486,79.18112421929216,69.11866759195003,44.760582928521856,76.75225537820958
"Ohl, Pierson",701487,2025,544,106.94624923328612,0.03823536966153671,0.17571401498867975,0.4103167864197985,0.3823536966153671,0.07542587985658061,0.0702856059954719,0.04884394048440299,0.3860893567007224,0.31649737043767345,-0.34111388120300035,0.00897866553022113,0.07097230821704456,0.05817966368339586,-0.06270475757408095,0.2174666485925627,-0.01230825538266344,0.03997548687363285,-0.00226254694534254,0.20786869685912152,0.3594748470833445,0.06695405205709902,0.2434321328983113,0.283671771971233,0.8448069075222948,0.5642393397467639,79.1117279666898,68.00832755031229,79.1117279666898,60.51353226925747,83.13671061762665,13.462873004857737
"Karinchak, James",675916,2023,732,106.89889056804992,0.05109829025801701,0.1745160186407685,0.5486097072434859,0.5109829025801701,0.07494668131741611,0.0698064074563074,-0.3601300052478109,0.05803039641068608,1.0810759745327232,-0.2303666584521125,-0.049198088148608043,0.00792764978288061,0.1476879746629403,-0.03147085497979678,-0.15104980441856242,0.42535465804030537,-0.02063521918286371,0.05810855984157177,0.1359285277558615,0.397001126999214,0.00155184667334488,0.3550090406888212,0.26646482737753774,0.8217195563189169,0.5440921918482273,79.04233171408744,72.17210270645386,79.04233171408744,17.834836918806385,69.6738376127689,2.498265093684941
"Abbott, Cory",676265,2023,702,106.8699200260664,0.04879831490652413,0.17378317274403182,0.5240678715702245,0.4879831490652413,0.07465354295872144,0.06951326909761273,-0.337980256928347,-0.11051007477090025,1.1238667523922174,-0.15130854912274572,-0.04814533574477878,-0.01574217589329063,0.16009497897325034,-0.0215539243764595,-0.2242451658496236,0.48627910163473587,-0.0319437558190347,0.06927052729839542,0.16441721295691672,0.2382012299981184,0.02467426412622001,0.17803317130418783,0.20130922147751756,0.898646282284796,0.5499777518811568,78.97293546148508,71.61693268563496,78.97293546148508,28.938237335183903,13.462873004857737,78.20957668285912
"Chafin, Andrew",605177,2024,951,106.83418406098424,0.06576324275546237,0.17287918705431746,0.7065164319737676,0.6576324275546237,0.0742919486828357,0.06915167482172699,-0.0712232143230267,-0.4743358772611827,0.6623550864022434,0.5897204371557336,-0.00748929698454539,-0.04987758961736938,0.06964827406963653,0.06201056121511394,-0.2727795457921047,0.6260377617789885,-0.02868344330095738,0.06582941764237524,0.22320966439519016,0.37386528187444706,0.05249761930872873,0.06965424173440232,0.2985374731348186,0.9389240694784344,0.6187307713066266,78.90353920888272,75.71131158917417,78.90353920888272,99.44482997918112,91.39486467730742,96.94656488549617
"Brasier, Ryan",518489,2023,924,106.8220731556241,0.06378291672545663,0.17257282663814028,0.685325297731211,0.6378291672545664,0.07416940451636482,0.06902913065525611,0.47212962203047937,0.1961510804203499,0.24808774902567168,-0.23104315374528991,0.05109627944052807,0.02122847190696427,0.0268493234876268,-0.02500467031875432,0.33414035122541463,0.00852229764019085,0.03616237567374617,9.2232658443624e-4,0.26470017935319956,0.2727044951545758,0.0815968786178249,0.16942569364015975,0.2687023372538877,0.8744887138710077,0.5715955255624476,78.83414295628036,75.36433032616239,78.83414295628036,73.90700902151283,71.4087439278279,48.022206800832755
"Hurter, Brant",676428,2025,1060,106.8071110385272,0.07301040070033733,0.1721943412743805,0.7845909099311257,0.7301040070033733,0.0740180103708609,0.0688777365097522,0.7552451836164664,-0.433409178686361,-0.6836973960944306,1.1464523010954508,0.07124954562419494,-0.04088765836663782,-0.0644997543485312,0.10815587746183496,0.16091800246505272,0.23137745250051012,0.01518094362877856,0.02182806155665189,0.34047610939526496,0.1625173028156949,0.14956275498581167,0.08230651488825169,0.2514967061054799,0.8840653650629683,0.5677810355842241,78.764746703678,77.72380291464262,78.764746703678,68.00832755031229,56.002775850104094,61.970853573907014
"Soroka, Michael",647336,2025,1572,106.78034138032274,0.10784999616309827,0.17151716947057613,1.1593050667276117,1.0784999616309827,0.07374714164933917,0.06860686778823046,-0.9388603122627616,-0.4795185488123934,1.2503635454515916,1.327320382351175,-0.05972393843910696,-0.03050372447915988,0.07953966574119539,0.08443513882641063,-0.7091894305375774,1.2888419639013833,-0.04511383145913342,0.081987402283803,0.15590121820746247,0.18931866658108845,0.05410216207091618,0.0839181051591821,0.17260994239427546,0.9309898663849508,0.5517999043896131,78.69535045107564,83.96946564885496,78.69535045107564,33.03261623872311,4.233171408743928,95.90562109646079
"Jones, Jared",683003,2024,1885,106.77273593981397,0.12917888441578493,0.17132478039228774,1.3886830064397486,1.2917888441578493,0.0736701860180238,0.06852991215691509,-0.06934797192616315,0.6001195610047034,1.4034377813709398,-0.5455263640097314,-0.00367893750271422,0.03183658148566066,0.07445293269872359,-0.02894039066364622,0.26538579453927014,0.4289557086806042,0.014078821991473211,0.02275627101753868,0.2054016398777671,0.28456148953453175,0.05122345342243466,0.15568706304116248,0.24498156470614943,0.8965447417682014,0.5707631532371754,78.62595419847328,87.09229701596114,78.62595419847328,72.93546148507981,49.34073560027758,75.8501040943789
"Cease, Dylan",656302,2025,3112,106.76130721909695,0.21290521033779508,0.17103567668524672,2.289017425935654,2.129052103377951,0.0735545445352074,0.06841427067409869,-0.12872100341655823,1.138477020353548,2.338404323000418,-1.059142914001754,-0.00413627903009505,0.03658345181084666,0.07514152708870238,-0.03403415533424659,0.504878008468495,0.6396307044993321,0.0162235863903758,0.02055368587722789,0.19609316608025543,0.351692550020257,0.05299801727661116,0.24871380377197816,0.2738928580502562,0.8491440894757054,0.5615184737629808,78.55655794587092,94.65648854961832,78.55655794587092,54.892435808466345,75.57251908396947,16.932685634975712
"Bernardino, Brennan",657514,2024,858,106.75787436404343,0.05866964132049969,0.1709488383464443,0.6307999629333096,0.5866964132049969,0.07351980919968644,0.06837953533857773,-0.2946134126730158,-0.4045248146085214,-0.4677248644474332,1.79766305466228,-0.03433722758426758,-0.04714741429003746,-0.05451338746473581,0.2095178385387273,-0.3495691136407686,0.6649690951074234,-0.04074232093715252,0.07750222553699573,0.2085248487005411,0.13233963320159112,0.12616086948819397,0.04953681408194004,0.17043224095106613,0.912151158214933,0.5412916995829995,78.48716169326856,74.11519777931991,78.48716169326856,13.115891741845939,3.678001387925052,87.1616932685635
"Howard, Spencer",675921,2024,562,106.7550072046808,0.038412994484364346,0.1708763099838272,0.4130182839430745,0.3841299448436435,0.07349079785463959,0.06835052399353088,0.03934603624747979,0.05641271655076707,0.4529468680013906,-0.13568733685656298,0.00700107406538786,0.01003784992006531,0.08059552811412644,-0.02414365424494003,0.04787937639912343,0.15862976557241382,0.00851946199272659,0.02822593693459321,0.2100105767375091,0.27032554567499945,0.0566769640030015,0.16260206199676733,0.24016806120625428,0.8903604870001156,0.5652642741031849,78.41776544066622,68.21651630811935,78.41776544066622,62.87300485773768,45.385149201943094,70.22900763358778
"Bradford, Cody",674003,2024,1175,106.75116740102062,0.08026621336568804,0.17077917737380438,0.8630603515249078,0.8026621336568803,0.07345194481063046,0.06831167094952174,0.02380071150696494,0.3430551217775246,0.9505165555619896,-0.45431203732157144,0.00202559246867786,0.02919618057681061,0.0808950260052757,-0.03866485424013374,0.1834279166422448,0.2481022591202091,0.01561088652274423,0.02111508588257098,0.2070980465225336,0.2879965966991506,0.05648085857903995,0.1899068942669505,0.2475473216108421,0.8768061235770048,0.5621767225939235,78.34836918806386,79.4587092297016,78.34836918806386,55.86398334489937,51.42262317834837,51.21443442054129
"Holton, Tyler",663947,2025,1210,106.68154163194603,0.08180466695684535,0.16901790693563087,0.880243983287869,0.8180466695684535,0.07274743663536107,0.06760716277425236,0.3386439042632219,0.0947313202677833,-0.7161510139007987,1.1630197726576623,0.0279870995258861,0.00782903473287465,-0.05918603420667757,0.0961173365832779,0.2166876122655026,0.2234343793784319,0.01790806712938038,0.01846565118830016,0.25958543853664073,0.21092992739441435,0.116283546100244,0.0855318438136711,0.23525768296552754,0.8990923050430425,0.5671749940042851,78.27897293546148,79.59750173490632,78.27897293546148,66.82859125607217,40.388619014573216,78.69535045107564
"Helsley, Ryan",664854,2024,931,106.67929178532204,0.06292107426489305,0.1689609942666301,0.6770666922958526,0.6292107426489304,0.07272467156776076,0.06758439770665205,-0.13451868221136465,0.2977483345348446,0.9237141593226852,-0.40987711935031257,-0.01444883804633347,0.03198156117452681,0.09921741775753869,-0.04402546931797127,0.08161482616173998,0.2569185199861863,0.00876636156409666,0.0275959742197837,0.17494810282642465,0.3754113297871127,0.03656256934737356,0.24894517672579072,0.2751797163067687,0.8572461269634178,0.5662129216350933,78.20957668285912,75.15614156835531,78.20957668285912,64.67730742539904,76.82165163081194,25.12144344205413
"Woods Richardson, Simeon",680573,2024,2295,106.62929158101748,0.15394509039612878,0.16769617690210106,1.6574201890737328,1.5394509039612878,0.07221874462194913,0.06707847076084042,0.08616682540537113,0.6518740231645097,0.6646176935890935,0.25476164691475844,0.00375454576929721,0.02840409686991327,0.02895937662697575,0.01110072535576289,0.3690204242849404,0.459689670251926,0.01607932131960525,0.02003005099136932,0.21390882371232883,0.28220450832009636,0.08082260226506055,0.1352050590479454,0.2480566660162126,0.8919861693434971,0.5700214176798548,78.14018043025676,90.28452463566967,78.14018043025676,71.68632893823734,52.047189451769604,72.1027064538515
"Romero, JoJo",668941,2024,929,106.60366389655464,0.062074996943902186,0.16704789274462378,0.6685031136087218,0.6207499694390218,0.07195943095895822,0.06681915709784951,0.3894847135427426,-0.2473809899738626,-0.572247516225616,1.0986469062654578,0.04192515753958478,-0.02662873950203042,-0.061598225643231,0.11826123856463486,0.07105186178444,0.2631996950199209,0.00764820901877718,0.02833150646070193,0.29881618117181635,0.1883236444464687,0.14104172978713814,0.10071573530904232,0.24356991280914253,0.8791212674519098,0.5613455901305262,78.0707841776544,74.87855655794587,78.0707841776544,54.33726578764747,48.299791811242194,54.54545454545454
"Velasquez, Vince",592826,2023,635,106.59876815931985,0.04239870844125679,0.16692404898132593,0.45662782343060826,0.4239870844125679,0.07190989345363909,0.06676961959253037,-0.00706272552611153,0.27590461573890934,0.1814651731056074,0.00632076011220306,-0.00111224024033252,0.04344954578565502,0.02857719261505628,9.953952932603245e-4,0.1344209451063989,0.09389296660890524,0.02116865277266124,0.0147862939541583,0.20800662001476208,0.294165334657621,0.07464433839340814,0.1383647029260637,0.25108597733619153,0.8934954793402641,0.5722907283382278,78.00138792505204,69.53504510756419,78.00138792505204,75.78070784177655,55.447605829285216,73.14365024288688
"Estrada, Jeremiah",669093,2024,1098,106.58613958985134,0.07317273751245393,0.16660459360759095,0.7881675821195131,0.7317273751245393,0.0717821113041451,0.06664183744303638,0.24603621169626425,0.2358821690258992,0.5134379357659782,-0.2071887343686285,0.02240766955339383,0.02148289335390703,0.04676119633569928,-0.01886964793885505,0.2409591903610817,0.15312460069867484,0.02194528145365043,0.01394577419842211,0.2216207073818701,0.28691421971799985,0.06767780844147278,0.2020176983500586,0.25426746354993496,0.8651522466042343,0.5597098550770846,77.93199167244968,77.79319916724496,77.93199167244968,50.867453157529496,59.472588480222065,34.767522553782094
"Alzolay, Adbert",640470,2023,945,106.55346979639167,0.06266414846531573,0.16577817054316335,0.6752170726406348,0.6266414846531574,0.07145154207837405,0.06631126821726534,0.8263462542713569,0.3527997516666801,-0.4647816971073553,-0.0391472361900469,0.08744404807104306,0.03733330705467514,-0.04918324837114871,-0.00414256467619543,0.5895730029690185,-0.2519644666487011,0.0623886775628591,-0.02666290652367207,0.2799424955060721,0.265712950761329,0.12690568977590705,0.13029783651174437,0.2728277231337005,0.8713982368561743,0.5721129799949374,77.86259541984732,75.01734906315059,77.86259541984732,75.01734906315059,74.94795281054823,43.99722414989591
"Pepiot, Ryan",686752,2024,2285,106.53269298638475,0.1510408720943161,0.16525259528918615,1.6278639786694953,1.5104087209431611,0.07124131197678317,0.06610103811567446,0.4212215236618704,0.8889669859572678,0.600650807783083,-0.28297533873272585,0.01843420234844071,0.03890446328040559,0.02628668743033186,-0.012384041082395,0.6550942548095691,0.15883773452517858,0.02866933281442315,0.00695132317396842,0.2419460264760357,0.3069538935594461,0.08347084293815113,0.13880685670229254,0.2744499600177409,0.8888611501797782,0.5816555550987595,77.79319916724496,89.93754337265788,77.79319916724496,86.67591950034698,75.98889659958363,68.63289382373353
"Allen, Logan",671106,2023,2121,106.53141183366611,0.14017280659778095,0.165220186937507,1.5107532745719254,1.4017280659778095,0.07122834863611152,0.06608807477500281,0.7267972015203554,0.1676938490199973,1.296075099480959,-0.679812875449386,0.03426672331543401,0.00790635780386597,0.06110679394063926,-0.03205152642382772,0.4472455252701763,0.30813111201578636,0.02108654055964999,0.01452763375840577,0.23823239617187464,0.2556346734931068,0.06213861478887408,0.17079882597800247,0.24693353483249073,0.8835312796165617,0.5652324072245263,77.72380291464262,88.82720333102012,77.72380291464262,62.59541984732825,50.79805690492714,61.34628730048577
"DeSclafani, Anthony",543101,2023,1508,106.49435685726262,0.09909540620208869,0.16428283521566428,1.0684693918464063,0.9909540620208869,0.07085340794737442,0.06571313408626571,1.2427902177315673,0.2573029158611462,-1.237800170802302,0.806176429055995,0.08241314441190764,0.01706252757699908,-0.08208223944312348,0.05345997540159118,0.7500465667963567,-0.21581187087315357,0.04973783599445336,-0.01431113202076615,0.3023779267923744,0.23818215625688757,0.16674970874684775,0.10724732475132408,0.270280041524631,0.8630014832509141,0.5666407623877725,77.65440666204026,82.16516308119361,77.65440666204026,65.30187369882027,73.07425399028452,31.36710617626648
"Bradford, Cody",674003,2023,1080,106.48184820734387,0.07083349056984031,0.16396641335611184,0.7638498633983772,0.7083349056984031,0.07072683920355345,0.06558656534244474,0.43412567178756944,0.48635868650035263,-0.03146687734920306,-0.12516761754034178,0.04019682146181198,0.04503321171299561,-0.00291359975455583,-0.01158959421669831,0.46024217914396104,-0.07831724744477242,0.0426150165874038,-0.00725159698562707,0.26352661528817944,0.40310772257089544,0.10480209436900338,0.1620146910655593,0.33331716892953744,0.8665916072827187,0.599954388106128,77.5850104094379,77.44621790423317,77.5850104094379,96.59958362248439,99.16724496877168,36.710617626648165
"Harrison, Kyle",690986,2025,588,106.46740668926799,0.03847897805959989,0.16360109719217641,0.41501459089931814,0.3847897805959989,0.07058071273797928,0.06544043887687057,-0.2501605205213764,0.00146708492047764,0.28049859223506246,0.3832094342651544,-0.04254430621111843,2.495042381764704e-4,0.04770384221684735,0.06517167249407388,-0.12434671780044936,0.33185401325010844,-0.02114740098647098,0.05643775735546062,0.18737966352772656,0.1891859959051607,0.05253957972935952,0.08740560413451888,0.1882828297164436,0.9300274080680608,0.5591551188922522,77.51561415683554,68.28591256072171,77.51561415683554,49.20194309507286,8.119361554476058,95.48924358084663
"Chargois, JT",608638,2023,710,106.46691746837817,0.04645919697450439,0.1635887217412126,0.5010879141589157,0.46459196974504385,0.07057576255759376,0.06543548869648505,0.4560432284661146,-0.33704950224728236,-0.436246081384752,0.8183402693248354,0.06423144062903023,-0.04747176087989892,-0.06144311005419041,0.11525919286265286,0.05949686310941615,0.19104709397004171,0.00837983987456565,0.02690804140423122,0.2761318418399006,0.17930356659689528,0.11207182331358374,0.06348832325940072,0.22771770421839793,0.9122199267135078,0.5699688154659529,77.44621790423317,70.78417765440666,77.44621790423317,71.61693268563496,33.17140874392783,87.30048577376822
"Kirby, George",669923,2024,2965,106.45020485222032,0.19351482301688727,0.16316595532621186,2.087557350150746,1.9351482301688727,0.07040665599159346,0.06526638213048475,1.1517808284035596,0.5793202523636864,-0.1355083230694163,0.4919645924529163,0.03884589640484181,0.01953862571209735,-0.00457026384719785,0.01659239772185215,0.865550540383623,0.17822813469175003,0.02919226105846957,0.00601106693732715,0.24412984508149324,0.2713177120752699,0.09207779908251978,0.1342322827663189,0.2577237785783816,0.8868449590755807,0.5722843688269812,77.3768216516308,93.06037473976406,77.3768216516308,75.64191533657183,62.59541984732825,66.13462873004858
"Cease, Dylan",656302,2023,3260,106.44840211867611,0.21270894023211745,0.1631203529387404,2.2946623301933187,2.1270894023211744,0.07038841503660487,0.06524814117549615,-2.20177033783591,1.1588830226223763,3.7930644209553743,-0.45551477554852227,-0.06753896741827946,0.03554855897614651,0.11635166935445936,-0.01397284587572154,-0.5214436576067669,1.6687748227034265,-0.01599520422106647,0.0511894117393689,0.1503152313931967,0.3400227641833517,0.03749605635248432,0.22638727768297895,0.2451689977882742,0.8680583329822684,0.55661366538527135,77.30742539902845,94.58709229701596,77.30742539902845,42.74809160305343,49.54892435808466,39.00069396252602
"García, Luis",472610,2025,871,106.44753207073646,0.05682346304745047,0.1630983439938303,0.6130064158047617,0.5682346304745047,0.07037961145864083,0.06523933759753212,0.31464794288012854,0.12875478489604575,-0.3190167610671324,0.4886204490957198,0.03612490733411349,0.01478240928772052,-0.03662649380793713,0.05609878864474394,0.22170136388808712,0.08480184401429369,0.025453658310917,0.0097361474184034,0.23915145645589816,0.23733033921183383,0.0998932751730798,0.10014284314280587,0.23824089783386598,0.8999819408420572,0.5691114193379616,77.23802914642609,73.62942401110341,77.23802914642609,70.3678001387925,43.30326162387232,79.38931297709924
"Fairbanks, Pete",664126,2025,972,106.36831646401522,0.0626335364224744,0.16109448668331897,0.6762988261547207,0.626335364224744,0.0695780685344363,0.06443779467332758,-0.47760031056225216,0.05224787323822966,1.2035579766650244,-0.1019067131862812,-0.04913583441998478,0.00537529560064091,0.1238228371054552,-0.01048422975167502,-0.21267621866201125,0.5508256317393716,-0.02188026940967194,0.05666930367689008,0.14118248049657875,0.3058683651469779,0.03520642715689148,0.29123080358151093,0.22352542282177834,0.8367813846307988,0.5301534037262885,77.16863289382373,74.94795281054823,77.16863289382373,3.5392088827203327,29.285218598195694,7.633587786259542
"Stewart, Brock",592779,2025,610,106.33974724305865,0.03913071741908637,0.1603717927011737,0.4226628447436269,0.39130717419086375,0.06928899094157819,0.06414871708046947,0.3047241620515706,0.355662171044969,-0.22216121091742025,-0.01556227743549243,0.0499547806641919,0.05830527394179819,-0.03641987064220004,-0.00255119302221187,0.3301931665482698,-0.11886174417645634,0.05413002730299505,-0.01948553183220595,0.28157778120448945,0.29540497641990066,0.10791340046426404,0.13506104307805977,0.28849137881219505,0.8785127782288381,0.5835020785205166,77.09923664122137,68.56349757113117,77.09923664122137,88.82720333102012,86.39833448993754,53.71269951422624
"Gallen, Zac",668678,2023,3788,106.27108361791453,0.2403635412213753,0.15863486089055923,2.5983489860725513,2.403635412213753,0.0685942182173324,0.06345394435622369,-0.8047891394518274,1.2588856111365203,3.910742563359235,-1.7664900489713773,-0.02124575341741888,0.03323351666147096,0.10324029998308436,-0.04663384500980405,0.22704823584234649,1.0721262571939292,0.0059938816220260404,0.02830322748664015,0.19881934355231873,0.3364338984912553,0.05561397020420568,0.19123603972180953,0.267626621021787,0.8765749950369924,0.5721008080293897,77.02984038861902,95.97501734906315,77.02984038861902,74.94795281054823,70.3678001387925,50.65926439972242
"Kopech, Michael",656629,2024,1316,106.26228014951846,0.08338816429115485,0.1584121662066012,0.9015276469237392,0.8338816429115485,0.06850514034374919,0.06336486648264048,-0.16827459461546823,0.5391299820139466,0.9188923261788204,-0.3882200666535596,-0.01278682329904773,0.04096732386124214,0.06982464484641493,-0.02950000506486014,0.18542769369923917,0.26533612976263043,0.0140902502810972,0.02016231989077738,0.20218138167302635,0.29909090038885894,0.04057404429679805,0.0714115787430771,0.25063614103094267,0.9440071884800624,0.5973216647555025,76.96044413601666,79.80569049271338,76.96044413601666,95.69743233865371,54.753643303261626,97.84871616932685
"Herrin, Tim",682120,2024,1161,106.25307598864833,0.07345848340995208,0.15817933550807944,0.794263413626993,0.7345848340995208,0.06841200806434049,0.06327173420323177,0.6347235066369876,0.09710485327696006,0.06261906817945828,-1.840144664129184e-4,0.0546704140083538,0.00836389778440655,0.00539354592415661,-1.584965257647876e-5,0.36591417995697384,0.03121752685652268,0.03151715589638017,0.00268884813579006,0.2739439392094855,0.25833672120998913,0.09027256927969442,0.1237363396571325,0.2661403302097373,0.8929955455315866,0.579567937870662,76.8910478834143,78.00138792505204,76.8910478834143,84.7328244274809,69.25746009715475,72.72727272727273
"Ross, Joe",605452,2024,1181,106.23025409282485,0.07445119767971822,0.15760202726443315,0.8052186110968762,0.7445119767971823,0.06818108476688198,0.06304081090577326,1.3293477073189024,0.2347514595894609,-0.5705478607390262,-0.1883326950724609,0.1125611945231924,0.01987734628191878,-0.04831057245885065,-0.01594688357937856,0.7820495834541816,-0.37944027790574353,0.0662192704025556,-0.03212872801911461,0.33031822786076565,0.2677910971428255,0.10990914617428205,0.14171599518109226,0.2990546625017956,0.8741874293223129,0.5866210459120542,76.82165163081194,78.34836918806386,76.82165163081194,91.18667591950035,91.9500346981263,47.6058292852186
"Kinley, Tyler",641755,2024,1171,106.20768151309495,0.07355333247605725,0.15703102578150568,0.7957259316741556,0.7355333247605725,0.06795268417371099,0.06281241031260228,0.6052592044330822,0.659279158744539,-0.19644709446492925,-0.2723653370385364,0.05168737868770984,0.05630052593890171,-0.01677601148291454,-0.02325920896998603,0.6322691815888106,-0.2344062157517328,0.05399395231330577,-0.02001761022645028,0.23644603338904127,0.3516722862598193,0.11485050091804948,0.2402195381825798,0.29405915982443026,0.8224649804496853,0.5582620701370578,76.75225537820958,78.0707841776544,76.75225537820958,47.05065926439973,89.52116585704371,2.63705759888966
"Díaz, Edwin",621242,2025,1067,106.15043323122386,0.06640276434021117,0.1555828592788453,0.7188743655001417,0.6640276434021117,0.06737341757264684,0.06223314371153812,0.7843245361195841,-0.457424962272853,0.8290775536327146,-0.437102761979304,0.0735074541817792,-0.04287019327768069,0.07770173885967335,-0.04096558219112502,0.16344978692336554,0.19598739582670532,0.01531863045204925,0.01836807833427416,0.3128236708438586,0.19306922059279205,0.04012730043641779,0.15022503007954618,0.2529464457183253,0.904823834742018,0.5788851402301717,76.68285912560722,75.98889659958363,76.68285912560722,83.83067314365024,57.94587092297016,82.78972935461485
"Leclerc, José",600917,2023,1211,106.14575106964851,0.0753069641651936,0.15546441817752601,0.8153183581099626,0.753069641651936,0.06732604113211912,0.062185767271010405,0.7317838114031474,0.5493099918103326,-0.5021785801194483,0.03640313501593084,0.06042806039662654,0.04536003235428015,-0.04146809084388507,0.00300603922509751,0.64054690160674,-0.2328877225517587,0.05289404637545335,-0.01923102580939378,0.25645384109524705,0.3495407592184672,0.10812612946828068,0.11709614133461102,0.3029973001568571,0.8873888645985542,0.5951930823777056,76.61346287300486,78.55655794587092,76.61346287300486,95.28105482303955,93.54614850798056,66.68979875086745
"Fairbanks, Pete",664126,2024,718,106.12321628652761,0.04448566387012415,0.15489437280683896,0.48176380502400207,0.4448566387012415,0.0670980229838443,0.061957749122735585,-0.72064880742073,-0.12153164235314762,1.3848457175577096,-0.06090146275982988,-0.10036891468255292,-0.01692641258400384,0.1928754481278147,-0.00848209787741363,-0.4210902248869388,0.6619721273989398,-0.05864766363327838,0.09219667512520054,0.06850514500779932,0.3121447609363805,0.01939717063398881,0.27658827771390165,0.1903249529720899,0.8520072758260547,0.5211661143990723,76.54406662040249,70.29840388619014,76.54406662040249,0.7633587786259541,8.813324080499653,19.70853573907009
"Gaddis, Hunter",683769,2024,1244,106.10067573199274,0.07679171268506974,0.15432418144105653,0.8318621336828897,0.7679171268506974,0.06686994643753133,0.06172967257642261,0.4417949144794875,0.07683792206898943,-0.00256838668133241,0.31579768381574524,0.03551406064947649,0.0061766818383432,-2.064619518755959e-4,0.02538566590158723,0.25931641827423846,0.15661464856720642,0.02084537124390984,0.01258960197485582,0.2509530105149177,0.2480516324251744,0.094694962360534,0.12339106719785962,0.24950232147004603,0.8909569852208032,0.5702296533454246,76.47467036780013,78.97293546148508,76.47467036780013,72.24149895905622,53.85149201943095,70.92297015961138
"Suarez, José",660761,2023,612,106.09914406862768,0.037769074759962655,0.15428543611095855,0.4091492236296119,0.37769074759962656,0.06685444830549214,0.06171417444438342,0.19690832940932523,0.17494774764236354,0.02695420057841602,0.01033894599950713,0.03217456362897471,0.028586233274896,0.00440428114026405,0.00168937026135737,0.1859280385258444,0.01864657328896157,0.03038039845193535,0.00304682570081071,0.24776024033396735,0.2570479430323749,0.08939121821108206,0.1469439772510331,0.25240409168317113,0.8818324022689424,0.5671182469760567,76.40527411519777,67.66134628730049,76.40527411519777,66.68979875086745,57.25190839694656,58.778625954198475
"Abbott, Andrew",671096,2023,1889,106.08695873759976,0.11634516703452895,0.15397719300493506,1.2605514435816332,1.1634516703452895,0.06673115106308275,0.06159087720197403,-0.16608130362510565,0.6092823419994602,0.6167780313264188,0.2005723738808598,-0.0087920224258923,0.03225422668075491,0.03265103395057802,0.01061791285764212,0.22160051918717727,0.4086752026036393,0.0117311021274313,0.02163447340411007,0.22715982808165805,0.2483066928990149,0.0721149800277349,0.11911800000086048,0.2377332604903365,0.9043835099857023,0.5710583852380193,76.33587786259542,85.07980569049272,76.33587786259542,73.49063150589869,42.53990284524636,82.37335183900069
"Hernández, Jonathan",642546,2023,552,106.07371662855265,0.03392420159846677,0.15364221738436037,0.3676163276979878,0.3392420159846677,0.06659716081485287,0.06145688695374415,0.4180814757587541,-0.16383075833527982,-0.37746662230324546,0.490832232577759,0.07573939778238299,-0.02967948520566663,-0.06838163447522562,0.08891888271336214,0.12712535871173714,0.05668280513725676,0.02302995628835817,0.01026862411906825,0.30643174346821556,0.1883987455838796,0.13451976822650075,0.06541594258428407,0.24741524452604757,0.9000321445946076,0.5737236945603276,76.26648160999306,66.41221374045801,76.26648160999306,78.0707841776544,51.21443442054129,79.4587092297016
"Ramírez, Yohan",670990,2024,800,106.01627916900627,0.04870056492706575,0.1521892653970805,0.5281278401595273,0.48700564927065754,0.06601598001994091,0.06087570615883219,0.08015877008801908,-0.7254604645168001,-0.03231950844872244,1.2057490430370308,0.01001984626100238,-0.09068255806460002,-0.0040399385560903,0.15071863037962885,-0.3226508472143905,0.5867147672941542,-0.04033135590179881,0.07333934591176927,0.2318005893660718,0.11386043426835683,0.09993222261357404,0.05848542375768001,0.17283051181721432,0.920791176814373,0.5468108443157936,76.1970853573907,71.54753643303262,76.1970853573907,22.276197085357392,4.302567661346287,91.39486467730742
"Blanco, Ronel",669854,2024,2865,105.95133776165878,0.172526279506309,0.15054649171580192,1.8725316411838548,1.72526279506309,0.06535887054742949,0.06021859668632077,0.4433107023471621,1.5677476286555247,-0.3436772339031222,0.20515054408429023,0.01547332294405452,0.05472068511886648,-0.01199571497044056,0.00716057745494904,1.0055291655013434,-0.06926334490941599,0.0350970040314605,-0.00241756875774575,0.21963625308255563,0.3386026306301543,0.10101878836041658,0.13601341681702633,0.27911944185635496,0.8814838974112785,0.5803016696338168,76.12768910478835,91.46426092990978,76.12768910478835,85.84316446911868,79.66689798750868,58.36224843858432
"Woo, Bryan",693433,2024,1711,105.92971254028805,0.1026596268931907,0.14999945484101504,1.1145463546954772,1.026596268931907,0.06514005579751474,0.05999978193640602,1.5522661302749157,0.42294510564533994,-0.48099488354753817,-0.3796699976772402,0.09072274285651172,0.0247191762504582,-0.02811191604602795,-0.02218994726342724,0.9876056179601278,-0.4303324406123892,0.05772095955348497,-0.0251509316547276,0.29907276585773185,0.27775478787351054,0.10604007473244112,0.18036046313638168,0.2884137768656212,0.8567997310655886,0.5726067539656049,76.05829285218599,82.85912560721721,76.05829285218599,76.33587786259542,86.25954198473282,24.427480916030532
"Rodón, Carlos",607074,2024,3497,105.89782604515204,0.2086909533793329,0.14919284628205098,2.266664910716301,2.086909533793329,0.06481741237392911,0.059677138512820395,-0.7593860669071546,1.684839450444997,1.843770508605644,-0.5025589814271854,-0.02171535793271817,0.04817956678424355,0.05272434968846565,-0.01437114616606191,0.46272669176892117,0.6706057635892293,0.01323210442576268,0.01917660176120186,0.18299442756334705,0.3110856957793166,0.05849580462466468,0.11985870361668836,0.24704006167133183,0.9108227458793234,0.5789314037753276,75.98889659958363,94.24011103400416,75.98889659958363,83.9000693962526,50.936849410131856,86.19014573213046
"Paddack, Chris",663978,2025,2565,105.89174389442063,0.15291400447209558,0.14903899071354343,1.6609880692583945,1.5291400447209558,0.06475587014652609,0.05961559628541737,0.4009464612503848,0.8963033491190799,1.5175028841540552,-1.1537646252651257,0.01563144098442045,0.03494360035551968,0.05916190581497291,-0.04498107700838696,0.6486249051847324,0.18186912944446476,0.02528752066997007,0.00709041440329297,0.22429028566130887,0.32556696364621845,0.07194170947874998,0.18763546978541756,0.27492862465376366,0.8702114103679162,0.5725700175108399,75.91950034698127,90.21512838306731,75.91950034698127,76.1970853573907,76.47467036780013,41.91533657182512
"Cabrera, Génesis",650893,2023,931,105.88477580636999,0.05543647851386675,0.1488627242585036,0.6022207347855897,0.5543647851386675,0.06468536356451017,0.05954508970340145,0.3668212820325607,0.2767757343112862,-0.03541714747103697,-0.00595913408722026,0.03940078217320738,0.02972886512473536,-0.00380420488410708,-6.400788493254848e-4,0.32179850817192346,-0.02068814077912861,0.03456482364897137,-0.00222214186671628,0.2319771495640416,0.3038626473071727,0.09166695372742134,0.12776271774232534,0.26791989843560715,0.8902851642651266,0.5791025313503668,75.8501040943789,73.35183900069396,75.8501040943789,84.03886190145732,70.7147814018043,70.15961138098544
"Sale, Chris",519242,2024,2813,105.84858919950751,0.1664703458702442,0.1479473390243905,1.8092993624154303,1.664703458702442,0.06431920947086492,0.0591789356097562,0.18985382277037388,-1.8230868609630304,1.8102171072544024,1.6323152933536846,0.0067491582925835,-0.06480934450632884,0.06435183459845013,0.05802756108616013,-0.8166165190963284,1.7212662003040435,-0.02903009310687267,0.06118969784230514,0.2074946924965213,0.14847819682693195,0.04870162691849739,0.09507338676211433,0.17798644466172664,0.9281124931596941,0.5530494689107104,75.78070784177655,91.18667591950035,75.78070784177655,35.66967383761277,5.343511450381679,94.79528105482305
"Hernández, Carlos",672578,2024,560,105.84485522967746,0.03311904592925606,0.14785288361275026,0.35997599291476945,0.33119045929256063,0.06428142730620882,0.059141153445100104,-0.18388654437239893,0.21572794488474756,0.4053368614918327,-0.07720226908941186,-0.03283688292364267,0.03852284730084777,0.07238158240925584,-0.01378611948025211,0.01592070025617431,0.1640672962012104,0.00284298218860255,0.02929773146450185,0.19930847598450388,0.31819773493742337,0.05094611161844808,0.13897332246865426,0.25875310546096364,0.9050402829564488,0.5818966942087063,75.71131158917417,65.85704371963914,75.71131158917417,86.95350451075642,63.358778625954194,82.92852185981957
"Hurter, Brant",676428,2024,797,105.8431042085578,0.04712137828649663,0.14780858935538466,0.5121817655380028,0.4712137828649663,0.06426370960326258,0.05912343574215386,0.4855856926900515,-0.2031593380879713,-0.4339399293899078,0.6636953403258303,0.06092668666123607,-0.02549050666097506,-0.05444666617188302,0.08327419577488461,0.1412131773010401,0.11487770546796128,0.0177180900001305,0.01441376480150078,0.3474527275233939,0.17170395366999877,0.14607354840329403,0.095262757872492,0.2595783405966963,0.879331846862107,0.5694550937294016,75.64191533657183,71.13115891741846,75.64191533657183,70.78417765440666,64.46911866759196,54.892435808466345
"Verlander, Justin",434378,2024,1580,105.79890782264222,0.0927084508554106,0.1466905867965357,1.0083008355596237,0.927084508554106,0.063816508579723,0.05867623471861428,-0.6424850089190954,0.20994721379338444,1.976774825866869,-0.5359361951815345,-0.04066360815943642,0.01328779834135344,0.12511233075106765,-0.03392001235326167,-0.2162688975628555,0.7204193153426672,-0.01368790490904148,0.04559615919890299,0.13800470495491818,0.29774194214374744,0.04065342335079875,0.1378530655671993,0.2178733235493328,0.9107467555410009,0.5643100395451669,75.57251908396947,81.26301179736294,75.57251908396947,60.92990978487162,24.149895905621097,86.05135322692574
"Kirby, George",669923,2025,2385,105.7440495968805,0.1386189472683533,0.14530287973621941,1.508785004270976,1.386189472683533,0.06326142575559648,0.058121151894487764,1.8792438991794145,-1.0105558571976871,-0.10643646497209149,0.7465334272613404,0.07879429346664212,-0.04237131476719862,-0.00446274486256148,0.03130119191871448,0.4343440209908635,0.3200484811446245,0.01821148934972174,0.01341922352807649,0.29109579311305456,0.18739338700024957,0.08903364266198918,0.11704456047195153,0.23924459005665205,0.8969608984330296,0.5681027442448409,75.50312283136711,88.41082581540597,75.50312283136711,68.4941013185288,44.344205412907705,76.40527411519777
"Cosgrove, Tom",676680,2023,834,105.74385511974728,0.04847139952112513,0.14529796019521918,0.527583879212898,0.48471399521125125,0.06325945793919639,0.05811918407808767,-0.15460922153829415,-0.3961517452517001,-0.3105240317222524,1.3888688777251446,-0.01853827596382424,-0.04750020926279377,-0.03723309732880724,0.16653104049462164,-0.2753804833949971,0.5391724230014461,-0.033019242613309,0.0646489715829072,0.17334914526775014,0.12201128635757968,0.12729763112903628,0.04658668595495419,0.1476802158126649,0.9130578414580047,0.5303690286353349,75.43372657876475,71.47814018043026,75.43372657876475,3.608605135322693,1.179736294240111,87.8556557945871
"Crochet, Garrett",676979,2024,2365,105.73027869351706,0.13712698311492716,0.14495452760563124,1.4928373079644928,1.3712698311492717,0.06312208490336121,0.057981811042252494,0.9449347316460148,0.37511015999007213,-0.18745975892946376,0.36025217525786957,0.03995495694063487,0.01586089471416795,-0.00792641686805343,0.01523265011661182,0.6600224458180435,0.0863962081642029,0.02790792582740141,0.00365311662427919,0.2743186469321433,0.26149905846421895,0.09507030361012268,0.12940577307947662,0.2679088526981811,0.8877619616552004,0.5778354071766907,75.36433032616239,88.20263705759889,75.36433032616239,82.78972935461485,70.57598889659958,67.31436502428869
"Leasure, Jordan",673929,2024,587,105.72989200207176,0.03403302630550607,0.14494474576450622,0.37050367061976885,0.3403302630550607,0.06311817216691121,0.05797789830580249,-0.20449171099357957,-0.11336317730592782,0.8126960633326235,-0.12433750441334725,-0.03483674803979209,-0.01931229596353114,0.1384490738215713,-0.02118185765133683,-0.15892744414975368,0.3441792794596381,-0.02707452200166161,0.05863360808511722,0.1902460137453132,0.2887059018869147,0.02292121892129906,0.13511425065216776,0.23947595781611394,0.9209822652132666,0.5802291115146903,75.29493407356003,66.48160999306037,75.29493407356003,85.70437196391396,44.552394170714784,91.53365718251214
"Fitts, Richard",690916,2025,735,105.71445419862124,0.04249894283287735,0.14455422732271206,0.46277044120792254,0.42498942832877346,0.06296196479019354,0.057821690929084825,0.13989476675192236,0.2021850787268704,0.18472218127544693,-0.06403158554631716,0.019033301598901,0.02750817397644495,0.02513226956128529,-0.0087117803464377,0.1710399227393964,0.06034529786456488,0.02327073778767298,0.00821024460742379,0.2231722252735532,0.38601800393114694,0.074818641793191,0.16087071952635068,0.30459511460235006,0.8821553193402292,0.5933752169712896,75.22553782095767,69.60444136016655,75.22553782095767,94.58709229701596,94.10131852879945,59.19500346981263
"Blanco, Ronel",669854,2023,905,105.70884940377931,0.05227730583761142,0.14441244706522494,0.5692925368191482,0.5227730583761142,0.0629052526871987,0.057764978826089976,0.17863255999009198,0.42780876354026987,-0.21700298449695765,0.17985419778574396,0.01973840441879469,0.04727168657903535,-0.02397823033115554,0.01987339202052419,0.3032206617651809,-0.01857439335560684,0.03350504549891502,-0.00205241915531567,0.21798287624604623,0.3546450715378944,0.10970338346634172,0.12374860048259805,0.28631397389197033,0.8832740080255301,0.5847939909587503,75.15614156835531,72.51908396946564,75.15614156835531,89.86814712005553,84.66342817487855,60.99930603747398
"Dubin, Shawn",681869,2025,551,105.6112940393049,0.03128460367429033,0.14194466276901235,0.34116894571761236,0.31284603674290334,0.06191813896871367,0.05677786510760495,-0.18922078754462743,0.19316075093775,0.0753045953191247,0.26192438700536513,-0.03434134075220099,0.03505639762935571,0.01366689570220049,0.04753618638935846,0.00196998169656126,0.16861449116224492,3.575284385773616e-4,0.03060154104577948,0.18564589935628464,0.22116534766124324,0.09186220013452127,0.10852879828586956,0.20340562350876396,0.8998045007898046,0.5516050621492843,75.08674531575295,64.8854961832061,75.08674531575295,32.61623872310896,14.36502428868841,79.31991672449688
"Crochet, Garrett",676979,2025,3247,105.6016741473443,0.18404166874728042,0.1417013156354176,2.0073213797430043,1.8404166874728043,0.06182080011527576,0.056680526254167043,1.8941345007283417,0.2532501073455933,-0.2824751224668205,0.14241189413588984,0.05833490916933605,0.00779951054344297,-0.00869957260446013,0.00438595300695687,1.0736923040369677,-0.07003161416546533,0.03306720985638951,-0.00215680979875162,0.2875365549439429,0.22930967590553208,0.10283351383958857,0.1353622555200294,0.2584231154247375,0.880902115320191,0.5696626153724642,75.01734906315059,92.43580846634282,75.01734906315059,71.20055517002082,63.15058986814712,57.46009715475364
"Wilson, Steven",621051,2023,938,105.54960557261785,0.05267214293581486,0.14038417626816327,0.5749371981753484,0.5267214293581486,0.06129394436837403,0.05615367050726531,-0.5218102077005824,-0.2468150033555503,0.4858275017202231,0.8577349075112579,-0.05563008610880409,-0.02631290014451496,0.05179397672923488,0.0914429538924582,-0.38431260552806634,0.6717812046157405,-0.04097149312665952,0.07161846531084654,0.15101444054126142,0.1980521610423045,0.07381926433134577,0.05137624618297966,0.17453330079178297,0.9374022447428373,0.5559677727673101,74.94795281054823,72.72727272727273,74.94795281054823,41.63775156141568,4.441360166551006,96.80777238029147
"Leahy, Kyle",681517,2024,695,105.54792050509867,0.039014951008187394,0.14034155038916327,0.4258744134165795,0.39014951008187393,0.06127689401677403,0.05613662015566531,0.11917699764120472,0.29807854045566273,0.02872356090472294,-0.02010468558501088,0.01714776944477765,0.04288899862671406,0.00413288646111121,-0.0028927605158289,0.20862776904843372,0.00430943765985603,0.03001838403574585,6.200629726411554e-4,0.22269750958036405,0.2894255442794455,0.08802304174408522,0.14508562882005335,0.2560615269299048,0.8834456647179307,0.5697535958239177,74.87855655794587,68.4941013185288,74.87855655794587,71.33934767522554,60.92990978487162,61.27689104788342
"Brasier, Ryan",518489,2024,533,105.49133495739342,0.029615643675469733,0.13891014857162162,0.3235540964344068,0.2961564367546973,0.06070433328975737,0.05556405942864865,0.2946315727754154,-0.05739928072034672,0.2628811791263388,-0.17655937474700067,0.0552779686257815,-0.01076909581995248,0.04932104674040127,-0.03312558625647292,0.11861614602753434,0.04316090218966906,0.02225443640291451,0.00809773024196417,0.27693505912239813,0.25946461688027594,0.06601415417744426,0.1774835026959286,0.26819983800133707,0.8782511715633136,0.5732255047823254,74.80916030534351,64.12213740458014,74.80916030534351,76.8910478834143,71.0617626648161,52.94934073560028
"Soriano, George",666277,2024,519,105.48202243724411,0.02878884214167498,0.13867457679034195,0.31456644275590406,0.2878884214167498,0.06061010457724549,0.05546983071613677,0.25554169512088265,-0.20753677769562273,0.05854662280421507,0.20801490252642907,0.04923732083254,-0.03998781843846295,0.01128065949984876,0.04007994268331967,0.02400245871262996,0.13328076266532207,0.00462475119703852,0.02568030109158421,0.27617598998813614,0.19827455654981563,0.07878474385334702,0.1127053831373541,0.23722527326897588,0.9042549365046495,0.5707401048868127,74.73976405274115,63.91394864677308,74.73976405274115,72.7966689798751,41.568355308813324,82.23455933379597
"Rodón, Carlos",607074,2023,1127,105.43124597941772,0.06193546750582044,0.13739012312737453,0.6772855614728996,0.6193546750582044,0.06009632311205853,0.05495604925094981,-0.6612884037073172,-0.05238847229611565,1.1586061777773011,0.2323562596990314,-0.05867687699266346,-0.00464848911234389,0.102804452331615,0.02061723688545087,-0.35683843800171644,0.6954812187381663,-0.03166268305250368,0.06171084460853294,0.16937488342597215,0.3333094376368131,0.03303137642412264,0.08834618656374271,0.25134216053139263,0.9393112185060674,0.59532668951873,74.67036780013879,74.80916030534351,74.67036780013879,95.35045107564191,55.72519083969466,97.29354614850799
"Abreu, Albert",656061,2023,1044,105.42949337880106,0.05735560145076514,0.13734578891466745,0.6272204736176263,0.5735560145076514,0.0600785894269757,0.05493831556586698,0.564095999433448,0.3852298988226721,-0.5810959531522712,0.25899052851377746,0.05403218385377855,0.03689941559604139,-0.05566053191113709,0.02480752188829286,0.47466294912806006,-0.1610527123192469,0.04546579972490997,-0.01542650501142211,0.2644608515290398,0.29512360945051075,0.11505784065049356,0.10975902214257914,0.2797922304897753,0.8875915686034637,0.5836918995466195,74.60097154753643,73.83761276891047,74.60097154753643,89.17418459403193,80.22206800832755,66.96738376127689
"Keller, Brad",641745,2025,1204,105.41850103963264,0.06601181588886315,0.1370677240217258,0.7220070561763805,0.6601181588886316,0.05996736346979904,0.05482708960869032,0.26104861209432784,0.4602311982107494,-0.2852662922050513,0.2859935380763545,0.02168177841315015,0.03822518257564364,-0.02369321363829329,0.02375361611929855,0.36063990515253863,3.636229356516196e-4,0.02995348049439689,3.0201240502626214e-5,0.2323318035161551,0.3033796888177555,0.10612342792328766,0.1245767373472406,0.2678557461669553,0.8846499173647359,0.5762528317658455,74.53157529493407,75.78070784177655,74.53157529493407,80.77723802914643,70.50659264399722,63.0117973629424
"Machado, Andrés",600921,2023,768,105.41329578693743,0.04206675476884729,0.13693605067984144,0.4601448509417878,0.42066754768847286,0.05991469413304529,0.05477442027193657,0.9475284361126342,0.3731967984804214,-0.4960269614725803,-0.3645534221786874,0.1233760984521659,0.04859333313547154,-0.06458684394174222,-0.04746789351284992,0.6603626172965278,-0.4302901918256339,0.08598471579381872,-0.05602736872729608,0.3260918509835937,0.3015723113586755,0.13238990315459878,0.1864156621918349,0.3138320811711346,0.8405972173267832,0.5772146492489589,74.46217904233171,69.39625260235948,74.46217904233171,82.02637057598889,96.66897987508675,9.854267869535045
"Sale, Chris",519242,2023,1668,105.41165834767384,0.09133609688033742,0.13689462961681265,0.9991007368066676,0.9133609688033741,0.05989812570783378,0.05475785184672506,-0.2494777641732071,-1.1883151615302268,1.3510474998614654,1.085846162648636,-0.01495670049000042,-0.07124191615888649,0.08099805155044756,0.06509869080627315,-0.7188964628517169,1.2184468312550507,-0.04309930832444346,0.07304837117836036,0.19262921704768116,0.14556542921422466,0.04249679098055783,0.09682541203324443,0.1690973231309529,0.9303388984930989,0.5497181108120259,74.39278278972935,80.84663428174879,74.39278278972935,28.383067314365025,3.1228313671061763,95.69743233865371
"Cueto, Johnny",456501,2023,860,105.3744078487902,0.046767602177252975,0.1359523319106191,0.5118823769780647,0.46767602177252976,0.05952120662535636,0.05438093276424764,0.6540106999900672,0.30344705517109105,-0.12717443165547593,-0.31840094652761763,0.07604775581279852,0.03528454129896408,-0.01478772461110185,-0.03702336587530437,0.47872887758057914,-0.2227876890915468,0.0556661485558813,-0.02590554524320311,0.3939409274373661,0.2951310121745791,0.11037629403601908,0.18753897248698576,0.34453596980597256,0.8510423667384976,0.5977891682722352,74.32338653712699,70.92297015961138,74.32338653712699,95.97501734906315,99.51422623178348,18.598195697432338
"Steele, Justin",657006,2024,2046,105.37356309064194,0.11124589987567764,0.13593096270244087,1.2176290019550606,1.1124589987567763,0.05951265894208507,0.05437238508097635,0.11292105660777452,-0.188370912897426,1.2515034580007978,0.04157540024391437,0.00551911322618643,-0.00920678948667771,0.0611683019550732,0.00203203324750314,-0.03772492814482575,0.6465394291223561,-0.00184383813024563,0.03160016760128817,0.2365117713560844,0.26214784614235426,0.06271196413187546,0.1429583945832393,0.24932980874921934,0.8971648206424426,0.573247314695831,74.25399028452463,84.45523941707148,74.25399028452463,76.96044413601666,53.43511450381679,76.54406662040249
"Graveman, Kendall",608665,2023,1101,105.3713929026995,0.05983981906954657,0.1358760650988796,0.6549926059062727,0.5983981906954657,0.05949069990066056,0.05435042603955184,0.03454969994436396,0.5677120593836662,-0.22446969357861235,0.2772005401568549,0.0031380290594336,0.05156331147898876,-0.02038780141495116,0.02517716077718936,0.3011308796640151,0.02636542328912128,0.02735067026921117,0.00239467968111909,0.24773679568159032,0.28497375333087055,0.10062903312549244,0.11654456720374903,0.2663552745062304,0.8914131998353793,0.5788842371708048,74.18459403192227,74.39278278972935,74.18459403192227,83.76127689104788,69.46564885496184,71.33934767522554
"Robertson, David",502085,2024,1230,105.36111038654731,0.06672305038255423,0.13561595606210208,0.7304558723171795,0.6672305038255423,0.05938665628594955,0.05424638242484083,-1.0802388108522225,0.1830950661337738,2.190794157141397,-0.5631945401057692,-0.08782429356522133,0.01488577773445315,0.17811334610905669,-0.04578817399233895,-0.44857187235922424,0.813799808517814,-0.03646925791538408,0.06616258605835885,0.136276258749253,0.3104732545397287,0.02880270254991892,0.24203932183122373,0.22337475664449086,0.8645789878094287,0.5439768722269598,74.11519777931991,76.1970853573907,74.11519777931991,17.557251908396946,29.14642609299098,33.24080499653019
"Fluharty, Mason",689254,2025,997,105.3540887928103,0.05401280844233034,0.13543833611416836,0.5913766148185573,0.5401280844233034,0.05931560830677606,0.05417533444566734,0.3520007709938682,-0.26888880916339986,1.0530860826702906,-0.5448214296822016,0.03530599508464074,-0.02696979028720159,0.10562548472119264,-0.054646081211855727,0.04155598091523416,0.2541323264940445,0.00416810239871957,0.02548970175466845,0.289072021629877,0.21701323336919648,0.03928720212143708,0.17356763298396857,0.25304262749953677,0.8935725824472972,0.5733076049734169,74.04580152671755,73.00485773768216,74.04580152671755,77.09923664122137,58.08466342817488,73.2824427480916
"Bergert, Ryan",686701,2025,1312,105.33222554858268,0.0707877939758139,0.13488527815513324,0.7753183328158855,0.7078779397581391,0.05909438512316201,0.05395411126205329,0.19410425611818027,0.4324907089048793,-0.03213388919812132,0.18085725699094723,0.01479453171632471,0.03296423086165238,-0.0024492293596129,0.0137848519047978,0.3132974825115298,0.07436168389641296,0.02387938128898855,0.00566781127259245,0.21600376917142064,0.28004824630809305,0.08540503332930963,0.1100454599050396,0.24802600773975686,0.9022747533828254,0.5751503805612911,73.9764052741152,77.30742539902845,73.9764052741152,79.66689798750868,51.908396946564885,81.12421929215823
"Lodolo, Nick",666157,2023,638,105.31624429071361,0.03431955435371145,0.13448101235780346,0.3759904907709881,0.3431955435371145,0.05893267880423011,0.05379240494312139,0.09879554944427582,-0.3623019484693941,0.09702486542039424,0.5424720243757122,0.01548519583766078,-0.05678713925852572,0.0152076591568016,0.08502696306829344,-0.13175319951255915,0.3197484448980532,-0.02065097171043247,0.05011731111254753,0.23778401460944168,0.15346120887987844,0.07438760679647524,0.08770107140033588,0.19562261174466006,0.9189556609015944,0.5572891363231273,73.90700902151283,66.55100624566273,73.90700902151283,44.829979181124216,11.103400416377514,90.9090909090909
"Pfaadt, Brandon",694297,2024,2861,105.27855104076139,0.15280888783707605,0.13352751471257954,1.6751521135370808,1.5280888783707605,0.05855127974614053,0.05341100588503181,2.199650614329471,-0.2531985285763767,-1.601045930352143,1.3297459581361295,0.07688397813105456,-0.00885000099882477,-0.05596106013114795,0.0464783627450587,0.9732260428765472,-0.13564998610800671,0.03401698856611489,-0.00474134869304462,0.30282789931662807,0.2300114002248793,0.13633634926796495,0.11218155031184972,0.26641964977075366,0.8757410502100926,0.5710803499904231,73.83761276891047,90.14573213046495,73.83761276891047,73.62942401110341,69.53504510756419,49.47952810548231
"Hoffman, Jeff",656546,2023,972,105.27260220440768,0.051856989846068326,0.13337703149708927,0.5685333603906599,0.5185698984606832,0.05849108645994443,0.05335081259883571,-0.1441244712821117,0.30077769552917744,-0.11147098596134696,0.5233511221049412,-0.01482762050227486,0.03094420735896887,-0.01146820843223734,0.05384270803548777,0.07832661212353287,0.2059400680717971,0.008058293428347,0.02118724980162521,0.1931250028952912,0.2688291615513393,0.08321759778490369,0.09449300935742884,0.23097708222331526,0.9111446964288338,0.5710608893260745,73.76821651630812,72.38029146426092,73.76821651630812,73.56002775850105,36.08605135322693,86.60652324774463
"Ragans, Cole",666142,2025,1079,105.2628628929241,0.057459194365785095,0.13313066349811187,0.630055498619214,0.5745919436578509,0.05839253926035347,0.05325226539924475,-0.07620880167132782,0.2509733959395817,0.6934925701641248,-0.2382016658131647,-0.00706291025684224,0.02325981426687504,0.06427178592809313,-0.02207615067777245,0.08738229713412693,0.22764545217548005,0.00809845200501639,0.02109781762516033,0.19720407693659717,0.23446876736480457,0.05206011432315603,0.1503024747334521,0.21583642215070087,0.898818705471696,0.5573275638111984,73.69882026370576,73.90700902151283,73.69882026370576,44.96877168632894,22.276197085357392,78.34836918806386
"Eisert, Brandon",685126,2025,1216,105.25376114337529,0.064642765952147,0.13290042342135483,0.708933389672552,0.6464276595214701,0.05830044322965065,0.05316016936854193,0.9136344566959452,0.5224810199060812,0.22050144295087648,-0.9476835298803508,0.07513441255723233,0.04296718913701326,0.01813334234793392,-0.07793450081252885,0.7180577383010132,-0.36359104346473714,0.05905080084712279,-0.02990057923229746,0.30195284662701416,0.3007118438909937,0.08496577009266304,0.18324820696680397,0.30133234525900393,0.8658930114702665,0.5836126783646353,73.62942401110341,75.57251908396947,73.62942401110341,89.10478834142957,92.9909784871617,35.87786259541985
"Jobe, Jackson",695549,2025,877,105.24685863699287,0.046560216230416146,0.13272581593619198,0.5106823640660849,0.46560216230416146,0.05823060023558551,0.05309032637447679,0.360149834132244,0.171838721849781,-0.07215752395734398,0.05085133204140391,0.04106611563651585,0.01959392495436499,-0.00822776784006202,0.00579832748476669,0.2659942779910125,-0.01065309595797003,0.03033002029544042,-0.00121472017764766,0.2304755916239569,0.25450592450618476,0.0963993579980731,0.12027425048669202,0.2424907580650708,0.8916631957576174,0.5670769769113442,73.56002775850105,70.85357390700902,73.56002775850105,66.41221374045801,47.397640527411525,71.61693268563496
"Bubic, Kris",663460,2024,544,105.22659178429494,0.028769579413424996,0.13221314068669573,0.31565888393868136,0.28769579413424995,0.05802553013578701,0.05288525627467829,-0.3217497627360899,0.04886447073204181,0.32497631965452456,0.2635678562882049,-0.05914517697354594,0.0089824394728018,0.05973829405414054,0.0484499735823906,-0.13644264600202405,0.2942720879713647,-0.02508136875037207,0.05409413381826557,0.16086350970467514,0.25152496358459087,0.06159450872110009,0.09888991858076196,0.206194236644633,0.919757786349069,0.562976011496851,73.49063150589869,63.84455239417072,73.49063150589869,57.66828591256073,15.82234559333796,91.11727966689799
"Ruiz, José",614179,2023,815,105.2139380869893,0.04299713419341875,0.13189304967306364,0.4718645739022236,0.4299713419341875,0.05789749373033418,0.052757219869225463,-0.0853974021410977,0.24005570034296397,0.25464996372045334,0.06255631197990397,-0.01047820885166843,0.02945468715864588,0.03124539432152801,0.0076756211018287,0.07732914910093314,0.15860313785017863,0.00948823915348872,0.01946050771167836,0.2096128396088321,0.37389488709899654,0.07895198641309896,0.13946797474835418,0.2917538633539143,0.8907900194192735,0.5912719413865939,73.42123525329633,70.0208188757807,73.42123525329633,93.61554476058292,88.48022206800833,70.7147814018043
"Smyly, Drew",592767,2024,1052,105.2109724597099,0.05546902720999557,0.13181803044200466,0.6087659531188194,0.5546902720999557,0.05786748603791059,0.05272721217680187,-1.0402300114196803,-0.12026405012193209,1.8182686675143032,-0.04900865285387112,-0.09888117979274529,-0.01143194392794031,0.17283922695002882,-0.00465861719143261,-0.5802470307708063,0.884630007330216,-0.05515656186034281,0.0840903048792981,0.12124587044718496,0.38032779000740846,0.01757517429675676,0.20698144510867744,0.2507868302272967,0.8877216902972829,0.5692542602622898,73.35183900069396,73.42123525329633,73.35183900069396,70.64538514920194,54.961832061068705,67.24496877168633
"Rodriguez, Grayson",680570,2023,2163,105.19809023464376,0.11376701556396156,0.13149215853439847,1.2488542792553972,1.1376701556396156,0.05773713727486811,0.05259686341375939,-0.21365315451134848,0.46711213167054666,1.4964574689806796,-0.5010621668844806,-0.00987763081420936,0.02159556780723747,0.06918434900511695,-0.02316514872327695,0.1267294885795991,0.4976976510480995,0.00585896849651405,0.02300960014091999,0.19015825788646212,0.2390658346725616,0.05909224692252619,0.1729949937039028,0.21461204627951186,0.8839563796867855,0.5492842129831487,73.2824427480916,84.7328244274809,73.2824427480916,27.758501040943788,21.374045801526716,61.901457321304655
"Scott, Christian",681035,2024,846,105.17145967025988,0.04426898218736388,0.1308185052818081,0.48617653873861855,0.4426898218736388,0.05746767597383197,0.05232740211272325,0.1341694705726013,0.06726281255669164,-0.05711086236453866,0.34185511797386425,0.01585927548139495,0.00795068706343872,-0.00675069295089109,0.04040840637988939,0.10071614156464648,0.1423721278046628,0.01190498127241684,0.01682885671449914,0.2377286601783051,0.25113783939518713,0.09563763347925024,0.10627684043349712,0.24443324978674613,0.8990427630436263,0.5717380064151862,73.21304649548924,70.22900763358778,73.21304649548924,74.18459403192227,48.99375433726579,78.62595419847328
"Varland, Louis",686973,2023,1093,105.15158671608005,0.05697406521781697,0.1303157941853087,0.625923845480088,0.5697406521781697,0.0572665915352322,0.05212631767412348,0.6576498118613472,0.2535304522334627,-0.0460862194213405,-0.23917019919338145,0.06016924170735107,0.02319583277524818,-0.00421648851064414,-0.02188199443672291,0.45559013204740495,-0.14262820930736098,0.04168253724129962,-0.01304924147368353,0.27175577147217556,0.28071630597196395,0.09414030450003888,0.1523853491651002,0.27623603872206975,0.8767371731674305,0.5764866059447501,73.14365024288688,73.69882026370576,73.14365024288688,81.05482303955587,77.79319916724496,50.867453157529496
"Minter, A.J.",621345,2024,540,105.06698998729695,0.02768597597487931,0.12817581469851533,0.3046172385987802,0.2768597597487931,0.05641059974051486,0.05127032587940614,0.1756882603901886,0.1615502456570539,-0.0441256004933166,0.01150433304485432,0.03253486303522011,0.02991671215871368,-0.00817140749876233,0.00213043204534339,0.16861925302362124,-0.01631063372423114,0.03122578759696689,-0.00302048772670947,0.2503340428902896,0.30479833991682825,0.09183285112624937,0.1350425993543552,0.2775661914035589,0.8865622747596977,0.5820642330816284,73.07425399028452,63.497571131158914,73.07425399028452,87.09229701596114,78.55655794587092,65.37126995142263
"Matthews, Zebby",805673,2024,716,105.05280104407376,0.03660675664577564,0.12781688772966351,0.4028719273032948,0.3660675664577564,0.05626702895297413,0.05112675509186541,0.184581123188309,0.40518926550294054,-0.02469071325185723,-0.1622077481360975,0.0257794864788141,0.05659067953951684,-0.00344842363852754,-0.02265471342682926,0.29488519434562477,-0.09344923069397736,0.04118508300916547,-0.0130515685326784,0.25526905755181484,0.32755946290505955,0.08811893196197419,0.13320418304506682,0.2914142602284372,0.8893384424964795,0.5903763513624584,73.00485773768216,67.17557251908397,73.00485773768216,93.06037473976406,87.99444829979181,69.11866759195003
"Strzelecki, Peter",657265,2023,649,105.03981983312013,0.033096017676494185,0.1274885118509021,0.3643205541235375,0.3309601767649419,0.05613567860146956,0.05099540474036084,0.29917198135126455,-0.2371325797512327,-0.13902723412593332,0.44130838664943894,0.04609737771205925,-0.03653814788154587,-0.02142176180676938,0.06799821057772557,0.03101970080001592,0.1511405762617528,0.00477961491525669,0.02328822438547809,0.2607834438386691,0.21180387854469104,0.1091714078253677,0.10535008121412738,0.23629366119168005,0.8927392554802525,0.5645164583359663,72.93546148507981,65.78764746703678,72.93546148507981,61.34628730048577,40.943789035392086,72.65787647467037
"Foley, Jason",671345,2023,1047,105.0369614996101,0.0533619073865671,0.12741620674920512,0.5874377411914793,0.533619073865671,0.05610675656079077,0.05096648269968205,0.9404884826626584,0.5064423248500134,-1.2830549454547509,0.42356187913355825,0.08982698019700654,0.04837080466571283,-0.12254584006253592,0.04045481176060728,0.723465403756336,-0.4297465331605963,0.069098892431359693,-0.04104551415096431,0.3234255475916265,0.24938175791315983,0.16690114075331175,0.11946767376635924,0.28640365275239316,0.8568155927401645,0.5716096227462788,72.86606523247745,72.86606523247745,72.86606523247745,73.9764052741152,84.7328244274809,24.566273421235255
"Wright, Kyle",657140,2023,574,105.02651872268221,0.029194109237366594,0.12715204371675345,0.32144626433643,0.29194109237366594,0.0560010913478101,0.05086081748670138,0.04958364002277449,-0.256169283881718,0.3454920238600039,0.1825398843353696,0.00863826481233005,-0.0446287951013446,0.06019024805923412,0.03180137357759052,-0.10329282192947176,0.26401595409768674,-0.01799526514450727,0.04599581081841232,0.24911382710177224,0.1905357220285855,0.05960441825336874,0.11203527038600652,0.21982477456517888,0.9141801556803124,0.5670024651227457,72.7966689798751,63.98334489937544,72.7966689798751,66.06523247744622,25.676613462873004,88.75780707841776
"García, Luis",472610,2024,908,105.02351984278411,0.046154069781584504,0.12707618331934062,0.5082143844747122,0.46154069781584506,0.05597074718884496,0.05083047332773624,0.1758195564699463,0.34045514138506405,-0.21052830814690535,0.2024679947666073,0.0193633872764258,0.03749505962390574,-0.02318593702058429,0.02229823730909771,0.2581373489275052,-0.00403015669014905,0.02842922345016577,-4.438498557432881e-4,0.24266905432857977,0.2614931461781848,0.08670612534064753,0.13016039163696042,0.25208110025338226,0.8915667415111961,0.5718239208822892,72.72727272727273,70.57598889659958,72.72727272727273,74.32338653712699,56.83553088133241,71.54753643303262
"Helsley, Ryan",664854,2023,606,104.97161671267942,0.03048500672889377,0.12576322907959478,0.33600012688725656,0.3048500672889377,0.05544556549294663,0.05030529163183791,-0.39176167056439226,0.17798822783561263,0.6622071529500317,-0.11243358333399556,-0.06464714035716045,0.02937099469234531,0.10927510774753,-0.01855339658976824,-0.1068867213643898,0.2748867848080181,-0.01763807283240756,0.04536085557888087,0.1658696940427593,0.3670690248857544,0.03596811517712742,0.1903174990149193,0.26646935946425687,0.8868571929039767,0.5766632761841168,72.65787647467037,64.46911866759196,72.65787647467037,81.54059680777237,69.74323386537127,66.20402498265094
"Orze, Eric",679358,2025,653,104.95853055234541,0.03276289021573466,0.125432198375707,0.36119489047038655,0.32762890215734664,0.05531315321139151,0.05017287935028279,0.01821653229535513,0.16983666826399713,0.1483527289876179,0.02478896092341642,0.00278966803910492,0.02600867814150032,0.0227186414988695,0.00379616553191675,0.09402660027967612,0.08657084495551715,0.01439917309030262,0.01325740351539313,0.22415587699748515,0.3362649294085726,0.0868356375165371,0.14680339936286116,0.28021040320302887,0.8831804815603008,0.5816954423816648,72.58848022206801,65.5794587092297,72.58848022206801,86.74531575294934,80.56904927133934,60.79111727966689
"Skenes, Paul",694973,2025,2997,104.94688215812191,0.1500148802595693,0.1251375377540618,1.6542028102131212,1.500148802595693,0.05519528896273344,0.05005501510162472,2.5545689032850305,1.230291594413757,-1.8390704910642623,-0.2915871964214034,0.08523753431047816,0.04105077058437627,-0.06136371341555764,-0.00972930251656334,1.8924302488493936,-1.065328843742833,0.06314415244742722,-0.03554650796606049,0.3033828388679404,0.2344668457274766,0.13495884641000958,0.1571284608940873,0.2689248422977085,0.8539563463479516,0.56144059432283,72.51908396946564,89.72935461485079,72.51908396946564,54.684247050659266,71.7557251908397,21.374045801526716
"Peterson, David",656849,2024,2070,104.92958466633719,0.10325158027913987,0.12469997618253606,1.138919471716349,1.0325158027913988,0.05502026433412314,0.04987999047301442,1.0348884120868431,0.5597493050909179,0.07787126349364826,-0.5335895089550604,0.04999460927955765,0.02704102923144531,0.00376189678713276,-0.02577727096401258,0.7973188585888806,-0.22785912273070608,0.03851781925550148,-0.0110076870884399,0.27346444458914815,0.2999247590892952,0.09545630777908298,0.15063219780962422,0.2866946018392217,0.8769557472056464,0.5818251745224341,72.44968771686328,83.06731436502429,72.44968771686328,86.8147120055517,85.07980569049272,51.492019430950734
"Flaherty, Jack",656427,2024,2947,104.86126527528458,0.14495910149509122,0.12297175220146858,1.601074885637786,1.4495910149509121,0.05432897474169616,0.04918870088058744,-1.5228758964499889,0.7427078276277825,3.1042358464219433,-0.722992891961951,-0.05167546306243599,0.0252021658509597,0.10533545457828108,-0.02453318262510862,-0.3900840344111032,1.190621477229996,-0.01323664860573814,0.04040113597658622,0.16487470181006927,0.2805460559023832,0.04281598531153696,0.14042839266330673,0.22271037885622624,0.9083778110125782,0.5655440949344022,72.38029146426092,89.52116585704371,72.38029146426092,63.497571131158914,28.591256072172104,84.87161693268564
"Verlander, Justin",434378,2025,2608,104.84092852962975,0.127747464668146,0.12245730892268596,1.4115329889791752,1.27747464668146,0.0541231974301831,0.04898292356907438,-0.0117856947429118,0.42702704387829726,1.7745018886224813,-0.7782102487786915,-4.51905473271158e-4,0.01637373634502673,0.06804071658828532,-0.0298393500298578,0.20762067456769273,0.4981458199218949,0.00796091543587779,0.01910068327921376,0.16449707423379503,0.2843430313776939,0.0573894650450855,0.12992467923259413,0.22442005280574445,0.9063429278611602,0.5653814903334523,72.31089521165856,86.88410825815406,72.31089521165856,63.28938237335184,29.840388619014576,83.76127689104788
"Matthews, Zebby",805673,2025,1353,104.83898932888758,0.06624734729626423,0.12240825442768702,0.7320213783034433,0.6624734729626424,0.05410357563218353,0.04896330177107481,1.0108781115159218,0.6322314874214499,-0.1856892685522098,-0.7253989520817186,0.0747138293803342,0.0467281217606393,-0.0137242622728906,-0.05361411323589937,0.8215547994686858,-0.4555441103169642,0.06072097557048675,-0.03366918775439499,0.2823450273314463,0.3184337941398864,0.09419008463829132,0.1808961345659054,0.30038941073566633,0.8624568903979016,0.581423150566784,72.24149895905622,75.91950034698127,72.24149895905622,86.4677307425399,92.43580846634282,30.673143650242885
"McGough, Scott",543518,2024,609,104.81381995630838,0.029663552951281036,0.1217715638394131,0.32793979732696243,0.29663552951281036,0.05384889939687396,0.04870862553576524,0.15787357320209594,0.20548286417943015,0.02810390524291506,-0.06352054529747875,0.02592341103482692,0.03374102860089165,0.00461476276566749,-0.01043030300451211,0.18167821869076303,-0.01770832002728184,0.02983221981785928,-0.0029077701194223,0.2396421298775009,0.35372687263999564,0.09034798353778964,0.21913630773441797,0.29668450125874823,0.8452578543638962,0.5709711778113222,72.17210270645386,64.26092990978486,72.17210270645386,73.21304649548924,90.42331714087439,13.740458015267176
"García, Luis",472610,2023,1010,104.80136407499621,0.04906841663827141,0.12145647682740449,0.5426009323799121,0.4906841663827141,0.05372286459207051,0.04858259073096179,0.13143665883984568,-0.26046079833758995,-0.275325530196028,0.9469506020736844,0.01301353057820254,-0.02578819785520692,-0.02725995348475524,0.09375748535383012,-0.06451206974887214,0.3358125359388282,-0.00638733363850219,0.03324876593453745,0.22782515648848495,0.20156946389102023,0.0884265558086987,0.07750440861163727,0.21469731018975258,0.917034517789832,0.5658659139897924,72.1027064538515,71.89451769604442,72.1027064538515,63.98334489937544,21.582234559333795,89.86814712005553
"Warren, Will",701542,2025,2886,104.77237086797291,0.13936269768223425,0.12072305759029298,1.54197528045394,1.3936269768223424,0.05342949689722591,0.04828922303611719,0.8553632697830835,-2.4651803530832694,1.395624516558314,1.7561678471958118,0.02963836693635078,-0.08541858465291995,0.04835843785718344,0.06085127675661163,-0.804908541650093,1.575896181877063,-0.02789010885828458,0.05460485730689753,0.2646485085062695,0.1772598644434211,0.06721868107615127,0.1072777823831571,0.22095418647484527,0.9127517682703459,0.5668529773725955,72.03331020124914,88.68841082581541,72.03331020124914,65.85704371963914,26.717557251908396,87.64746703678001
"Iglesias, Raisel",628452,2024,928,104.76898776772524,0.044780631782075815,0.12063747786119561,0.49550805925184704,0.44780631782075814,0.05339526500558696,0.04825499114447824,0.8604691027064746,0.21740270520786,-0.5709966929387065,-0.01136705572378105,0.09272296365371492,0.0234270156473987,-0.06152981604942958,-0.00122489824609709,0.5389359039571673,-0.29118187433124376,0.05807498965055682,-0.03137735714776334,0.3036472765511449,0.24376766251293067,0.1228036299513202,0.1557641353548568,0.2737074695320378,0.8607161173469116,0.5672117934394747,71.96391394864678,70.50659264399722,71.96391394864678,67.03678001387925,75.50312283136711,28.73004857737682
"Corbin, Patrick",571578,2024,2974,104.75709445848742,0.14315244530470816,0.12033662180960672,1.584396197676455,1.4315244530470816,0.0532749225849514,0.04813464872384268,1.2379733980793617,1.1599229380935867,-1.1712314977035303,0.3577313592070368,0.0416265433113437,0.03900211627752477,-0.03938236374255314,0.01202862673863607,1.1989481680864742,-0.40675006924824686,0.04031432979443424,-0.01367686850195853,0.25076085588541086,0.3107685284572581,0.10177160330127272,0.12762086777162665,0.2807646921713345,0.8853037644635503,0.5830342283174423,71.89451769604442,89.24358084663429,71.89451769604442,88.13324080499653,80.84663428174879,63.428174878556554
"Mejia, Juan",675848,2025,1074,104.72051700900732,0.051299115841989096,0.11941134972530047,0.5681976996881986,0.512991158419891,0.05290481375122891,0.04776453989012019,-0.4909032734567518,-0.3862380151463185,1.4318896759034487,0.0134493123878201,-0.04570793980044244,-0.03596257124267398,0.13332306107108463,0.00125226372326071,-0.43857064430153514,0.7226694941456344,-0.04083525552155821,0.06728766239717265,0.15433326867304883,0.2091934416177229,0.02226353025108466,0.12709077212638387,0.18176335514538589,0.9253228488112657,0.5535431019783258,71.82512144344206,72.24149895905622,71.82512144344206,36.36363636363637,6.315058986814711,93.47675225537822
"Smith, Will",519293,2024,671,104.7066181430782,0.03195563975106217,0.11905976062243731,0.3540476351186612,0.3195563975106217,0.05276417811008364,0.04762390424897492,-0.4061894814194602,0.1953930243216746,0.3923522321470614,0.17249186006938544,-0.06053494506996427,0.02911967575583824,0.05847276186990482,0.02570668555430483,-0.1053982285488928,0.2824220461082234,-0.01570763465706301,0.04208972371210483,0.1612881674189846,0.31453077074910446,0.055319264506978,0.10261398056562925,0.23790946908404453,0.9210333774636964,0.5794714232738705,71.7557251908397,65.16308119361554,71.7557251908397,84.52463566967384,43.02567661346287,91.74184594031922
"Estes, Joey",683155,2024,2027,104.6868523883951,0.09612825443816683,0.11855976127055605,1.065475895546342,0.9612825443816683,0.05256417836933114,0.04742390450822242,-0.20125621859301648,0.29796754534072534,0.1540649656531059,0.8146996031455274,-0.00992877250088882,0.01469992823585226,0.00760063964741518,0.04019238298695251,0.04835566337385444,0.48438228439931663,0.00238557786748171,0.02389651131718385,0.2053484406523545,0.21604911786531056,0.08059085996475633,0.1120561427445156,0.2106987792588325,0.903676498645364,0.5571876389520982,71.68632893823734,81.67938931297711,71.68632893823734,44.482997918112424,18.181818181818183,82.02637057598889
"Webb, Jacob",657097,2024,949,104.6588975092575,0.044736849931857385,0.11785260782891831,0.4961496982604956,0.44736849931857386,0.05228131699267604,0.04714104313156732,-0.11861699550286176,-0.4501077724789866,0.4860057582486661,0.5788687079936778,-0.01249915653349439,-0.04742969151517245,0.05121240866687736,0.06099775637446553,-0.2843623839909242,0.532437233121172,-0.02996442402433342,0.05610508252067144,0.21787229316935697,0.18449836277624845,0.06300753051033252,0.10788520842407168,0.2011853279728027,0.9145536305327979,0.5578694792528003,71.61693268563496,70.3678001387925,71.61693268563496,46.28730048577377,13.324080499653018,88.96599583622485
"Puk, A.J.",640462,2024,1173,104.64908239183548,0.05517994798770285,0.11760432222443062,0.6120948922678338,0.5517994798770285,0.05218200275088097,0.04704172888977225,1.0003852921081489,-0.3279698975256906,-0.20309650073909324,0.14277599842446875,0.08528433862814569,-0.02795992306271872,-0.01731427968790223,0.01217186687335624,0.3362076972912291,-0.03016025115731224,0.02866220778271348,-0.00257120640727299,0.291262711118698,0.18997730439530588,0.09157974845259204,0.12432288473583882,0.24062000775700193,0.8920486834057846,0.5663343455813933,71.54753643303262,73.2824427480916,71.54753643303262,65.02428868841082,45.80152671755725,72.17210270645386
"Rucker, Michael",621074,2023,715,104.6169935670325,0.03340268230866915,0.11679259548485718,0.3707797811936189,0.3340268230866915,0.05185731205505159,0.04671703819394287,0.1893529669642362,0.2737664076830697,0.1997170875838492,-0.29205668103753624,0.02648293244255051,0.03828900806756219,0.02793245980193695,-0.04084708825699808,0.23155968732365295,-0.04616979672684351,0.03238597025505636,-0.00645731422753056,0.23578968206826095,0.3051548725985952,0.07363335097895217,0.1637952302399357,0.27047227733342805,0.8812857093905561,0.5758789933619921,71.47814018043026,66.06523247744622,71.47814018043026,80.43025676613463,73.21304649548924,57.94587092297016
"Waddell, Brandon",663399,2025,512,104.60792451143021,0.023872139764151652,0.11656318244214674,0.26503959981039316,0.2387213976415165,0.05176554683796741,0.046625272976858693,0.14866837556701284,0.14426604658638098,-0.3469914119522173,0.3190965896092166,0.02903679210293219,0.02817696222390253,-0.06777176014691744,0.06232355265805012,0.1464672110766969,-0.01394741117150033,0.02860687716341736,-0.00272410374443365,0.2465167313891196,0.236725865390015,0.14116219263979846,0.10269538595254928,0.2416212983895673,0.8780712107038261,0.5598462545466967,71.4087439278279,61.901457321304655,71.4087439278279,51.07564191533657,46.70367800138793,52.87994448299792
"Faedo, Alex",656412,2023,1034,104.5457665839411,0.04756020329524376,0.11499082034633404,0.5287524646763018,0.47560203295243764,0.05113660199964233,0.04599632813853361,0.09774008762883568,-0.28406892728253297,1.2586404230343646,-0.5435591187043656,0.00945261969331099,-0.02747281695188906,0.12172537940371032,-0.0525685801454899,-0.09316441982684864,0.35754065216499953,-0.00901009862928903,0.0345783996291102,0.2192770535800428,0.2223880951652843,0.04072963746044074,0.16703149549903587,0.22083257437266354,0.8961194335202617,0.5584760039464626,71.33934767522554,71.20055517002082,71.33934767522554,47.6058292852186,26.578764746703676,75.36433032616239
"Montas, Frankie",593423,2025,708,104.49930369490859,0.03223254500416702,0.11381548377177622,0.35871858897832,0.32232545004167024,0.0506664673698192,0.04552619350871048,0.6293850023230334,0.33406760193065566,-0.39820808120475704,-0.20652593407061204,0.08889618676879003,0.0471846895382282,-0.05624407926620863,-0.0291703296709904,0.4817263021268446,-0.30236700763768454,0.06804043815350912,-0.04270720446859951,0.2848034201949853,0.2970448685070985,0.12165934770243005,0.1538502422102004,0.29092414435104186,0.8622452050436847,0.5765846746973633,71.26995142262318,65.30187369882027,71.26995142262318,81.3324080499653,87.71686328938237,30.46495489243581
"Buttó, José",676130,2023,731,104.4780171982815,0.03312219929147709,0.11327701536072873,0.3687973948394756,0.3312219929147709,0.05045108000540022,0.0453108061442915,0.26464978485864776,0.422117144556978,0.221726297965688,-0.5396958325418382,0.03620380093825551,0.05774516341408728,0.03033191490638686,-0.07382979925332943,0.3433834647078129,-0.1589847672880751,0.04697448217617139,-0.02174894217347128,0.24806675893431143,0.29729056878995946,0.07494303305854144,0.2114841787502637,0.27267866386213546,0.8567863940955974,0.5647325289788665,71.20055517002082,65.9264399722415,71.20055517002082,61.832061068702295,74.67036780013879,24.358084663428176
"Wesneski, Hayden",669713,2025,508,104.47535620413763,0.023004211487806993,0.11320970220377458,0.25615470609250224,0.23004211487806994,0.05042415474261855,0.04528388088150983,0.00450237723543978,-0.05310958465543081,-0.00947368818356153,0.3142356016960548,8.862947313857837e-4,-0.01045464264870685,-0.00186489924873258,0.06185740190867221,-0.02430360370999551,0.15238095675624663,-0.00478417395866053,0.0299962513299698,0.214295720620399,0.21176341768868476,0.08927117660113236,0.11032512135635196,0.21302956915454188,0.9002018510212578,0.5566157100878999,71.13115891741846,61.62387231089521,71.13115891741846,42.81748785565579,20.471894517696043,79.52810548230396
"Wells, Tyler",669330,2023,1936,104.44790215362856,0.08713178469939305,0.11251521784529057,0.9708335489449952,0.8713178469939304,0.05014636099922495,0.04500608713811623,0.22693391200738233,0.8619722192015615,0.3263126049021139,-0.4443851871660627,0.01172179297558793,0.04452335842983272,0.01685498992262985,-0.02295378032882555,0.5444530656044719,-0.05903629113197439,0.02812257570271033,-0.00304939520309785,0.2241655124332133,0.302661563430374,0.0846868136520077,0.1642165002337247,0.2634135379317937,0.8755483430571338,0.5694809404944637,71.0617626648161,80.36086051353227,71.0617626648161,70.85357390700902,67.45315752949341,49.27133934767522
"Kaprielian, James",621076,2023,1090,104.44737778133273,0.04905085159336285,0.1125019531957863,0.5465375010197135,0.49050851593362854,0.05014105513942325,0.04500078127831453,0.0528427929280042,0.26665904747369495,-0.16709778357358118,0.39413344419159563,0.00484796265394534,0.02446413279575183,-0.01533007188748451,0.0361590315772106,0.15975092020084958,0.1135178303090072,0.01465604772484858,0.01041447984486304,0.2092010905792203,0.23987926974803817,0.09329514245485694,0.1178923477097274,0.22454018016362923,0.8944062549177079,0.5594732175406686,70.99236641221374,71.82512144344206,70.99236641221374,50.03469812630118,29.979181124219288,74.25399028452463
"Booser, Cam",592155,2025,571,104.44021692107593,0.02565407307891453,0.11232081032799708,0.2858916945360761,0.2565407307891453,0.05006859799230755,0.04492832413119883,-0.5178196562328594,0.17052864181368932,0.29352662206474633,0.33965608689049986,-0.09068645468176172,0.02986491100064611,0.05140571314619025,0.05948442852723291,-0.17364550720958505,0.3165913544776231,-0.0304107718405578,0.05544507083671158,0.13335251728715963,0.26952873815199063,0.05241065144058493,0.08910849752911716,0.20144062771957513,0.929240425515149,0.565340526617362,70.92297015961138,62.456627342123525,70.92297015961138,63.21998612074948,13.532269257460097,95.2116585704372
"Mantiply, Joe",573009,2023,691,104.4397154776592,0.03104196594154835,0.11230812569301141,0.34593895179574474,0.3104196594154835,0.05006352413831328,0.04492325027720456,0.5148409489618757,0.05764737524805241,-0.12237374364985952,-0.10417562876432385,0.07450664963268823,0.0083426013383578,-0.01770965899419096,-0.0150760678385418,0.28624416210496406,-0.11327468620709168,0.04142462548552302,-0.01639286341636638,0.34863093937756956,0.22242536140594849,0.0879416203455317,0.14300057271268346,0.28552815039175905,0.8845289034708924,0.5850285269313258,70.85357390700902,64.81609993060374,70.85357390700902,90.07633587786259,84.38584316446912,62.73421235253296
"Leclerc, José",600917,2024,1223,104.43565884273686,0.05489093454612676,0.11220550806648968,0.6117748947826271,0.5489093454612676,0.05002247708770459,0.04488220322659587,0.31196721383372505,0.43796767853564234,-0.3730512767897381,0.2348912792029978,0.02550835763153925,0.03581093037903862,-0.03050296621338823,0.01920615529051494,0.3749674461846837,-0.06907999879337012,0.03065964400528894,-0.00564840546143664,0.24584419637842764,0.3093062117572448,0.10188239326266614,0.11933493179218577,0.2775752040678362,0.889391337472574,0.5834832707702051,70.78417765440666,73.21304649548924,70.78417765440666,88.75780707841776,78.62595419847328,69.25746009715475
"Ferguson, Tyler",621053,2024,830,104.43137613120248,0.03721626095488008,0.1120971715508436,0.4148268825960031,0.37216260954880076,0.04997914248144616,0.04483886862033744,0.421079417453484,0.18464644412870257,-0.4689625878587549,0.2780636088725714,0.0507324599341547,0.02224655953357862,-0.05650151660948854,0.03350163962320138,0.3028629307910933,-0.09544948949309172,0.03648950973386666,-0.01149993849314358,0.2957718072925908,0.23311567763545488,0.1375263704220082,0.12011416738121836,0.2644437424640228,0.8711797310983868,0.5678117367812048,70.7147814018043,67.38376127689105,70.7147814018043,68.14712005551701,68.14712005551701,43.51145038167939
"Eovaldi, Nathan",543135,2023,2776,104.41781333447179,0.12409173458089914,0.1117540837364005,1.3836113481933694,1.2409173458089915,0.04984190735566892,0.0447016334945602,0.7225013424907161,0.5423809047024406,0.8720550425340434,-0.7533259415338307,0.0260267054211353,0.0195382170281859,0.03141408654661539,-0.02713710164026767,0.6324411235965783,0.05936455050010636,0.0227824612246606,0.00213849245317386,0.24111733718290945,0.2491126559585407,0.08185908528926143,0.1641826494914624,0.24511499657072508,0.8769791326096381,0.5610470645901816,70.64538514920194,86.25954198473282,70.64538514920194,53.85149201943095,49.47952810548231,51.56141568355309
"Ryan, Joe",657746,2025,2795,104.41286508462618,0.12480112317024206,0.11162891160128985,1.3916818861204092,1.2480112317024206,0.04979183850162466,0.044651564640515944,1.022320989881791,0.20552989649968367,0.1893567579768387,-0.02552575823790448,0.03657677960221078,0.00735348466904056,0.00677483928360782,-9.132650532345074e-4,0.6139254431907375,0.08191549986946711,0.02196513213562567,0.00293078711518665,0.262216263310205,0.24563750986899988,0.08542809391565376,0.14720256014421057,0.25392688658960244,0.8836846729700678,0.5688057797798352,70.57598889659958,86.39833448993754,70.57598889659958,69.74323386537127,58.986814712005554,61.62387231089521
"Miller, Tyson",668338,2024,932,104.39344691608066,0.0414321363767033,0.11113770487313117,0.4622287161525662,0.414321363767033,0.04959535581036119,0.04445508194925247,0.7183270979357985,0.08155328221255331,-1.1020293737056193,0.7643777097098337,0.07707372295448482,0.00875035216872889,-0.11824349503279176,0.08201477571993923,0.3999401900741759,-0.1688258319978928,0.04291203756160686,-0.01811435965642626,0.3574889693179461,0.28341840951552305,0.1751227624283828,0.08301152097969108,0.3204536894167346,0.870932858295963,0.5956932738563487,70.50659264399722,69.11866759195003,70.50659264399722,95.55863983344899,97.84871616932685,42.81748785565579
"Beeks, Jalen",656222,2023,730,104.36028596196512,0.032207266328371856,0.11029885728894466,0.35959666246981214,0.32207266328371853,0.04925981677668659,0.04411954291557787,-0.01724409018743244,0.07975251434709207,-0.17400812949449573,0.47109636780464825,-0.00236220413526471,0.01092500196535507,-0.02383673006773914,0.06453374901433538,0.03125421207982981,0.14854411915507626,0.00428139891504518,0.02034850947329811,0.24260154481276447,0.32862973611592206,0.09700749314408862,0.11692678396193464,0.2856156404643433,0.8930328614469883,0.5893242509556658,70.43719639139486,65.23247744621791,70.43719639139486,92.43580846634282,84.45523941707148,72.7966689798751
"Whitlock, Garrett",676477,2023,1194,104.33504071565932,0.052373734148867215,0.10966024738037523,0.5851122113903102,0.5237373414886721,0.04900437281325881,0.04386409895215009,-0.14466578173215794,0.13684375366301538,0.5840691004600558,0.008865138999397,-0.01211606212162126,0.01146095089304986,0.04891701008878189,7.424739530483253e-4,-0.00391101403457128,0.2964671197297264,-3.275556142857019e-4,0.02482974202091511,0.2148229137019814,0.2786022642437644,0.05966665289049659,0.14119347324571685,0.2467125889728729,0.8995699369318932,0.5731412629523831,70.3678001387925,72.65787647467037,70.3678001387925,76.82165163081194,50.52047189451769,79.1117279666898
"Singer, Brady",663903,2025,2850,104.31320474438976,0.12438298243020322,0.10910787932473964,1.3903276293436306,1.2438298243020323,0.04878342559100458,0.04364315172989586,1.892441170191887,-0.02544467356165114,-0.8293551783123121,0.3526863110257068,0.06640144456813639,-8.927955635667068e-4,-0.02910018169516884,0.01237495828160374,0.933498248315118,-0.23833443364330265,0.03275432450228484,-0.00836261170678254,0.2948937080861646,0.22048071937614552,0.10087132120182112,0.12035381028679291,0.25768721373115505,0.889387434255693,0.573537323993424,70.29840388619014,86.32893823733518,70.29840388619014,77.86259541984732,62.456627342123525,69.18806384455239
"Payamps, Joel",606303,2024,930,104.29517771627357,0.040418493119409385,0.10865186322421878,0.451989478102405,0.4041849311940939,0.04860101915079623,0.04346074528968751,0.1332616812796914,-0.6645699719538243,0.16431960804629853,0.8189781607302393,0.01432921304082703,-0.07145913676922841,0.01766877505874177,0.08806216782045584,-0.26565414533706644,0.4916488843882689,-0.02856496186420069,0.0528654714395988,0.23769922930007417,0.18326454607079193,0.0758147750909243,0.09518527480557618,0.21048188768543305,0.9144999750517497,0.5624909313685914,70.22900763358778,68.84108258154059,70.22900763358778,56.28036086051353,17.90423317140874,88.89659958362247
"Eovaldi, Nathan",543135,2024,2621,104.24929571972429,0.11269379614631667,0.10749122104761222,1.261664539362826,1.1269379614631667,0.04813676228015361,0.04299648841904489,0.8721003578168052,0.35835254202902433,0.9177222504382598,-0.8865106109212633,0.03327357336195365,0.01367235948222145,0.0350142026111507,-0.03382337317517219,0.6152264499229148,0.01560581975849828,0.02347296642208755,5.954147179892517e-4,0.2516274004404288,0.2429259394199704,0.07967369455532139,0.17683058771897414,0.2472766699301996,0.8717478588628522,0.5595122643965259,70.15961138098544,84.59403192227619,70.15961138098544,50.10409437890354,51.07564191533657,44.344205412907705
"Scherzer, Max",453286,2024,669,104.18922088728256,0.028357987698468257,0.10597155343224311,0.3179683091154999,0.28357987698468257,0.04752889523400596,0.04238862137289724,-0.08537806733249909,0.04237318086052255,0.412058732388914,-0.05108553680143757,-0.01276204294955143,0.00633380879828438,0.0615932335409438,-0.00763610415567078,-0.02150244323598826,0.1804865977937382,-0.00321411707563352,0.0269785646926365,0.1917941977166954,0.2334656796424172,0.06596814352004476,0.13044969026166417,0.21262993867955632,0.9017910831091456,0.5572105108943509,70.09021512838306,63.77515614156836,70.09021512838306,44.621790423317144,19.98612074947953,80.6384455239417
"Verlander, Justin",434378,2023,2861,104.18919777393094,0.12127317663894469,0.10597096875126237,1.3597950015557672,1.2127317663894468,0.04752866136161367,0.04238838750050495,-1.3062651732767565,0.5107664399301939,3.380782285289115,-1.2254885503867854,-0.04565764324630396,0.01785272421985997,0.11816785338305193,-0.04283427299499424,-0.3977493666732812,1.0776468674511648,-0.01390245951322199,0.03766679019402882,0.14583457448848444,0.31231664821873806,0.03255878651592796,0.12335253128442746,0.22907561135361126,0.9220443410998223,0.5755599762267167,70.0208188757807,85.84316446911868,70.0208188757807,80.22206800832755,34.559333795975014,92.08882720333102
"Jax, Griffin",643377,2025,1093,104.18540676357337,0.046288580791350946,0.10587507042852458,0.5190690012154278,0.4628858079135095,0.04749030203251855,0.04235002817140983,0.01229224826738573,-0.18068627790762548,-0.9523516225622188,1.6398146534178863,0.00112463387624755,-0.01653122396227131,-0.08713189593432925,0.1500287880528716,-0.08419701482011988,0.34373151542783376,-0.00770329504301188,0.03144844605927115,0.215631268395613,0.22959413956166327,0.11855508989656403,0.06140381102337344,0.22261270397863814,0.9100205495400313,0.5663166267593347,69.95142262317835,70.64538514920194,69.95142262317835,64.95489243580846,28.521859819569745,85.77376821651632
"Cabrera, Génesis",650893,2024,1045,104.18222517889178,0.04422213790369099,0.1057945882863421,0.49593724088549607,0.44222137903690995,0.04745810917564556,0.04231783531453684,0.30559551582791755,0.15237319825200757,-0.27914338407856576,0.3171119108841367,0.02924359003137966,0.01458116729684283,-0.02671228555775749,0.03034563740518054,0.22898435703996256,0.01898426340278547,0.02191237866411125,0.00181667592371152,0.2257021786620511,0.2922889678192705,0.1082601668138751,0.1072444314257183,0.2589955732406608,0.8922477008802033,0.5756216370604321,69.88202637057599,70.15961138098544,69.88202637057599,80.36086051353227,63.56696738376127,72.38029146426092
"Megill, Tylor",656731,2025,1231,104.17087326746112,0.051951857333372806,0.10550742756574491,0.5827953445639764,0.5195185733337281,0.04734324488740669,0.04220297102629797,0.2784230705664186,0.02856229839289881,0.5930549675612724,-0.3172449919566134,0.02261763367720703,0.00232025169722979,0.04817668298629345,-0.02577132347332359,0.1534926844796587,0.13790498780232952,0.01246894268721841,0.01120267975648493,0.2225530645033216,0.23666738858717787,0.06372087814598508,0.16012817566217197,0.22961022654524973,0.8880754730959215,0.5588428498205856,69.81263011797363,72.44968771686328,69.81263011797363,48.57737682165163,35.04510756419153,67.66134628730049
"Steele, Justin",657006,2023,2581,104.15783275838668,0.10858530434127393,0.10517755166725488,1.2185235117679554,1.0858530434127394,0.04721129452801067,0.04207102066690195,0.10951420170380288,-0.780441335719388,2.502183864327435,-0.6127332185438945,0.00424309189088736,-0.03023794404182053,0.09694629462717688,-0.02374014794823303,-0.33546356700779256,0.9447253228917702,-0.01299742607546658,0.03660307333947191,0.23953310029767388,0.2404934216688721,0.04531587094809362,0.16208995483466945,0.240013260983273,0.8962970871086184,0.5681551740459457,69.74323386537127,84.17765440666204,69.74323386537127,68.70229007633588,45.246356696738374,75.64191533657183
"Javier, Cristian",664299,2024,651,104.15425629127205,0.02736467575770113,0.10508708048272322,0.307109940412829,0.2736467575770113,0.04717510605419801,0.04203483219308929,-0.25778233540972906,0.02995926336188859,0.19399111005361647,0.340941902407053,-0.0395979009845974,0.00460203738277858,0.02979894163650022,0.05237202801951659,-0.11391153602392023,0.26746650623033474,-0.0174979318009094,0.04108548482800841,0.16739826006835706,0.21563437031760932,0.05936621791155588,0.09932527127539705,0.19151631519298318,0.9206542554065236,0.5560852852997533,69.6738376127689,63.358778625954194,69.6738376127689,41.84594031922276,9.368494101318529,91.2560721721027
"Maton, Phil",664208,2025,1008,104.14886645264157,0.04231613748499006,0.10495073780999517,0.47497533536987646,0.4231613748499006,0.04712056898510679,0.04198029512399807,-0.7000131410501353,-0.3557643626559184,1.161896710403525,0.3688561286724053,-0.06944574812005311,-0.0352940835968173,0.11526753079400048,0.03659286990797671,-0.5278887518530269,0.7653764195379651,-0.0523699158584352,0.0759302003509886,0.12724066520069954,0.19506750189663472,0.04946918964145646,0.10693332269404746,0.16115408354866712,0.921798743832248,0.5414764136904575,69.60444136016655,69.46564885496184,69.60444136016655,13.324080499653018,2.012491325468425,91.9500346981263
"Henriquez, Ronny",678692,2025,1158,104.13614612489705,0.04846413487255176,0.10462896129652799,0.5441657200371566,0.4846413487255176,0.04699185837971991,0.04185158451861119,0.8494736991342506,-0.03058440592940314,-0.5308941253161947,0.2561705521485038,0.07335696883715463,-0.00264114040841132,-0.04584577938827242,0.02212180933924903,0.40944464660242375,-0.13736178658384546,0.03535791421437165,-0.01186198502451169,0.2594739474012596,0.2541942529921575,0.10808037561621646,0.11011592585116424,0.25683410019670855,0.8909018492663097,0.5738679747315091,69.53504510756419,71.4087439278279,69.53504510756419,78.20957668285912,61.62387231089521,70.85357390700902
"Kinley, Tyler",641755,2025,1225,104.116186749336,0.05102079139120721,0.10412406406368817,0.5731762687106539,0.5102079139120721,0.04678989948658399,0.04164962562547527,0.5158208413090506,0.6674459994219433,-0.04423237049570616,-0.5658582015246338,0.04210782378033066,0.05448538770791374,-0.00361080575475152,-0.046192506246908883,0.5916334203654969,-0.30504528601017,0.0482966057441222,-0.0249016560008302,0.24042306013576384,0.32673922085745866,0.07794663958013005,0.297120368820991,0.28358114049661126,0.8124664957994394,0.5480238181480254,69.46564885496184,72.1027064538515,69.46564885496184,24.427480916030532,83.06731436502429,1.31852879944483
"Brown, Ben",676962,2024,849,104.11317419922727,0.03533465252969516,0.10404785786129316,0.3969874503777646,0.3533465252969516,0.04675941700562598,0.041619143144517264,-0.6312161387497781,0.1938872955656734,0.962170323684404,-0.12785403012253482,-0.07434819066546268,0.02283713728688732,0.11332983788980024,-0.01505936750559892,-0.21866442159205235,0.41715814678093466,-0.02575552668928767,0.04913523519210067,0.15757441577206674,0.3052539510036186,0.03552254612819769,0.1653377663542533,0.23141418338784264,0.8995698437587745,0.5654920135733086,69.39625260235948,66.89798750867453,69.39625260235948,63.358778625954194,36.22484385843164,79.04233171408744
"Luzardo, Jesús",666200,2023,3073,104.0848605212405,0.1270152373299031,0.10333162815644574,1.428112989050902,1.270152373299031,0.04647292512368702,0.0413326512625783,1.991833534950274,0.6861705861601877,0.06167917871221107,-1.3115703107717709,0.06481723185650094,0.02232901354247275,0.00200713240195935,-0.04268045267724604,1.3390020605552309,-0.6249455660297798,0.04357312269948685,-0.02033666013764334,0.26773513431626467,0.2755707132297562,0.0892134807832192,0.16440537463141705,0.2716529237730104,0.8731905722926818,0.5724217480328462,69.32685634975712,86.74531575294934,69.32685634975712,76.05829285218599,73.83761276891047,46.35669673837613
"Adam, Jason",592094,2024,1219,104.06185922804694,0.050100793621851866,0.10274978183316626,0.563667874585434,0.5010079362185187,0.04624018659437522,0.0410999127332665,-0.2563854746517791,0.1605396151444438,0.44481969073402183,0.21469404335874745,-0.02103244254731575,0.01316977974933911,0.03649054066727005,0.01761230872508182,-0.04792292975366763,0.3297568670463846,-0.00393133139898832,0.02705142469617593,0.19269683673595148,0.2475291739530481,0.07110817001899304,0.12112470348336785,0.2201130053444998,0.9038835632488196,0.5619982842966597,69.25746009715475,71.96391394864678,69.25746009715475,55.517002081887576,25.954198473282442,82.09576682859125
"Palencia, Daniel",694037,2025,940,104.03853925078367,0.038412112623971054,0.10215987399992302,0.4324397005341325,0.38412112623971056,0.04600422346107792,0.0408639495999692,-0.3298454789455718,0.16146250399833662,0.4174320857819112,0.18339058969945657,-0.03508994456867785,0.01717686212748262,0.04440766870020331,0.01950963720206984,-0.0841914874736176,0.30041133774068385,-0.00895654122059761,0.03195865295113658,0.20079304877100929,0.3117995884104713,0.05861865342297977,0.10754919690819026,0.2562963185907403,0.916916074834415,0.5866061967125776,69.18806384455239,68.14712005551701,69.18806384455239,91.04788341429563,61.06870229007634,89.79875086745317
"Armstrong, Shawn",542888,2024,1088,104.0168889483039,0.04422163060080186,0.10161220266728369,0.49814248561688146,0.4422163060080186,0.04578515492802219,0.04064488106691347,0.9766558611272558,0.308229053192008,-0.7470749603803597,-0.03966746832202261,0.08976616370654925,0.02832987621250073,-0.068664977976136,-0.00364590701489178,0.6424424571596319,-0.3933712143511912,0.05904801995952499,-0.0361554424955139,0.3471300484147319,0.2648431728219714,0.1766841806942409,0.13404033593239809,0.30598661061835164,0.8446377416866805,0.5753121761525161,69.11866759195003,70.09021512838306,69.11866759195003,79.94448299791812,94.58709229701596,13.25468424705066
"Burke, Brock",656271,2023,937,104.00702348190718,0.037990718754884426,0.10136264342285062,0.4280715536274329,0.3799071875488442,0.04568533123024897,0.04054505736914025,0.5508007114392512,0.38297590288857464,0.17556021123323262,-0.6812652719336256,0.0587834270479457,0.04087256167434094,0.01873641528636421,-0.07270707277840188,0.46688830716391294,-0.2528525303501965,0.04982799436114332,-0.02698532874601883,0.2831574415286526,0.31384544031138023,0.09623911982116136,0.2019278371074623,0.2985014409200164,0.8509165215356882,0.5747089812278523,69.04927133934767,67.86953504510757,69.04927133934767,78.97293546148508,91.32546842470506,18.52879944482998
"Agnos, Zach",688642,2025,527,104.00426326666285,0.021352526528670458,0.1012928203447365,0.24061450853474753,0.2135252652867046,0.04565740199900332,0.0405171281378946,0.27372695251960977,0.06428572395134324,-0.07333247947894961,-0.02406568845725587,0.05194059820106447,0.01219842959228524,-0.01391508149505685,-0.00456654429928954,0.1690063382354765,-0.04869908396810274,0.03206951389667486,-0.00924081289717319,0.2681613736004773,0.3035385149547653,0.10580771714197008,0.13583833493099084,0.28584994427762134,0.8791769739635196,0.5825134591205705,68.97987508674531,61.06870229007634,68.97987508674531,87.57807078417765,84.59403192227619,54.684247050659266
"Lord, Brad",695418,2025,2128,103.98650035478815,0.08583797476659458,0.10084348539308571,0.9677647754303392,0.8583797476659457,0.04547766801834301,0.04033739415723429,2.109591822292032,0.6706437912785077,-0.5334542652360597,-1.2790165729041405,0.09913495405507668,0.03151521575556897,-0.02506833953176972,-0.06010416226053291,1.3901178067852695,-0.9062354190701,0.06532508490532284,-0.04258625089615132,0.3252097865298888,0.27154873930456536,0.1203871920653147,0.19487313843511853,0.29837926291722705,0.8423698347497834,0.5703745488335052,68.91047883414295,80.22206800832755,68.91047883414295,72.38029146426092,91.18667591950035,11.034004163775156
"Flaherty, Jack",656427,2025,2924,103.96559419993588,0.11732800083912906,0.10031463820034973,1.3235816160901095,1.1732800083912907,0.04526612914124861,0.04012585528013989,-2.166145570343815,0.285157738552698,3.647116654778926,-0.4425472068977001,-0.07408158585307165,0.00975231663996915,0.12473039175030529,-0.01513499339595417,-0.9404939158955584,1.6022847239406133,-0.03216463460655125,0.05479769917717556,0.15310210295727392,0.2568691492070702,0.03689512836744965,0.12856015803736362,0.20498562608217208,0.9172723567975933,0.5611289914398827,68.84108258154059,85.21859819569744,68.84108258154059,53.99028452463567,15.128383067314367,89.93754337265788
"Martínez, Adrián",661309,2023,943,103.9329643587743,0.03752733596383892,0.09948922577900027,0.4237461421486444,0.3752733596383892,0.04493596417270883,0.03979569031160011,-0.04373354765129989,0.2816459674240832,0.441628088408919,-0.25579436603305794,-0.00463770388667018,0.02986701669396428,0.04683224691504973,-0.02712559554963499,0.11895620988639166,0.09291686118793052,0.01261465640364705,0.00985332568270737,0.2319593379129494,0.2753156967730364,0.07640559013347958,0.17008028370039918,0.2536375173429929,0.8767570630830606,0.5651972902130267,68.77168632893824,67.52255378209576,68.77168632893824,62.456627342123525,58.50104094378904,51.006245662734216
"Young, Danny",664849,2024,741,103.9259082558123,0.029435701224829813,0.09931073287729356,0.33244644155911374,0.29435701224829813,0.04486456701202614,0.03972429315091742,-0.4787325268864606,-0.8329446693742284,-0.856199310559532,2.5003229483793348,-0.06460627893204597,-0.11240818749989588,-0.11554646566255491,0.3374254991065229,-0.6558385981303445,0.8220618189099014,-0.08850723321597093,0.110939516721984,0.2201859160055334,0.09115327753622986,0.14294670018906266,0.00215560864415545,0.15566959677088163,0.9274488455833909,0.5415592211771363,68.70229007633588,64.05274115197778,68.70229007633588,13.462873004857737,1.5267175572519083,94.58709229701596
"Hatch, Thomas",641672,2025,585,103.90358846813099,0.023106593503583454,0.09874612608368996,0.2611365371233205,0.23106593503583453,0.04463872429458471,0.03949845043347599,0.5929690502066478,0.24548139962371351,-0.6227212371823043,0.04540732447526352,0.10136223080455518,0.04196263241431,-0.10644807473201784,0.00776193580773735,0.41922522491518066,-0.2886569563535204,0.0716624316094326,-0.04934306946214024,0.30984298852019637,0.3351595369662763,0.1525780422072545,0.12253624923011798,0.3225012627432363,0.8624428542813137,0.592472058512275,68.63289382373353,61.69326856349757,68.63289382373353,94.10131852879945,98.40388619014573,30.60374739764053
"Turnbull, Spencer",605513,2024,968,103.87230399792884,0.037928077842594284,0.09795474649430339,0.4290386294014752,0.3792807784259428,0.04432217245883008,0.03918189859772136,0.7526129456091439,0.0433338029351944,-0.5752030909357018,0.20829497179283865,0.07774927124061404,0.00447663253462752,-0.05942180691484522,0.02151807559843374,0.3979733742721692,-0.18345405957143157,0.04111295188762078,-0.01895186565820573,0.30962046435519036,0.23256084783746023,0.14248094871860367,0.11928202716810998,0.2710906560963253,0.8691185120566431,0.5701045840764842,68.56349757113117,67.80013879250521,68.56349757113117,72.03331020124914,73.62942401110341,40.11103400416378
"Gibson, Cade",806188,2025,908,103.86265240675887,0.03548848900828677,0.09771059748977635,0.4015585767417349,0.3548848900828677,0.04422451285701926,0.03908423899591054,-0.6467897815882679,0.19378212262290617,0.03247019216868807,0.8220960435384086,-0.07123235480047004,0.02134164346067248,0.00357601235337974,0.09053921184343706,-0.22650382948268089,0.42728311785354833,-0.02494535566989877,0.0470576120984084,0.1613143750447348,0.19771692395149132,0.08335568844980519,0.0900242245083962,0.17951564949811305,0.9133100435208993,0.5464128465095062,68.4941013185288,66.96738376127689,68.4941013185288,21.30464954892436,5.551700208188757,88.06384455239417
"Abel, Mick",690953,2025,720,103.83898857559647,0.027968253535994525,0.09711199144442542,0.316692507159928,0.27968253535994525,0.04398507043887889,0.03884479657777017,-0.1566069093260012,0.0840090936380875,0.45606081286200606,-0.06677049001416435,-0.02175095962861127,0.01166792967195659,0.0633417795641675,-0.00927367916863393,-0.03629890784395684,0.19464516142392085,-0.00504151497832733,0.02703405019776678,0.19754945311733335,0.2373095688133688,0.060833263825438313,0.13959837618189924,0.21742951096535107,0.8997841799963312,0.5586068454808412,68.42470506592645,63.63636363636363,68.42470506592645,47.883414295628036,23.8029146426093,79.25052047189452
"Moore, Matt",519043,2024,867,103.8208868561061,0.03351963700145473,0.09665408593268375,0.37976254439035984,0.3351963700145473,0.04380190823418222,0.0386616343730735,-0.23857203016314088,0.01862278058615629,0.8258621042293726,-0.22615031026202817,-0.02751695849632535,0.00214795623831099,0.09525514466313408,-0.02608423417093749,-0.10997462478849228,0.2998558969836722,-0.01268450112900718,0.03458545524609829,0.18162009109735783,0.2702021922668801,0.03923070676400431,0.16819775209757995,0.22591114168211895,0.8962857705692079,0.5610984561256634,68.35530881332407,66.34281748785565,68.35530881332407,53.92088827203331,31.43650242886884,75.57251908396947
"Otañez, Michel",671305,2024,600,103.8078875946572,0.023118060826605877,0.09632525344419113,0.2620222514327111,0.23118060826605877,0.04367037523878517,0.03853010137767645,0.1099327446991083,-0.01647602493721933,0.285601644613962,-0.11703611294313988,0.01832212411651805,-0.00274600415620322,0.047600274102327,-0.01950601882385664,0.04672835988094448,0.08428276583541106,0.00778805998015741,0.01404712763923517,0.24403933799483296,0.22314224750998007,0.0685431184598602,0.1537607632253559,0.23359079275240652,0.888848059157392,0.5612194259548993,68.28591256072171,61.762664816099935,68.28591256072171,54.12907702984039,38.09854267869535,68.4941013185288
"Romero, JoJo",668941,2025,990,103.80024345483555,0.03806822662578302,0.09613188541864397,0.4315709774828065,0.3806822662578302,0.04359302802856631,0.03845275416745759,0.17092190601988477,-0.4898552695121907,-0.7816702244754197,1.532174565450532,0.01726483899190755,-0.04948033025375663,-0.07895658833085047,0.15476510762126588,-0.15946668174615297,0.3752521704875562,-0.01610774563092454,0.03790425964520769,0.27435025797608076,0.129002419671831,0.13661092931200086,0.09498778172457638,0.20167633882395586,0.8842006444817114,0.5429384916528337,68.21651630811935,67.93893129770993,68.21651630811935,15.475364330326164,13.671061762664817,62.179042331714086
"Loup, Aaron",571901,2023,832,103.77560497249075,0.03178527018675468,0.0955086243592388,0.3606197803919713,0.31785270186754677,0.04334372360480424,0.03820344974369552,-0.08226948464744055,0.3562702661647563,-0.5355425575562549,0.6221615564309104,-0.00988815921243276,0.04282094545249475,-0.06436809586012679,0.07477903322486903,0.1370003907586579,0.04330949943732776,0.01646639312003099,0.00520546868237112,0.2310943987114825,0.23236546273368897,0.12912387696786928,0.11180219873688628,0.23172993072258574,0.8795369621476222,0.555633446435104,68.14712005551701,65.02428868841082,68.14712005551701,40.943789035392086,36.43303261623873,55.17002081887578
"Lynch IV, Daniel",663738,2023,807,103.77428868753891,0.03081943565050917,0.0954753272940185,0.34967636656423906,0.3081943565050917,0.04333040477871612,0.0381901309176074,0.09549113321531875,0.40864622074695944,0.17986620101848416,-0.3343271884165233,0.01183285417785858,0.05063769773816102,0.0222882529143103,-0.04142840005161379,0.2520686769811391,-0.07723049369901958,0.0312352759580098,-0.00957007356865174,0.25620777099244774,0.32943630319782974,0.09049574752275216,0.18245912755755972,0.29282203709513877,0.863522562459844,0.5781722997774914,68.07772380291465,64.60791117279668,68.07772380291465,83.34489937543373,88.82720333102012,31.852879944482996
"Richards, Trevor",670950,2023,1350,103.7603234659085,0.05136591220622059,0.09512205964114923,0.5830528191871736,0.5136591220622059,0.04318909771756841,0.03804882385645969,0.4292287326843507,-1.526153513808822,2.776252188740955,-1.09627458842931,0.03179472093958153,-0.11304840843028312,0.20564831027710775,-0.08120552506883777,-0.5484623905622357,0.8399888001558224,-0.04062684374535079,0.062221392604135,0.22406001992821717,0.33055752837510216,0.01151749103715478,0.23011241792798692,0.27730877415165966,0.8791850455174292,0.5782469098345444,68.00832755031229,72.31089521165856,68.00832755031229,83.48369188063845,78.48716169326856,54.753643303261626
"Olson, Reese",681857,2025,1075,103.75470250757243,0.040841344318427925,0.09497987050797191,0.46367138719119794,0.40841344318427925,0.04313222206429748,0.03799194820318876,0.4656537813762043,0.35913424641421443,0.10449207098622536,-0.46560871158544614,0.04331663082569342,0.03340783687574088,0.00972019264988142,-0.04331243828701824,0.41239401389520935,-0.1805583202996104,0.03836223385071714,-0.0167961228185684,0.24409201798747565,0.25956920448762466,0.08334623045167806,0.17801521185793423,0.25183061123755013,0.8693192788451939,0.560574945041372,67.93893129770993,68.97987508674531,67.93893129770993,52.87994448299792,56.41915336571826,40.59680777238029
"Cronin, Declan",686539,2024,1102,103.7420902895168,0.041726493318979686,0.0946608287635655,0.4739107511392149,0.41726493318979685,0.04300460536653492,0.0378643315054262,0.6457229014413315,-0.20364247346833508,-0.8006057439993128,0.8324360671655313,0.05859554459540213,-0.0184793533092863,-0.07265024900175251,0.07553866308217164,0.2210402139864982,0.01591516158310924,0.02005809564305791,0.00144420704020954,0.2981226518777896,0.21408958136249737,0.1664469769268624,0.09148587778497032,0.2561061166201435,0.8710335726440837,0.5635698446321136,67.86953504510757,69.32685634975712,67.86953504510757,59.12560721721027,60.99930603747398,43.16446911866759
"Cecconi, Slade",677944,2024,1291,103.73591407148882,0.04880217215868014,0.09450459364577872,0.5543826571337149,0.4880217215868014,0.04294211131942021,0.03780183745831149,-0.66741920675031,-0.08989885966229849,1.223385800968572,0.08831492257775153,-0.05169784715339349,-0.0069635057832919,0.0947626491842426,0.00684081507186301,-0.37865903320630423,0.6558503617731617,-0.0293306764683427,0.05080173212805281,0.1705548855598217,0.2197747145100605,0.04360454648874073,0.1123865955726228,0.1951648000349411,0.9220044289693182,0.5585846145021297,67.80013879250521,71.68632893823734,67.80013879250521,47.814018043025676,10.82581540596808,92.01943095072866
"Robertson, David",502085,2023,1098,103.71057462694434,0.04122489350455722,0.09386360087558564,0.4686891420405459,0.4122489350455722,0.04268571421134298,0.03754544035023426,-0.952262080887408,0.3307108103081191,1.6587907346408317,-0.5685503220209966,-0.08672696547244153,0.03011938163097624,0.15107383739898284,-0.05178053934617456,-0.31077563528964447,0.5451202063099174,-0.02830379192073265,0.04964664902640414,0.14036944243516722,0.2952205957622571,0.03744733148612675,0.2530629275170875,0.21779501909871218,0.8547448704983929,0.5362699447985525,67.73074253990285,69.04927133934767,67.73074253990285,7.772380291464261,24.011103400416378,22.20680083275503
"Brash, Matt",666374,2023,1292,103.58577928512686,0.04687724709141809,0.09070674746791425,0.5351848091997056,0.46877247091418095,0.04142297284827442,0.0362826989871657,0.272347086644686,0.02935987024284259,-0.5664207726472341,0.7998986249594111,0.02107949587033173,0.00227243577730979,-0.0438406170779593,0.06191165827859219,0.1508534784437643,0.1167389261560885,0.01167596582382076,0.00903552060031644,0.22403507551765403,0.1980520020525663,0.11616517907462837,0.08869786894189272,0.21104353878511017,0.8975684759917395,0.5543060073884248,67.66134628730049,70.99236641221374,67.66134628730049,38.02914642609299,18.52879944482998,76.96044413601666
"Matsui, Yuki",673513,2025,1063,103.5780749934182,0.03848564194742851,0.09051185782556095,0.4394975306178708,0.3848564194742851,0.0413450169913331,0.03620474313022438,0.06998962141778975,0.4556320995234273,0.2110108000296691,-0.2971349903530154,0.00658416005811756,0.04286285037849739,0.01985049859169041,-0.02795249203697228,0.26281086047060853,-0.04306209516167314,0.02472350521830748,-0.00405099672264093,0.2041425226622933,0.32476280956609865,0.08203412479561702,0.1936980313404763,0.264452666114196,0.8621339219319534,0.5632932940230747,67.59195003469813,68.35530881332407,67.59195003469813,58.36224843858432,68.21651630811935,30.326162387231086
"Littell, Zack",641793,2023,1353,103.57161918161614,0.04889663527919309,0.09034855003546391,0.5585142581327318,0.4889663527919309,0.04127969387529429,0.03613942001418557,0.30844766004156554,0.5667798955423677,-0.2373776184261942,-0.07933567902500727,0.02279731411984963,0.04189060573114321,-0.01754453942543933,-0.00586368655025922,0.43761377779196664,-0.1583566487256007,0.03234395992549642,-0.01170411298784927,0.24826169241284152,0.34989850964352415,0.1048448731354517,0.15116651227838532,0.29908010102818283,0.8719943072930815,0.5855372041606322,67.52255378209576,71.7557251908397,67.52255378209576,90.56210964607911,92.01943095072866,44.691186675919504
"Stroman, Marcus",573186,2023,2123,103.55250598960585,0.07631340731145783,0.08986505806813215,0.8722620871859164,0.7631340731145783,0.04108629708836158,0.03594602322725286,2.003076525174947,0.01076120623429233,-2.1731345649540117,1.0315589207306886,0.09435122586787316,5.068867750490971e-4,-0.10236149622958132,0.04858968067502065,1.0069188657046195,-0.5707878221116616,0.04742905632146112,-0.02688590777728033,0.33791238942275925,0.25053158272242754,0.18093679330484624,0.11021598790317914,0.2942219860725934,0.8544236093959873,0.5743227977342904,67.45315752949341,78.90353920888272,67.45315752949341,78.55655794587092,89.59056210964607,21.65163081193616
"Grove, Michael",675627,2024,860,103.54837657946922,0.03087764622870106,0.08976059950203795,0.35298281749254556,0.3087764622870106,0.0410445136619239,0.03590423980081518,-0.17473323482732894,0.3649830417934936,0.40575399140288937,-0.24302098087650847,-0.02031781800317778,0.04243988858063879,0.04718069667475458,-0.02825825359029168,0.09512490348308232,0.08136650526319045,0.0110610352887305,0.0094612215422314409,0.18878951644070183,0.30681113652229347,0.06663999101150715,0.16050671021858215,0.24780032648149763,0.8864266493849553,0.5671134879332265,67.38376127689105,64.74670367800138,67.38376127689105,66.6204024982651,51.70020818875781,64.8854961832061
"Taillon, Jameson",592791,2025,2114,103.53135107549498,0.07553737883035253,0.08932991820051148,0.8640391777273635,0.7553737883035252,0.04087224114131331,0.03573196728020459,0.04912131478550918,0.0814444358820765,0.6333421288965155,0.10013129816326229,0.00232361943167025,0.00385262232176331,0.02995941953152864,0.0047365798563511,0.06528287533379284,0.3667367135298889,0.00308812087671678,0.01734799969393987,0.2070922988255855,0.22261718810079492,0.0677794434831419,0.13150018227912671,0.21485474346319022,0.9003601871188657,0.5576074652910279,67.31436502428869,78.764746703678,67.31436502428869,45.80152671755725,21.721027064538514,79.66689798750868
"Ruiz, José",614179,2024,857,103.52553168332331,0.030571832794875076,0.08918270943662508,0.3497704749384525,0.30571832794875076,0.04081335763575875,0.03567308377465003,-0.2356799610224698,0.09927825957402092,0.4558758910609413,0.03029628532596007,-0.02750057888243521,0.01158439434936066,0.05319438635483562,0.00353515581399767,-0.06820085072422444,0.24308608819345068,-0.00795809226653727,0.02836477108441665,0.20012962577654173,0.36452609563485977,0.06841714289049565,0.13756648642605965,0.28232786070570076,0.8970081853417223,0.5896680230237116,67.24496877168633,64.53851492019432,67.24496877168633,92.6439972241499,81.95697432338653,76.47467036780013
"Scherzer, Max",453286,2023,2607,103.51868410050031,0.09281909753933876,0.0890094913112186,1.0621979149524918,0.9281909753933876,0.04074407038559616,0.03560379652448744,-0.6483315450732334,0.02327305168091698,1.4814477727331337,0.20580863561167465,-0.02486887399590462,8.927139118111614e-4,0.05682576803732772,0.00789446243236189,-0.3125292466961582,0.8436282041724041,-0.01198808004204672,0.0323601152348448,0.1805068771558858,0.23201359479248349,0.06327271479382746,0.12449534762064288,0.20626023597418464,0.9061159687927648,0.5561881023834747,67.17557251908397,81.3324080499653,67.17557251908397,42.05412907702984,16.0999306037474,83.62248438584317
"Cole, Gerrit",543037,2023,3279,103.50108851648791,0.11616105277764632,0.08856438912598834,1.330160107682218,1.1616105277764632,0.04056602951150406,0.03542575565039534,-0.26395574535268906,1.2781723974821944,1.293133303052571,-0.977189847499858,-0.00804988549413507,0.03898055497048473,0.0394368192452751,-0.0298014592101207,0.5071083260647526,0.15797172777635635,0.01546533473817483,0.0048176800175772,0.20584490570103436,0.29301539030071755,0.06541037581883605,0.12548984265561317,0.24943014800087596,0.9045498907627754,0.5769900193818257,67.10617626648161,85.01040943789036,67.10617626648161,81.81818181818183,53.71269951422624,82.44274809160305
"Olson, Reese",681857,2024,1999,103.44089224419652,0.06959850297103218,0.08704164953855947,0.7987391041938849,0.6959850297103217,0.03995693367653251,0.03481665981542379,0.5645730060045935,0.2302601933815822,0.10447653323149098,-0.10057062842378171,0.02824277168607271,0.01151876905360591,0.0052264398815153,-0.00503104694466141,0.39741659969308785,0.00195295240385462,0.01988077036983931,9.769646842694467e-5,0.22513644422015255,0.2377293311676956,0.08552138204563074,0.14138462729178206,0.23143288769392406,0.8865469953312937,0.5589899415126088,67.03678001387925,77.16863289382373,67.03678001387925,48.78556557945871,36.29424011103401,65.16308119361554
"Chapman, Aroldis",547973,2025,957,103.38963767418356,0.03282322482858907,0.0857451014330958,0.37742466913670114,0.3282322482858907,0.03943831443434704,0.03429804057323832,0.4403054392753915,0.2622388022182349,-0.13380856910043804,-0.1913110032564873,0.04600892782396986,0.02740217369051566,-0.01398208663536447,-0.01999070044477401,0.35127212074681324,-0.16255978617846267,0.03670555075724276,-0.016986393540069238,0.2528258051197461,0.2990827792492022,0.14416619098749292,0.16667890610989047,0.27595429218447415,0.8445774514513082,0.5602658718178912,66.96738376127689,65.64885496183206,66.96738376127689,52.185981956974324,77.3768216516308,13.115891741845939
"Englert, Mason",669438,2023,958,103.38730992423879,0.032834958776950855,0.08568621810269011,0.3775934113589301,0.32834958776950857,0.03941476110218477,0.03427448724107605,0.6175512722122676,0.36146914814207776,-0.15025756382965483,-0.4511694451657604,0.0644625545106751,0.03773164385616678,-0.01568450561896188,-0.04709493164569524,0.48951021017717267,-0.3007135044977076,0.05109709918342095,-0.03138971863232856,0.2791238908371563,0.28347705770748943,0.09732506229191629,0.19093355592797628,0.28130047427232285,0.8558706908900537,0.5685855825811883,66.89798750867453,65.71825121443442,66.89798750867453,69.18806384455239,80.98542678695351,23.59472588480222
"Johnson, Pierce",572955,2023,1123,103.31594737791269,0.037679351364602695,0.08388101372351445,0.43451878910627784,0.3767935136460269,0.0386926793505145,0.03355240548940578,0.15496936864815325,-0.9718411619701328,1.473487112392604,-0.2220965299643467,0.01379958759110892,-0.08653972947196197,0.1312098942468926,-0.01977707301552508,-0.4084358966609898,0.6256952912141287,-0.03637007094042652,0.05571641061568376,0.23238512679518572,0.1484073198851849,0.02737775503203659,0.1250874022141502,0.1903962233401853,0.9237674213769066,0.557081822358546,66.82859125607217,67.59195003469813,66.82859125607217,44.205412907702986,8.882720333102013,92.85218598195696
"Canning, Griffin",656288,2023,2068,103.30226762803062,0.06910012506109527,0.08353496743362579,0.7973021140586809,0.6910012506109526,0.03855426083455904,0.03341398697345032,-0.07491894437066549,0.8316156891855826,0.20111672721279208,-0.16051135796902827,-0.00362277293862018,0.04021352462212681,0.00972518023272688,-0.00776167108167448,0.37834837240745856,0.02030268462188189,0.01829537584175331,9.817545755262038e-4,0.2006270111477217,0.26945777577491764,0.08714414061042615,0.1473260064429919,0.23504239346131967,0.882764926473291,0.5589036599673053,66.75919500346981,76.96044413601666,66.75919500346981,48.64677307425399,40.11103400416378,60.37473976405274
"Urquidy, José",664353,2023,1251,103.29513667986993,0.04171063244724989,0.08335458122951614,0.48141115047496896,0.4171063244724989,0.03848210635291518,0.03334183249180646,-0.934825038887766,0.41417176637605735,0.5407540187716222,0.4613104042150553,-0.07472622213331462,0.03310725550568005,0.04322574090900257,0.03687533207154718,-0.2603266362558543,0.5010322114933388,-0.02080948331381729,0.04005053649027488,0.1674556196939871,0.27570772751979056,0.06786059791905305,0.11484287513674044,0.22158167360688882,0.9086482634721033,0.565114968539496,66.68979875086745,69.25746009715475,66.68979875086745,62.387231089521165,27.342123525329633,85.21859819569744
"Morejon, Adrian",670970,2024,1118,103.28004214354291,0.037105412081236286,0.082972746156610655,0.4285223825795583,0.3710541208123629,0.03832937232375298,0.03318909846264426,-0.21458550924535305,0.35042530373857517,-0.33960370618615343,0.6322862942724896,-0.01919369492355572,0.03134394487822676,-0.03037600234223197,0.05655512471131391,0.06791989724661107,0.1463412940431681,0.00607512497733551,0.01308956118454097,0.20097635296290753,0.28629528635316454,0.09444414916943247,0.10421805702022773,0.24363581965803605,0.9006688969051699,0.572152358281603,66.6204024982651,67.31436502428869,66.6204024982651,75.29493407356003,48.369188063844554,80.08327550312283
"Henry, Cole",669371,2025,965,103.27153875095429,0.03194444991370133,0.08275764226347494,0.3690481418967124,0.3194444991370133,0.0382433307664987,0.03310305690538998,-0.1889223968642,-0.6366371725789577,0.1709710105975546,1.0236367007423155,-0.0195774504522487,-0.06597276399781946,0.01771720317073104,0.1060763420458358,-0.4127797847215789,0.597303855669935,-0.04277510722503408,0.06189677260828342,0.21096664942529575,0.15934516046727176,0.07735688326908473,0.07041730314560078,0.18515590494628376,0.9261129067926572,0.5556344058694704,66.55100624566273,65.09368494101318,66.55100624566273,41.013185287994446,7.009021512838307,94.0319222761971
"Francis, Bowden",670102,2024,1558,103.21251747622851,0.050644114736913125,0.0812646257010801,0.586526614125205,0.5064411473691313,0.03764612414154076,0.03250585028043204,-0.6646341610348827,-0.11550711549261904,1.734680648226231,-0.36801275757352414,-0.04265944550929928,-0.00741380715613729,0.11134022132389158,-0.02362084451691426,-0.3900706382637509,0.6833339453263534,-0.02503662633271828,0.04385968840348867,0.15217326510268414,0.22038540751534025,0.03819418105647488,0.16461737367246526,0.1862793363090122,0.8985942226355299,0.5424367794722711,66.48160999306037,72.03331020124914,66.48160999306037,14.781401804302568,7.425399028452463,78.14018043025676
"Warren, Will",701542,2024,529,103.20629891596437,0.01716230880276334,0.0811073194837587,0.19881513675289852,0.1716230880276334,0.0375832016546122,0.03244292779350348,0.22642401943375037,-0.25186273486178834,-0.14870142628706162,0.37295527846799814,0.0428022721046787,-0.0476111029984477,-0.02810991045124038,0.07050194299962158,-0.01271935771401899,0.11212692609046826,-0.00240441544688449,0.02119601627419059,0.3004965992197157,0.20234170667548695,0.10675431494091658,0.10940637609425338,0.2514191529476013,0.8919196544824151,0.5716694037150082,66.41221374045801,59.333795975017345,66.41221374045801,74.04580152671755,55.933379597501734,71.96391394864678
"Bummer, Aaron",607481,2025,932,103.14259230644707,0.029636027361688678,0.07949578154959407,0.34426762600242,0.29636027361688677,0.03693858648094635,0.03179831261983763,0.514823702902504,-0.9020206284349116,-0.01853723978592825,0.7500017913207557,0.05523859473202833,-0.09678332923121367,-0.00198897422595796,0.08047229520608967,-0.19359846276620377,0.36573227576741374,-0.02077236724959267,0.03924166049006585,0.31553738739974607,0.14138637845013552,0.07958019723493832,0.08819777316511405,0.2284618829249408,0.9161110147999738,0.5722864488624573,66.34281748785565,64.1915336571825,66.34281748785565,75.71131158917417,33.865371269951424,89.59056210964607
"Moore, Matt",519043,2023,824,103.08195486504086,0.02569623632058941,0.07796188204062321,0.2993182198214299,0.2569623632058941,0.036325026677358,0.031184752816249283,-0.1371133654829464,-0.1624345195800743,0.819911106881591,-0.2210450019971404,-0.01663997153919252,-0.01971292713350415,0.09950377510698918,-0.02682584975693451,-0.14977394253151033,0.2994330524422253,-0.01817644933634834,0.03633896267502734,0.1880962307490513,0.28014517933444005,0.04279928270550991,0.17444596368727627,0.23412070504174567,0.8913773768036068,0.5627490409226763,66.2734212352533,62.526023594725885,66.2734212352533,57.11311589174185,38.79250520471895,71.26995142262318
"Moreta, Dauri",664294,2023,961,103.07450614902467,0.029896117064279675,0.07777345750332901,0.3483592024480515,0.29896117064279676,0.03624965686244032,0.031109383001331602,-0.43289692891085,0.29168377339965446,0.7666125862706679,-0.27704022831142083,-0.04504650665045265,0.03035210961494843,0.0797723815057927,-0.02882832760784816,-0.07060657775559775,0.24478617897962351,-0.0073471985177521,0.02547202694897227,0.15743316718405248,0.3445017647843364,0.06247158440326866,0.2704146690651668,0.25096746598419445,0.8335568732657823,0.5422621696249884,66.20402498265094,64.3997224149896,66.20402498265094,14.434420541290772,55.23941707147814,5.898681471200555
"Gordon, Tanner",685299,2024,606,103.06841562335883,0.01881494015549793,0.07761939008043701,0.21929946115329813,0.1881494015549793,0.03618802989328352,0.031047756032174804,0.25672495819344476,0.20263169854843,-0.10192043640864767,-0.13813675917992896,0.04236385448736712,0.03343757401789274,-0.01681855386281314,-0.02279484474916319,0.22967832837093735,-0.12002859779428832,0.03790071425262993,-0.01980669930598817,0.27099866782951315,0.32141520749356767,0.10387972493292956,0.1496396574648398,0.2962069376615404,0.8732403088011154,0.5847236232313279,66.13462873004858,60.02775850104094,66.13462873004858,89.79875086745317,90.21512838306731,46.42609299097848
"Molina, Anthony",683627,2025,608,103.05984382058865,0.018824301538132037,0.07740255566666134,0.2194958804568614,0.18824301538132038,0.03610129612777325,0.030961022266664532,0.2790732150024269,0.276118816183498,0.00364476911533984,-0.3393409198444033,0.04590019983592548,0.04541427897754901,5.994686044966843e-4,-0.0558126512901979,0.27759601559296243,-0.16784807536453172,0.04565723940673724,-0.02760659134285061,0.2456441587350084,0.33783717538886415,0.08544632995596647,0.19603947459483637,0.29174066706193624,0.8592570977245986,0.5754988823932674,66.06523247744622,60.0971547536433,66.06523247744622,80.08327550312283,88.41082581540597,26.995142262317835
"Glasnow, Tyler",607192,2023,1991,102.98892072356277,0.06021458367960739,0.07560846770417803,0.7044886893707485,0.6021458367960739,0.03538366094277993,0.03024338708167121,-1.0826670879789615,0.7114533781941645,1.6870312979070263,-0.6113288987514807,-0.05437805564937025,0.03573346952255975,0.08473286277785165,-0.03070461570826121,-0.1856068548923986,0.5378511995777728,-0.00932229306340525,0.02701412353479522,0.16822237916292862,0.37292809872674926,0.05486877378464049,0.27217639172229957,0.2705752389448389,0.8364774172465299,0.5535263280956844,65.99583622484386,74.46217904233171,65.99583622484386,36.29424011103401,73.42123525329633,7.494795281054822
"Gusto, Ryan",687473,2025,1759,102.96935526053947,0.05284988321121018,0.0751135349789798,0.6189162493290041,0.5284988321121018,0.03518568785270063,0.030045413991591916,-0.43327452887524487,0.48934017507235694,0.7103693035328433,-0.14751870040095127,-0.02463186633742154,0.02781922541627953,0.04038483817696665,-0.008386509403124,0.02803282309855603,0.28142530156594603,0.00159367953942899,0.01599916438692132,0.19694459051987767,0.2516943116606876,0.07562337739712077,0.14335634367606806,0.22431945109028265,0.8905101394634056,0.5574147952768441,65.9264399722415,72.7966689798751,65.9264399722415,45.385149201943094,29.701596113809853,70.43719639139486
"Stratton, Chris",608717,2023,1432,102.96594214015721,0.042975577784732974,0.07502719585323493,0.5033644995384066,0.4297557778473297,0.03515115220240269,0.030010878341293973,-0.20958692933982093,-0.39936452003621525,1.318022151194782,-0.2057062022803393,-0.01463595875278079,-0.02788858380141167,0.0920406530163954,-0.01436495825980023,-0.3044757246880181,0.5561579744572214,-0.02126227127709623,0.03883784737829758,0.1877486139011586,0.2262745954066088,0.0435365582598654,0.14207093810000643,0.20701160465388369,0.907196251820064,0.5571039282369739,65.85704371963914,69.95142262317835,65.85704371963914,44.344205412907705,16.30811936155448,84.52463566967384
"Stanek, Ryne",592773,2024,1127,102.93417281890142,0.03345997695007981,0.07422355135332698,0.3925306559154933,0.33459976950079806,0.03482969440243951,0.02968942054133079,-0.23510927932090908,0.4137186503476187,0.4015985261106607,-0.187677241221877,-0.02086151546769379,0.03670972940085348,0.03563429690422898,-0.01665281643494915,0.0893046855133548,0.10696064244439184,0.00792410696657983,0.00949074023463991,0.19768358894484717,0.32994735057816577,0.06957478352882536,0.19156113754497467,0.2638154697615065,0.8694320394631,0.5666237546123032,65.78764746703678,66.2734212352533,65.78764746703678,65.23247744621791,67.73074253990285,40.73560027758501
"Soroka, Michael",647336,2024,1442,102.92994220926384,0.04275041613055947,0.07411653281997135,0.5016269103827824,0.4275041613055947,0.03478688698909726,0.029646613127988542,0.14467230919791518,0.257982213143805,0.3504477899600431,-0.2514754019189809,0.01003275375852393,0.01789058343577011,0.02430289805548149,-0.01743934826067828,0.20132726117086008,0.04948619402053111,0.01396166859714702,0.0034317748974016,0.22650581968879088,0.23713083483330472,0.07095037472804541,0.1356068500358066,0.23181832726104779,0.896721387618074,0.5642698574395608,65.71825121443442,69.88202637057599,65.71825121443442,60.72172102706453,36.50242886884108,76.1970853573907
"Elder, Bryce",693821,2024,864,102.9274618187772,0.02559298922168316,0.07405378825718506,0.30034185837681093,0.2559298922168316,0.03476178916398274,0.029621515302874022,0.29969446473069183,0.5374972098870785,-0.35243604504614723,-0.18441377119481217,0.03468685934383007,0.06221032521841187,-0.04079120891737815,-0.02134418648088103,0.4185958373088852,-0.2684249081204797,0.04844859228112096,-0.03106769769912959,0.24758624004593496,0.3339870815243684,0.10208062210002215,0.1461477674995268,0.2907866607851517,0.8758858052002255,0.5833362329926886,65.64885496183206,62.387231089521165,65.64885496183206,88.54961832061069,87.30048577376822,49.75711311589174
"Adam, Jason",592094,2023,902,102.89479631087661,0.026420472475350974,0.07322747360130533,0.31056999498071036,0.26420472475350976,0.03443126330163085,0.029290989440522133,-0.35760587230691954,-0.505995307565172,0.27679851752333207,0.8973726573294698,-0.03964588384777378,-0.05609704075001906,0.03068719706467096,0.09948699083475274,-0.43180058993604575,0.5870855874264009,-0.04787146229889642,0.06508709394971185,0.16727640775238828,0.19584790542440497,0.06775329500304826,0.08362348097519212,0.18156215658839664,0.9243116120108799,0.5529368842996383,65.5794587092297,62.94240111034004,65.5794587092297,35.32269257460097,6.176266481609993,92.9909784871617
"Mlodzinski, Carmen",669387,2023,614,102.87502845586913,0.0178618546268525,0.07272742111910627,0.21017982777573252,0.178618546268525,0.03423124230875122,0.029090968447642505,0.05710971643475204,-0.0702414892230081,-0.12446590631407162,0.3477775068780602,0.00930125674833095,-0.01143998195814464,-0.02027132024659147,0.05664128776515638,-0.00656588639412802,0.11165580028199427,-0.00106936260490684,0.01818498375928245,0.233917905634111,0.2299465999390603,0.09069564310415797,0.09652531999799076,0.23193225278658564,0.9063895184489257,0.5691608856177557,65.51006245662734,59.68077723802915,65.51006245662734,70.43719639139486,36.57182512144344,83.83067314365024
"Koch, Matt",571863,2023,562,102.80910756641525,0.01597425882535295,0.0710598702195416,0.1886309273529605,0.1597425882535295,0.03356422194892536,0.028423948087816644,0.19476831318752377,0.16555431207780202,-0.4000180772727618,0.2283263793603965,0.03465628348532451,0.02945806264729573,-0.0711775938207761,0.04062746963708122,0.18016131263266288,-0.08584584895618264,0.03205717306631012,-0.01527506209184744,0.24707808647970855,0.3116807714507862,0.15098708402868918,0.08822135373894074,0.27937942896524737,0.880395781116185,0.5798876050407162,65.44066620402498,58.70922970159611,65.44066620402498,85.28799444829978,79.87508674531576,56.557945870922964
"Buttó, José",676130,2024,1356,102.79466549459171,0.038344718521964756,0.07069454004787011,0.45314929877628174,0.38344718521964755,0.03341808988025676,0.028277816019148045,0.4751415053027017,0.8946112072044343,-0.5649057902833192,-0.3516976234475351,0.03503993401937328,0.06597427781743616,-0.04165971904744242,-0.02593640290911025,0.684876356253568,-0.4583017068654271,0.05050710591840472,-0.03379806097827634,0.2527073758651364,0.298058223694964,0.10779736497351866,0.1525462677209928,0.2753827997800502,0.8698281836527443,0.5726054917163972,65.37126995142263,68.07772380291465,65.37126995142263,76.26648160999306,77.02984038861902,41.429562803608604
"Bradish, Kyle",680694,2024,674,102.78805129941034,0.01901414006305626,0.07052722575317602,0.22478684645443536,0.19014140063056262,0.03335116416237913,0.02821089030127041,-0.09043232035264737,0.00504339842245826,-0.00225887627811971,0.3124346446627442,-0.01341725821255895,7.48278697694105e-4,-3.3514484838571433e-4,0.0463552885256297,-0.04269446096509455,0.15508788419231223,-0.00633448975743242,0.02301007183862199,0.21082678645495345,0.2965646440627991,0.08082821542429751,0.09371347574429252,0.25369571525887624,0.912729154415705,0.5832124348372907,65.30187369882027,60.23594725884802,65.30187369882027,88.27203331020125,58.63983344899375,87.57807078417765
"Bazardo, Eduard",660825,2025,1344,102.78287376127565,0.03784502587384535,0.0703962534855754,0.4475355394317546,0.37845025873845345,0.03329877525533888,0.02815850139423016,-0.6210997569341998,-1.7421935488364395,0.2617364018280739,2.5490924433743203,-0.04621277953379463,-0.1296274961931875,0.01947443465982692,0.18966461632249407,-1.1816466528853198,1.405414422601197,-0.08792013786349105,0.1045695254911605,0.17283548450995417,0.09757025749717764,0.05549856064770082,0.05436597708325268,0.1352028710035659,0.9450677311345232,0.5401353010690446,65.23247744621791,67.73074253990285,65.23247744621791,11.589174184594032,0.6939625260235947,97.91811242192921
"Helsley, Ryan",664854,2025,979,102.7750806883438,0.02748997461339901,0.07019911801174417,0.32522302723424446,0.2748997461339901,0.03321992106580638,0.028079647204697664,-0.6578087995798114,0.2218965423271584,0.938761630918748,-0.17762634643185038,-0.06719191006943936,0.02266563251554222,0.09588984994062796,-0.01814365132092445,-0.21795612862632652,0.38056764224344874,-0.02226313877694857,0.03887309930985176,0.162360346638021,0.3865903660596175,0.0407200987240487,0.2490591788230135,0.27447535634881925,0.8551103612264689,0.5647928587876441,65.16308119361554,63.428174878556554,65.16308119361554,62.04024982650937,76.05829285218599,22.48438584316447
"Cuas, Jose",621016,2023,1166,102.76800332819047,0.03265736875540334,0.07002008738294027,0.3865092807745611,0.32657368755403343,0.03314830881428483,0.028008034953176112,0.8186102617478355,0.3251208655024129,-0.7361158555422946,-0.0211059909333926,0.07020671198523461,0.02788343614943507,-0.06313172002935631,-0.00181011929102852,0.5718655636251242,-0.3786109232378436,0.04904507406733484,-0.03247091966019242,0.3874395276415963,0.23173030623661572,0.12508384181603968,0.12707565017661243,0.309584916939106,0.8739202540036739,0.59175258547139,65.09368494101318,65.51006245662734,65.09368494101318,93.75433726578764,95.41984732824427,47.12005551700208
"Floro, Dylan",571670,2023,957,102.75447296913283,0.026672669541854554,0.06967782011978724,0.315919116269356,0.26672669541854555,0.03301140190902361,0.027871128047914893,0.5916480233618131,0.15982481764876866,0.00467596574969775,-0.44022969049092353,0.0618231999333138,0.01670060790478251,4.886066614104235e-4,-0.04600101259048313,0.3757364205052909,-0.2177768623706129,0.03926190391904816,-0.02275620296453635,0.317899271124376,0.32511932413685757,0.09812682091241234,0.175812256873305,0.32150929763061675,0.8630304611071413,0.592269879368879,65.02428868841082,63.15058986814712,65.02428868841082,94.0319222761971,98.05690492713394,31.5058986814712
"Ort, Kaleb",672391,2025,788,102.70517333504203,0.021569364378246293,0.06843072455027377,0.2561990018079996,0.21569364378246292,0.03251256368121822,0.027372289820109506,-0.06472887677546169,0.1196329919857817,0.3026942254164169,-0.1013993388187373,-0.00821432446389107,0.01518185177484539,0.03841297276858082,-0.01286793639831691,0.02745205760516,0.1006474432988398,0.00348376365547715,0.01277251818513195,0.1936012614391274,0.24195347025014735,0.06548563227189569,0.11347895832712256,0.21777736584463736,0.9105177047004909,0.5641475352725641,64.95489243580846,61.20749479528106,64.95489243580846,60.4441360166551,23.941707147814018,85.84316446911868
"Alcala, Jorge",660896,2024,984,102.67290733999367,0.02661307352474119,0.06761451606895628,0.31671103004072165,0.2661307352474119,0.03218608028869123,0.027045806427582513,0.14416791629992076,0.2356718570154044,-0.18063556831612004,0.11750682504151656,0.0146512110060895,0.0239503919731102,-0.01835727320285772,0.01194175051234924,0.18991988665766257,-0.03156437163730175,0.01930080148959985,-0.00320776134525424,0.2278939797700426,0.24150337423001875,0.1150500267547845,0.1252351616166808,0.23469867700003066,0.8798574058142674,0.557278041407149,64.8854961832061,63.08119361554476,64.8854961832061,44.760582928521856,39.69465648854962,55.517002081887576
"Bradish, Kyle",680694,2023,2714,102.6664504059495,0.07322500088896325,0.06745117989034934,0.871757041480123,0.7322500088896324,0.03212074581724845,0.026980471956139732,-0.21449269706045015,0.7159505189424635,-0.37140916823955195,0.7417083878376616,-0.00790319443848379,0.02637990121379747,-0.0136849361915826,0.02732897523351737,0.2507289109410067,0.1851496097990548,0.00923835338765684,0.00682201952096738,0.2144974350855603,0.27230223619636507,0.09346773781801454,0.12319195458141592,0.24339983564096268,0.8916701538002848,0.5675349947206237,64.81609993060374,77.86259541984732,64.81609993060374,67.80013879250521,48.160999306037475,71.68632893823734
"Gallen, Zac",668678,2024,2587,102.6379169557358,0.06905157357256372,0.06672939077364101,0.8234946205125198,0.6905157357256373,0.03183203017056512,0.026691756309456405,-2.1212818581507236,0.5707424391907807,3.7451970303086455,-1.3711629908361829,-0.08199775253771642,0.02206194198650099,0.1447698890726187,-0.05300204835083815,-0.7752697094799714,1.1870170197362313,-0.02996790527560771,0.04588392036089027,0.15803629547477513,0.2852276516631178,0.04110113821250785,0.195613073345111,0.22163197356894648,0.8816428942211906,0.5516374338950685,64.74670367800138,76.8910478834143,64.74670367800138,32.68563497571132,27.480916030534353,58.57043719639139
"Skubal, Tarik",669373,2023,1217,102.63623818539422,0.03246319469548816,0.06668692418958128,0.38718907984457474,0.3246319469548816,0.03181504353694123,0.026674769675832512,0.6380950384127573,0.4319460985798287,-0.05543338113056961,-0.6274186760174416,0.05243180266333256,0.03549269503531871,-0.00455492038870744,-0.0515545337730026,0.535020568496293,-0.3414260285740056,0.04396224884932563,-0.02805472708085502,0.24650545888099443,0.3111845433949112,0.09351179352006118,0.18398489787161768,0.2788450011379528,0.8612516543041606,0.5700483277210567,64.67730742539904,65.44066620402498,64.67730742539904,71.82512144344206,79.31991672449688,29.562803608605137
"López, Jorge",605347,2024,816,102.62146967695845,0.021644673000222357,0.06631333639774005,0.2583913647088707,0.21644673000222356,0.03166560842020474,0.02652533455909602,0.159005443472779,0.08797874360880087,-0.31637286533577935,0.3277800429630702,0.01948596120989939,0.01078170877558834,-0.03877118447742394,0.04016912291214095,0.12349209354078994,0.00570358881364541,0.01513383499274386,6.989692173585062e-4,0.22758763837537616,0.2196979459972457,0.11654189241870835,0.1143217947856395,0.22364279218631095,0.884568156397826,0.5541054742920685,64.60791117279668,61.27689104788342,64.60791117279668,37.473976405274115,29.424011103400417,62.87300485773768
"Mazur, Adam",800049,2024,584,102.57034126328526,0.015188667228444395,0.06501997957382015,0.18190587163331884,0.15188667228444394,0.03114826569063678,0.026007991829528062,0.0247791439521734,0.2815579108628299,0.3324197817450454,-0.45685096492672983,0.00424300410139955,0.0482119710381558,0.05692119550428859,-0.07822790495320717,0.15316852740750164,-0.06221559159084222,0.02622748756977767,-0.01065335472445928,0.20853918823161932,0.2989490977360011,0.06129822094250867,0.2277284888506589,0.2537441429838102,0.8554866451034162,0.5546153940436132,64.53851492019432,58.431644691186676,64.53851492019432,39.00069396252602,58.848022206800835,22.900763358778626
"Gibaut, Ian",664139,2023,1212,102.57013328201285,0.03151913549429229,0.06501471842882073,0.3774914741395605,0.3151913549429229,0.03114616123263701,0.026005887371528293,0.398589454341618,0.2435507178474836,-0.7552699674210999,0.4906212693715588,0.03288691867505099,0.02009494371678907,-0.062316003912632,0.04048030275342894,0.3210700860945508,-0.13232434902477053,0.02649093119592003,-0.01091785057960153,0.25169375878955835,0.3134974584439156,0.12805168453422996,0.10303923676406132,0.28259560861673694,0.8844545393508544,0.5835250739837956,64.46911866759196,64.95489243580846,64.46911866759196,88.96599583622485,82.30395558639833,62.456627342123525
"Minter, A.J.",621345,2023,1088,102.53238615193868,0.02787885012278059,0.0640598578188892,0.3347146808366688,0.2787885012278059,0.0307642169886644,0.025623943127555684,0.16761487843172063,0.1702542819421069,0.1663812736383079,-0.16953575317546665,0.01540577926762138,0.01564837150203188,0.01529239647410918,-0.01558233025509803,0.16893458018691376,-0.00157723976857937,0.01552707538482663,-1.4496689049442785e-4,0.22961535203919095,0.26517613070829577,0.08675612881446411,0.15220443508957118,0.24739574137374337,0.8805197180479823,0.5639577297108629,64.3997224149896,63.56696738376127,64.3997224149896,60.02775850104094,51.14503816793893,56.83553088133241
"Holmes, Grant",656550,2024,1024,102.52732418975106,0.02618646904366607,0.06393180918863788,0.314501094774414,0.2618646904366607,0.03071299753656387,0.025572723675455152,0.3802652106567166,0.5497284529856188,0.12938450847514105,-0.7448770773430624,0.03713527447819498,0.05368441923687683,0.01263520590577549,-0.07274190208428344,0.4649968318211677,-0.3077462844339607,0.04540984685753591,-0.03005334808925397,0.2417445202139376,0.33414089887451287,0.06939080438705275,0.2176474115290457,0.28794270954422524,0.8564808920419508,0.572211800793088,64.33032616238722,62.87300485773768,64.33032616238722,75.43372657876475,85.84316446911868,24.219292158223457
"Shreve, Chasen",592741,2023,741,102.52476868740446,0.018930227580895576,0.06386716457792031,0.22739170511977136,0.18930227580895576,0.03068713969227684,0.025546865831168122,0.5751723648909319,0.08722859089994017,-0.02388124143976711,-0.4111280092313336,0.0776211018746197,0.01177173966261001,-0.00322283960050838,-0.05548286224444448,0.33120047789543605,-0.21750462533555037,0.04469642076861485,-0.02935285092247643,0.27355368729097845,0.2486889155073064,0.09132663314378288,0.19823886105139732,0.2611213013991424,0.8552172529024099,0.5581692771507761,64.26092990978486,60.16655100624566,64.26092990978486,46.84247050659264,65.71825121443442,22.623178348369187
"Phillips, Evan",623465,2024,1030,102.51174841817556,0.02617757387665794,0.06353780067149986,0.3147205595359992,0.2617757387665794,0.03055539412970866,0.025415120268599944,-0.02453534253072575,-0.8369823083130541,-0.0354603417808903,1.2116985521606694,-0.00238207209036172,-0.08126041828282078,-0.00344275162921265,0.11764063613210382,-0.4307588254218899,0.5881191051898895,-0.04182124518659125,0.05709894225144558,0.2189184448122837,0.17742054307098712,0.09556811585679915,0.07209978902618165,0.1981694939416354,0.9161660475585096,0.5571677707500725,64.1915336571825,62.80360860513532,64.1915336571825,44.41360166551006,12.005551700208189,89.65995836224843
"Roycroft, Chris",688297,2024,591,102.49916764472475,0.01494510265011007,0.0632195543574876,0.17983004502025324,0.1494510265011007,0.03042809560410376,0.025287821742995042,0.02356253287780418,-0.04989109155712867,-0.37496962768136655,0.5811282313809443,0.00398689219590595,-0.00844180906211991,-0.06344663750953748,0.0983296499798552,-0.01316427933966224,0.10307930184978886,-0.00222745843310697,0.01744150623515886,0.2788945440448489,0.20429210961479696,0.15302413180111263,0.08146598406565941,0.24159332682982293,0.882754942066614,0.5621741344482185,64.12213740458014,58.36224843858432,64.12213740458014,55.79458709229702,46.56488549618321,60.23594725884802
"Hanifee, Brenan",669724,2025,957,102.48128220774205,0.024027253528656922,0.06276711998081745,0.28946495613737966,0.24027253528656922,0.0302471218534357,0.025106847992326983,1.0939950364818287,-0.04371633754999493,-0.9312976642779917,0.17048392148353742,0.11431505083404687,-0.00456806035005171,-0.09731428048881834,0.01781441185825887,0.5251393494659169,-0.38040687139722706,0.05487349524199758,-0.03974993431527973,0.33468239178562403,0.24129212010920165,0.1517022115394484,0.14148844297881083,0.2879872559474128,0.8534046727408704,0.5706959643441416,64.05274115197778,61.970853573907014,64.05274115197778,72.72727272727273,85.91256072172104,21.02706453851492
"Anderson, Tyler",542881,2025,2339,102.44969137774272,0.05797725204210284,0.06196799063927196,0.7000035260323614,0.5797725204210284,0.0299274701168175,0.024787196255708785,0.46456966789327225,0.3153220726244399,-0.1779481583101017,0.09805994382475092,0.01986189259911382,0.0134810633871073,-0.00760787337794363,0.00419238750854001,0.3899458702588561,-0.03994410724267538,0.01667147799311056,-0.00170774293470181,0.24874373339691808,0.36309770198099495,0.11641174966056178,0.15001554161842373,0.3059207176889565,0.8667863543605072,0.5863535360247318,63.98334489937544,73.9764052741152,63.98334489937544,90.77029840388619,94.5176960444136,36.9882026370576
"Blubaugh, AJ",805123,2025,507,102.42725153436085,0.01245199034876102,0.06140034688738176,0.1505810919634314,0.12451990348761019,0.02970041261606142,0.024560138754952703,-0.10442490067089238,-0.2831949454757705,0.3895960946983905,0.14860484341170377,-0.02059662735126082,-0.05585699121810069,0.0768434111831145,0.02931062000230843,-0.19380992307333145,0.26910046905504714,-0.03822680928468076,0.05307701559271147,0.20287450007360197,0.1765908493223845,0.04762224121417187,0.12094532162887714,0.18973267469799324,0.9157162185784755,0.5527244466382344,63.91394864677308,57.66828591256073,63.91394864677308,34.97571131158917,8.605135322692574,89.31297709923665
"Maeda, Kenta",628317,2023,1764,102.38772705237291,0.042618611110245175,0.06040052594989394,0.5168605420124095,0.42618611110245175,0.02930048424106629,0.024160210379957574,0.566191613963781,0.5846023004060044,-0.6092091260131838,-0.02472424634419212,0.03209703027005561,0.03314071997766465,-0.03453566473997641,-0.00140160126667755,0.5753969571848927,-0.31696668617868795,0.03261887512386013,-0.01796863300332698,0.24969728119072587,0.274926774815536,0.10770407249107672,0.14831668481836002,0.2623120280031309,0.8719896213452816,0.5671508246742063,63.84455239417072,69.74323386537127,63.84455239417072,66.75919500346981,66.6204024982651,44.621790423317144
"Walker, Taijuan",592836,2023,2824,102.37494317434872,0.0678631394372057,0.06007714185305037,0.8237927282097672,0.6786313943720571,0.02917113060232886,0.024030856741220144,1.53846017862179,1.4777971877256275,-1.3002223975736342,-0.8922422405640162,0.05447805165091324,0.05232992874382534,-0.0460418696024658,-0.03159498018994392,1.5081286831737089,-1.0962323190688252,0.05340399019736929,-0.03881842489620486,0.25763307230194454,0.30191255989570687,0.1243197939664105,0.17231294067606245,0.2797728160988257,0.8516836326787636,0.5657282243887947,63.77515614156836,76.47467036780013,63.77515614156836,63.91394864677308,80.1526717557252,19.36155447605829
"Anderson, Justin",605121,2024,945,102.3653236278138,0.02261717770690779,0.059833803457428,0.2747473650565553,0.2261717770690779,0.02907379524407992,0.023933521382971203,0.2480365159927942,-0.4411041937282789,0.01647264233452006,0.45134240045751994,0.02624725036960785,-0.04667769245801893,0.00174313675497566,0.04776110057751533,-0.09653383886774236,0.23390752139602,-0.01021522104420554,0.0247521186662455,0.249725140901725,0.2011888084401156,0.093525805303658,0.10859202110999432,0.2254569746709203,0.8989410867931739,0.562199030732047,63.70575988896599,61.55447605829285,63.70575988896599,55.933379597501734,30.950728660652327,78.48716169326856
"Junis, Jakob",596001,2025,1054,102.34527200655324,0.02501208307345438,0.05932657275487281,0.30429931723062964,0.2501208307345438,0.02887090296305784,0.023730629101949122,0.5859066537194622,-0.23918188051220568,-1.3687899499691412,1.3263644939925143,0.05558886657679907,-0.02269277803721116,-0.12986621916215765,0.12584103358562754,0.17336238660362824,-0.02121272798831341,0.01644804426979395,-0.00201259278826503,0.30464259004494054,0.181570925426398,0.1840106142037123,0.07992974348159314,0.24310675773566925,0.8680298211573473,0.5555682894465083,63.63636363636363,62.248438584316446,63.63636363636363,40.66620402498265,47.883414295628036,38.86190145732131
"Severino, Luis",622663,2023,1630,102.34017995178802,0.03859694140782533,0.059197762895437614,0.4697558780143254,0.3859694140782533,0.02881937901928376,0.023679105158175045,0.44030532128459754,0.4391130422518472,-0.6050525694021758,0.1953900838800564,0.02701259639782807,0.0269394504448986,-0.03711978953387581,0.0119871217104329,0.4397091817682224,-0.20483124276105968,0.02697602342136334,-0.01256633391172145,0.23864989688043323,0.3024607771233199,0.10378192134158833,0.12910025000407263,0.27055533700187656,0.8835589143271695,0.577057125664523,63.56696738376127,68.42470506592645,63.56696738376127,81.88757807078417,73.35183900069396,61.48507980569049
"Abbott, Andrew",671096,2025,2674,102.33613958447512,0.06320860753010454,0.05909555677833258,0.7695369983470925,0.6320860753010454,0.02877849657244175,0.023638222711333035,0.02154693988387634,0.5200248394808114,-0.00411814444785818,0.23208336343026303,8.057943112893175e-4,0.01944745099030708,-1.5400689782566138e-4,0.00867925816867101,0.27078588968234385,0.11398260949120242,0.0101266226507982,0.00426262563542267,0.22536203493057536,0.24865888126439264,0.08691892145776876,0.11987485451246348,0.237010458097484,0.8966031120148839,0.566806785056184,63.497571131158914,75.29493407356003,63.497571131158914,65.64885496183206,41.360166551006245,75.98889659958363
"Sands, Cole",663485,2025,1143,102.32448364952394,0.02688368251098342,0.05880070540460066,0.32759015534230684,0.2688368251098342,0.02866055602294898,0.023520282161840263,0.25736222029343025,0.2313491419922684,-0.4860577942903319,0.3249365873469401,0.02251637972820912,0.02024051985934107,-0.04252474140772808,0.02842839784312686,0.2443556811428493,-0.08056060347169591,0.02137844979377509,-0.0070481717823006,0.24267105682986825,0.2344450670799111,0.11578702872837096,0.12253496405592595,0.23855806195488968,0.8808390036078515,0.5596985327813706,63.428174878556554,63.28938237335184,63.428174878556554,50.79805690492714,43.65024288688411,57.32130464954892
"Hicks, Jordan",663855,2023,1108,102.31610408968143,0.025966526915366817,0.05858873401481683,0.31661950353475277,0.25966526915366817,0.02857576746703545,0.023435493605926734,-0.2124616709959355,-0.22668377878108004,-0.33482422635779585,1.090589179669564,-0.01917524106461511,-0.02045882479973646,-0.03021879299258085,0.09842862632396789,-0.21957272488850776,0.37788247665588415,-0.01981703293217579,0.03410491666569351,0.2184339801731196,0.2009255505844999,0.11054627516367152,0.0725202596673,0.20967976537880975,0.9084667325845143,0.559073248981662,63.358778625954194,62.66481609993061,63.358778625954194,48.924358084663425,17.696044413601665,84.941013185288
"Yarbrough, Ryan",642232,2025,1017,102.31449818555993,0.0238173714215464,0.05854811067243461,0.29045029938293965,0.238173714215464,0.02855951813008256,0.023419244268973842,0.4299691457412109,-0.04649543845243897,-0.5182098589596364,0.42518645105380415,0.04227818542194798,-0.00457182285668033,-0.05095475505994459,0.0418079106247595,0.19173685364438595,-0.04651170395291615,0.01885318128263382,-0.00457342221759254,0.27774117230177614,0.2243213714168143,0.13346207971911356,0.10761808985056644,0.2510312718592952,0.87945991521516,0.5652455935372276,63.28938237335184,61.832061068702295,63.28938237335184,62.66481609993061,55.378209576682856,54.961832061068705
"Cruz, Fernando",518585,2023,1112,102.30695077631864,0.025957277919510097,0.05835718956724391,0.3167326245306299,0.25957277919510097,0.02848314968800628,0.023342875826897563,0.23906241693930497,0.5350661503753145,0.107430861576006,-0.5648268043599955,0.02149841878950584,0.0481174595661254,0.00966104870287823,-0.05079377737050319,0.3870642836573097,-0.22869797139199477,0.03480793917781562,-0.02056636433381248,0.2277233848314695,0.32095818221319067,0.09080891474102493,0.19588502812390476,0.2743407835223301,0.8566530285675351,0.5654969060449326,63.21998612074948,62.59541984732825,63.21998612074948,63.428174878556554,75.78070784177655,24.288688410825817
"Gallen, Zac",668678,2025,3135,102.28237949126625,0.07240047794706088,0.05773562834693848,0.8851523650163671,0.7240047794706088,0.02823452519988411,0.023094251338775393,-1.8138647302423576,1.0500145536320815,3.1451664367387338,-1.4961638951120904,-0.05785852409066532,0.03349328719719558,0.10032428825322914,-0.04772452615987529,-0.38192508830513816,0.8245012708133217,-0.01218261844673487,0.02629988104667693,0.17203296667155463,0.3359061645015526,0.05708040969984557,0.18201534904346697,0.2539695655865536,0.8804521206283438,0.5672108431074487,63.15058986814712,77.5850104094379,63.15058986814712,66.96738376127689,59.056210964607914,56.627342123525324
"Cavalli, Cade",676917,2025,788,102.2802783249267,0.018181516665510343,0.057682476730680034,0.22232052468064012,0.18181516665510344,0.02821326455338073,0.023072990692272012,-0.22689392814311304,0.185725681752956,0.3761127347368074,-0.11262396366601024,-0.02879364570344074,0.02356924895342081,0.04773004247929028,-0.01429238117588962,-0.02058412319507852,0.13174438553539858,-0.00261219837500996,0.01671883065170032,0.19023461390207613,0.26002994554554437,0.08217483040970609,0.14213338542205622,0.22513227972381025,0.8878458920841188,0.5564890859039645,63.08119361554476,59.81956974323387,63.08119361554476,42.40111034004164,30.60374739764053,67.38376127689105
"Roupp, Landen",694738,2024,907,102.2686114692567,0.02082013025485179,0.05738734910378111,0.254823586468774,0.20820130254851793,0.02809521350262116,0.022954939641512444,-0.6013055978494322,-1.3174958747831624,0.9582965149347727,1.2153285441665955,-0.06629609678604544,-0.14525864110067943,0.10565562457935754,0.13399432680998852,-0.9594007363162972,1.0868125295506843,-0.10577736894336244,0.11982497569467304,0.1576479276665303,0.07439023437450895,0.03308137405874246,0.06181445286406588,0.11601908102051962,0.9525520865385958,0.5342855837795577,63.0117973629424,60.72172102706453,63.0117973629424,6.315058986814711,0.2081887578070784,98.75086745315753
"Rasmussen, Drew",656876,2023,667,102.26615227548061,0.015294347548939791,0.05732514073815511,0.18722910214299304,0.1529434754893979,0.02807033015637076,0.022930056295262045,-0.08415929147759016,0.2586070666275191,0.03659591981568155,-0.02381459282261744,-0.01261758492917393,0.03877167415704934,0.00548664465002721,-0.00357040372153185,0.08722388757496446,0.00639066349653205,0.0130770446139377,9.581204642476848e-4,0.18510813728513212,0.3168153687704041,0.0857648951061253,0.17059001161415738,0.25096175302776813,0.8718225466398587,0.5613921498338135,62.94240111034004,58.50104094378904,62.94240111034004,54.47605829285218,55.17002081887578,44.482997918112424
"Rodón, Carlos",607074,2025,3363,102.21732528308661,0.0754522696523017,0.05609000122829446,0.9273901064721032,0.754522696523017,0.0275762743524265,0.022436000491317783,-1.103264728197075,1.8199665604679467,0.06803772701596245,0.14265054718526926,-0.03280596872426629,0.05411735237787531,0.00202312598917521,0.00424176470964226,0.3583509161354357,0.10534413710061584,0.01065569182680451,0.00313244534940873,0.17950902875512298,0.30140151630573486,0.0919476182797596,0.1372837358170871,0.24045527253042892,0.8853843229515767,0.5629197977410028,62.87300485773768,78.69535045107564,62.87300485773768,57.46009715475364,45.66273421235253,63.497571131158914
"Pomeranz, Drew",519141,2025,886,102.17276306670905,0.019478796662439686,0.054962744532843354,0.2403307930338201,0.19478796662439687,0.02712537167424606,0.021985097813137344,-0.6623315633091806,0.09999733808581368,1.627652369564032,-0.8249873513068451,-0.07475525545250346,0.01128638127379387,0.18370794238871693,-0.09311369653576128,-0.2811671126116835,0.40133250912859353,-0.03173443708935479,0.04529712292647783,0.12146391749139596,0.32161338306617215,0.00103271340656672,0.2373071484674326,0.22153865027878406,0.8808300690630003,0.5511843596708922,62.80360860513532,60.30534351145038,62.80360860513532,31.158917418459403,27.27272727272727,57.25190839694656
"Pepiot, Ryan",686752,2025,2605,102.16923553061535,0.05717819858636577,0.05487351111935294,0.7056861199455398,0.5717819858636577,0.02708967830884989,0.021949404447741173,0.14512359794122176,0.5080286479374081,0.12184563891923972,-0.06931176485232982,0.00557096345263807,0.0195020594217815,0.00467737577425104,-0.00266072033982072,0.32657612293931493,0.02626693703345495,0.01253651143720978,0.00100832771721516,0.22483025124572653,0.282618662596662,0.09720756725796097,0.15847289312480556,0.2537244569211943,0.8721597698086168,0.5629421133649055,62.73421235253296,73.76821651630812,62.73421235253296,57.59888965995836,58.70922970159611,45.038167938931295
"Wentz, Joey",666214,2025,1815,102.15480205413617,0.03957309722214406,0.05450839837760888,0.4890269428005638,0.3957309722214406,0.02694363321215227,0.021803359351043553,0.04328810653743176,0.4256456897005592,1.1722953512852143,-1.1522022047226417,0.00238501964393563,0.02345155315154596,0.06458927555290438,-0.06348221513623369,0.23446689811899543,0.01004657328128644,0.01291828639774079,5.535302083353412e-4,0.2092320025231189,0.29447563510480435,0.05552929213653485,0.20303800091174865,0.2518538188139616,0.8707163534758582,0.5612850861449099,62.66481609993061,68.63289382373353,62.66481609993061,54.26786953504511,56.557945870922964,42.26231783483692
"Honeywell, Brent",641703,2024,790,102.14978032073248,0.01718451209349838,0.05438136738448855,0.2124532844377427,0.17184512093498383,0.02689282081490414,0.021752546953795422,-0.3130163555551917,0.20814029902794573,0.5311725195609824,-0.21384317859599375,-0.03962232348799895,0.02634687329467667,0.06723702779252942,-0.02706875678430301,-0.05243802826362298,0.15866467048249433,-0.00663772509666113,0.0200841355041132,0.17664249332529083,0.3096153099178828,0.05197423004225418,0.18256124506713392,0.2431289016215868,0.882732262445306,0.5629305820334464,62.59541984732825,59.403192227619705,62.59541984732825,57.529493407356,48.022206800832755,60.16655100624566
"Germán, Domingo",593334,2023,1646,102.13730655513305,0.03559694113359596,0.05406582796718706,0.4405783190898091,0.3559694113359596,0.02676660504798354,0.021626331186874823,0.7948520068200651,0.4750592328946368,-0.5054226527636274,-0.3239102678612653,0.04828991535966373,0.02886143577731694,-0.0307061149917149,-0.01967863109728222,0.6349556198573509,-0.4146664603124464,0.03857567556849034,-0.02519237304449856,0.2659357100431395,0.2541638725471097,0.11510203180062609,0.15488483517351848,0.2600497912951246,0.8650065665129277,0.5625281789040262,62.526023594725885,67.03678001387925,62.526023594725885,56.48854961832062,64.67730742539904,34.420541290770295
"Hollowell, Gavin",668970,2023,570,102.135109312529,0.012314336083965845,0.05401024598230634,0.15244292184797814,0.12314336083965845,0.02674437225403125,0.021604098392922533,0.12520945996857336,0.08881695470699924,-0.5564821128859876,0.49489862005839313,0.02196657192431111,0.01558192187842092,-0.0976284408571908,0.08682431930849002,0.1070132073377863,-0.03079174641379722,0.01877424690136601,-0.00540206077435039,0.26390826685778407,0.23154611422004767,0.16607364259213092,0.08915326781263024,0.24772719053891587,0.8723865447976195,0.5600568676682677,62.456627342123525,57.59888965995836,62.456627342123525,51.63081193615545,51.63081193615545,45.385149201943094
"Brown, McCade",685326,2025,502,102.08165576462585,0.010573740856744718,0.05265807199574061,0.13154158335021293,0.10573740856744718,0.02620350265940496,0.021063228798296245,-0.3240065368144087,-0.06547097480324737,0.3888503618950381,0.13216873307283095,-0.0645431348235874,-0.01304202685323652,0.07746023145319483,0.02632843288303405,-0.19473875580882805,0.2605095474839345,-0.03879258083841196,0.05189433216811444,0.16008679695916844,0.2070453492669558,0.04782705795628723,0.10054184252669254,0.1835660731130621,0.9258155497585101,0.5546908114357861,62.387231089521165,56.83553088133241,62.387231089521165,39.34767522553782,6.731436502428869,93.61554476058292
"Morgan, David",688158,2025,777,102.0679582420078,0.016258437858838053,0.05231157612238756,0.20252430648919528,0.16258437858838054,0.02606490431006374,0.020924630448955022,0.05354155793111204,-0.12676411154370726,0.3119565341744419,-0.03620967407265141,0.00689080539653951,-0.01631455747023259,0.04014884609709677,-0.00466018971333995,-0.03661127680629761,0.13787343005089525,-0.00471187603684653,0.01774432819187841,0.2142310907933117,0.20685089358904188,0.06533096074550546,0.12754211105935856,0.21054099219117678,0.903563464097568,0.5570522281443724,62.317834836918806,58.848022206800835,62.317834836918806,43.99722414989591,18.11242192921582,81.95697432338653
"Martinez, Seth",661527,2024,810,102.05934531168627,0.016878359232877234,0.05209370133604083,0.21041981060375292,0.16878359232877232,0.02597775439552505,0.020837480534416333,0.47844411600476633,-0.22788477634458104,-0.4824746929675712,0.4423351639111388,0.05906717481540325,-0.02813392300550383,-0.05956477690957669,0.05460927949520232,0.12527966983009264,-0.02006976452821618,0.01546662590494971,-0.00247774870718718,0.38476449658651823,0.20191009396129003,0.14306636831777494,0.10330310406699043,0.2933372952739041,0.8768152638076173,0.5850762795407607,62.248438584316446,59.19500346981263,62.248438584316446,90.14573213046495,89.17418459403193,51.28383067314365
"Nola, Aaron",605400,2023,3418,102.05773565941115,0.07116683860294425,0.05205298317945015,0.8873629466021384,0.7116683860294425,0.02596146713288878,0.020821193271780062,-1.1758151904125498,-2.103765595623827,2.7986053233424855,1.3683384092960296,-0.03440067847900965,-0.06154960782983694,0.08187844714284627,0.0400333062988891,-1.6397903930181883,2.0834718663192575,-0.0479751431544233,0.06095587672086768,0.18570810969374607,0.1764804767368804,0.06588911875042656,0.11223548144136952,0.18109429321531323,0.9109376999041019,0.5460159965597076,62.179042331714086,77.51561415683554,62.179042331714086,20.471894517696043,6.037473976405274,86.39833448993754
"Gonsolin, Tony",664062,2023,1664,102.04549752863785,0.034440409994058153,0.05174340443818833,0.42993825698943056,0.3444040999405815,0.02583763563638405,0.020697361775275334,-0.21656146619875472,0.5903689320575722,0.7877740871332435,-0.73164329600263045,-0.013014511189829,0.03547890216692141,0.0473421927363728,-0.04396894807708115,0.18690373292940876,0.02806539556530651,0.0112321954885462,0.00168662232964582,0.19776516732423832,0.2713085223907646,0.07132465103427742,0.18389197738725385,0.23453684485750145,0.8723916857892344,0.5534642653233679,62.10964607911173,66.68979875086745,62.10964607911173,36.15544760582928,39.34767522553782,45.45454545454545
"Baz, Shane",669358,2024,1206,102.04050560787542,0.02490010235082133,0.0516171275929132,0.3109927262731844,0.2490010235082133,0.025787124898274,0.020646851037165282,-0.669795204317893,0.29087378563008315,1.0777124108482212,-0.387798265887227,-0.05553857415571252,0.02411888769735349,0.08936255479670159,-0.03215574344006857,-0.1894607093439049,0.3449570724804971,-0.01570984322917951,0.02860340567831651,0.16500850101282152,0.2521233414314737,0.04787955138738056,0.1453484528568973,0.20856592122214762,0.9033859978778611,0.5559759595500043,62.04024982650937,62.179042331714086,62.04024982650937,41.70714781401804,17.071478140180428,81.81818181818183
"Stratton, Chris",608717,2024,995,102.03594666749007,0.020497717802899516,0.05150180352487316,0.2561229029470269,0.20497717802899515,0.02574099527105798,0.020600721409949264,0.0702557107551911,-0.3148828856074033,0.34599969756163773,0.15475038023760135,0.00706087545278302,-0.0316465211665732,0.03477383895091836,0.01555280203392978,-0.1223135874261061,0.25037503889961954,-0.01229282285689508,0.02516332049242407,0.20993793068736155,0.2210461609110136,0.0735362547107728,0.1182190041272178,0.21549204579918757,0.9041223705810046,0.5598072081900961,61.970853573907014,60.65232477446217,61.970853573907014,51.006245662734216,22.068008327550313,82.16516308119361
"Weathers, Ryan",677960,2023,1072,102.03469155989681,0.022070359162506065,0.051470054017038414,0.2758073274161461,0.22070359162506065,0.02572829546792408,0.020588021606815363,-0.09555203755712682,0.19209503468027833,0.23868128804610933,-0.05941695775311473,-0.00891343633928421,0.01791931293659313,0.0222650455266893,-0.00554262665607413,0.04827149856157575,0.0896321651464973,0.00450293829865445,0.00836120943530758,0.2202457679407783,0.2200430265545776,0.07486926014812544,0.14579262741998578,0.22014439724767795,0.8896690562159444,0.5549067267318112,61.901457321304655,61.34628730048577,61.901457321304655,39.69465648854962,26.023594725884802,69.60444136016655
"Wentz, Joey",666214,2024,1294,102.01996787776822,0.026448117844057217,0.051097600162398005,0.330996322203319,0.2644811784405722,0.02557931392606792,0.020439040064959203,0.03671147171644406,0.554084689298179,0.405936540855123,-0.6657363796664271,0.00283705345567573,0.04281952776647442,0.03137067549112234,-0.05144794278720456,0.29539808050731153,-0.12989991940565204,0.02282829061107508,-0.01003863364804111,0.20629083065426368,0.30190032980700093,0.07776286268735494,0.1748126217029275,0.2540955802306323,0.8737122578048588,0.5639039190177455,61.832061068702295,63.0117973629424,61.832061068702295,59.88896599583623,59.264399722414986,46.911866759195
"Olson, Reese",681857,2023,1708,102.01382487691271,0.03480371467073523,0.05094220531430799,0.4358330242550892,0.3480371467073523,0.02551715598683191,0.020376882125723195,-0.2078525674401135,0.14026763088804728,0.17063575804922948,0.3327822027579259,-0.01216935406558041,0.00821239056721588,0.00999038396072772,0.01948373552446873,-0.0337924682760331,0.2517089804035777,-0.00197848174918226,0.01473705974259822,0.20633961661692612,0.22797414351424372,0.07933945937160033,0.11765736156418737,0.21715688006558492,0.9015015895321061,0.5593292347988456,61.762664816099935,66.75919500346981,61.762664816099935,49.68771686328938,23.4559333795975,80.43025676613463
"Peterson, David",656849,2025,2696,102.0013006180765,0.05459441907462139,0.05062538860777206,0.6845259740417049,0.5459441907462139,0.02539042930421754,0.020250155443108823,1.2477126016308944,0.5377393308608589,-0.34030541730830066,-0.7606205411417477,0.04628014101004801,0.0199458208776283,-0.01262260449956604,-0.02821292808389272,0.8927259662458766,-0.5504629792250242,0.03311298094383815,-0.02041776629172938,0.2593915905192445,0.2849398353693196,0.09825621850477856,0.14587188295314577,0.27216571294428205,0.8779359492710378,0.5750508311076599,61.69326856349757,73.14365024288688,61.69326856349757,79.52810548230396,74.11519777931991,52.7411519777932
"Meyer, Max",676974,2024,968,101.99484844647705,0.01953895334731674,0.050462172901127936,0.24514738444869977,0.1953895334731674,0.02532514302155989,0.020184869160451174,0.24181150305503252,0.3749451566991411,-0.08149689897871326,-0.29011237632676057,0.02498052717510666,0.03873400379123358,-0.00841910113416459,-0.02997028681061576,0.3083783298770868,-0.18580463765273691,0.03185726548317012,-0.01919469397239017,0.2324929163943904,0.34443396744603666,0.09589193834190456,0.19251720118226903,0.28846344192021356,0.8557954302379132,0.5721294360790634,61.62387231089521,60.37473976405274,61.62387231089521,75.08674531575295,86.32893823733518,23.525329632199863
"Soto, Gregory",642397,2023,1019,101.97895666489991,0.020404525503098132,0.050060170517905137,0.25642464567567913,0.2040452550309813,0.02516434206827077,0.020024068207162054,0.4412834490512978,-0.09249614554664733,-0.21477274647349984,0.12241008864452851,0.0433055396517466,-0.0090771487288172,-0.02107681515932285,0.01201276630466423,0.17439365175232524,-0.04618132891448567,0.01711419546146469,-0.00453202442732931,0.26078904633161315,0.2126174548107258,0.12798482777638426,0.12940904632080713,0.23670325057116948,0.8713030629514043,0.5540031567612869,61.55447605829285,60.58292852185983,61.55447605829285,37.05759888965996,41.221374045801525,43.78903539208883
"Santana, Dennis",642701,2025,987,101.9762527672483,0.019736751610612217,0.04999177206335413,0.2481020191152652,0.19736751610612216,0.02513698268645037,0.019996708825341655,0.6447893952658887,0.2599890774768028,-0.47514812444455856,-0.18152832918286776,0.06532820620728357,0.02634134523574496,-0.04814064077452468,-0.01839192798205347,0.45238923637134576,-0.32833822681371316,0.04583477572151426,-0.03326628437828907,0.28267932142583474,0.256668794677279,0.12250471970785574,0.15057797940640605,0.26967405805155686,0.8634586504428691,0.566566354247213,61.48507980569049,60.4441360166551,61.48507980569049,65.16308119361554,72.58848022206801,31.714087439278277
"Bubic, Kris",663460,2025,1795,101.96442589972621,0.03567928445760616,0.04969259673761303,0.44906076038296305,0.3567928445760616,0.02501731255615393,0.019877038695045212,-0.3489597954327337,0.4837674535001497,0.3423748232513617,-0.02812172093581466,-0.01944065712717179,0.02695083306407519,0.01907380630926806,-0.00156666969001752,0.06740382903370801,0.15712655115777352,0.00375508796845169,0.00875356830962526,0.18895555606188977,0.2718405462971947,0.08732133835958952,0.15241517754345896,0.2303980511795422,0.8801317420484758,0.555264896614009,61.41568355308813,67.10617626648161,61.41568355308813,40.18043025676614,35.66967383761277,56.14156835530881
"King, Michael",650633,2023,1672,101.95870370528922,0.03313759988053926,0.04954784671133261,0.4173213777631304,0.33137599880539265,0.02495941254564176,0.019819138684533045,0.7444505477877215,-1.0170957705990986,-0.8241388431870291,1.5141054437615369,0.04452455429352401,-0.06083108675831929,-0.04929060066908068,0.09055654567951774,-0.13632261140568858,0.34498330028725377,-0.00815326623239764,0.02063297250521852,0.2749363510333603,0.17512383403942774,0.1165114453559528,0.09535349442784911,0.225030092536394,0.894067530108099,0.5595488113222465,61.34628730048577,65.99583622484386,61.34628730048577,50.1734906315059,30.46495489243581,73.69882026370576
"Hernández, Carlos",672578,2023,1233,101.95012127386157,0.02432992266088175,0.049330743432444736,0.30667880331628794,0.24329922660881748,0.02487257123408661,0.019732297372977894,-0.32788231000085943,0.3166854776600303,0.702500792381386,-0.3846251567242689,-0.02659223925392209,0.02568414255150286,0.05697492233425676,-0.03119425439775092,-0.00559841617041456,0.15893781782855854,-4.540483512096161e-4,0.01289033396825292,0.1956698683254785,0.27838869579528264,0.06171633073571804,0.17926032196956737,0.23702928206038057,0.8795116736473573,0.558270477853869,61.27689104788342,62.10964607911173,61.27689104788342,47.12005551700208,41.498959056210964,55.100624566273424
"Morton, Charlie",450203,2023,2840,101.93094044632605,0.05548853405385901,0.04884554054036884,0.7008691181940776,0.5548853405385901,0.02467849007725625,0.019538216216147535,-1.2286579564026852,-1.7544742389777639,1.113867927739875,2.5701333858346516,-0.0432626040986861,-0.06177726193583676,0.03922070168098152,0.0904976544307976,-1.4915660976902243,1.842000656787263,-0.05251993301726142,0.06485917805588955,0.18305419541276807,0.15633065026601886,0.0688130526036964,0.07657391787320951,0.16969242283939345,0.927306514761547,0.5484994688004703,61.20749479528106,73.49063150589869,61.20749479528106,25.468424705065928,3.4004163775156147,94.44829979181124
"Wilson, Justin",458677,2024,816,101.90829405779579,0.015756200131668237,0.048272671972022785,0.19950663602332952,0.15756200131668238,0.02444934264991783,0.019309068788809114,0.42496665779890463,0.34580512505453953,-0.1885529351488913,-0.3827122116812234,0.05207924727927753,0.04237807905080142,-0.02310697734667785,-0.04690100633348326,0.3853858914267221,-0.2856325734150573,0.04722866316503947,-0.03500399184008056,0.26571144782161715,0.35561495433346424,0.12417335430681178,0.1839100542055543,0.3106632010775407,0.845958295743817,0.5783107484106789,61.1380985426787,58.57043719639139,61.1380985426787,83.5530881332408,95.62803608605135,14.57321304649549
"Bibee, Tanner",676440,2024,3186,101.87620871404353,0.06048434082472228,0.047461033289957835,0.7686125334621465,0.6048434082472228,0.02412468717709185,0.018984413315983134,0.23641582190219881,0.3039771390849637,-0.2945511414552584,0.5227707139302424,0.00742045894231634,0.00954102759212064,-0.00924517079269486,0.01640837143534973,0.27019648049358125,0.11410978623749202,0.00848074326721849,0.00358160032132743,0.22696770243439435,0.2606615253625567,0.098648567393095965,0.12538348777051683,0.24381461389847553,0.8879839724181936,0.5658992931583345,61.06870229007634,74.53157529493407,61.06870229007634,64.26092990978486,48.507980569049266,67.52255378209576
"Nelson, Ryne",669194,2023,2463,101.85803712305001,0.04630574015931305,0.04700136029162916,0.5896623467922382,0.46305740159313047,0.02394081797776038,0.018800544116651663,-1.2414469101395298,0.4302820217239969,2.088231661041391,-0.6874044258336198,-0.05040385343644051,0.01746983441835147,0.08478407068783561,-0.02790923369198619,-0.40558244420776646,0.7004136176038855,-0.01646700950904452,0.0284374184979247,0.16119448720978438,0.2876332705217083,0.05081496948059579,0.16091325289270922,0.22441387886574632,0.8941358888133475,0.5592748838395469,60.99930603747398,70.7147814018043,60.99930603747398,49.54892435808466,29.770992366412212,73.83761276891047
"Iglesias, Raisel",628452,2025,964,101.85576973040158,0.018101607855298386,0.046944003774114076,0.2305683185740719,0.18101607855298385,0.02391787537075435,0.018777601509645633,0.8170345875218459,0.2673738847424829,-0.4757054407496071,-0.3781347129406498,0.08475462526160227,0.0277358801600086,-0.04934703742215841,-0.03922559262869811,0.5422042361321644,-0.4269200768451285,0.05624525271080543,-0.04428631502542826,0.30918352203137,0.25398184587810774,0.1225338538114388,0.18572906334138573,0.28158268395473884,0.8458685414235878,0.5637256126891633,60.92990978487162,59.75017349063151,60.92990978487162,59.611380985426784,81.40180430256765,14.36502428868841
"Wicks, Jordan",696136,2023,583,101.83869507647834,0.010846616860925563,0.046512079163488686,0.13843396521951945,0.10846616860925563,0.02374510552650419,0.018604831665395474,0.3180871279828352,0.410884098594579,-0.10156842840183344,-0.4889688329560613,0.05456039931094943,0.07047754692874425,-0.01742168583221843,-0.08387115488097106,0.3644856132887071,-0.2952686306789474,0.06251897311984685,-0.05064642035659475,0.25539813793655153,0.3275872143197032,0.10096499317873978,0.20692550543566357,0.29149267612812735,0.8460547506927983,0.5687737134104629,60.86051353226926,57.11311589174185,60.86051353226926,69.6738376127689,88.13324080499653,14.712005551700209
"Rogers, Taylor",573124,2025,906,101.80627956603384,0.016558812873936457,0.045692088504239656,0.21215900992100956,0.16558812873936457,0.02341710926280458,0.018276835401695862,-0.4912807480206993,-2.368456823201086,0.1472438596484551,2.92465272149434,-0.054225248125905,-0.2614190754085084,0.01625208163890233,0.32280935115831566,-1.4298687856108927,1.5359482905713977,-0.1578221617672067,0.169530716398609,0.12752726352055632,0.02540004393951456,0.04866809910838975,0.00389691280741966,0.07646365373003544,0.9737174940420953,0.5250905738860654,60.79111727966689,59.056210964607914,60.79111727966689,1.5961138098542678,0,99.93060374739764
"Iglesias, Raisel",628452,2023,894,101.79417665942914,0.016230008720527704,0.045385930426531614,0.20825413552358896,0.16230008720527703,0.02329464603172136,0.018154372170612644,0.7877579645955848,0.26771000526969146,-0.6665810440059659,-0.18063279033572144,0.08811610342232493,0.0299451907460505,-0.07456163803198723,-0.02020501010466682,0.5277339849326381,-0.4236069171708437,0.0590306470841877,-0.04738332406832703,0.30429731742189087,0.27607462811615,0.1392133092338735,0.18699180725080028,0.2901859727690205,0.8368974417576631,0.5635417072633417,60.72172102706453,58.778625954198475,60.72172102706453,58.986814712005554,87.09229701596114,7.702984038861901
"Boyd, Matthew",571510,2023,1178,101.79148029222668,0.021353710825064664,0.04531772246405914,0.27408953433450733,0.21353710825064665,0.02326736284673237,0.018127088985623655,-0.0173604047633944,0.0420588888423481,0.4325639741684882,-0.1831729239129345,-0.00147371857074655,0.0035703640782978,0.03672020154231648,-0.01554948420313535,0.01234924203947684,0.12469552512777682,0.00104832275377562,0.01058535866959056,0.20621610140816415,0.22535309388600827,0.06864710964030357,0.13577763312107255,0.2157845976470862,0.8977876286193119,0.556786113133199,60.65232477446217,61.1380985426787,60.65232477446217,43.37265787647467,22.20680083275503,77.30742539902845
"Paxton, James",572020,2024,1788,101.78548798757049,0.032302823087539984,0.04516613966378634,0.4149363275120237,0.32302823087539984,0.02320672972662325,0.018066455865514534,0.19826082597404593,-0.1801036536853644,1.680958908814489,-1.2841797535911468,0.01108841308579675,-0.01007291127994208,0.09401336179051951,-0.07182213386975093,0.00907858614434076,0.1983895776116711,5.077509029273357e-4,0.01109561396038428,0.2294860512778289,0.25592312520945926,0.04100229206805635,0.206641531831125,0.24270458824364408,0.8761780880504093,0.5594413381470267,60.58292852185983,65.37126995142263,60.58292852185983,49.8265093684941,47.46703678001388,50.1734906315059
"Ashby, Aaron",676879,2025,1188,101.77505767004004,0.021337569066824855,0.044902291807291356,0.2744421441382201,0.21337569066824855,0.02310119058402526,0.017960916722916543,-0.9482327924188212,0.19538344935654095,0.34197689692018685,0.6853145902803135,-0.0798175751194294,0.01644641829600513,0.02878593408419081,0.05768641332325872,-0.3764246715311401,0.5136457436002502,-0.03168557841171213,0.04323617370372476,0.1368848753929156,0.18494719119093436,0.06494562129306386,0.10690173757197707,0.160916033291925,0.9140763205674796,0.5374961769297023,60.51353226925747,60.99930603747398,60.51353226925747,9.021512838306732,1.9430950728660652,88.61901457321305
"Misiorowski, Jacob",694819,2025,1348,101.76234114409192,0.024037865701924323,0.04458061146499316,0.3096695486669887,0.2403786570192432,0.02297251844710598,0.017832244585997265,0.08934669980351373,0.1947050336830216,0.3604956104372832,-0.3348777952568298,0.00662809345723395,0.01444399359666332,0.02674299780692012,-0.02484256641371141,0.14202586674326767,0.01280890759022668,0.01053604352694864,9.502156966043532e-4,0.2241725037987047,0.2436855406912156,0.091517013621806,0.16186171621050346,0.23392902224496015,0.8733106350838453,0.5536198286644027,60.4441360166551,62.04024982650937,60.4441360166551,36.50242886884108,38.44552394170715,46.49548924358085
"Wilson, Justin",458677,2025,839,101.75851519899378,0.01492877315487422,0.04448382942453581,0.19241462924344432,0.1492877315487422,0.02293380563092304,0.017793531769814325,0.2696027810243322,0.5123442050198719,0.0051464181655092,-0.594678774966269,0.03213382372161289,0.06106605542549129,6.133990662108705e-4,-0.07087947258239201,0.3909734930221021,-0.2947661784003799,0.04659993957355209,-0.03513303675809057,0.24621232937690524,0.3366348063535086,0.09487675289370012,0.23416827468867069,0.29142356786520696,0.8354774862088146,0.5634505270370107,60.37473976405274,58.29285218598196,60.37473976405274,58.70922970159611,88.06384455239417,6.870229007633588
"Strickland, Hunter",519326,2024,1172,101.7581738729644,0.020849971490088177,0.044475195158037904,0.26874372455307594,0.20849971490088176,0.02293035192432388,0.017790078063215163,0.2642631844562402,0.1253289418878012,-0.6588372014102788,0.5379887996193133,0.02254805328124916,0.01069359572421511,-0.05621477827732753,0.04590348119618714,0.1947960631720207,-0.06042420089548273,0.01662082450273214,-0.00515564854057019,0.24510387230402392,0.2133882256777991,0.12776870275090146,0.10785600972053172,0.2292460489909115,0.8821876437642834,0.5557168463775974,60.30534351145038,60.79111727966689,60.30534351145038,41.151977793199165,34.767522553782094,59.264399722414986
"Zerpa, Angel",672582,2024,1029,101.750640801944,0.018227556488761513,0.044284636755980336,0.2351689829184238,0.18227556488761512,0.02285412856350085,0.017713854702392135,0.44555270420192983,-0.06257640927015018,-0.5007575900501706,0.3529502780368148,0.04329958252691252,-0.00608128369972304,-0.04866448882897674,0.03430031856528812,0.19148814746588985,-0.07390365600667792,0.01860914941359473,-0.0071820851318443,0.2822234228452479,0.20674123091714727,0.13116406604178124,0.1297420754335607,0.2444823268811976,0.869546929262329,0.5570146280717633,60.23594725884802,59.88896599583623,60.23594725884802,43.85843164469119,49.06315058986815,41.013185287994446
"Ferguson, Caleb",657571,2024,954,101.74311299439788,0.016826351108419717,0.044094211500051654,0.21730172371917433,0.16826351108419718,0.02277795846112938,0.017637684600020662,-0.23122678339746017,0.26966243499646225,0.1374998383764705,0.04136623374370174,-0.02423760832258492,0.02826650262017424,0.01441298096189418,0.00433608320164588,0.01921782579950104,0.08943303606008612,0.00201444714879465,0.00937453208177003,0.20989042270270528,0.2793972944017796,0.08486464347986072,0.12733660471338484,0.2446438585522424,0.8938993759033772,0.5692716172278098,60.16655100624566,59.12560721721027,60.16655100624566,70.7147814018043,49.13254684247051,73.42123525329633
"Peterson, David",656849,2023,1959,101.73400355544155,0.03437165558680662,0.043863776910166685,0.4444145208071859,0.34371655586806615,0.02268578462517539,0.017545510764066675,0.9525639855505688,0.4082273492194872,-0.29583526337523836,-0.6205415505876317,0.04862501202402086,0.02083855789788092,-0.01510134065213059,-0.0316764446445958,0.680395667385028,-0.45818840698143504,0.03473178496095089,-0.02338889264836319,0.2687359140441123,0.29715240086985417,0.10120770993142676,0.1502779395067192,0.2829441574569832,0.8742571752809271,0.5786006663689551,60.0971547536433,66.6204024982651,60.0971547536433,83.69188063844553,82.51214434420542,47.67522553782096
"Doval, Camilo",666808,2025,1147,101.70905100449296,0.01983510361827129,0.04323257109474998,0.2573099773696299,0.1983510361827129,0.02243330229900871,0.017293028437899993,1.1565640768617411,-0.37939962699829266,0.6382542309883092,-1.158108703482128,0.10083383407687369,-0.03307756120298977,0.05564553016463027,-0.1009685007395055,0.38858222493172434,-0.2599272362469094,0.03387813643694196,-0.02266148528743761,0.31619120168428455,0.220111923097595,0.07138884252761743,0.2164787826256608,0.2681515623909398,0.8560661874233608,0.5621088749071503,60.02775850104094,60.51353226925747,60.02775850104094,55.72519083969466,70.99236641221374,23.66412213740458
"Seabold, Connor",657756,2023,1558,101.69876257217696,0.026780345088458585,0.04297231240124934,0.34788891764065966,0.26780345088458585,0.02232919882160845,0.017188924960499733,0.05611989392582472,0.40256096244957007,-0.06432822211326084,-0.0464637166214743,0.00360204710692071,0.02583831594669898,-0.00412889743987553,-0.0029822667921357,0.2293404281876974,-0.05539596936736757,0.01472018152680984,-0.00355558211600562,0.207839463407278,0.29954257014554436,0.09415339869750376,0.14564849256521545,0.25369101677641115,0.8800990543686404,0.5668950355725257,59.958362248438576,63.21998612074948,59.958362248438576,65.99583622484386,58.57043719639139,55.79458709229702
"Blanco, Ronel",669854,2025,793,101.69512056167427,0.013601594115856906,0.042880183215185705,0.17677831287716117,0.13601594115856905,0.022292347147183,0.017152073286074283,0.04474991785855309,0.31140379282169306,0.07643286027791873,-0.2558082580810037,0.0056431170061227,0.03926907853993607,0.00963844391903136,-0.03225829231790715,0.17807685534012307,-0.08968769890154249,0.02245609777302939,-0.01130992419943789,0.20627272660526547,0.27677516264454305,0.08819708894637938,0.1416316294513219,0.24152394462490426,0.8850856408011494,0.5633047927130268,59.88896599583623,58.01526717557252,59.88896599583623,58.431644691186676,46.35669673837613,63.15058986814712
"Giolito, Lucas",608337,2025,2367,101.67153330212078,0.04003403119147449,0.042283514143931625,0.5220105942071882,0.40034031191474484,0.02205367951868137,0.016913405657572652,-0.08059108106283475,0.995436958780374,0.12697332096774971,-0.5198086044781007,-0.00340477740020425,0.04205479335785272,0.00536431436281156,-0.02196065080177865,0.4574229388587696,-0.1964176417551755,0.01932500797882423,-0.00829816821948354,0.21288039989303711,0.3522597715589471,0.0934002877493352,0.17558219439924416,0.2825700857259921,0.8655087589257103,0.5740394223258513,59.81956974323387,68.77168632893824,59.81956974323387,78.34836918806386,82.16516308119361,35.25329632199861
"Suarez, Robert",663158,2024,1033,101.66785230953896,0.017433072807995647,0.04219039885768548,0.22742975706520951,0.17433072807995648,0.02201643340418291,0.016876159543074195,0.9082975029905356,-0.02523723273588984,0.14935171092380983,-0.804982224113246,0.08792812226433064,-0.00244310094248691,0.01445805526851982,-0.07792664318618064,0.44153013512732286,-0.3278152565947181,0.04274251066092186,-0.03173429395883041,0.28907674370571235,0.32604164998900953,0.1589171805492434,0.24522246301391631,0.30755919684736094,0.7979301782184202,0.5527446875328905,59.75017349063151,59.611380985426784,59.75017349063151,35.04510756419153,94.93407356002776,0.6939625260235947
"Raley, Brooks",548384,2023,968,101.66160117435462,0.01627489440859397,0.04203226861723648,0.21250679506147208,0.1627489440859397,0.02195318130800331,0.016812907446894593,-0.02079094271266512,-0.504519929746948,-0.7390483992803638,1.476866066801449,-0.00214782466039929,-0.05211982745319711,-0.07634797513226899,0.1525688085538687,-0.2626554362298066,0.3689088337605426,-0.02713382605679819,0.03811041671079986,0.29858434777719806,0.16669801330922693,0.21688415211233192,0.06665950710572524,0.23264118054321248,0.8582281703909714,0.545434675467092,59.68077723802915,58.917418459403194,59.68077723802915,19.36155447605829,37.05759888965996,26.023594725884802
"Melton, Troy",675512,2025,779,101.66142598071035,0.013095873970585379,0.042027836876076315,0.1710014730838907,0.13095873970585378,0.02195140861153924,0.016811134750430525,-0.03725612932862532,0.31679298056951666,-0.00627240547100882,-0.10226297268599184,-0.00478255832203149,0.04066662138247967,-8.051868383836745e-4,-0.01312746761052526,0.13976842562044567,-0.05426768907850032,0.01794203153022409,-0.00696632722445447,0.22356937645212277,0.2856273476474,0.08344243705268736,0.14565073811771767,0.2545983620497614,0.8854534124147975,0.5700258872322794,59.611380985426784,57.807078417765446,59.611380985426784,71.7557251908397,59.88896599583623,63.63636363636363
"Wantz, Andrew",681806,2023,642,101.66139382219588,0.01079253960564037,0.042027023386450035,0.14092595424472165,0.1079253960564037,0.02195108321568873,0.016810809354580014,0.27122918992091627,0.18651680117727665,-0.1865282015851335,-0.13029183526833776,0.04224753737085923,0.02905246124256645,-0.02905423700703014,-0.02029467839070681,0.2288729955490965,-0.15841001842673563,0.03564999930671284,-0.02467445769886847,0.24881966195146168,0.31634190580383775,0.10516677911832532,0.13191118124793058,0.28258078387764973,0.8814610198168721,0.5820209018472609,59.541984732824424,57.04371963913949,59.541984732824424,87.02290076335878,82.23455933379597,58.29285218598196
"Hernández, Jonathan",642546,2024,761,101.6572671714727,0.01276124997928733,0.04192263462315153,0.16672998387591065,0.1276124997928733,0.02190932771036933,0.016769053849260612,0.41455942833454174,-0.16383660760493512,-1.0390295642689864,0.9550367274152904,0.05447561476143781,-0.0215291205788351,-0.13653476534415063,0.12549759887191728,0.1253614103648033,-0.04199641842684798,0.01647324709130135,-0.00551858323611668,0.28449754071052435,0.2023470191313144,0.21292820476818852,0.05214146195846873,0.24342227992091936,0.8674651666366714,0.5554437232787954,59.472588480222065,57.737682165163086,59.472588480222065,40.458015267175576,48.230395558639835,37.89035392088827
"Arrighetti, Spencer",681293,2025,618,101.64766839853704,0.010303251929570444,0.04167982172156328,0.13479941175735632,0.10303251929570445,0.02181220254973403,0.016671928688625312,-0.13489597520856478,-0.0994685840873899,0.04720101931479803,0.32196295173851297,-0.02182782770365125,-0.01609524014359059,0.00763770539074401,0.05209756500623187,-0.11718227964797734,0.1845819855266555,-0.01896153392362093,0.02986763519848794,0.19792250156285912,0.19425331352488528,0.0841648254059093,0.09283118484634675,0.1960879075438722,0.911501994873872,0.5537949512088721,59.403192227619705,56.69673837612768,59.403192227619705,36.84941013185288,11.380985426786953,86.88410825815406
"Suarez, Robert",663158,2025,1125,101.63775903474325,0.018643118417039813,0.04142915203786626,0.2442592651078712,0.1864311841703981,0.02171193467625522,0.016571660815146504,1.0375298760741316,-0.06578926054362455,-0.01618435355021574,-0.7112969968724201,0.09222487787325614,-0.0058479342705444,-0.00143860920446362,-0.0632263997219929,0.48587030776525353,-0.3637406752113179,0.04318847180135587,-0.03233250446322826,0.3014195065495655,0.2905370578844253,0.13492579020172946,0.2292993749291901,0.2959782822169954,0.8178874174345403,0.5569328498257679,59.333795975017345,59.958362248438576,59.333795975017345,43.71963913948647,90.14573213046495,1.8043025676613464
"Suarez, José",660761,2024,1015,101.55046508774772,0.015923702882865244,0.039220943061244434,0.21141080851890592,0.15923702882865243,0.02082865108560649,0.015688377224497774,0.23170630871709363,0.16504332037811764,0.02915364740567838,-0.21449246798198376,0.02282820775537868,0.01626042565301651,0.00287228053257915,-0.02113226285536785,0.19837481454760564,-0.09266941028815268,0.0195443167041976,-0.00912999116139435,0.2275337688359872,0.24870193229956708,0.08905986275858856,0.1560530729233031,0.23811785056777712,0.8774435321590541,0.5577806913634156,59.264399722414986,58.63983344899375,59.264399722414986,46.21790423317141,43.09507286606523,52.39417071478141
"Stripling, Ross",548389,2023,1429,101.5459283980516,0.022353093546641122,0.03910618185206634,0.2969854489416548,0.22353093546641123,0.02078274660193525,0.015642472740826533,0.1064394582543855,0.9884087503687624,-0.5551132876244083,-0.2427494720570849,0.00744852751955112,0.06916786216716322,-0.03884627625083332,-0.01698736683394575,0.547424104311574,-0.39893137984074656,0.03830819484335717,-0.02791682154238954,0.2308237716732248,0.3754776357968499,0.11180019916831388,0.1903566116510472,0.30315070373503733,0.8489215945903195,0.5760361491626784,59.19500346981263,61.41568355308813,59.19500346981263,80.56904927133934,93.61554476058292,16.655100624566273
"Maton, Phil",664208,2023,1105,101.53319154299142,0.01714252236873905,0.038783987259590605,0.2282252498526418,0.1714252236873905,0.02065386876494496,0.015513594903836244,-0.2536532176284254,-0.30466939823236316,1.3605744128828974,-0.574026547169467,-0.02295504231931451,-0.02757189124274779,0.12312890614324865,-0.05194810381624135,-0.2791613079303943,0.3932739328567152,-0.02526346678103115,0.03559040116350364,0.15602020541129558,0.20666084291573408,0.03861253093148961,0.1665347579112971,0.18134052416351482,0.8974263555786066,0.5393834398710607,59.12560721721027,59.264399722414986,59.12560721721027,10.895211658570437,6.106870229007633,76.8910478834143
"Williams, Gavin",668909,2023,1386,101.51974146215812,0.021313215406920098,0.03844375073398286,0.2843763497841678,0.213132154069201,0.02051777415470186,0.015377500293593145,-1.2310213075129468,-0.06055154041996502,1.7058703378081643,-0.1299211400910849,-0.08881827615533526,-0.00436879801009848,0.12307866795152704,-0.0093738196313914,-0.6457864239664559,0.7879745988585398,-0.04659353708271688,0.05685242416006781,0.13793462072410248,0.23466877170689968,0.03495784677166422,0.12992332686880714,0.18630169621550108,0.9175594131797643,0.5519305546976327,59.056210964607914,60.92990978487162,59.056210964607914,33.448993754337266,7.564191533657183,90.07633587786259
"Rasmussen, Drew",656876,2025,2316,101.49511042703976,0.035037076156112325,0.037820678061433854,0.4694195041844011,0.35037076156112323,0.02026854508568226,0.015128271224573542,0.3691545327783387,0.4110954875527568,-0.967084776426674,0.6562542602799795,0.01593931488680219,0.01775023694096532,-0.04175668291997728,0.02833567617789203,0.3901250101655478,-0.15541525807334722,0.01684477591388375,-0.00671050337104262,0.245087504710268,0.3337475308495451,0.11441823302656606,0.11658990861816552,0.28941751777990654,0.8844959291776342,0.5869567234787704,58.986814712005554,66.82859125607217,58.986814712005554,91.32546842470506,86.67591950034698,62.66481609993061
"Buttó, José",676130,2025,1095,101.48464371682745,0.01644948840777027,0.037555909606781436,0.22078088285684316,0.1644948840777027,0.02016263770382129,0.015022363842712574,0.4268700714710576,0.762928936024764,-0.5822180898295528,-0.3868000348094256,0.03898356817087284,0.06967387543605151,-0.05317060181091807,-0.03532420409218499,0.5948995037479108,-0.4845090623194892,0.05432872180346217,-0.04424740295155152,0.24601283628956075,0.3039396522968174,0.10646195535614628,0.16089779099499904,0.27497624429318906,0.8663201268244274,0.5706481855588083,58.917418459403194,58.986814712005554,58.917418459403194,72.65787647467037,76.61346287300486,36.36363636363637
"Bieber, Shane",669456,2025,955,101.48274266954508,0.014327987335885051,0.03750782025100798,0.19236948873243875,0.1432798733588505,0.02014340196151191,0.015003128100403194,-0.1390658852640172,0.492990652827757,0.3016850450954962,-0.46324032392679726,-0.01456187280251489,0.05162205788772325,0.03159005707806243,-0.04850684020175887,0.1769623837818699,-0.08077763941565053,0.01853009254260418,-0.00845839156184822,0.19545899260913613,0.2819246802896519,0.07474723815858898,0.1603291207735284,0.238691836449394,0.8824618205339413,0.5605768284916677,58.848022206800835,58.08466342817488,58.848022206800835,52.94934073560028,43.92782789729355,59.611380985426784
"Severino, Luis",622663,2024,3252,101.4625262207626,0.0481249431766527,0.036996420031252066,0.6484111377297825,0.481249431766527,0.01993884187360954,0.014798568012500825,1.3896843007112238,0.6757907508499557,-3.0330767957329954,1.6160128819015984,0.04273321957906592,0.0207807733963701,-0.0932680441492311,0.04969289304740462,1.0327375257805895,-0.7085319569156985,0.03175699648771801,-0.02178757555091324,0.25495820920613843,0.2897528506426993,0.1522435940881625,0.10946964689377071,0.27235552992441886,0.8691433795090334,0.5707494547167261,58.778625954198475,71.33934767522554,58.778625954198475,72.86606523247745,74.39278278972935,40.24982650936849
"Bielak, Brandon",656232,2024,510,101.45651476328572,0.007516247958257322,0.03684435273655549,0.10137787627422767,0.07516247958257322,0.01987801495573091,0.014737741094622194,6.066331895908661e-4,0.22032696783480787,-0.1655310858645862,0.04597536111441513,1.1894768423350316e-4,0.04320136624211919,-0.03245707565972278,0.009014776689101,0.11046680051219936,-0.05977786237508553,0.02166015696317634,-0.01172114948531088,0.21727655289516729,0.2808242570015834,0.10584307893474948,0.1430625932697661,0.24905040494837535,0.8755471638977422,0.5622987844230588,58.70922970159611,55.517002081887576,58.70922970159611,56.07217210270645,52.94934073560028,49.20194309507286
"Houck, Tanner",656557,2023,1708,101.45629230291856,0.02516821714193297,0.03683872532484333,0.33947804896706657,0.2516821714193297,0.01987576399104605,0.014735490129937332,1.4293435170181965,-0.42786429941315873,-1.884176819414506,1.222175650776535,0.08368521762401619,-0.02505060301013809,-0.11031480207344883,0.0715559514506168,0.5007396088025189,-0.3310005843189856,0.02931730730693904,-0.01937942531141602,0.34878269778623866,0.1982411443592204,0.1685648696849893,0.09130704666113074,0.27351192107272954,0.87006404182694,0.5717879814498348,58.63983344899375,62.317834836918806,58.63983344899375,74.25399028452463,75.43372657876475,41.70714781401804
"Kelly, Merrill",518876,2025,2832,101.45531478891154,0.04170289681214691,0.03681399789207883,0.5626015238680679,0.41702896812146906,0.01986587301794025,0.014725599156831533,3.136879926106076,0.8829438346974712,-1.971189878842324,-1.486032358093155,0.11076553411391513,0.0311773952929898,-0.06960416238850015,-0.05247289400046451,2.0099118804017735,-1.7286111184677395,0.07097146470345246,-0.06103852819448233,0.31612162829130613,0.27924806765031807,0.12045147041727546,0.1770418602517271,0.29768484797081207,0.8512533346654987,0.5744690913181554,58.57043719639139,69.18806384455239,58.57043719639139,78.764746703678,90.97848716169327,18.875780707841777
"Beeks, Jalen",656222,2025,916,101.44406143808449,0.013384346652899934,0.03652933038455221,0.1809283750967552,0.13384346652899934,0.019752006014929602,0.014611732153820885,-0.4136302176800654,0.33606139309176797,0.12548912964950887,0.13300807003554382,-0.04515613730131719,0.03668792501001834,0.01369968664295948,0.01452053166326897,-0.03878441229414875,0.12924859984252637,-0.00423410614564942,0.01411010915311422,0.2191176476951278,0.3420227814335488,0.08798352823783745,0.14703007155007303,0.2805702145643383,0.8824932001060448,0.58153170733519155,58.50104094378904,57.876474670367806,58.50104094378904,86.60652324774463,80.77723802914643,59.75017349063151
"Corbin, Patrick",571578,2025,2588,101.41123240810272,0.0369554797832641,0.03569887923421956,0.5025850853581346,0.369554797832641,0.01941982555479654,0.014279551693687824,1.208150655953034,0.097591114068563925,-0.5812613051755307,-0.2218953794879326,0.04668279196109096,0.00377090858070185,-0.02245986496041463,-0.00857401002658163,0.6528708850107989,-0.4015783423317316,0.0252268502708964,-0.01551693749349813,0.27940298020547666,0.2710509211756767,0.10314481408607258,0.14821070058865674,0.2752269506905767,0.8743222426626354,0.574774596676606,58.431644691186676,67.24496877168633,58.431644691186676,79.18112421929216,76.8910478834143,47.883414295628036
"Keller, Mitch",656605,2025,2870,101.40464958687231,0.040791147652872964,0.035532358582641935,0.5554373363425498,0.4079114765287296,0.01935321729416549,0.014212943433056773,0.17886596454542314,-0.585741095119829,-0.054561908579216833,1.0168743754961724,0.00623226357301125,-0.02040909739093481,-0.00190111179718525,0.0354311629092743,-0.20343756528720291,0.4811562334584778,-0.00708841690896177,0.01676502555604452,0.2096176007765279,0.1988361899375647,0.09167650598028214,0.11962435881688852,0.2042268953570463,0.8943495676014147,0.5492882314792304,58.36224843858432,68.91047883414295,58.36224843858432,27.82789729354615,14.57321304649549,74.04580152671755
"Williams, Gavin",668909,2025,3004,101.399118727715,0.04252756626211437,0.03539244862026829,0.5796894894088496,0.4252756626211437,0.01929725330921603,0.014156979448107315,0.12921778839660192,-0.7134989458468226,1.6533418551584305,-0.4893712082993602,0.00430152424755665,-0.02375162935575308,0.05503801115707158,-0.01629065273965913,-0.29214057872511034,0.5819853234295351,-0.00972505255409821,0.01937367920870623,0.20280303215616088,0.1814921765768752,0.0686202923143432,0.14326082453330327,0.19214760436651804,0.8940594415761768,0.5431035229713475,58.29285218598196,69.6738376127689,58.29285218598196,16.030534351145036,9.715475364330327,73.62942401110341
"Gil, Luis",661563,2024,2842,101.39161347044015,0.04001830863354784,0.03520259380150231,0.5462696694681881,0.4001830863354784,0.01922131138170964,0.014081037520600925,0.46605800505619754,1.3447047912704877,-1.3597766587485722,0.09528353189007532,0.01639894458325818,0.04731543952394396,-0.04784576561395398,0.00335269288846148,0.9053813981633424,-0.6322465634292485,0.03185719205360107,-0.02224653636274625,0.22858132063943948,0.27741683855334065,0.1257799082217742,0.14355209823303677,0.25299907959639006,0.8653339967725945,0.5591665381844922,58.2234559333796,68.70229007633588,58.2234559333796,49.34073560027758,58.01526717557252,34.97571131158917
"Priester, Quinn",682990,2023,860,101.38433060759635,0.012046317465920374,0.03501836472651271,0.1646695298647387,0.12046317465920374,0.0191476197517138,0.014007345890605084,-0.05808373513696097,0.38289163825720607,-0.2184537117881291,0.05831533853262272,-0.00675392269034429,0.04452228351827977,-0.0254015943939685,0.00678085331774682,0.16240395156012255,-0.0800691866277532,0.01888418041396774,-0.00931037053811083,0.22814962438171377,0.2894646924118556,0.09624320502119364,0.13365525435507156,0.2588071583967847,0.8850507703118674,0.571928964354326,58.15405968077724,57.46009715475364,58.15405968077724,74.67036780013879,63.428174878556554,63.08119361554476
"Hodge, Porter",687863,2024,661,101.38089114147448,0.009235851359924246,0.03493135915251226,0.1263357238211711,0.09235851359924246,0.01911281752211362,0.013972543661004904,-0.6754785305188307,-0.02229539049676532,0.47641468518975216,0.3476949596470149,-0.10219039796048876,-0.00337297889512334,0.07207483890919095,0.05260135546853479,-0.348886960507798,0.41205482241838354,-0.05278168842780605,0.06233809718886287,0.13846012630431495,0.2523945261434735,0.04804385417021241,0.08815518592926108,0.19542732622389425,0.9319004799502633,0.5636639030870787,58.08466342817488,56.14156835530881,58.08466342817488,59.333795975017345,10.964607911172797,96.04441360166551
"Flaherty, Jack",656427,2023,2679,101.37473353877985,0.03726552752992256,0.034775594932738484,0.5103632120383281,0.3726552752992256,0.01905051183420411,0.013910237973095395,-0.4928194123451703,0.49439040600827866,1.5466761716604085,-1.0378839532851885,-0.01839564809052521,0.01845428913804698,0.05773333974096336,-0.03874146895428101,7.854968315541555e-4,0.2543961091876099,2.932052376088673e-5,0.00949593539334116,0.198513058980216,0.27495724340600924,0.06173591815363814,0.17070550887652994,0.23673515119311261,0.883779286484916,0.5602572188390142,58.01526717557252,67.45315752949341,58.01526717557252,52.116585704371964,41.290770298403885,61.832061068702295
"Lucchesi, Joey",664192,2023,686,101.36965587088551,0.009507177687547885,0.034647149007098685,0.13033405556268465,0.09507177687547885,0.01899913346394819,0.013858859602839474,-0.00683074242658676,-0.08706765782517323,-0.01947821607518562,0.24371067188963025,-9.957350476074004e-4,-0.01269207840017102,-0.00283939009842356,0.03552633701015018,-0.04694920012588,0.11211622790722232,-0.00684390672388921,0.01634347345586331,0.23994705131212135,0.2777667958515434,0.10426738265384188,0.12186638400894605,0.2588569235818324,0.8869331166686061,0.5728950201252192,57.94587092297016,56.21096460791117,57.94587092297016,76.61346287300486,63.497571131158914,66.41221374045801
"Salazar, Eduardo",674285,2025,545,101.36868270953616,0.007547711906288962,0.03462253168022458,0.10349161160593212,0.07547711906288962,0.01898928653319855,0.013849012672089833,0.3242907008416296,1.5361915075118304e-4,-0.32222305792356565,0.101270349537117,0.0595028808883724,2.818700013783175e-5,-0.05912349686670928,0.01858171551139761,0.16222215999619038,-0.11047635419322432,0.02976553394425512,-0.02027089067765584,0.2840633865925092,0.23709580766294688,0.13414088395559115,0.13318610157664929,0.26057959712772805,0.8663365072338798,0.5634580521808039,57.876474670367806,55.6557945870923,57.876474670367806,58.778625954198475,65.37126995142263,36.43303261623873
"Uribe, Abner",682842,2025,1251,101.36698444511826,0.01730361781341541,0.034579571969255415,0.23734100413662415,0.17303617813415412,0.01897210264881088,0.013831828787702165,0.4981173615433363,-1.6979649472505116,-0.5690782670444605,2.00626685688826,0.03981753489555046,-0.13572861288972915,-0.04548986946798245,0.16037305011097203,-0.5999237928535877,0.7185942949218997,-0.04795553899708934,0.05744159032149478,0.2810353534070748,0.09188335832948154,0.15807133354224612,0.05807217932147358,0.18645935586827816,0.8919282435681402,0.5391937997182091,57.807078417765446,59.472588480222065,57.807078417765446,10.54823039555864,7.84177654406662,72.03331020124914
"Rogers, Trevor",669432,2024,2242,101.31583703338592,0.029850646758606925,0.033285734565797184,0.4137514075521267,0.29850646758606925,0.01845456768742759,0.013314293826318872,1.4871051227992211,0.9693497546159052,-0.5613539769406088,-1.4813494929223907,0.06632939887596882,0.04323593909972815,-0.02503808996166854,-0.06607268032660084,1.2282274387075631,-1.0213517349314998,0.05478266898784849,-0.04555538514413469,0.33101076398225165,0.29465754931426447,0.11505241459357636,0.1869733163373948,0.3128341566482581,0.8489871345345144,0.5809106455913862,57.737682165163086,64.33032616238722,57.737682165163086,86.19014573213046,96.32199861207495,16.793893129770993
"Holderman, Colin",670059,2023,920,101.29241524773666,0.01203111650150599,0.03269325136278801,0.1676016845372601,0.1203111650150599,0.01821757440622392,0.013077300545115203,0.28790263530299853,-0.3132264373925864,-0.930650655410716,1.1235761420375638,0.03129376470684766,-0.03404635189049852,-0.10115767993594738,0.12212784152582216,-0.01266190104479392,0.09646274331342396,-0.00137629359182542,0.01048508079493738,0.2609855590522986,0.18845750733643785,0.21425154961294848,0.06170827508132474,0.22472153319436822,0.8620200876528634,0.5433708104236158,57.66828591256073,57.39070090215128,57.66828591256073,16.377515614156835,30.11797362942401,30.18736988202637
"Wood, Alex",622072,2024,756,101.25198688224691,0.00957717902768945,0.031670565567756104,0.1346322606668764,0.09577179027689449,0.01780850008821116,0.012668226227102442,0.25214074640734907,-0.3632596577008371,0.0028698889880161,0.24288128297234832,0.03335195058298268,-0.0480502192725975,3.796149455047752e-4,0.03212715383232121,-0.05555945564674403,0.12287558598018222,-0.00734913434480741,0.01625338438891299,0.27715662896799476,0.18097772290812503,0.07922632792818074,0.1165787736366196,0.2290671759380599,0.9020974492175998,0.5655823125778299,57.59888965995836,56.28036086051353,57.59888965995836,63.56696738376127,34.489937543372655,80.91603053435115
"Brieske, Beau",689225,2023,624,101.22936383310514,0.007762132534609417,0.031098287398274888,0.10969663423941256,0.07762132534609417,0.01757958882041867,0.012439314959309954,0.196581056689638,0.1562311660245541,-0.16465484008972453,-0.07846074838505501,0.03150337446949326,0.02503704583726829,-0.02638699360412252,-0.01257383788222035,0.17640611135709605,-0.12155779423738976,0.02827021015338078,-0.01948041574317143,0.2621201389014241,0.306817200846182,0.10734046720341726,0.16279838522065798,0.28446866987380304,0.8649305737879623,0.5746996218308826,57.529493407356,55.79458709229702,57.529493407356,78.90353920888272,83.41429562803609,34.28174878556558
"Blewett, Scott",656240,2025,711,101.1919439485191,0.008575144865037954,0.030151704870034983,0.12229879580286251,0.08575144865037954,0.01720095580912271,0.012060681948013994,0.4215035092486232,0.14487428784377698,-0.02559445176211738,-0.4184845495274203,0.05928319398714814,0.02037613049842151,-0.00359978224502354,-0.05885858643142339,0.2831888985462001,-0.22203950064476885,0.03982966224278483,-0.03122918433822346,0.2384899592792095,0.34331686128639255,0.08113213101601252,0.24241241871238245,0.29090341028280103,0.8382277251358026,0.5645655677093018,57.46009715475364,55.933379597501734,57.46009715475364,61.41568355308813,87.57807078417765,8.396946564885496
"Berríos, José",621244,2024,2815,101.17325183754106,0.03341840161978082,0.02967886467120854,0.47888272538801857,0.3341840161978082,0.01701181972959213,0.011871545868483414,0.2555951011079287,-0.5282663403709194,-0.7119235424362387,1.463477507087248,0.0090797549239051,-0.01876612221566321,-0.02529035674729089,0.05198854376864113,-0.13633561963149532,0.3757769823255046,-0.00484318364587905,0.01334909351067512,0.2312466647234158,0.20967267187663333,0.09367955733240524,0.11757837650495732,0.22045966830002456,0.8943710330813187,0.5574153506906716,57.39070090215128,66.20402498265094,57.39070090215128,45.45454545454545,26.301179736294237,74.11519777931991
"Canning, Griffin",656288,2024,2918,101.13183430071737,0.0334182859331283,0.028631156556826853,0.4841760505984354,0.334182859331283,0.01659273648383946,0.011452462622730742,0.2266457858817148,0.7065783895718596,-0.2056429358316336,-0.24340518902350541,0.0077671619561931,0.02421447531089306,-0.00704739327730067,-0.00834150750594603,0.4666120877267872,-0.2245240624275695,0.01599081863354308,-0.00769445039162335,0.21290661177761117,0.2692900079931288,0.09444624086436249,0.1449215423627564,0.24109830988536998,0.8803161083864406,0.5607072091359053,57.32130464954892,66.13462873004858,57.32130464954892,53.36571825121443,46.21790423317141,56.41915336571826
"Taillon, Jameson",592791,2024,2483,101.12847204432816,0.028351990591184123,0.028546104099057713,0.41115290588317066,0.28351990591184123,0.0165587155007318,0.011418441639623085,-0.07316866558608126,0.47569380785171234,0.05620128811608538,-0.04757352449854579,-0.00294678475980995,0.01915802689696787,0.00226344293661237,-0.00191596957303849,0.2012625711328155,0.00431388180876979,0.00810562106857895,1.7373668178694292e-4,0.20742088097151945,0.26818701432472136,0.09884996239444414,0.12946046812853695,0.2378039476481204,0.8858447847385095,0.5618243661933149,57.25190839694656,63.70575988896599,57.25190839694656,55.378209576682856,42.81748785565579,64.1915336571825
"Lodolo, Nick",666157,2024,1864,101.11491164951701,0.021028214244123575,0.02820307704415716,0.30609684721230224,0.21028214244123575,0.01642150467877158,0.011281230817662864,1.3979601401748596,-0.6919333939899843,-0.6241871586777279,0.2242572597051549,0.07499786159736371,-0.03712089023551418,-0.03348643555138025,0.0120309688683023,0.35301337309243763,-0.19996494948628651,0.01893848568092476,-0.01072773334153897,0.31136460280192374,0.18954379915806815,0.11129705927030076,0.12849939245830252,0.25045420097999593,0.8801017741356983,0.5652779875578471,57.18251214434421,60.86051353226926,57.18251214434421,62.94240111034004,54.47605829285218,55.86398334489937
"Woodruff, Brandon",605540,2023,1043,101.09237187054111,0.011528448089951572,0.027632905297103483,0.16889753727087964,0.11528448089951572,0.01619343597995011,0.011053162118841393,0.5351793294300933,0.28854255265468964,-0.2666121907533352,-0.3882121540605681,0.05131153685811057,0.02766467427178232,-0.02556205088718458,-0.0372207242627582,0.41186094104239146,-0.32741217240695164,0.03948810556494645,-0.0313913875749714,0.2631334676806018,0.33479904460731774,0.10427061558571568,0.17615554055044408,0.2989662561439598,0.8597869219319201,0.5793765890379399,57.11311589174185,57.32130464954892,57.11311589174185,84.2470506592644,91.74184594031922,27.411519777931993
"Garrett, Reed",657585,2025,979,101.08538606078248,0.010751844219151294,0.02745619054941596,0.15784172329176727,0.10751844219151294,0.0161227500808751,0.010982476219766384,0.49609101240912423,0.17955323260957812,-1.0294335120070173,0.5116309902800822,0.05067323926548767,0.01834047319811829,-0.1051515334021468,0.05226057101941595,0.3378221225093512,-0.25890126086346754,0.03450685623180297,-0.02644548119136542,0.2732580424469856,0.23587290836189195,0.16772867451840415,0.10418726620338416,0.25456547540443875,0.8640420296391058,0.5593037525217723,57.04371963913949,56.97432338653713,57.04371963913949,49.61832061068702,59.81956974323387,32.61623872310896
"Scherzer, Max",453286,2025,1606,101.06600625103599,0.01732292894903934,0.02696595415479348,0.2557820876997994,0.1732292894903934,0.01592665552302611,0.010786381661917394,-0.14709577584312683,0.0416301722634671,0.676695369555091,-0.3154476782756319,-0.00915913921812744,0.00259216514716482,0.0421354526497566,-0.01964182305576786,-0.05273280178982986,0.18062384563972955,-0.00328348703548131,0.01124681479699436,0.19755260496282617,0.2380535607168355,0.06949319606508106,0.1469832604260496,0.21780308283983085,0.8917617717544347,0.5547824272971328,56.97432338653713,59.541984732824424,56.97432338653713,39.5558639833449,24.080499653018737,71.82512144344206
"Valdez, Framber",664285,2025,2891,101.05442809628359,0.03084473852723294,0.026673070327942684,0.4570527025969824,0.3084473852723294,0.01580950199228579,0.010669228131177072,-2.3941892194226284,-1.2821340766431604,1.6892385963358263,2.4441374023269447,-0.08281526182714037,-0.04434915519346801,0.0584309441831832,0.08454297482971099,-1.8381616480328944,2.0666879993313856,-0.0635822085103042,0.0714869595064471,0.13558855822368002,0.15084004495934764,0.06729168905273883,0.09416226746688389,0.14321430159151383,0.9192730217401887,0.5312436616658512,56.90492713393477,64.67730742539904,56.90492713393477,4.233171408743928,0.9715475364330326,91.04788341429563
"Taillon, Jameson",592791,2023,2528,101.01873958375624,0.026058912201737533,0.025770285009629655,0.3905352452262037,0.26058912201737533,0.01544838786496058,0.010308114003851863,-0.438061481025386,0.7480840600564989,-0.01753313585675187,0.09804580205184266,-0.01732838136967508,0.02959193275539948,-6.93557589270248e-4,0.00387839406850643,0.15501128951555643,0.04025633309754539,0.0061317756928622,0.00159241823961809,0.19684692930161124,0.2565555713504467,0.09799254040731674,0.1203459668041786,0.22670125032602897,0.8908307463942523,0.5587659983601406,56.83553088133241,62.73421235253296,56.83553088133241,48.369188063844554,32.06106870229007,70.78417765440666
"Bednar, David",670280,2025,1111,100.98218815168813,0.01104141622267417,0.02484567106812368,0.16752260482365955,0.1104141622267417,0.01507854228835819,0.009938268427249472,-1.515566348212758,0.03353824901250846,1.7184880818003876,-0.06893737777647857,-0.13641461280042827,0.00301874428555431,0.15467939530156505,-0.0062049844983329,-0.7410140496001247,0.8247753520119545,-0.06669793425743697,0.07423720540161607,0.0948167256134998,0.2710520655615595,0.02876469696125173,0.1443181352167469,0.18293439558752964,0.9134585839110007,0.5481964897492652,56.76613462873005,57.18251214434421,56.76613462873005,24.91325468424705,6.59264399722415,88.34142956280361
"Bummer, Aaron",607481,2023,1099,100.96442448836282,0.010724621000498669,0.024396317107594784,0.1637378197385715,0.10724621000498669,0.01489880070414663,0.009758526843037914,0.8022848274044918,-1.6772452404711655,-0.4675359331095024,1.5062341659147478,0.07300134917238324,-0.15261558148054283,-0.04254194113826227,0.1370549741505685,-0.43748020653333697,0.5193491164026227,-0.0398071161540798,0.04725651650615311,0.31410738708645974,0.12187469756269932,0.10746429867548056,0.07138807444685877,0.21799104232457953,0.9105738134388304,0.5642824278817049,56.69673837612768,56.90492713393477,56.69673837612768,60.79111727966689,24.288688410825817,85.91256072172104
"Brazobán, Huascar",623211,2023,1023,100.95477857425794,0.009883125952342073,0.024152311711490883,0.1514162611225629,0.09883125952342073,0.01480119854570507,0.009660924684596353,1.2171132736258414,0.5934617303273626,-1.3363265220705216,-0.3228322207601195,0.11897490455775576,0.05801189934773828,-0.1306282035259552,-0.03155740183383377,0.905287501976602,-0.8295793714153206,0.08849340195274702,-0.08109280267989448,0.3078024618549673,0.30622094777064673,0.16544293467128743,0.16329753325488505,0.30701170481280704,0.8356297660369137,0.5713207354248604,56.627342123525324,56.41915336571826,56.627342123525324,73.83761276891047,94.72588480222069,7.009021512838307
"Messick, Parker",800048,2025,625,100.95015248438675,0.006008822253419299,0.024035289013677186,0.09221493416612248,0.06008822253419299,0.01475438946657959,0.009614115605470874,0.11626146053640696,-0.07815947902236076,0.10167701580689936,-0.04756406315482309,0.01860183368582511,-0.01250551664357772,0.01626832252910389,-0.00761025010477169,0.0190509907570231,0.02705647632603813,0.00304815852112369,0.0043290362121661,0.2463874332235592,0.2410803302368216,0.0765554811621985,0.149863721431937,0.2437338817301904,0.8867903987029322,0.5652621402165613,56.557945870922964,54.961832061068705,56.557945870922964,62.80360860513532,48.438584316446914,66.06523247744622
"Finnegan, Kyle",640448,2023,1102,100.91713738084763,0.010226617701270688,0.023200130901249286,0.15891199496212494,0.10226617701270688,0.01442032622160843,0.009280052360499714,0.20009666187439737,0.08131905850450494,0.9150670383211263,-1.0375707637379037,0.01815759182163315,0.00737922490966469,0.08303693632678098,-0.0941534268364704,0.14070786018945114,-0.06125186270838867,0.01276840836564892,-0.0055582452548447,0.24559174528131517,0.3797620521629062,0.06941603705278453,0.2756682565248305,0.3126768987221107,0.8274578532111925,0.5700673759666516,56.48854961832062,56.627342123525324,56.48854961832062,71.89451769604442,96.25260235947259,3.8861901457321304
"Strahm, Matt",621381,2023,1456,100.91615600759361,0.013497298123563761,0.02317530584403118,0.20981536865338055,0.1349729812356376,0.01441039619872119,0.009270122337612471,0.14032928476353845,0.00692590774406198,-0.7432232343985561,0.8057834105443362,0.0096380003271661,4.756804769273343e-4,-0.05104555181308765,0.05534226720771541,0.07362759625380022,0.03128008807289007,0.00505684040204671,0.00214835769731387,0.2563452586863498,0.19996943562263383,0.1391872528063797,0.10517556080979318,0.22815734715449182,0.8778185931919136,0.5529879701732027,56.41915336571826,57.94587092297016,56.41915336571826,35.53088133240805,33.518390006939626,52.602359472588475
"Herget, Jimmy",623474,2025,1282,100.86323321322982,0.011197786905715625,0.021836557928462605,0.17787617995657,0.11197786905715626,0.01387489703249376,0.008734623171385042,0.11290552099660545,0.580898992551738,-1.5924571780279848,1.076528844436211,0.0088069829170519,0.04531193389639142,-0.12421662855132488,0.0839726087703753,0.34690225677417175,-0.25796416679588674,0.02705945840672166,-0.02012200989047478,0.27380862625695174,0.17939251916229587,0.19922840716317583,0.0917671685753172,0.2266005727096238,0.8545022121307535,0.5405513924201887,56.34975711311589,57.25190839694656,56.34975711311589,12.074947952810549,31.99167244968772,21.790423317140874
"Pallante, Andre",669467,2025,2720,100.82084888910573,0.022591660374653485,0.020764393726703557,0.365732052768692,0.22591660374653486,0.01344603135179014,0.008305757490681423,-1.724690282041195,1.4999746887192489,0.7852459470498161,-0.19479830095917805,-0.06340773095739687,0.05514612826173708,0.02886933628859618,-0.00716170224114625,-0.112357796660973,0.295223823045319,-0.00413080134782989,0.01085381702372496,0.18515378711719752,0.35177457319905475,0.08132853719941932,0.239423163501254,0.2684641801581261,0.8396241496496634,0.5540441649038947,56.28036086051353,61.48507980569049,56.28036086051353,37.265787647467036,71.20055517002082,9.090909090909092
"Marinaccio, Ron",676760,2023,890,100.80509386598186,0.0072502428914477226,0.020365850818673353,0.1182508662783448,0.07250242891447722,0.01328661418857806,0.008146340327469342,-0.35423285591423337,-0.00583929039476061,0.9267707038504795,-0.4484476912631408,-0.03980144448474532,-6.561000443551247e-4,0.10413153975848086,-0.05038738104080233,-0.180036073154497,0.2391615062936694,-0.02022877226455022,0.02687207935883925,0.17206608279474375,0.23929725222870865,0.05659269495450943,0.1960425962320388,0.2056816675117262,0.8736823544067259,0.5396820109592261,56.21096460791117,55.308813324080496,56.21096460791117,11.103400416377514,15.614156835530881,46.84247050659264
"Phillips, Tyler",663969,2025,1114,100.80472241905927,0.009070836172751645,0.020356454606713734,0.14797101254026757,0.09070836172751645,0.01328285570379421,0.008142581842685494,0.2988353647497206,-0.14055594521778403,-0.5019824361618248,0.4916740291701558,0.02682543669207545,-0.01261723027089623,-0.04506125997861982,0.04413590926123481,0.07913970976596829,-0.0051542034958345,0.00710410321058961,-4.626753586925052e-4,0.2420527310552637,0.19731948286439835,0.112551271652504,0.11824129242768568,0.21968610695983104,0.8846037179599051,0.5521449124598681,56.14156835530881,56.07217210270645,56.14156835530881,34.142956280360856,25.39902845246357,62.94240111034004
"Honeywell, Brent",641703,2023,941,100.776867923316,0.0073969527596475125,0.019651840487905185,0.12233950462950816,0.07396952759647513,0.01300101005627079,0.007860736195162074,0.04803713312639957,0.13728285600836898,0.07867720264187028,-0.14165768714713067,0.00510490256391068,0.01458903889568214,0.00836102047203722,-0.01505395187535926,0.09265999456738427,-0.03149024225263019,0.00984697072979641,-0.00334646570166101,0.21637173727788053,0.2884020080311843,0.08585329688330316,0.1645847047171764,0.2523868726545324,0.8747809991997602,0.5635839359271463,56.07217210270645,55.447605829285216,56.07217210270645,59.19500346981263,57.18251214434421,48.299791811242194
"Bird, Jake",656234,2025,957,100.75400377417581,0.0073013217872433785,0.01907346339405271,0.1222056387232442,0.07301321787243378,0.0127696592187298,0.007629385357621084,0.3780785999101681,-0.461396880285065,-0.5491016285131991,0.7546255476113402,0.03950664575863825,-0.0482128401551792,-0.0573773906492371,0.07885324426450786,-0.04165914018744843,0.10276195954907053,-0.00435309719827047,0.01073792680763537,0.292160801778623,0.15889132768145306,0.16461866222290247,0.09065929814446114,0.22552606473003806,0.8723610198163182,0.5489435422731781,56.002775850104094,55.378209576682856,56.002775850104094,26.85634975711312,31.089521165857043,45.315752949340734
"Matsui, Yuki",673513,2024,1076,100.73740845411707,0.008028537041460171,0.01865366412978663,0.1355947171601315,0.08028537041460171,0.01260173951302337,0.007461465651914652,0.1388671396178438,0.6111403556515143,0.17524365009990106,-0.7896564282091276,0.0129058679942234,0.05679743082263143,0.01628658458177519,-0.07338814388560666,0.37500374763467903,-0.3072063890546133,0.03485164940842742,-0.02855077965191573,0.20715375680313128,0.30922013908167584,0.08112532293737611,0.23073308604179843,0.25818694794240354,0.8440707955104128,0.5511288717264081,55.933379597501734,55.86398334489937,55.933379597501734,30.950728660652327,62.94240111034004,12.491325468424705
"Jacob, Alek",689690,2025,586,100.73622772945745,0.004365417836496041,0.018623796230785156,0.0737761831910575,0.04365417836496041,0.01258979235342278,0.007449518492314062,0.03554767558625826,-0.08556650158971024,0.4742917295980078,-0.35049672040349833,0.00606615624338878,-0.01460179208015533,0.08093715522150303,-0.05981172703131371,-0.02500941300172599,0.06189750459725474,-0.00426781791838327,0.01056271409509466,0.2259245887928236,0.23444041231063792,0.07614468753436249,0.16600823921113356,0.23018250055173076,0.878923536627252,0.5545530185894914,55.86398334489937,54.54545454545454,55.86398334489937,38.72310895211658,35.46148507980569,54.26786953504511
"Wilson, Steven",621051,2024,623,100.72721518706092,0.0045842365397701906,0.01839581275991248,0.07786627155240922,0.04584236539770191,0.01249859896507371,0.007358325103964993,-0.10884756111636308,-0.16122616948996438,0.15525244858417864,0.192687553574558,-0.01747151863826052,-0.02587899991813232,0.02492013620933846,0.03092898131212809,-0.13503686530316372,0.17397000107936833,-0.02167525927819642,0.02792455876073328,0.1838083220087242,0.21789442555799768,0.08219252187147233,0.08622515101777829,0.20085137378336093,0.9157911635553747,0.5583212686693678,55.79458709229702,54.684247050659266,55.79458709229702,47.2588480222068,13.115891741845939,89.382373351839007
"Festa, David",701581,2024,1099,100.69400761802548,0.007717523522673186,0.017555785993342083,0.13366684496031667,0.07717523522673186,0.01216258825844555,0.007022314397336833,-0.34688383438833625,0.3976281987957009,0.00440706981498806,0.07851541073796398,-0.03156358820640002,0.03618090980852601,4.010072625102878e-4,0.00714425939380927,0.02537218220368231,0.04146124027647602,0.00230866080106299,0.00377263332815978,0.1994942221865129,0.323549784232886,0.09076009710222444,0.14430395373069313,0.2615220032096994,0.8824679745835412,0.5719949888966203,55.72519083969466,55.72519083969466,55.72519083969466,74.80916030534351,65.99583622484386,59.68077723802915
"Finnegan, Kyle",640448,2024,1081,100.68792979248836,0.007524642025088221,0.017402039836004204,0.13081278068946744,0.07524642025088221,0.0121010897955104,0.006960815934401682,-0.0776412679333589,0.5555627469457249,0.3615432698865959,-0.7086519682094945,-0.00718235596053273,0.05139340859812441,0.03344526085907455,-0.06555522370115582,0.23896073950618305,-0.1735543491614493,0.02210552631879583,-0.01605498142104064,0.21770276557697088,0.35879488415087124,0.07419335103638149,0.24904672899947697,0.28824882486392106,0.8383799599820707,0.5633143924229959,55.6557945870923,55.58639833448994,55.6557945870923,58.50104094378904,86.1207494795281,8.535739070090214
"Mlodzinski, Carmen",669387,2024,866,100.64864945025067,0.005683867930035026,0.01640839471719118,0.10135345093755176,0.05683867930035026,0.01170363174798519,0.006563357886876473,0.5946340291150136,0.26214368253477005,-0.615395203058597,-0.14002905765363494,0.06866443754214938,0.03027063308715589,-0.07106180173886802,-0.01616963714245207,0.42838885582489183,-0.3777121303561159,0.04946753531465263,-0.04361571944066004,0.2723899858260455,0.29320225758333096,0.13647804245805717,0.1303417276323209,0.28279612170468826,0.866590114954811,0.5746931183297497,55.58639833448994,54.823039555863986,55.58639833448994,78.83414295628036,82.44274809160305,36.6412213740458
"Pearson, Nate",663878,2024,1076,100.64583590453913,0.007031540597816533,0.016337222578570003,0.1256247527236951,0.07031540597816532,0.01167516289253672,0.006534889031428002,-0.546894244137718,-0.0726593134477298,0.8786031844368836,-0.13342487412774062,-0.05082660261502955,-0.00675272429811615,0.08165457104432004,-0.0124000812386376,-0.3097767787927239,0.3725891551545714,-0.02878966345657285,0.03462724490284122,0.16140982870504972,0.22246428252103373,0.0458510798560505,0.1292112338827893,0.19193705561304172,0.9124688431305801,0.5522029493718109,55.517002081887576,55.23941707147814,55.517002081887576,34.28174878556558,9.646079111727966,87.43927827897294
"Gott, Trevor",641627,2023,976,100.63883127378526,0.006308876387546425,0.016160031730395555,0.11325783675988532,0.06308876387546425,0.01160428655326694,0.006464012692158222,0.658127832841501,0.19932685287585628,-0.9196033160583283,0.1754064671008564,0.06743113041408823,0.02042283328646068,-0.09422165123548444,0.0179719740882025,0.42872734285867864,-0.372098424478736,0.04392698185027445,-0.03812483857364098,0.28873991806732363,0.23971938057673345,0.20330163801881548,0.12757296095714826,0.2642296493220285,0.8345627005120182,0.5493961749170233,55.447605829285216,55.031228313671065,55.447605829285216,28.174878556557946,67.86953504510757,6.106870229007633
"Bradley, Taj",671737,2024,2294,100.62619940531748,0.014535236289050318,0.01584049290437043,0.2632702452643372,0.14535236289050318,0.01147647102285689,0.006336197161748173,-0.3820414188499512,0.8990470434509916,0.6045684534123552,-0.8583038327490584,-0.01665394153661513,0.03919123990632046,0.02635433537107041,-0.03741516271791885,0.2585028123005202,-0.1268676896683516,0.01126864918485266,-0.00553041367342422,0.19713395749864696,0.3158421473307184,0.07965359151607734,0.19843808296048915,0.2564880524146827,0.8609541627617168,0.5587211075881997,55.378209576682856,58.2234559333796,55.378209576682856,48.230395558639835,61.27689104788342,29.14642609299098
"Spiers, Carson",686730,2024,1553,100.62411796236437,0.009807406341996911,0.015787840215706533,0.1779025164829875,0.09807406341996912,0.01145540994739133,0.006315136086282613,0.3858429054067756,0.2252195024093453,-1.1809823471166965,0.7478224557835631,0.0248450035677254,0.01450222166190246,-0.07604522518459088,0.04815340990235435,0.30553120390806043,-0.2165799456665667,0.01967361261481393,-0.01394590764111826,0.2580403170629252,0.2628933927952332,0.1366106577908064,0.10982502986882012,0.2604668549290792,0.8767821561701867,0.568624505549633,55.308813324080496,56.34975711311589,55.308813324080496,69.32685634975712,65.09368494101318,51.14503816793893
"Smith, Burch",572143,2024,895,100.58946750118898,0.005338250303741661,0.014911313697602405,0.09938795409433963,0.053382503037416616,0.01110479934014968,0.005964525479040962,-0.6704392420579097,0.2701547149158614,0.6418051868666623,-0.14213270563027436,-0.07490941252043684,0.03018488434814094,0.07171007674487846,-0.01588074923243289,-0.20014226357102416,0.249836240618194,-0.02236226408614795,0.02791466375622279,0.1394444065359576,0.24917148843292547,0.05362608059149986,0.14065177822984923,0.19430794748444152,0.9028610705893254,0.5485845090368835,55.23941707147814,54.753643303261626,55.23941707147814,25.746009715475367,10.201249132546844,81.40180430256765
"Horton, Cade",690990,2025,1788,100.57093395240918,0.010329264933581888,0.014442484526820305,0.19520074597244275,0.10329264933581889,0.01091726767183684,0.005776993810728122,-0.36561628965455384,0.307098303015664,0.4918881746923489,-0.2381694420810163,-0.02044833834757012,0.01717552030288948,0.02751052431165262,-0.01332043859513514,-0.02925899331944492,0.1268593663056663,-0.00163640902234032,0.00709504285825874,0.1966172540122517,0.31181670287992225,0.07214302503124705,0.15592246063540388,0.254216978446087,0.8859672571666746,0.5700921178063808,55.17002081887578,56.76613462873005,55.17002081887578,71.96391394864678,59.403192227619705,64.3997224149896
"Vargas, Carlos",672841,2025,1209,100.55416861290601,0.006779290700296622,0.014018384409215507,0.1299388179837706,0.06779290700296622,0.01074762762479492,0.005607353763686203,0.7907392579926409,0.3444436944391782,-1.5255963727506696,0.5203522383026211,0.06540440512759643,0.02848996645485345,-0.12618663132759883,0.04303988736994385,0.5675914762159096,-0.5026220672240242,0.04694718579122494,-0.04157337197882748,0.29718848942011744,0.22857747391070737,0.2065542031172797,0.10661532336291928,0.2628829816654124,0.8434152367599005,0.5531491092126565,55.100624566273424,55.17002081887578,55.100624566273424,35.73907009021513,66.89798750867453,11.79736294240111
"Pearson, Nate",663878,2023,736,100.54924374341752,0.0040903358120243285,0.013893803709321759,0.07873577373800345,0.04090335812024328,0.01069779534483742,0.005557521483728703,-0.553573796099954,-0.19987930763090844,0.9094985342326254,-0.07730965676375945,-0.07521383099184159,-0.02715751462376473,0.12357317041204148,-0.01050402945159775,-0.3767265518654313,0.41609443873443297,-0.05118567280780315,0.05653457048022187,0.13349533222082266,0.2042772589126403,0.02204581895190271,0.10871079024610836,0.1688862955667315,0.9346216954009945,0.551753995483863,55.031228313671065,54.47605829285218,55.031228313671065,32.96321998612075,3.0534351145038165,96.46079111727967
"Woods Richardson, Simeon",680573,2025,1872,100.52360771839751,0.009918087055026463,0.01324530856707593,0.1954067972302198,0.09918087055026463,0.01043839728793909,0.005298123426830372,-0.9346235944176442,0.8305827690592196,0.8475131876095077,-0.5480655650208632,-0.04992647406077159,0.04436873766341985,0.04527314036375575,-0.02927700667846491,-0.05202041267921231,0.14972381129432222,-0.00277886819867587,0.00799806684264541,0.17524867688100956,0.32994632787972206,0.06600094859805163,0.17206020005208347,0.2525975023803658,0.8809694256749324,0.5667834640276491,54.961832061068705,56.48854961832062,54.961832061068705,65.5794587092297,57.529493407356,57.59888965995836
"Springs, Jeffrey",605488,2025,2847,100.50156313583051,0.014448711113143317,0.012687663429173959,0.29083070795719834,0.14448711113143317,0.0102153392327783,0.005075065371669583,0.2312848661067619,0.4309828094355907,0.7033027159679932,-1.0747396835531475,0.00812380983866392,0.0151381387227113,0.02470329174457299,-0.03774990107316992,0.33113383777117633,-0.18571848379257716,0.01163097428068761,-0.00652330466429846,0.23679060791097803,0.2630037624170179,0.07938974223967327,0.17058984587121678,0.24989718516399795,0.875010205944555,0.5624536955542765,54.892435808466345,58.15405968077724,54.892435808466345,56.21096460791117,53.92088827203331,48.71616932685635
"Kolek, Stephen",663568,2024,811,100.49664466971299,0.004075516584090844,0.012563244710514307,0.08244278685450013,0.040755165840908436,0.01016557174531444,0.005025297884205723,0.5368465696010389,0.09844388301007712,-0.8842172152067178,0.3313695494501019,0.06619563127016509,0.0121385799025989,-0.10902801667160514,0.0408593772441556,0.317645226305558,-0.27642383287830796,0.039167105586382,-0.03408431971372477,0.2812220681126534,0.2633875715489128,0.17908826351383936,0.11260902736977912,0.2723048198307831,0.8541513545581907,0.5632280871944869,54.823039555863986,54.406662040249834,54.823039555863986,58.08466342817488,74.25399028452463,21.44344205412908
"Matz, Steven",571927,2025,1197,100.49604580102184,0.006008028164672162,0.012548095582022056,0.12160935976419296,0.06008028164672161,0.01015951209391754,0.005019238232808822,-0.4505127280957595,-0.3243106283312045,0.9749566055872948,-0.07852388939613775,-0.03763681938978776,-0.0270936197436261,0.08145000882099371,-0.0065600575936623,-0.387411678213482,0.44821635809557847,-0.03236521956670693,0.03744497561366571,0.15852469193550167,0.16894596765390493,0.03700524341892254,0.14124612910638615,0.1637353297947033,0.9108743137373456,0.5373048217660245,54.753643303261626,54.892435808466345,54.753643303261626,8.882720333102013,2.359472588480222,86.32893823733518
"Javier, Cristian",664299,2025,617,100.47053800743856,0.0029376219518866425,0.011902844213479084,0.06109170924190721,0.029376219518866424,0.00990141154650035,0.0047611376853916336,-0.42228324746281487,0.04611793881940684,0.23636247891420223,0.20089453897111295,-0.06844136911877063,0.00747454437915832,0.03830834342207492,0.03255989286403776,-0.188082654321704,0.2186285089426576,-0.03048341236980616,0.03543411814305634,0.15994044538240387,0.214407859478101,0.05588605022809263,0.1159686780656126,0.18717415243025243,0.9140726358531474,0.5506233941416999,54.684247050659266,53.85149201943095,54.684247050659266,30.04857737682165,7.91117279666898,88.54961832061069
"Soto, Gregory",642397,2024,995,100.44491110101667,0.004479322735531143,0.01125457973751543,0.09593895227334316,0.04479322735531143,0.00964210575611489,0.004501831895006172,0.2096830150533151,-0.12254149107366176,-0.4112717347452417,0.4200691630389315,0.02107366985460453,-0.01231572774609665,-0.04133384268796399,0.042218006335571,0.04357076198982668,0.00439871414684489,0.00437897105425393,4.420818238035071e-4,0.26246086111507444,0.19710432694230268,0.11473173683214634,0.1148265456093264,0.22978259402868856,0.8852208587792636,0.5575017264039761,54.6148507980569,54.6148507980569,54.6148507980569,45.59333795975017,35.25329632199861,63.28938237335184
"Kopech, Michael",656629,2023,2423,100.41393401751304,0.010148469820022422,0.010470975877035084,0.22603353385488845,0.10148469820022422,0.00932866421192275,0.004188390350814033,-1.2584820589813717,0.1066899238503538,2.061862921077818,-0.6840372520919118,-0.05193900367236367,0.00440321600703069,0.08509545691612952,-0.02823100503887378,-0.5758960675655089,0.6889128344929532,-0.02376789383266648,0.02843222593862786,0.1790443599156662,0.2387082188293357,0.04479652760462149,0.13959134836780496,0.20887628937250097,0.9078060620137868,0.5583411756931439,54.54545454545454,56.557945870922964,54.54545454545454,47.397640527411525,17.418459403192227,84.66342817487855
"Harrison, Kyle",690986,2023,588,100.40709869394257,0.0024221055617705705,0.010298067864670782,0.05444586592102496,0.024221055617705704,0.00925950100697703,0.004119227145868313,-0.44239070714502304,-0.1231255844718362,0.4131826059510786,0.2067795515868056,-0.07523651482058215,-0.02093972525031227,0.07026915067195215,0.03516659040591932,-0.2827581458084296,0.3099810787689421,-0.04808812003544721,0.05271787053893573,0.1517188903775624,0.17961794532291764,0.0438810970425517,0.11030339415245788,0.16566841785024,0.9229077544024952,0.5442880861263676,54.47605829285218,53.57390700902152,54.47605829285218,18.25121443442054,2.63705759888966,92.57460097154754
"Ragans, Cole",666142,2024,3285,100.36358383813838,0.012085259371501521,0.009197305457763707,0.2897105900524366,0.12085259371501522,0.0088191960442142,0.0036789221831054824,0.1363540314242755,0.835449057902224,0.00373233264980399,-0.6858248319238669,0.00415080765370701,0.02543223920554715,1.136174322619176e-4,-0.02087746824730188,0.48590154466324975,-0.34104624963703145,0.01479152342962708,-0.01038192540751998,0.2118635965267801,0.2694295663529565,0.09165560393668234,0.14888805870765068,0.2406465814398683,0.8797281686778335,0.560187375058851,54.406662040249834,57.529493407356,54.406662040249834,51.839000693962525,45.87092297015961,55.447605829285216
"Valdez, Framber",664285,2024,2575,100.33342091707874,0.008687325754535022,0.008434296849063109,0.2192353094688997,0.08687325754535022,0.00851399260073396,0.0033737187396252434,-2.159330999434303,-1.062983797484776,1.7307336165526124,1.7108164898353664,-0.08385751454113798,-0.04128092417416606,0.06721295598262572,0.06643947533341228,-1.6111573984595395,1.7207750531939894,-0.06256921935765203,0.06682621565801901,0.14741681081288552,0.15974680978907568,0.07040928555904351,0.10222547951698724,0.15358181030098061,0.9136826174619846,0.5336322138814826,54.33726578764747,56.002775850104094,54.33726578764747,5.898681471200555,1.3879250520471893,88.48022206800833
"Winn, Keaton",676775,2024,846,100.3128185892073,0.00267780499829333,0.007913135337746232,0.07026476684791305,0.026778049982933302,0.00830552799620721,0.0031652541350984933,0.7528341180080815,0.19778974917699088,-0.3449856003169316,-0.5353735000202278,0.08898748439811838,0.02337940297600365,-0.04077843975377442,-0.0632829196241404,0.4753119335925362,-0.4401795501685797,0.05618344368706102,-0.05203067968895741,0.29696831671742857,0.29760062712229296,0.11487429607765676,0.2380361578442587,0.29728447191986074,0.8235447730390423,0.5604146224794515,54.26786953504511,53.71269951422624,54.26786953504511,52.602359472588475,90.77029840388619,2.8452463566967383
"Thompson, Keegan",624522,2024,538,100.30669966773903,0.001669596835579128,0.0077583496077096815,0.04435064172855618,0.01669596835579128,0.00824361370419259,0.0031033398430838728,0.0020363277267279,0.25087526223524037,0.11432319857476614,-0.32288414680817823,3.784995774587183e-4,0.04663108963480304,0.02124966516259593,-0.0600156406706651,0.12645579498098414,-0.10428047411670605,0.02350479460613088,-0.01938298775403458,0.23294784385305312,0.30497890126755683,0.08285947103431962,0.17907542131270837,0.268963372560305,0.869032553826486,0.5689979631933955,54.19847328244275,53.36571825121443,54.19847328244275,70.0208188757807,71.89451769604442,39.97224149895906
"Dubin, Shawn",681869,2024,818,100.28979105482597,0.0023985805690325485,0.007330625210979658,0.06603324587419479,0.023985805690325483,0.00807252394550058,0.0029322500843918632,-0.6014601200356537,-0.0379278848758986,0.5096110963918079,0.19581015439393923,-0.0735281320336985,-0.00463666074277489,0.06229964503567333,0.02393767168630064,-0.31969400245577617,0.35271062539287357,-0.0390823963882367,0.04311865836098699,0.14978808419569428,0.2134570132332869,0.06614950555994163,0.11130939015033664,0.18162254871449057,0.9112705521448609,0.5464465504296757,54.12907702984039,53.50451075641915,54.12907702984039,21.512838306731435,6.2456627342123525,86.67591950034698
"Ross, Joe",605452,2025,862,100.28137706190266,0.0024542115072279888,0.007117782793584634,0.06885127575503702,0.024542115072279887,0.00798738697854257,0.0028471131174338535,0.814698476175181,0.37793539321774006,-0.898642385632229,-0.22514020800565504,0.09451258424306044,0.04384401313430858,-0.10425085680188272,-0.02611835359694374,0.5963169346964605,-0.561891296818942,0.06917829868868453,-0.06518460519941323,0.3322080486900424,0.29692278927322563,0.15258324381827257,0.14523234346387046,0.31456541898163404,0.8510922063589285,0.5828288126702812,54.05968077723803,53.64330326162388,54.05968077723803,87.92505204718945,96.80777238029147,18.667591950034698
"Estrada, Jeremiah",669093,2025,1276,100.26376528236679,0.003405527078814595,0.006672270922442382,0.09964516525589318,0.03405527078814595,0.00780918223008567,0.0026689083689769525,0.11611091777479032,-0.2431973421425937,0.558468844582876,-0.3317372549591795,0.00909960170648827,-0.01905935283249166,0.043767150829379,-0.02599821747328993,-0.06354321218390169,0.11336579481184828,-0.0049798755630017,0.00888446667804453,0.20590194844252552,0.2922926121088818,0.0622354151274966,0.23851234627661105,0.24909728027570366,0.8496261192979462,0.5493616997868249,53.99028452463567,53.99028452463567,53.99028452463567,28.036086051353227,53.01873698820264,17.279666897987507
"Elder, Bryce",693821,2023,2894,100.22525921409834,0.006596250242249152,0.0056982120268219815,0.2147220279629778,0.06596250242249152,0.00741955867183751,0.0022792848107287926,0.7801445963914375,1.4379525385934355,-1.3010485476036138,-0.7023265594182817,0.02695731155464538,0.04968737175512908,-0.04495675700081595,-0.02426836763712099,1.1090485674924366,-1.0016875535109475,0.03832234165488724,-0.03461256231896847,0.24726114220819664,0.3634635093424712,0.10954456211481302,0.154861267223122,0.3053623257753339,0.8677970853310325,0.5865797055531832,53.92088827203331,55.100624566273424,53.92088827203331,90.97848716169327,94.44829979181124,38.51492019430951
"Matz, Steven",571927,2023,1812,100.2152841466764,0.00394717403282936,0.005445880288119957,0.13261350269158356,0.039471740328293606,0.0073186259763567,0.0021783521152479828,-0.05923414861081255,-0.37151786808362885,1.1342889358384127,-0.5709234164523878,-0.00326899274894109,-0.02050319360284927,0.06259872714340026,-0.03150791481525319,-0.2153760083472207,0.2816827596930125,-0.01188609317589518,0.01554540616407353,0.20642658691924767,0.20632365240539377,0.04673328254237877,0.18008092713583643,0.20637511966232072,0.8865928951608923,0.5464840074116065,53.85149201943095,54.19847328244275,53.85149201943095,21.582234559333795,16.16932685634976,65.71825121443442
"Rodríguez, Randy",678495,2024,879,100.20737093318373,0.001844390127409698,0.0052457057093563565,0.0636269085132426,0.01844390127409698,0.00723855614485126,0.0020982822837425424,-0.6937857822197202,0.02492635675116616,0.45345372449105525,0.2790326094907414,-0.07892898546299433,0.00283576299785735,0.05158745443584246,0.03174432417414578,-0.334429712734277,0.3662431669908983,-0.03804661123256848,0.04166588930499412,0.1562345277333569,0.2481380694235852,0.05513696250924936,0.09807032971433288,0.20218629857847104,0.9233963538882088,0.5627913262333399,53.78209576682858,53.43511450381679,53.78209576682858,57.18251214434421,13.948646773074255,92.71339347675226
"Burrows, Mike",681347,2025,1537,100.19679225342685,0.003060538859192946,0.004978104845792032,0.10961139783717044,0.03060538859192946,0.00713151579942553,0.0019912419383168126,-0.20416847871706523,0.31297341979188786,0.4841511425938734,-0.4833446858315256,-0.0132835705085924,0.02036261677240649,0.03149974903018043,-0.031447279494569,0.05440247053741132,4.032283811739034e-4,0.00353952313190704,2.6234767805719157e-5,0.19867106902887516,0.23355224054946055,0.07589337273654523,0.16476485865742743,0.21611165478916786,0.8796708843030137,0.5478912695460908,53.71269951422624,53.92088827203331,53.71269951422624,23.941707147814018,22.623178348369187,55.308813324080496
"Smith, Shane",681343,2025,2376,100.16933844232456,0.004071158666847478,0.004283626543400107,0.1628444936084179,0.040711586668474783,0.00685372447846876,0.0017134506173600425,0.6925385250401632,0.24880570290451945,0.5515135438151901,-1.3300132781514549,0.02914724431987219,0.01047162049261445,0.0232118494871713,-0.05597698982118918,0.4706721139723413,-0.3892498671681324,0.01980943240624332,-0.01638257016700894,0.25529615508111564,0.2699297054475791,0.08322765887484114,0.183382210332954,0.2626129302643474,0.8666950653961024,0.564653997830225,53.64330326162388,54.33726578764747,53.64330326162388,61.62387231089521,66.75919500346981,36.91880638445524
"Morales, Luis",806960,2025,821,100.1508419845388,0.0012530875826820512,0.0038157356354508063,0.05473252422652308,0.012530875826820512,0.00666656811528904,0.0015262942541803227,-0.4897669292448086,-0.37019993077956315,0.23054341331589967,0.6841559709349951,-0.05965492439035427,-0.04509134357850952,0.02808080551959801,0.08333203056455483,-0.42998343001218586,0.4573496921254474,-0.0523731339844319,0.05570641804207642,0.14734707155071608,0.16737332402459434,0.06590677940576609,0.08211731954498269,0.1573601977876552,0.9259879505246256,0.5416740741561403,53.57390700902152,53.22692574600971,53.57390700902152,13.532269257460097,1.5961138098542678,93.89312977099237
"Bibee, Tanner",676440,2023,2323,100.15073435810847,0.0035430517641721463,0.0038130130910160815,0.15483907943527697,0.03543051764172146,0.00666547909751515,0.0015252052364064326,-0.8379380560180039,0.1417994847834052,0.8374287216564369,0.01354892901343873,-0.03607137563572982,0.00610415345602261,0.03604944992063869,5.832513565836736e-4,-0.34806928561729933,0.4254888253349378,-0.0149836110898536,0.01831635063861118,0.17538042099542248,0.24792822118542784,0.07049520144085775,0.13670326673114636,0.21165432109042515,0.896400765913998,0.5540275435022115,53.50451075641915,54.05968077723803,53.50451075641915,37.12699514226232,18.945176960444137,75.78070784177655
"Rea, Colin",607067,2025,2655,100.14962838262625,0.004019708301496894,0.0037850360654396314,0.1766713540274054,0.04019708301496894,0.00665428828728457,0.0015140144261758526,1.005907323414192,0.04213008673968943,-0.5344326468588463,-0.3369334092676297,0.037887281484527,0.00158682059283199,-0.02012928990052152,-0.01269052388955291,0.5240187050769407,-0.435683028063238,0.0197370510386795,-0.01640990689503721,0.2446525222251956,0.2320767319683784,0.09954384568204803,0.14800431500732592,0.23836462709678702,0.876225919655313,0.55729527337605,53.43511450381679,54.26786953504511,53.43511450381679,44.89937543372658,43.44205412907703,50.24288688410826
"Morton, Charlie",450203,2025,2548,100.14583498723086,0.0037599076964790618,0.0036890774102031577,0.16857325494584074,0.03759907696479062,0.00661590482518998,0.001475630964081263,-0.7949997083931066,-1.712250471761763,0.7985534517033557,1.8772699833973547,-0.03120093047068707,-0.06719978303617594,0.03134040234314583,0.07367621598890717,-1.2536250900774348,1.3379117175503552,-0.04920035675343151,0.05250830916602649,0.1937987202541965,0.1610215767581544,0.073072457385640055,0.0853715822127212,0.17741014850617545,0.9207779802008194,0.5490940643534974,53.36571825121443,54.12907702984039,53.36571825121443,27.27272727272727,5.20471894517696,91.32546842470506
"Domínguez, Seranthony",622554,2023,946,100.13208720737215,0.0012643517862759393,0.0033413102174311067,0.06127050858884786,0.012643517862759392,0.00647679794808116,0.0013365240869724427,0.4488056016026576,0.3534627693325092,-0.7595781482887105,0.01858028594239158,0.04744245260070376,0.0373639291049164,-0.08029367318062479,0.00196408942308579,0.4011341854675834,-0.37049893117315946,0.04240319085281009,-0.0391647918787695,0.27458884608371253,0.27542212126421306,0.1590993560946861,0.13136955667565364,0.2750054836739628,0.8547655436148301,0.5648855136443964,53.29632199861207,53.29632199861207,53.29632199861207,62.10964607911173,76.68285912560722,22.276197085357392
"Skenes, Paul",694973,2024,2125,100.13190594701206,0.0028362162594757255,0.0033367250111479064,0.1375929821433175,0.028362162594757254,0.00647496386556788,0.0013346900044591626,1.514183586907052,0.3135797052777889,-1.3934904692850978,-0.2966798407564255,0.07125569820739068,0.01475669201307241,-0.0655760220840046,-0.01396140427089061,0.9138816460924204,-0.8450851550207616,0.04300619511023155,-0.03976871317744761,0.28313620604749473,0.23263497761245433,0.12754461218935295,0.15992550144723813,0.2578855918299745,0.8562649431817044,0.5570752675058395,53.22692574600971,53.78209576682858,53.22692574600971,44.136016655100626,62.73421235253296,23.87231089521166
"Pilkington, Konnor",663455,2025,500,100.12718271420283,6.434489923755927e-4,0.0032172449618779577,0.03213585922929951,0.0064344899237559275,0.0064271718458599,0.001286897984751183,-0.16061768147574185,0.1732724186294945,0.3147403879467561,-0.2952592658712092,-0.03212353629514837,0.03465448372589889,0.06294807758935121,-0.05905185317424184,0.00632736857687632,0.00974056103777343,0.00126547371537526,0.00194811220755468,0.1966800131935862,0.25811709340499267,0.05273054886264394,0.17098449140753047,0.22739855329928943,0.8881424798649128,0.5577705165821011,53.15752949340735,53.01873698820264,53.15752949340735,46.07911172796669,32.96321998612075,68.00832755031229
"Walter, Brandon",687888,2025,814,100.12546282390413,0.0010333691570580908,0.0031737381973528564,0.05217552080000587,0.010333691570580908,0.00640976914004986,0.0012694952789411426,0.0838448522665658,-0.24890656403204048,-0.49415679364472,0.7113940262102005,0.010300350401298,-0.03057820196953814,-0.06070722280647665,0.08739484351476666,-0.08253085588273734,0.10861861628274028,-0.01013892578412006,0.013343810354145,0.23734874032281733,0.2165495309163419,0.13228301983957294,0.09266078432928274,0.22694913561957963,0.8875280979155722,0.5572386167675759,53.08813324080499,53.15752949340735,53.08813324080499,44.691186675919504,32.33865371269952,66.89798750867453
"Okert, Steven",595345,2024,665,100.08028272795455,5.402064908949095e-4,0.002030851469529732,0.03958488608532207,0.005402064908949095,0.00595261444892061,8.123405878118928e-4,0.09988702484861278,-0.4237649992528531,-0.11479578727517036,0.4782586477647328,0.0150206052403929,-0.06372406003802303,-0.01726252440228125,0.071918593648832,-0.1619389872021202,0.1817314302447812,-0.02435172739881506,0.02732803462327537,0.21641664938684593,0.122966000001355,0.09747957165024984,0.09779035070256475,0.16969132469410048,0.9023650388235926,0.5360281817588466,53.01873698820264,52.87994448299792,53.01873698820264,7.494795281054822,3.3310201249132545,81.3324080499653
"Luzardo, Jesús",666200,2024,1083,100.07383176993156,8.090731112568736e-4,0.001867666461811781,0.06375989702837614,0.008090731112568736,0.00588734044583343,7.470665847247124e-4,0.7228468037376388,0.3491773170280794,-0.3227070303573214,-0.6855571933800206,0.06674485722415871,0.03224167285577833,-0.02979750972828452,-0.06330167990581909,0.5360120603828591,-0.504132111868671,0.04949326503996851,-0.0465495948170518,0.2566729443276351,0.3132054144846962,0.09989207631428616,0.1805750455562555,0.28493917940616564,0.8597664390647292,0.5723528092354474,52.94934073560028,53.08813324080499,52.94934073560028,75.91950034698127,83.9000693962526,27.342123525329633
"Garrett, Reed",657585,2024,1080,100.05371727549942,5.870211714021148e-4,0.0013588453041715569,0.0613851694139953,0.005870211714021148,0.00568381198277734,5.435381216686228e-4,0.10725305265611952,0.33725793719258945,-0.6985213885467374,0.31539556811202374,0.00993083820889995,0.03122758677709161,-0.06467790634692012,0.0292032933437059,0.22225549492435448,-0.19156291021735683,0.02057921249299578,-0.01773730650160711,0.22152452864911457,0.24758754409068529,0.12093924048842028,0.11777480559068725,0.2345560363698999,0.8806429769604462,0.5575995066651731,52.87994448299792,52.94934073560028,52.87994448299792,45.73213046495489,39.41707147814018,57.04371963913949
"Hartwig, Grant",701643,2023,638,100.01265502784163,8.16958160890495e-5,3.201246711953326e-4,0.03361190539476411,8.169581608904949e-4,0.00526832372958685,1.2804986847813303e-4,0.11273428747426806,-0.539995707737944,-0.38186102119084353,0.8427343468492836,0.01766995101477556,-0.084638825664254555,-0.05985282463806325,0.1320900230171291,-0.213630710131838,0.23043666282922004,-0.0334844373247395,0.03611859918953292,0.25112162406092337,0.15765732635150223,0.12480520685457729,0.05816269066174619,0.2043894752062128,0.9085160512418382,0.5564527632240255,52.81054823039556,52.81054823039556,52.81054823039556,42.26231783483692,14.712005551700209,85.07980569049272
"Abbott, Andrew",671096,2024,2333,100.00202271022677,4.7749017609477475e-5,5.116697129175672e-5,0.12040007935576114,4.7749017609477473e-4,0.00516074064962542,2.0466788516702687e-5,-0.4089101187986443,0.14229468846679083,0.1855901854919466,0.20142532419566803,-0.01752722326612277,0.00609921510787787,0.00795500152130075,0.00863374728656956,-0.13330771516592677,0.19350775484380733,-0.00571400407912245,0.00829437440393516,0.22183981649202145,0.2152710216543176,0.07925497462176041,0.12430824444724636,0.21855541907316953,0.8982183904654966,0.5583869047693331,52.7411519777932,52.7411519777932,52.7411519777932,47.46703678001388,24.70506592643997,77.72380291464262
"Wilson, Bryse",669060,2025,847,99.98939804363681,-9.086266164448146e-5,-2.68189674275342e-4,0.04262949298714602,-9.086266164448145e-4,0.00503299799139858,-1.072758697101368e-4,0.2658240813686348,-0.03723923926600037,-0.5358326274662204,0.349877278350732,0.03138418906359324,-0.00439660439976391,-0.06326241174335542,0.04130782507092467,0.1142924210513172,-0.0929776745577442,0.01349379233191466,-0.01097729333621537,0.28074482678717283,0.2169852853068952,0.12647546761356984,0.1165785173233162,0.24886505604703402,0.878473007531557,0.5636690317892955,52.67175572519084,52.67175572519084,52.67175572519084,59.403192227619705,52.7411519777932,53.57390700902152
"Enns, Dietrich",608650,2025,698,99.97047811088099,-2.0850458001538396e-4,-7.467929083645672e-4,0.03379406575038501,-0.0020850458001538397,0.00484155669776289,-2.987171633458269e-4,0.05468832603582996,0.311016418249892,0.0390078609500506,-0.3709185394853875,0.00783500373006159,0.04455822611029971,0.00558851876075223,-0.05314019190335065,0.18285237214286101,-0.16595533926766848,0.02619661492018066,-0.0237758365712992,0.19359969285586753,0.3588586763408915,0.08246950967813066,0.2124700096739607,0.27622918459837953,0.8525302403239543,0.5643797124611669,52.602359472588475,52.602359472588475,52.602359472588475,61.20749479528106,77.65440666204026,20.263705759888968
"Kelly, Merrill",518876,2023,3155,99.96484935416207,-0.0011221442909072564,-8.891793113369921e-4,0.15095419740890748,-0.011221442909072565,0.00478460213657392,-3.5567172453479685e-4,2.7943567540432923,0.7486661223488227,-1.9065881166969805,-1.4854805622862273,0.08856915226761625,0.02372951259425745,-0.06043068515679811,-0.04708337756850166,1.7715114381960575,-1.6960343394916038,0.05614933243093684,-0.05375703136264988,0.2921001255159693,0.2916864598575441,0.12019436222160844,0.1670426741929816,0.2918932926867567,0.856381481792705,0.5741373872397308,52.532963219986115,52.39417071478141,52.532963219986115,78.41776544066622,88.54961832061069,24.149895905621097
"Oller, Adam",670124,2024,710,99.93036129699409,-5.002937235275291e-4,-0.0017615976180546937,0.0314930071785966,-0.005002937235275291,0.00443563481388684,-7.046390472218774e-4,-0.6497766103345839,0.2583854478862122,0.20293092131055343,0.21995324831641483,-0.0915178324414907,0.03639231660369186,0.02858181990289485,0.03097933074879082,-0.19569558122418584,0.21144208481348417,-0.02756275791889941,0.02978057532584284,0.15690194743254493,0.23604348840186384,0.0714113123538398,0.11567935873009312,0.1964727179172044,0.9064546644580336,0.551463691187619,52.463566967383755,52.532963219986115,52.463566967383755,32.1998612074948,11.519777931991673,83.9000693962526
"Waldron, Matt",663362,2024,2381,99.89669217725886,-0.0024889068092478457,-0.0026132998837125683,0.0975008525405201,-0.024889068092478456,0.00409495390762369,-0.0010453199534850273,-0.16409183043583653,0.3107191422932374,-0.1735737632816381,0.12444730396475734,-0.00689171904392425,0.01304994297745642,-0.00728995225878362,0.00522668223287515,0.07331365592870043,-0.02456322965844037,0.00307911196676608,-0.00103163501295423,0.2019373032892858,0.22140564748538843,0.10330851770934824,0.14853400438651385,0.2116714753873371,0.874078738952069,0.5428751071697031,52.39417071478141,51.76960444136016,52.39417071478141,15.336571825121442,19.014573213046496,47.53643303261624
"Okert, Steven",595345,2023,1030,99.88900310073168,-0.001156815511318958,-0.0028078046391236925,0.04137666565623021,-0.01156815511318958,0.00401715200545924,-0.001123121855649477,0.3297432379658858,-1.1425142638008765,0.7810902978671947,0.07305739362402619,0.03201390659862969,-0.11092371493212393,0.0758340095016694,0.00709295083728409,-0.40638551291749536,0.42707384574561047,-0.03945490416674712,0.04146348016947675,0.2396691852208372,0.11304390248078015,0.04490419444816483,0.12625072024307918,0.17635654385080868,0.914422542654378,0.5453895432525933,52.32477446217905,52.32477446217905,52.32477446217905,19.29215822345593,4.996530187369882,88.82720333102012
"Clase, Emmanuel",661403,2025,746,99.85536209918014,-0.0010917846131118468,-0.0036587956203480176,0.02742859687275256,-0.010917846131118469,0.00367675561296951,-0.0014635182481392071,-0.18811857397145104,0.1039909115206683,0.19871424231216395,-0.08715798298862865,-0.02521696702030175,0.01393980047193945,0.02663729789707291,-0.0116833757357411,-0.04206383122539137,0.05577812966176765,-0.00563858327418114,0.0074769610806659,0.2205061673475663,0.3613247826701286,0.0789458794730052,0.285209183165365,0.29091547500884746,0.8179224686808149,0.5544189718448311,52.25537820957668,52.463566967383755,52.25537820957668,38.44552394170715,87.64746703678001,1.8736988202637055
"Bernardino, Brennan",657514,2025,833,99.85237562248003,-0.0012442828421777852,-0.0037343422634387425,0.03037565284125776,-0.012442828421777852,0.00364653695573322,-0.001493736905375497,0.09750346290729794,-0.3298268360822476,-0.8313849579376438,1.0940839839538512,0.01170509758791091,-0.039595058353211,-0.09980611739947703,0.13134261512051035,-0.11616168658747485,0.1313495130081037,-0.01394498038265004,0.01576824886051665,0.24824162474692987,0.1484804771501566,0.17976774684599475,0.08299690501223617,0.19836105094854323,0.8686176740708845,0.5334893625097139,52.185981956974324,52.25537820957668,52.185981956974324,5.759888965995836,12.213740458015266,39.69465648854962
"Bielak, Brandon",656232,2023,1386,99.83586119381549,-0.0023019216228248158,-0.004152095279265543,0.04822497948671866,-0.02301921622824816,0.0034794357494025,-0.0016608381117062172,0.24601789916516736,0.2709840271363646,-0.3727697082993018,-0.09600723851551152,0.017750209174976,0.01955151710940581,-0.02689536134915597,-0.00692692918582334,0.258500963150766,-0.23438847340740665,0.01865086314219091,-0.01691114526748965,0.2203585597828669,0.2594249035649094,0.10563936673381775,0.13636301852994817,0.23989173167388814,0.878998807368117,0.5594452695210026,52.116585704371964,51.839000693962525,52.116585704371964,49.89590562109646,45.107564191533655,54.33726578764747
"Shuster, Jared",694363,2023,862,99.81818340559296,-0.0015858306827907787,-0.004599276922247043,0.02845085385484935,-0.015858306827907787,0.0033005630922099,-0.001839710768898817,0.23152065920118048,0.48814597693399264,-0.3077629668218833,-0.38345281545844045,0.02685854515094901,0.05662946368143766,-0.03570336042017207,-0.04448408532000469,0.35983331806758656,-0.3456078911401619,0.04174400441619334,-0.04009372287008838,0.2563811238085152,0.31848466796255287,0.11111036080676125,0.17971799523356985,0.287432895885534,0.8545858219798345,0.5710093589326842,52.047189451769604,52.116585704371964,52.047189451769604,73.35183900069396,85.4267869535045,21.929215822345594
"Yamamoto, Yoshinobu",808967,2025,3243,99.80687823485965,-0.006337153147610794,-0.004885255278762568,0.10332754983964776,-0.06337153147610794,0.00318617174960369,-0.001954102111505027,-1.874126078199481,0.735776307582455,2.0010386263078317,-0.7593613058511579,-0.05778988831944129,0.02268813776079109,0.06170331872672931,-0.02341539641847542,-0.569174885308513,0.6208386602283369,-0.0175508752793251,0.01914396115412695,0.1757537199397925,0.2585304808440782,0.0766739794939485,0.15756903633928895,0.21714210039193535,0.8828784920833813,0.5500102962376583,51.977793199167245,50.38167938931297,51.977793199167245,29.00763358778626,23.38653712699514,60.51353226925747
"Morton, Charlie",450203,2024,2837,99.80658146580087,-0.005552306795649886,-0.0048927624212635685,0.09030650148315544,-0.05552306795649886,0.00318316889260329,-0.001957104968505427,-0.9345651422885908,-2.305165788432987,1.1909987750631217,2.1390386571416116,-0.03294202122977056,-0.08125364076253039,0.04198092263176319,0.07539790825314105,-1.619865465360789,1.6650187161023666,-0.05709783099615047,0.05868941544245212,0.19457091720316083,0.1471704133227359,0.07242211609702033,0.08593977778811684,0.17087066526294836,0.9208190530574314,0.5458448591601899,51.908396946564885,50.79805690492714,51.908396946564885,20.263705759888968,3.8861901457321304,91.46426092990978
"Ferguson, Caleb",657571,2025,1111,99.75119459733344,-0.0027969834543104663,-0.006293842156414193,0.02913860805381318,-0.027969834543104664,0.00262273699854304,-0.002517536862565677,-0.29500081753212726,0.4398491071679018,0.07906142342676503,-0.1947711050087264,-0.02655272885077653,0.03959037868297946,0.00711623973238209,-0.01753115256604198,0.07242414481788728,-0.05785484079098069,0.00651882491610146,-0.00520745641682994,0.20016071247564296,0.2795771586287774,0.0984332404395643,0.1595096288253613,0.23986893555221017,0.8710285653675371,0.5554487504598736,51.839000693962525,51.492019430950734,51.839000693962525,40.527411519777935,44.96877168632894,43.09507286606523
"Bello, Brayan",678394,2023,2617,99.74651828347297,-0.006712223266073408,-0.006412135332511867,0.06739873428448107,-0.06712223266073408,0.00257541972810397,-0.002564854133004747,2.6850278696341547,0.8203066495889288,-1.986807332654763,-1.4511284522838397,0.10259946005480149,0.0313453056778345,-0.07591927140446171,-0.05545007460007029,1.7526672596115418,-1.7189678924693013,0.06697238286631799,-0.065684673002266,0.3079485026995081,0.2594325846022325,0.12227046255021184,0.19285631564226635,0.2836905436508703,0.8424366109037609,0.5630635772773156,51.76960444136016,50.1734906315059,51.76960444136016,57.807078417765446,83.20610687022901,11.103400416377514
"Muller, Kyle",666205,2024,735,99.74202827134643,-0.0019185604377041018,-0.006525715774503768,0.01859540850210805,-0.01918560437704102,0.00252998755130721,-0.0026102863098015072,-0.4811880154633741,0.3007854370007408,0.40266310727474774,-0.2036651203100064,-0.06546775720590123,0.04092318870758377,0.05478409622785683,-0.02770954017823216,-0.09020128923131664,0.09949899348237068,-0.01227228424915872,0.01353727802481233,0.1589542113284052,0.3616914141383957,0.06436710875206128,0.2822277455184631,0.2603228127334004,0.8267025728647378,0.5435126927990691,51.70020818875781,51.977793199167245,51.70020818875781,16.863289382373353,64.8854961832061,3.4698126301179735
"Mattson, Isaac",676755,2025,754,99.74130006165558,-0.0019737116421333855,-0.006544136744474094,0.01902054849142587,-0.019737116421333856,0.00252261916331908,-0.0026176546977896373,-0.19655299012492833,0.11694401194290548,0.3888637794061651,-0.2902342527327164,-0.02606803582558731,0.01550981590754714,0.05157344554458423,-0.03849260646322498,-0.03980448909101142,0.04931476333672435,-0.00527910995902008,0.00654041954067962,0.22780011578162265,0.3737998399746578,0.0661648028557259,0.2161243820032973,0.3007999778781402,0.8588554075704884,0.5798276927243143,51.63081193615545,51.908396946564885,51.63081193615545,85.21859819569744,92.71339347675226,26.717557251908396
"Bummer, Aaron",607481,2024,1002,99.73090178650547,-0.0027283153588792217,-0.0068071740490998674,0.02422239049951713,-0.027283153588792217,0.00241740424146877,-0.002722869619639947,0.8613166675324919,-1.4787415240571136,-0.4421344666106961,1.0837817136348349,0.08595974725873173,-0.1475789944168776,-0.04412519626853255,0.1081618476681472,-0.3087124282623108,0.3208236235120694,-0.03080962357907294,0.032018325699807323,0.3733451657299096,0.11238646264135306,0.12627448724352813,0.07855471455235877,0.24286581418563133,0.8975853991020566,0.5702256066438439,51.56141568355309,51.56141568355309,51.56141568355309,72.17210270645386,47.6058292852186,77.02984038861902
"Lyles, Jordan",543475,2023,2783,99.72892158095414,-0.007633508301644207,-0.006857265811753693,0.06671873853821353,-0.07633508301644207,0.00239736753640724,-0.0027429063247014773,-1.076810203780724,0.4523551380357276,0.04914928461687395,0.6420245196663359,-0.03869242557602313,0.01625422702248392,0.00176605406456607,0.02306951202538037,-0.31222753287249816,0.3455869021416049,-0.0112190992767696,0.01241778304497322,0.17927584252174242,0.23806788666985135,0.09435586200504366,0.12723776049281935,0.2086718645957969,0.8892031887510685,0.5489375266734327,51.492019430950734,49.89590562109646,51.492019430950734,26.78695350451076,17.210270645385148,68.97987508674531
"Lorenzen, Michael",547179,2023,2397,99.72765610253502,-0.006605439422832768,-0.006889277662528968,0.05715797022244828,-0.06605439422832768,0.00238456279609713,-0.0027557110650115874,0.19999967977764752,1.0124326726349864,-0.7515517123367772,-0.4037226698534084,0.0083437496778326,0.0422374915575714,-0.031353846989435837,-0.01684283144987102,0.606216176206317,-0.5776371910950928,0.025290620617702,-0.02409833921965343,0.22085326000148153,0.2838202691983308,0.10796413925245998,0.1560515817546689,0.25233676459990617,0.8679921394964356,0.5601644520481709,51.42262317834837,50.312283136710626,51.42262317834837,51.76960444136016,57.04371963913949,38.79250520471895
"Anderson, Nick",623433,2023,548,99.72554752079337,-0.0015218216158451973,-0.006942616860607669,0.0129504846004238,-0.015218216158451973,0.00236322711686565,-0.0027770467442430674,-0.2873864960847641,-0.17597090704111906,0.59017981702209,-0.11387192929578303,-0.05244279125634381,-0.03211147938706552,0.10769704690184125,-0.02077954914156625,-0.23167870156294157,0.23815394386315347,-0.04227713532170466,0.04345874888013749,0.13659853392342702,0.29548876301268384,0.03605831318582623,0.29449533499917463,0.21604364846805543,0.8347231759074996,0.5253834121877775,51.35322692574601,52.185981956974324,51.35322692574601,1.7349063150589867,22.553782095766827,6.315058986814711
"Bautista, Félix",642585,2025,627,99.70920232796767,-0.0018449070824197202,-0.007356088845373693,0.01378044628495445,-0.0184490708241972,0.00219783832295924,-0.002942435538149477,-0.21107144446614257,-0.00380743580535636,0.2532247939896024,-0.02456546743314902,-0.0336637072513784,-6.072465399292444e-4,0.04038672950392383,-0.00391793738965694,-0.10743944013574946,0.11432966327822668,-0.01713547689565382,0.01823439605713344,0.18868254619236255,0.29121230460338965,0.07721228375567246,0.2591731263385735,0.2399474253978761,0.831807294952877,0.5358773601753766,51.28383067314365,52.047189451769604,51.28383067314365,7.356002775850104,45.176960444136014,5.135322692574601
"Eflin, Zach",621107,2025,1127,99.69253588734595,-0.0035061813864913915,-0.0077776871927493175,0.02286907254978132,-0.035061813864913915,0.00202919898400899,-0.003111074877099727,0.7290643750634445,-0.39988012263120254,-0.48129909825559025,0.17498391837312963,0.0646907165096224,-0.03548182099655746,-0.04270621989845521,0.01552652336939926,0.16459212621612096,-0.1531575899412303,0.01460444775653247,-0.01358984826452797,0.3464350419335664,0.20691626450630987,0.1179597775781689,0.12507416470115112,0.27667565321993814,0.87848302886034,0.5775793410401391,51.21443442054129,51.21443442054129,51.21443442054129,82.37335183900069,78.0707841776544,53.64330326162388
"Pivetta, Nick",601713,2025,2936,99.68029212553857,-0.009497852399150103,-0.00808740837802292,0.05593991657065089,-0.09497852399150103,0.00190531050989955,-0.003234963351209167,-1.7021456411351892,-0.3702221918238138,2.858921404960711,-0.7306136554310569,-0.0579749877770841,-0.01260974767792281,0.0973747072534302,-0.02488466128852374,-1.0361839164795017,1.064153874764827,-0.03529236772750346,0.03624502298245323,0.11364188764741374,0.2764213209728598,0.06059154183646646,0.20051691365082297,0.19503160431013677,0.8694457722563553,0.532238688283246,51.14503816793893,48.99375433726579,51.14503816793893,4.857737682165164,10.756419153365718,40.804996530187374
"Paxton, James",572020,2023,1689,99.66877936986694,-0.005660607734009871,-0.008378637853774244,0.03021314817402753,-0.05660607734009871,0.00178881871959902,-0.003351455141509697,-0.6344845436699416,0.2621651169110919,1.0370093800380005,-0.6344768051051233,-0.03756569234280294,0.01552191337543468,0.06139783185541743,-0.03756523416845016,-0.18615971337942483,0.2012662874664386,-0.01102188948368412,0.01191629884348363,0.19046455787192892,0.2560202766784098,0.05982282681544633,0.16838458824213906,0.22324241727516936,0.8858962924712073,0.5545693548731883,51.07564191533657,50.72866065232478,51.07564191533657,38.93129770992366,28.938237335183903,64.33032616238722
"Beeks, Jalen",656222,2024,1175,99.65569285452194,-0.004093548442909931,-0.008709677538106243,0.01946273343892812,-0.040935484429099306,0.00165640284586622,-0.0034838710152424973,-0.4289633687935748,0.5428303530043195,-0.07997307108144014,-0.01443117969037643,-0.03650752074838934,0.04619832791526123,-0.00680621881544171,-0.00122818550556395,0.05693349210537235,-0.04720212538590829,0.00484540358343594,-0.00401720216050283,0.21303185870926633,0.34231795976362855,0.0937740494337744,0.1518947469996992,0.27767490923644744,0.8771656017832632,0.5774202555098553,51.006245662734216,51.07564191533657,51.006245662734216,82.30395558639833,78.83414295628036,51.70020818875781
"Eflin, Zach",621107,2023,2649,99.64064064618539,-0.009632232207401892,-0.00909044187184022,0.03984353250675099,-0.09632232207401892,0.00150409711237263,-0.0036361767487360875,0.3553738959947168,-0.8598996233768048,-0.5137254871027608,1.0580947469915998,0.01341539811229584,-0.03246129193570422,-0.01939318562109327,0.03994317655687429,-0.252262863691044,0.2721846299444195,-0.00952294691170419,0.0102749954678905,0.24879337867654647,0.18946029635468037,0.12033671554231563,0.1125224702540714,0.2191268375156134,0.8835704071018065,0.55134862230871,50.936849410131856,48.854961832061065,50.936849410131856,31.64469118667592,25.190839694656486,61.55447605829285
"Mantiply, Joe",573009,2024,887,99.62151974871023,-0.0033969008835126407,-0.009574128758491118,0.01162522031290791,-0.03396900883512641,0.00131062235771227,-0.0038296515033964472,0.3437281187480039,-0.3975049885684712,-0.10911402251122126,0.17451611264459643,0.03875176085095872,-0.0448145421159494,-0.0123014681523361,0.01967487177503905,-0.02688843491023362,0.03270104506668758,-0.00303139063249533,0.00368670181135147,0.34485155880702895,0.1842982703343265,0.08070472885213839,0.13640736452573324,0.2645749145706777,0.8914439533110642,0.578009433940871,50.867453157529496,51.35322692574601,50.867453157529496,83.06731436502429,68.35530881332407,71.4087439278279
"Martinez, Nick",607259,2023,1751,99.61387899776774,-0.00684109470510986,-0.009767411058123742,0.02159524825691505,-0.0684109470510986,0.00123330943785922,-0.003906964423249497,-0.20897571711520868,0.1738521064426095,0.4153841562236949,-0.3586652972941806,-0.01193464974958359,0.00992873252099426,0.02372268168039376,-0.02048345501394521,-0.01756180533629958,0.02835942946475711,-0.00100295861429466,0.00161961333322427,0.1987893717128478,0.3709248048363643,0.08274504930004199,0.16861338878851664,0.28485708827460604,0.8743207809557207,0.5795889346151634,50.79805690492714,50.10409437890354,50.79805690492714,84.80222068008328,83.83067314365024,47.814018043025676
"Keller, Mitch",656605,2023,3112,99.60969175872964,-0.012290324268882852,-0.009873332478215669,0.03706207986887477,-0.12290324268882852,0.00119094086982245,-0.003949332991286267,0.12859594145697884,-0.46074476682906607,-1.094928911486022,1.464139816726984,0.00413226032959443,-0.01480542309862037,-0.0351840909860547,0.04704819462490309,-0.16607441268604362,0.184605452620481,-0.00533658138451297,0.00593205181942419,0.2242672138009829,0.18772248731337424,0.11521560009788936,0.11316652368674732,0.2059948505571786,0.8858089381076817,0.5459018943324301,50.72866065232478,47.53643303261624,50.72866065232478,20.402498265093687,15.7529493407356,64.12213740458014
"Brigham, Jeff",656257,2023,677,99.60348690869903,-0.0027162030405965035,-0.010030291878125944,0.00763762363374098,-0.027162030405965036,0.00112815710985834,-0.0040121167512503775,-0.05820901007336943,-0.14615894297639898,0.10623754822199773,0.10576802846151168,-0.00859808125160552,-0.02158920871143264,0.01569240003279139,0.01562304704010512,-0.1021839765248842,0.1060027883417547,-0.01509364498151908,0.01565772353644825,0.202377637430123,0.21524106215635075,0.08103785113486298,0.06781925889424958,0.20880934979323687,0.9255714449854437,0.5671903973893403,50.65926439972242,51.63081193615545,50.65926439972242,66.89798750867453,17.34906315058987,93.54614850798056
"Williams, Gavin",668909,2024,1401,99.59488017104457,-0.005742984811428542,-0.010248010013255792,0.01458538867984771,-0.05742984811428542,0.0010410698558064,-0.004099204005302317,-0.33871957205997205,-0.2047407838076651,0.932925934261334,-0.3748801897138492,-0.02417698587151835,-0.01461390319826303,0.06659000244549136,-0.02675804351990358,-0.2717301779338186,0.27902287227374245,-0.01939544453489069,0.01991597946279389,0.19365756092923272,0.20165761026693124,0.05913943387066028,0.146088742415646,0.197657585598082,0.8973859118568468,0.5475217487274644,50.58986814712006,50.65926439972242,50.58986814712006,23.38653712699514,11.86675919500347,76.82165163081194
"Smyly, Drew",592767,2023,2399,99.58336527456252,-0.010113506180272885,-0.010539293643469035,0.02218010812526927,-0.10113506180272884,9.245564037211036e-4,-0.004215717457387614,-0.5827329597737503,-0.1349269997281226,3.35869394604174,-2.6188538784145976,-0.02429066109936433,-0.00562430178108055,0.14000391605009335,-0.10916439676592736,-0.35882997975093645,0.3699200338135711,-0.01495748144022244,0.01541975964208299,0.1764456369359224,0.292056568895025,0.03157487394870853,0.3115917350241219,0.2342511029154737,0.8284166955135848,0.5313338992145292,50.52047189451769,48.507980569049266,50.52047189451769,4.441360166551006,39.07009021512838,4.233171408743928
"Rodríguez, Yariel",684320,2025,1217,99.5827876077875,-0.005137641656510458,-0.010553906443119265,0.0111807163245885,-0.05137641656510458,9.187112838610108e-4,-0.004221562577247706,0.01941035762524734,0.03239351456704753,0.11136125023722344,-0.1519844061049298,0.00159493489114604,0.00266175140238681,0.00915047249278746,-0.01248844750245931,0.02590193609614743,-0.02031157793385318,0.00212834314676642,-0.00166898750483592,0.2244379992324778,0.2448919412696716,0.08123864580970629,0.14093794809958543,0.2346649702510747,0.8889117030453542,0.5617883366482144,50.45107564191533,50.936849410131856,50.45107564191533,55.23941707147814,39.5558639833449,68.70229007633588
"Hicks, Jordan",663855,2025,1199,99.5242530630019,-0.00577179922755925,-0.012034610566220285,0.00391389131910102,-0.0577179922755925,3.264296346206027e-4,-0.004813844226488114,0.02478484739953046,-0.14133075106246906,-0.6680856197200455,0.7885454147020852,0.00206712655542372,-0.01178738540971385,-0.05572023517264767,0.0657669236615584,-0.0582729518314693,0.06022989749101981,-0.00486012942714506,0.00502334424445536,0.2392528461849359,0.2070409580212691,0.10327542889925936,0.10083786790106532,0.2231469021031025,0.8979433515998376,0.5605451268514701,50.38167938931297,50.58986814712006,50.38167938931297,52.81054823039556,28.868841082581543,77.5850104094379
"McLean, Nolan",690997,2025,739,99.5147108914538,-0.003628783136263237,-0.012275991665301883,0.00169879247096105,-0.03628783136263237,2.298771949879638e-4,-0.004910396666120753,-0.07578013432203079,-0.3920601251165863,-0.22083449097681296,0.6903735428863911,-0.01025441601110024,-0.0530527909494704,-0.02988288105234275,0.09341996520790136,-0.23392012971930853,0.23476952595478903,-0.03165360348028532,0.0317685420777793,0.2291423356570451,0.1523537893791726,0.12468401362924232,0.1021986120048002,0.19074806251810883,0.8865586871829787,0.5386533748505438,50.312283136710626,51.14503816793893,50.312283136710626,9.993060374739764,9.090909090909092,65.30187369882027
"Megill, Trevor",656730,2025,820,99.4976387896674,-0.004168175362995951,-0.012707851716451068,4.684920311319729e-4,-0.0416817536299595,5.713317452828937e-5,-0.005083140686580428,-0.4344093007080118,-0.23285234184095316,0.9846052273333044,-0.31687509275320735,-0.05297674398878193,-0.02839662705377477,0.1200738082113786,-0.03864330399429357,-0.3336308212744825,0.3338650672900485,-0.04068668552127835,0.0407152521085425,0.13611538617304,0.40832850016315375,0.00286488986408799,0.20126436350140373,0.2722219431680969,0.8979353733172541,0.5850786582426755,50.24288688410826,51.006245662734216,50.24288688410826,90.21512838306731,74.18459403192227,77.51561415683554
"Garcia, Robert",676395,2023,521,99.48580343348634,-0.002710709185572449,-0.013007241773380274,-3.262650393480726e-4,-0.027107091855724488,-6.262284824339206e-5,-0.005202896709352109,-0.09932315468722663,0.08086254357385769,0.2820308106165612,-0.26389646454254034,-0.01906394523747152,0.01552064176081721,0.05413259320855301,-0.0506519125801421,-0.00923030555668447,0.00906717303701043,-0.00177165173832715,0.00174034031420545,0.19515229944624216,0.23522834704842557,0.06684220588757926,0.18821391691047504,0.21519032324733386,0.8724719386009728,0.5438311309241534,50.1734906315059,51.70020818875781,50.1734906315059,17.34906315058987,21.929215822345594,45.66273421235253
"Wood, Alex",622072,2023,1690,99.47670347447017,-0.0089485071121172,-0.013237436556386395,-0.0026144428684347,-0.089485071121172,-1.547007614458407e-4,-0.005294974622554558,1.218836037370238,-0.5589813369761032,-0.5064254482592787,-0.15604369500329085,0.07212047558403775,-0.03307581875598243,-0.02996600285557862,-0.00923335473392253,0.3299273501970674,-0.3312345716312848,0.01952232841402765,-0.01959967879475058,0.29413317983074294,0.19790501476169323,0.08743049605395786,0.1399142967275649,0.24601909729621807,0.8863276036092387,0.5661733504527284,50.10409437890354,49.34073560027758,50.10409437890354,64.46911866759196,50.10409437890354,64.74670367800138
"Francis, Bowden",670102,2023,539,99.4547339272335,-0.0029738103803372043,-0.013793183582269039,-0.00203202769199606,-0.029738103803372044,-3.769995717988986e-4,-0.005517273432907616,-0.5101105540406934,-0.5014239041729525,1.0086230759188766,8.793546027732191e-4,-0.09464017700198392,-0.0930285536498984,0.18712858551370623,1.631455663772206e-4,-0.5057672291068229,0.5047512152608249,-0.09383436532594118,0.09364586554004171,0.07360904424464634,0.14071417506124503,0.0179222559444197,0.09470439128663204,0.10716160965294569,0.9436866763844741,0.5254241430187099,50.03469812630118,51.42262317834837,50.03469812630118,1.8043025676613464,0.06939625260235947,97.70992366412213
"Quintana, Jose",500779,2024,3089,99.4322869276636,-0.01774446192817914,-0.014361008358837116,-0.01866155971214311,-0.1774446192817914,-6.041294824261288e-4,-0.005744403343534846,-0.8381934566348832,2.827470871125115e-5,1.5748806091762615,-0.7553769869622329,-0.02713478331611794,9.1533534189871e-7,0.05098350952334935,-0.02445377102499944,-0.419082590963086,0.4097518111070144,-0.01356693399038802,0.01326486924917495,0.18979459769459608,0.2395304883692495,0.06243427334559255,0.1396938684080464,0.21466254303192278,0.8989359291231805,0.5567992360775517,49.96530187369882,45.038167938931295,49.96530187369882,43.44205412907703,21.44344205412908,78.41776544066622
"Pivetta, Nick",601713,2024,2387,99.42003721650563,-0.014007756262511186,-0.014670880040334299,-0.01737922556044679,-0.14007756262511187,-7.28078155025002e-4,-0.00586835201613372,-1.5175703097768292,-0.24965090902469456,2.8126900382636535,-1.0628480450225766,-0.06357646877992582,-0.01045877289588163,0.11783368404958752,-0.04452652052880505,-0.8836106094007619,0.8749209966205385,-0.03701762083790372,0.03665358176039122,0.136308284030161,0.3390423130564791,0.03666837498481299,0.11133919165931098,0.23767529854332003,0.925996216677938,0.581835757610629,49.89590562109646,46.911866759195,49.89590562109646,86.88410825815406,42.470506592644,93.96252602359473
"Detmers, Reid",672282,2023,2593,99.40304794022182,-0.01566238890829271,-0.015100644917366674,-0.02333658786437809,-0.15662388908292713,-8.999841058379516e-4,-0.006040257966946669,-1.2440761561376803,0.3142134450008598,1.8350615564763757,-0.9285354332039332,-0.04797825515378636,0.01211775723103971,0.07076982477733806,-0.03580931096042936,-0.46493135556841025,0.4532630616362212,-0.01793024896137332,0.01748025690845434,0.16133055651257142,0.2092131044042471,0.05346544451714399,0.15710461468049608,0.18527183045840925,0.89471497040118,0.5399934004297946,49.8265093684941,46.21790423317141,49.8265093684941,11.380985426786953,7.0784177654406655,74.53157529493407
"Scholtens, Jesse",669947,2023,1447,99.38967313319549,-0.0089360800603097,-0.015438977298392692,-0.01498103783285387,-0.08936080060309701,-0.00103531705824836,-0.006175590919357077,-1.158216193925,0.46318720579711226,1.477300396187843,-0.7972524458928092,-0.08004258423807878,0.03201017317188059,0.10209401494041762,-0.0550969209324678,-0.34751449406394386,0.3400239751475169,-0.02401620553309909,0.02349854700397491,0.15826772255833357,0.313005482202255,0.04089089349648085,0.2042497432093936,0.23563660238029427,0.8774296816470628,0.5565331420136785,49.75711311589174,49.41013185287994,49.75711311589174,42.60929909784872,40.73560027758501,52.25537820957668
"Littell, Zack",641793,2025,2752,99.35968530659504,-0.017830270387777254,-0.016197556674942992,-0.03684236722006062,-0.17830270387777253,-0.00133874880886848,-0.006479022669977197,1.2047661822337543,0.47028989300679314,-0.7442311124191292,-0.9676673300414792,0.04377784092419166,0.01708902227495614,-0.02704328170127649,-0.03516233030673979,0.8375280376202738,-0.8559492212303041,0.0304334315995739,-0.03110280600400814,0.26667518879148877,0.3307857512866116,0.11084749645603482,0.18647538646871387,0.2987304700390502,0.8513385585376256,0.575034514288338,49.68771686328938,44.96877168632894,49.68771686328938,79.38931297709924,91.53365718251214,19.083969465648856
"Thielbar, Caleb",573204,2023,530,99.35423047642352,-0.003463135198583856,-0.016335543389546493,-0.00738790052196236,-0.03463135198583856,-0.00139394349470988,-0.006534217355818597,-0.5455466533148865,-0.09329488935782138,0.6988447764740613,-0.06739113432331578,-0.10293333081412952,-0.01760280931279648,0.1318575049951059,-0.01271530836288976,-0.31942077133635394,0.31572682107537275,-0.060268070063463,0.05957109831610807,0.07572517227853566,0.19363923731838975,0.01994910858089847,0.12018427611281245,0.1346822047984627,0.9299333076531445,0.5323077562258036,49.61832061068702,51.28383067314365,49.61832061068702,4.9271339347675225,0.6245662734212353,95.41984732824427
"Knack, Landon",689017,2024,1280,99.34289013669868,-0.008510674631398703,-0.016622411389450593,-0.01931124089179547,-0.08510674631398704,-0.00150869069467152,-0.006648964555780237,-0.7114437751565106,0.5187679768946509,0.622932389658331,-0.4495678322882668,-0.05558154493410239,0.0405287481948946,0.04866659294205711,-0.03512248689752084,-0.09633789913092984,0.08668227868503209,-0.00752639836960389,0.00677205302226813,0.1587819372386534,0.31586713042858566,0.06039579193692069,0.15853130282882588,0.2373245338336195,0.8905364526171267,0.563930493225373,49.54892435808466,49.54892435808466,49.54892435808466,59.958362248438576,41.7765440666204,70.50659264399722
"Mize, Casey",663554,2024,1929,99.32097923397923,-0.0132535223754639,-0.01717667492932074,-0.03337934097385187,-0.132535223754639,-0.00173039611061958,-0.006870669971728297,-0.4552949674126694,0.4028261520252272,0.12267022248977356,-0.10358074807618324,-0.02360264216758265,0.02088264136989254,0.00635926503316607,-0.00536966034609555,-0.02623440769372109,0.00954473720679516,-0.00136000039884505,4.948023435352598e-4,0.19386012989595172,0.3159505502205124,0.08937254979365612,0.1502266166902643,0.25490534005823207,0.8802004167580397,0.5675528784081358,49.47952810548231,47.2588480222068,49.47952810548231,67.86953504510757,60.16655100624566,56.21096460791117
"Brown, Hunter",686613,2025,2962,99.29394487518474,-0.021161170948092386,-0.017860542663818695,-0.05935679771488367,-0.21161170948092387,-0.00200394320441876,-0.007144217065527477,-0.8871907337713196,0.7755535967280593,0.6888552806783252,-0.6365749413499486,-0.02995242180186764,0.02618344350871233,0.02325642406071321,-0.02149138897197666,-0.05581856852163014,0.0261401696641883,-0.00188448914657765,8.82517544368275e-4,0.20597337605702395,0.3244001354621297,0.08984207111925759,0.1655939413384744,0.26518675575957684,0.872281993771134,0.5687343747653555,49.41013185287994,43.44205412907703,49.41013185287994,69.60444136016655,68.70229007633588,45.246356696738374
"Megill, Tylor",656731,2023,2233,99.25754311894222,-0.016775520013707346,-0.018781370369130468,-0.05297288481851581,-0.16775520013707346,-0.00237227428654347,-0.007512548147652187,-1.341938799143918,0.5284413400422636,1.4010108372772834,-0.6404862629941448,-0.06009578142158163,0.02366508464139111,0.06274119289195178,-0.02868277039830474,-0.4067487295508272,0.3802622871415693,-0.01821534839009526,0.01702921124682352,0.1746893196983502,0.26304325919260946,0.05924098724003152,0.16451260924992536,0.2188662894454798,0.8881232017550216,0.5534947456002507,49.34073560027758,45.87092297015961,49.34073560027758,36.22484385843164,24.98265093684941,67.93893129770993
"Schreiber, John",670167,2025,1046,99.24778666241039,-0.007961387195523532,-0.019028172073430993,-0.02584660736803812,-0.07961387195523531,-0.00247099496826368,-0.007611268829372397,0.8277599828816165,-0.4329733451968423,-0.9758652113014534,0.5552319662486411,0.07913575362156945,-0.04139324523870385,-0.09329495327929764,0.05308144992816837,0.1973933188423871,-0.21031662252640615,0.0188712541914328,-0.02010675167556464,0.3236558243569677,0.19747369346316984,0.13821802291084145,0.1032778643723902,0.2605647589100688,0.8792520563583842,0.5699084076342265,49.27133934767522,49.75711311589174,49.27133934767522,71.47814018043026,65.30187369882027,54.823039555863986
"Holmes, Grant",656550,2025,1964,99.2477261007668,-0.014949735506032019,-0.019029704055539717,-0.04854237642814496,-0.1494973550603202,-0.00247160776110717,-0.007611881622215887,0.19003169244047055,0.8408292518324743,0.4892383281658681,-1.568641648866958,0.00967574808760033,0.04281208003220337,0.02491030184143931,-0.0798697377223502,0.5154304721364724,-0.5397016603505449,0.02624391405990185,-0.02747971794045544,0.2187406091583152,0.3148553843783569,0.07496189459596794,0.2522348502136368,0.26679799676833604,0.8364016275951976,0.5515998121817669,49.20194309507286,46.42609299097848,49.20194309507286,32.47744621790423,69.88202637057599,7.425399028452463
"Stroman, Marcus",573186,2025,704,99.23018376868662,-0.005483726101399878,-0.01947345916690297,-0.0186497330317934,-0.05483726101399877,-0.00264910980565247,-0.007789383666761187,0.3960108688036144,-0.110989796141439,-0.655839208502357,0.35216840280838824,0.05625154386414977,-0.01576559604281804,-0.09315897848044843,0.05002392085346423,0.14251053633108768,-0.15183540284698438,0.02024297391066586,-0.0215675288134921,0.30140675918425797,0.23532494332680748,0.1528304321876917,0.10287016426489552,0.2683658512555327,0.8721497017737063,0.5702577765146195,49.13254684247051,50.867453157529496,49.13254684247051,72.31089521165856,71.13115891741846,44.96877168632894
"Anderson, Tyler",542881,2023,2427,99.20548063904955,-0.019511483577631456,-0.020098355559982944,-0.070360389167206,-0.19511483577631455,-0.00289906836288446,-0.008039342223993178,-0.13255924717759626,0.08324935904238373,-0.8156087982930842,0.7945582972610907,-0.0054618560847794,0.00343013428275169,-0.03360563651805044,0.03273828995719368,-0.02465494406760626,-0.01052525051599673,-0.00101586090101385,-4.336732804283779e-4,0.2335448677776759,0.3645403376424372,0.12931785045638153,0.1172823220138418,0.29904260271005656,0.8766999137648883,0.5878712582374724,49.06315058986815,43.85843164469119,49.06315058986815,91.81124219292158,91.81124219292158,50.79805690492714
"Birdsong, Hayden",806185,2024,1388,99.20490133662985,-0.011166743005038362,-0.020113009735299642,-0.04032042885819464,-0.11166743005038363,-0.00290493003301114,-0.008045203894119857,-0.6836873459083108,0.2691507748427284,1.1428823301021112,-0.7686661878947234,-0.04925701339397051,0.01939126619904383,0.08234022551167948,-0.05537940834976394,-0.2072682855327912,0.18710807110369387,-0.01493287359746334,0.01348040858095777,0.1721881859766695,0.2750899879362901,0.05050308709814739,0.19468470360651585,0.22363908695647977,0.8774061046476684,0.5505225958020741,48.99375433726579,48.091603053435115,48.99375433726579,29.909784871616935,29.354614850798054,52.185981956974324
"Adam, Jason",592094,2025,1087,99.18996630822616,-0.008909404125766403,-0.020490809856868443,-0.03321926438741229,-0.08909404125766404,-0.00305605008163866,-0.008196323942747377,-0.08993731523594306,0.33383304693506943,-0.5055462107420681,0.2284312146555294,-0.00827390204562493,0.03071141186155192,-0.04650839105262815,0.0210148311550625,0.1219478658495632,-0.13855749804326933,0.01121875490796349,-0.01274677994878282,0.20686224978647472,0.2475847032750419,0.117143011606711,0.13167795830880216,0.2272234765307583,0.8755895150422435,0.5514064957865009,48.924358084663425,49.47952810548231,48.924358084663425,31.99167244968772,32.54684247050659,49.34073560027758
"Kelly, Zack",677161,2024,957,99.1881530979655,-0.00786144005739212,-0.02053667726591462,-0.02942197972311078,-0.0786144005739212,-0.00307439704525713,-0.008214670906365847,-0.30735857740455685,-0.2490153678636489,-0.4359493991839827,0.9629013647290776,-0.03211688374133301,-0.02602041461480134,-0.04555375122089683,0.10061665253177404,-0.27818697263410286,0.26347598277254747,-0.02906864917806717,0.02753145065543861,0.20288775792242184,0.2130788277650801,0.12122689350918328,0.0856143711195399,0.20798329284375097,0.8965793676856384,0.5522813302646947,48.854961832061065,49.8265093684941,48.854961832061065,34.35114503816794,16.863289382373353,75.91950034698127
"Wacha, Michael",608379,2023,2218,99.1784590932142,-0.01843770094783,-0.020781899174740746,-0.07036573523890866,-0.1843770094783,-0.00317248580878758,-0.008312759669896298,-0.02566835626316788,0.7531512729005954,-0.33737168840116283,-0.4604769634751733,-0.00115727485406527,0.0339563242966905,-0.01521062616777109,-0.02076090908364171,0.36374145831871374,-0.39892432593816807,0.01639952472131261,-0.0179857676257064,0.19654150779941085,0.3224732675916702,0.10142830533970898,0.1654469978137187,0.25950738769554055,0.8665623484232862,0.5630348680594134,48.78556557945871,44.41360166551006,48.78556557945871,57.737682165163086,64.3997224149896,36.57182512144344
"Rogers, Trevor",669432,2025,1626,99.17768294111299,-0.013529317003114882,-0.020801532907618193,-0.05171231704952106,-0.13529317003114882,-0.00318033930193856,-0.008320613163047278,1.360431386337666,0.560662666067401,0.03201658466173285,-2.004822954116321,0.0836673669334358,0.0344810987741329,0.00196903964709304,-0.12329784465660028,0.9605470262025336,-0.986403184727294,0.05907423285378435,-0.06066440250475363,0.33085091125565674,0.2716974930016951,0.09940002897217952,0.20937648060852637,0.30127420212867595,0.845611745209647,0.5734429736691615,48.71616932685635,47.12005551700208,48.71616932685635,77.3768216516308,92.92158223455932,14.295628036086052
"Stanek, Ryne",592773,2025,1063,99.15965984960431,-0.009038667496256331,-0.021257449426755243,-0.03574556381897764,-0.09038667496256331,-0.00336270590959338,-0.008502979770702097,-0.6169438012418595,0.19186187160084955,0.4949458403892777,-0.10560947456724534,-0.0580379869465531,0.01804909422397456,0.0465612267534598,-0.00993503994047463,-0.212540964820505,0.19466818291101615,-0.01999444636128927,0.01831309340649258,0.17228238930065984,0.31148382469482255,0.06124851704698838,0.13925835020330513,0.24188310699774118,0.8997465663748533,0.5708148366862973,48.64677307425399,49.13254684247051,48.64677307425399,73.07425399028452,47.05065926439973,79.18112421929216
"Ortiz, Luis L.",682847,2024,2155,99.12447972251688,-0.019091036821560953,-0.022147374502970944,-0.08013746650871667,-0.19091036821560953,-0.00371867594007966,-0.008858949801188377,2.424537644722932,0.24238488612809303,-2.267366299837505,-0.47969369752223656,0.11250754731892956,0.0112475585210252,-0.1052142134495362,-0.02225956833049821,1.3334612654255125,-1.3735299986798708,0.06187755291997737,-0.0637368908900172,0.3267859123751,0.2424397089621947,0.17110008399670423,0.14390691706455935,0.28461281066864735,0.8424964994693682,0.5635546550690078,48.57737682165163,43.92782789729355,48.57737682165163,59.056210964607914,83.62248438584317,11.311589174184594
"Stripling, Ross",548389,2024,1358,99.12078962677793,-0.012081159139253811,-0.02224072006490022,-0.05100667235868172,-0.12081159139253811,-0.00375601416485137,-0.008896288025960087,0.6027763347501605,0.6933463850309636,-0.2780105456009778,-1.069118846538828,0.04438706441459208,0.05105643483291337,-0.02047205784985109,-0.07872745556250574,0.648061359890562,-0.6735646960699029,0.04772174962375272,-0.04959975670617841,0.24383066500659356,0.34230093830804903,0.11111303205053964,0.21873101012701043,0.2930658016573213,0.8350779789112249,0.5640718902842732,48.507980569049266,47.6058292852186,48.507980569049266,60.23594725884802,88.96599583622485,6.59264399722415
"Eovaldi, Nathan",543135,2025,1908,99.09836547950152,-0.01740704023449694,-0.022807966764277942,-0.0759939770750151,-0.1740704023449694,-0.00398291284460246,-0.009123186705711177,0.4021487528198122,-0.17912788848343553,0.4166183157302612,-0.715633157141653,0.02107697865931929,-0.0093882541133876,0.0218353414952967,-0.03750697888583087,0.11151043216818834,-0.1495074207056959,0.00584436227296584,-0.00783581869526708,0.22585366304253424,0.22928743350275085,0.08849060228323348,0.16761130149104936,0.22757054827264256,0.8719490481128586,0.5497597981927506,48.438584316446914,45.45454545454545,48.438584316446914,28.452463566967385,33.03261623872311,44.552394170714784
"Baz, Shane",669358,2025,2702,99.08561395265264,-0.02499947952372993,-0.02313053249789962,-0.11110459551014172,-0.24999479523729928,-0.00411193913805113,-0.009252212999159848,-1.7059655714538169,0.22231178225047188,1.868101499810166,-0.4955523061169629,-0.0631371418006594,0.00822767513880354,0.06913773130311494,-0.01834020377931024,-0.7418268946016724,0.6862745968466015,-0.02745473333092792,0.02539876376190235,0.16119441510950483,0.21979936735866976,0.06429454376730794,0.1445124642306011,0.1904968912340873,0.8955964960010455,0.5430466936175664,48.369188063844554,41.84594031922276,48.369188063844554,15.82234559333796,8.95211658570437,75.01734906315059
"Yarbrough, Ryan",642232,2023,1420,99.0525579113285,-0.013613100471673068,-0.02396672618252299,-0.06313911588898691,-0.13613100471673067,-0.00444641661190048,-0.009586690473009196,-0.08302055665672015,-0.35899893922305637,-0.671599713379976,1.0504800933707656,-0.00584651807441691,-0.0252816154382434,-0.04729575446337859,0.07397747136413843,-0.22100974793988823,0.1894401899953948,-0.01556406675633016,0.01334085845037991,0.21639215444711613,0.2427994073743064,0.12378775553431788,0.08482113007125368,0.22959578091071126,0.8956955571972143,0.5626456690539627,48.299791811242194,47.05065926439973,48.299791811242194,56.90492713393477,34.97571131158917,75.08674531575295
"Gilbert, Logan",669302,2025,2353,99.029975179064,-0.02309515099863992,-0.024537984486442746,-0.11000086603451108,-0.23095150998639918,-0.00467491993346838,-0.009815193794577098,0.06852990981883522,0.6440423495600953,0.5565632560674203,-1.379136381480862,0.00291244835609159,0.02737111557841459,0.02365334704918913,-0.0586118309171637,0.35628612968946527,-0.4112865627067208,0.01514178196725309,-0.01747924193398728,0.20183078908680843,0.29330126486815644,0.07755444163113984,0.2110268048643703,0.24756602697748242,0.8557093767522449,0.5516377018648637,48.230395558639835,42.53990284524636,48.230395558639835,32.75503122831367,51.492019430950734,23.247744621790424
"Gordon, Colton",676467,2025,1451,99.00016587121401,-0.014679504664502468,-0.025292048009135863,-0.0722096729203372,-0.14679504664502468,-0.00497654534254563,-0.010116819203654346,-0.4504120874810269,0.19983963822414808,-0.5072998215674716,0.6856625979040132,-0.03104149465754837,0.01377254570807361,-0.0349620828096121,0.04725448641654123,-0.1252862246284394,0.08918138816827081,-0.00863447447473738,0.00614620180346456,0.1807188285172691,0.22573051098358016,0.11478264213512984,0.10214732752178074,0.20322466975042464,0.8915350151715447,0.5473798424609846,48.160999306037475,46.63428174878557,48.160999306037475,23.178348369188065,14.156835530881331,71.47814018043026
"Marsh, Alec",679525,2023,1342,98.97700792661067,-0.01389123365085298,-0.025877857024688845,-0.06992986129245082,-0.1389123365085298,-0.00521086894876682,-0.010351142809875537,-0.08616981392810885,0.3284964520707945,0.01195689594749183,-0.3242133953826283,-0.00642099954754909,0.02447812608575219,8.909758530172749e-4,-0.0241589713399872,0.1211633190713428,-0.15612824971756822,0.00902856326910155,-0.01163399774348496,0.2052670609244611,0.23374175986807172,0.08835893980678254,0.14685596786972152,0.2195044103962664,0.882392546161748,0.5509484782790072,48.091603053435115,46.98126301179737,48.091603053435115,30.742539902845245,25.32963219986121,59.541984732824424
"Kelly, Zack",677161,2025,588,98.93772195654772,-0.006320210787891789,-0.02687164450634264,-0.03297729757559864,-0.06320210787891789,-0.00560838394142834,-0.010748657802537056,-0.05109378703537004,-0.00213824752881919,-0.4753105359404799,0.4955652729290705,-0.00868941956383844,-3.636475389148287e-4,-0.08083512515994556,0.0842798083212705,-0.02661601728209461,0.01012736849429529,-0.00452653355137663,0.00172234158066246,0.2318522422274187,0.23662304996606673,0.14111158081489952,0.08861187549647197,0.23423764609674272,0.8851382718443143,0.5596879589705285,48.022206800832755,50.45107564191533,48.022206800832755,50.72866065232478,39.00069396252602,63.21998612074948
"Kremer, Dean",665152,2025,2693,98.93339396682835,-0.029064069347309117,-0.02698112639000102,-0.15221311839343343,-0.2906406934730912,-0.00565217669489169,-0.010792450556000407,0.13830427735280182,0.8509095671547584,0.08015447176882162,-1.2215814346698153,0.00513569540857043,0.03159708752895501,0.00297640073408175,-0.0453613603664989,0.4946069222537801,-0.5707134814504968,0.01836639146876272,-0.02119247981620857,0.2285329174011324,0.24664521369479395,0.08967520824707996,0.18899995245581583,0.23758906554796316,0.8606624196485522,0.5491257425982576,47.952810548230396,40.388619014573216,47.952810548230396,27.411519777931993,42.26231783483692,28.66065232477446
"Kelly, Merrill",518876,2024,1142,98.93292135885474,-0.01233043967331941,-0.026993081596583646,-0.06460246923933255,-0.1233043967331941,-0.00565695877752474,-0.010797232638633457,1.2206876026692726,0.44029874958869186,-1.1573448275970577,-0.5682439939002393,0.1068903329832988,0.03855505688167179,-0.1013436801748737,-0.04975866846762165,0.8304931761289822,-0.8627944107486485,0.0727226949324853,-0.07555117432124768,0.31582245555745814,0.3188780930059254,0.1426660167703002,0.1628149381576109,0.31735027428169177,0.8472595225360444,0.5823048984088681,47.883414295628036,47.46703678001388,47.883414295628036,87.30048577376822,97.4323386537127,15.475364330326164
"Heaney, Andrew",571760,2025,2082,98.9008091494362,-0.023156337019311413,-0.02780539987909632,-0.12454286840483064,-0.23156337019311413,-0.00598188609052981,-0.011122159951638528,0.5148638984949798,0.5833094637428076,-0.236592308815716,-0.986123921826902,0.02472929387583957,0.02801678500205607,-0.01136370359345418,-0.04736426137497127,0.5490866811188937,-0.611358115321309,0.02637303943894782,-0.02936398248421272,0.24329199740048943,0.2269422162199125,0.08856995508840508,0.15162762278231645,0.23511710681020098,0.8799012110646393,0.5575091589374201,47.814018043025676,42.470506592644,47.814018043025676,45.66273421235253,40.18043025676614,55.58639833448994
"Fulmer, Carson",608334,2024,1469,98.89594114682198,-0.016410811314847798,-0.027928542060666767,-0.08859749012879092,-0.16410811314847798,-0.00603114296315799,-0.011171416824266707,1.229600913837544,0.7035157460222763,-1.3840579657755825,-0.6376561842130286,0.08370326166354962,0.04789079278572337,-0.0942176967852677,-0.04340750062716328,0.96655832992991,-1.0108570749943055,0.06579702722463648,-0.06881259870621549,0.27212756218850476,0.2682718740761184,0.13261191552402757,0.17670354928018484,0.2701997181323116,0.8453422675978938,0.5577709928651027,47.74462179042332,46.00971547536433,47.74462179042332,46.14850798056905,72.93546148507981,13.809854267869534
"Bednar, David",670280,2024,1038,98.8770845015074,-0.011793982018357116,-0.028405544360204992,-0.06458377750526267,-0.11793982018357116,-0.00622194388297328,-0.011362217744081998,-1.0859163686500324,0.2863155699055824,1.2823793766943226,-0.5473623554551352,-0.10461622048651566,0.02758338823753202,0.12354329255243957,-0.05273240418642921,-0.399800399372225,0.36750851061959366,-0.03851641612449181,0.03540544418300517,0.1301576869111448,0.2461256094724911,0.04000442383857745,0.2307516523620863,0.18814164819181795,0.8646219618996681,0.5263818050457431,47.67522553782096,47.67522553782096,47.67522553782096,2.1512838306731434,8.0499653018737,33.518390006939626
"Musgrove, Joe",605397,2024,1552,98.8734964589352,-0.01769050823009599,-0.028496308360335017,-0.09712803197655262,-0.17690508230095991,-0.00625824948302529,-0.011398523344134007,-0.0171444803313534,0.20305899872619193,0.25250987411385495,-0.5355524244852461,-0.00110467012444287,0.01308369837153298,0.01626996611558344,-0.03450724384569884,0.09295725919741926,-0.14152127518569557,0.00598951412354505,-0.0091186388650577,0.20674234100985395,0.23945110929304236,0.08138821023039136,0.1569115865574203,0.22309672515144816,0.8808501016060941,0.5519734133787711,47.6058292852186,45.107564191533655,47.6058292852186,33.587786259541986,28.79944482997918,57.39070090215128
"Fulmer, Michael",605242,2023,899,98.86587586617544,-0.010316593431824226,-0.02868908073366024,-0.0569548723068749,-0.10316593431824227,-0.00633535843235538,-0.011475632293464096,0.2473326604393833,-0.02011982599015027,-0.32676139656825853,0.04259368981215061,0.02751197557723951,-0.00223802291325364,-0.03634720762717002,0.00473789653082876,0.11360641722461652,-0.14208385337805396,0.01263697633199293,-0.01580465554817063,0.25780806961030733,0.2228029449590019,0.10480884094079385,0.13004036647409128,0.2403055072846546,0.8825753962925574,0.561440451788606,47.53643303261624,48.438584316446914,47.53643303261624,54.6148507980569,45.45454545454545,59.88896599583623
"Morillo, Juan",666661,2025,617,98.83727829135198,-0.007259003016255844,-0.029412491962138743,-0.04087454043951766,-0.07259003016255844,-0.00662472292374678,-0.011764996784855496,-4.397073380459915e-4,0.2069259875052012,-0.12258318073145348,-0.1247776398752194,-7.126537083403427e-5,0.03353743719695319,-0.01986761438111077,-0.02022328036875517,0.1032431400835776,-0.12368041030333644,0.01673308591305957,-0.02004544737493297,0.2287888750269423,0.30569444508643195,0.10779028301349976,0.15026820712243577,0.26724166005668715,0.8709707549320322,0.5691062074943597,47.46703678001388,50.03469812630118,47.46703678001388,70.29840388619014,70.15961138098544,43.02567661346287
"Gaddis, Hunter",683769,2023,685,98.8326764015383,-0.008090919282094152,-0.029528902489394722,-0.04569831687234682,-0.08090919282094153,-0.00667128713464917,-0.011811560995757888,0.1192258566039186,-0.05374436752208567,0.01778639815393035,-0.1289662041081101,0.01740523454071804,-0.00784589306891761,0.00259655447502632,-0.01882718308147592,0.03274074454091647,-0.05558990297708988,0.00477967073590021,-0.0081153143032248,0.23292635272930604,0.23375329774161055,0.08864363374505206,0.1541992878411799,0.2333398252354583,0.878578539206884,0.5559591822211711,47.397640527411525,49.68771686328938,47.397640527411525,41.498959056210964,37.682165163081194,53.85149201943095
"Woodford, Jake",663765,2025,625,98.82924587825586,-0.007403920460786861,-0.029615681843147446,-0.04191249297593913,-0.07403920460786861,-0.00670599887615026,-0.011846272737258978,0.03919690798829833,0.00942083150766848,-0.35313470172457073,0.2626044692526648,0.00627150527812773,0.00150733304122695,-0.05650155227593131,0.04201671508042636,0.0243088697479834,-0.04526511623595297,0.00388941915967734,-0.00724241859775247,0.25289065570850977,0.24814132383781684,0.11936776076005992,0.11691413076168816,0.2505159897731633,0.8818590542391259,0.5661875220061446,47.32824427480916,49.96530187369882,47.32824427480916,64.53851492019432,54.54545454545454,58.848022206800835
"Wolfram, Grant",664991,2025,520,98.82319217027721,-0.0061919141267034105,-0.029768817916843316,-0.03518971718926878,-0.06191914126703411,-0.00676725330562861,-0.011907527166737326,-0.04719902116812591,0.1298984239128913,-0.1894622976494702,0.07157317771543603,-0.00907673484002421,0.02498046613709448,-0.03643505724028273,0.01376407263758385,0.0413497013723827,-0.05894455996701708,0.00795186564853513,-0.01133549230134944,0.2130293615947474,0.2645204987719344,0.09838472729727446,0.1266430043607775,0.2387749301833409,0.887486134170974,0.5631305321771575,47.2588480222068,50.52047189451769,47.2588480222068,57.876474670367806,43.99722414989591,66.75919500346981
"Stanek, Ryne",592773,2023,911,98.79563604188363,-0.011101768298096226,-0.030465884462393587,-0.06418978810626186,-0.11101768298096226,-0.00704607992384872,-0.012186353784957436,-0.755640671993433,0.32377390438250586,0.6402251507184928,-0.2725481712138276,-0.08294628671717157,0.03554049444374378,0.07027718449160185,-0.02991747214202278,-0.21593338380546356,0.18383848975233263,-0.02370289613671389,0.02017985617478953,0.17017370943966276,0.33255261043505185,0.05940450214334259,0.19877076871259103,0.2513631599373573,0.8709123645720331,0.5611377622546952,47.18945176960444,48.160999306037475,47.18945176960444,54.05968077723803,55.79458709229702,42.67869535045107
"Bido, Osvaldo",674370,2025,1380,98.78253360916018,-0.01700012439173093,-0.030797326796613993,-0.099065464634009,-0.1700012439173093,-0.00717865685753688,-0.012318930718645597,0.7572547133597709,0.18956560899187025,-0.8538882484231181,-0.1919975385625321,0.05487352995360658,0.01373663833274422,-0.06187596003066072,-0.01391286511322696,0.4734101611758206,-0.5229428934928251,0.0343050841431754,-0.03789441257194385,0.2825230550368075,0.24366828379873923,0.12250132994328612,0.14240628417079262,0.2630956694177734,0.8675461929429606,0.5653209311803671,47.12005551700208,45.73213046495489,47.12005551700208,63.08119361554476,67.24496877168633,38.02914642609299
"Hancock, Emerson",676106,2025,1498,98.77786946116619,-0.018524455083413723,-0.03091531222198552,-0.10824324839472864,-0.1852445508341372,-0.00722585102768549,-0.012366124888794208,1.315485081068573,8.497479452671541e-4,-0.5465404276221761,-0.8780376497863926,0.08781609352927724,5.672549701382871e-5,-0.03648467474113325,-0.0586139953128433,0.6581674145069201,-0.7122890387042844,0.04393640951314553,-0.04754933502698828,0.3247308886457675,0.2403018833964488,0.1116131236969195,0.18862586847535456,0.2825163860211082,0.8498805039138629,0.5661984449674855,47.05065926439973,44.274809160305345,47.05065926439973,64.60791117279668,82.09576682859125,17.696044413601665
"Sandlin, Nick",680704,2024,1026,98.76569416761268,-0.012814042901786355,-0.031223301417608068,-0.07540121920288811,-0.12814042901786354,-0.00734904670593451,-0.012489320567043227,0.8316978086552353,-0.754630119939975,-0.4797010003932769,0.3272320924751284,0.08106216458628024,-0.07355069395126462,-0.0467544834691303,0.03189396612818016,0.03853384435763019,-0.07623445395907424,0.00375573531750781,-0.00743025867047507,0.3094927938424017,0.18172433888144485,0.11084599363580384,0.11754989070264676,0.24560856636192327,0.8858020578307747,0.565705312096349,46.98126301179737,47.32824427480916,46.98126301179737,63.84455239417072,49.8265093684941,64.05274115197778
"Kirby, George",669923,2023,2812,98.75312126020751,-0.03547770907423746,-0.03154134875021112,-0.21023258976799752,-0.3547770907423746,-0.00747626563897573,-0.012616539500084447,0.04379553639387268,0.04951841027968839,-0.750098201355172,0.4465516649136134,0.00155745150760571,0.00176096764863756,-0.02667490047493499,0.01588021567971598,0.04665697333678054,-0.1517732682207793,0.00165920957812164,-0.0053973423976095,0.20737975390185245,0.22072981071787293,0.10020106720208434,0.12669149674011906,0.2140547823098627,0.8865537180288983,0.5503042501693804,46.911866759195,37.95975017349063,46.911866759195,29.424011103400417,21.02706453851492,65.23247744621791
"Miley, Wade",489119,2023,1872,98.73388966322966,-0.02398244353576106,-0.03202783591848432,-0.14359850867765545,-0.2398244353576106,-0.00767086050628501,-0.012811134367393728,1.1193224890618012,0.47763236760420114,-2.2837225867942834,0.5431692214506256,0.05979286800543811,0.02551454955150647,-0.12199372792704503,0.02901544986381547,0.7984774283330012,-0.8702766826718289,0.04265370877847228,-0.04648913903161479,0.2767646423619499,0.3176864350967519,0.16948241070269307,0.1260713787732513,0.29722553872935087,0.8522231052620278,0.5747243219956893,46.84247050659264,42.05412907702984,46.84247050659264,79.04233171408744,90.70090215128384,19.98612074947953
"Varland, Louis",686973,2024,1047,98.7264249299527,-0.013492339566813321,-0.03221666563231452,-0.08110472834232496,-0.13492339566813322,-0.00774639239181709,-0.012886666252925807,0.00995691549974253,0.3636388972545319,0.10584815531115056,-0.56054869640775,9.509947946267944e-4,0.0347315088113211,0.01010966144328085,-0.05353855744104584,0.1867979063771372,-0.2273502705482997,0.01784125180297394,-0.02171444799888249,0.2316010869457504,0.2728050843512066,0.08809309975988854,0.1829942347437432,0.2522030856484785,0.8644563327481841,0.5583297091983312,46.77307425399028,47.18945176960444,46.77307425399028,47.32824427480916,56.90492713393477,33.10201249132547
"Anderson, Grant",681982,2025,1190,98.71339780254115,-0.015491992639898002,-0.03254620302499579,-0.09375066745178628,-0.15491992639898003,-0.0078782073488896,-0.013018481209998316,0.10502746915381068,-1.1774342983908357,-0.29237812407063757,1.271034285855876,0.0088258377440177,-0.0989440586883055,-0.02456959025803676,0.10680960385343496,-0.5362034146185124,0.48932808089261925,-0.0450591104721439,0.04112000679769909,0.275651596168047,0.1512600141639135,0.1207474531340074,0.0829766827984185,0.21345580516598026,0.898137932033787,0.5557968685998836,46.70367800138793,46.28730048577377,46.70367800138793,41.360166551006245,20.749479528105482,77.65440666204026
"Graceffo, Gordon",700669,2025,756,98.71110284797093,-0.009859527242895643,-0.03260425675560727,-0.05973480203897452,-0.09859527242895642,-0.00790142884113419,-0.013041702702242908,-0.3401778103352626,-0.17464914094671258,0.8320243714929347,-0.37693222224993406,-0.04499706485916172,-0.02310173822046462,0.11005613379536176,-0.04985875955686958,-0.2574134756409876,0.2275460746215003,-0.03404940153981317,0.03009868711924607,0.18665623273468232,0.3878922608856433,0.04751004403794451,0.23818818679466633,0.28727424681016284,0.8571508845836946,0.5722125656969287,46.63428174878557,48.64677307425399,46.63428174878557,75.50312283136711,85.35739070090214,24.98265093684941
"Boyd, Matthew",571510,2025,2901,98.70676867115696,-0.03796120393150295,-0.032713895149519945,-0.2304926946042656,-0.3796120393150295,-0.00794528419869926,-0.013085558059807979,-0.5973233956037802,0.21592552439369683,1.3753965402462995,-1.2244913636404815,-0.02059025837999931,0.0074431411373215,0.04741111824358151,-0.04220928519960296,-0.1906989356050417,0.07545258830290891,-0.0065735586213389,0.00260091652198927,0.1787431013969081,0.23764446718925833,0.06189941572874641,0.1620353633197345,0.20819378429308322,0.8880326104757595,0.5481131973844213,46.56488549618321,37.05759888965996,46.56488549618321,24.70506592643997,16.932685634975712,67.59195003469813
"Estévez, Carlos",608032,2024,883,98.70353764131075,-0.0115834158338464,-0.032795628068647796,-0.07044554014487403,-0.115834158338464,-0.0079779773663504,-0.013118251227459118,-0.1014402025571144,0.04804491144386702,0.3408951957808313,-0.35794544481245794,-0.01148813165992235,0.0054410998237675,0.03860647743837273,-0.04053742296856828,-0.02669764555662368,-0.00852512451581333,-0.00302351591807742,-9.654727650977726e-4,0.21900083684014615,0.2859227506033107,0.07333703082674858,0.17328469023498166,0.2524617937217284,0.8766891394691348,0.5645754665954317,46.49548924358085,47.814018043025676,46.49548924358085,61.48507980569049,57.32130464954892,50.72866065232478
"Boyd, Matthew",571510,2024,849,98.69016625175746,-0.011252263610550034,-0.03313387400044179,-0.06888171102468732,-0.11252263610550034,-0.008113275739068,-0.013253549600176717,-0.05709047490904595,-0.07556281870893145,0.3177310711953396,-0.25395948860204953,-0.00672443756290293,-0.00890021421777755,0.03742415443996932,-0.02991277839835683,-0.0663266468089887,0.03188579129664504,-0.00781232589034024,0.00375568802080624,0.21994854834972813,0.22352708025441315,0.06787230528558573,0.1501046978816063,0.22173781430207062,0.8910114984164039,0.5563746563592373,46.42609299097848,48.022206800832755,46.42609299097848,42.19292158223456,27.82789729354615,71.0617626648161
"Ribalta, Orlando",687377,2025,501,98.68429173207574,-0.006669808447567245,-0.03328247728326967,-0.04094531243151778,-0.06669808447567245,-0.00817271705219915,-0.013312990913307867,0.14117467893129287,0.09618881584356131,-0.21572967776637597,-0.062579129439996,0.02817857862900057,0.01919936443983259,-0.04305981592143233,-0.01249084419959999,0.1186817473874271,-0.13915440360318598,0.02368897153441658,-0.02777533006051616,0.26020862356584046,0.3847211560212781,0.11128946546165612,0.16316493409983665,0.32246488979355925,0.8627728002192536,0.5926188450064065,46.35669673837613,50.24288688410826,46.35669673837613,94.17071478140181,98.33448993754337,31.158917418459403
"Canning, Griffin",656288,2025,1343,98.65978273240306,-0.018212403079236116,-0.03390246291741644,-0.1130901528376711,-0.18212403079236117,-0.00842071130585786,-0.013560985166966577,-0.00334080149491455,0.4154183074761022,-0.23127627404994655,-0.2938913847689122,-2.4875662657591646e-4,0.03093211522532406,-0.01722086925167137,-0.02188320065293464,0.20603875299059385,-0.26258382940942937,0.01534167929937407,-0.019552034952303,0.20491038338070175,0.2737406609078585,0.0961038226949497,0.16353463917542213,0.2393255221442801,0.8701807690648141,0.5547531456045471,46.28730048577377,44.621790423317144,46.28730048577377,39.41707147814018,44.41360166551006,41.84594031922276
"Manoah, Alek",666201,2023,1663,98.64931016548249,-0.022728140859890174,-0.034167379524789786,-0.14179865428866378,-0.22728140859890175,-0.0085266779488072,-0.013666951809915916,0.1361929742009238,-0.42629877607851085,-0.31392158352676347,0.46222873111568674,0.00818959556229247,-0.02563432207327184,-0.01887682402445962,0.02779487258663179,-0.14505290093879353,0.07415357379446164,-0.00872236325548968,0.00445902428108608,0.23933022173042803,0.204890455267248,0.09868103663992364,0.11588862923155462,0.22211033849883802,0.8927151670642609,0.5574127527815494,46.21790423317141,42.67869535045107,46.21790423317141,45.315752949340734,28.24427480916031,72.58848022206801
"Sands, Cole",663485,2024,1154,98.64755002229191,-0.015792215133949954,-0.03421190453628672,-0.09860339098230496,-0.15792215133949955,-0.00854448795340597,-0.013684761814514688,0.2355677559870628,0.311436917672836,-0.7586934797109279,0.11308541506872416,0.02041315043215449,0.02698760118482114,-0.0657446689524201,0.00979942938203849,0.2735023368299494,-0.3228040323211019,0.02370037580848781,-0.0279726197851908,0.2416522987718354,0.2522744205514302,0.13301032238338048,0.13005705454531663,0.2469633596616328,0.8684663115356515,0.5577148355986421,46.14850798056905,46.14850798056905,46.14850798056905,46.00971547536433,50.867453157529496,39.5558639833449
"Smith, Drew",622098,2023,1082,98.64663424030904,-0.014816938460771253,-0.03423507038070992,-0.0925516214305162,-0.14816938460771253,-0.00855375429117525,-0.013694028152283967,-0.4434931069275194,-0.3586535709910095,0.8993493037199869,-0.1897542472319742,-0.04098827235929015,-0.0331472801285591,0.08311915930868641,-0.0175373611120124,-0.4010733389592645,0.35479752824400634,-0.03706777624392463,0.032790899098337,0.1703491028056799,0.20992102388281916,0.0397590610270901,0.1249090124608422,0.1901350633442495,0.9176659632560339,0.5539005133001417,46.07911172796669,46.56488549618321,46.07911172796669,36.9882026370576,8.743927827897293,90.28452463566967
"Matz, Steven",571927,2024,754,98.64568775314963,-0.010332518305951926,-0.03425901295076896,-0.06456751814675954,-0.10332518305951927,-0.00856333131919887,-0.013703605180307585,0.2146152671332402,0.03119367709223297,0.38592279729346046,-0.6962992596656932,0.02846356328027058,0.00413709245255079,0.05118339486650669,-0.09234738191852696,0.12290447211273658,-0.15518823118611635,0.01630032786641068,-0.02058199352601012,0.2414604043477234,0.23541354061807565,0.06314637263580934,0.1951840775505144,0.23843697248289952,0.8708347749068381,0.5546358736948689,46.00971547536433,48.369188063844554,46.00971547536433,39.07009021512838,43.51145038167939,42.470506592644
"Ohtani, Shohei",660271,2025,1086,98.62113986452309,-0.015151864323882264,-0.03487998232937904,-0.09569526910718196,-0.15151864323882264,-0.0088117190706429,-0.013951992931751617,-0.13291152318242894,0.18754443107809493,0.1543009113846665,-0.30462908838751446,-0.01223863012729548,0.01726928462965883,0.01420818705199507,-0.02805056062500133,0.02731645394783299,-0.07516408850142398,0.00251532725118167,-0.00692118678650312,0.19777106099395655,0.22573629725043368,0.08276777876595032,0.16571779957202237,0.21175367912219512,0.8757572108310137,0.5437554449766044,45.94031922276197,46.35669673837613,45.94031922276197,17.210270645385148,19.29215822345593,49.61832061068702
"Domínguez, Seranthony",622554,2025,1301,98.60201475493754,-0.01840330890893932,-0.035363775766601296,-0.11715812615636878,-0.1840330890893932,-0.0090052364455318,-0.014145510306640519,-0.07889943516448739,0.19181520088295656,-0.1348008712675437,-0.09527302060729426,-0.00606452230318888,0.0147436741647161,-0.01036132753785885,-0.00732306076920017,0.05645788285923459,-0.11503694593741898,0.00433957593076361,-0.00884219415352951,0.21584998338466768,0.25056590555869057,0.09616621414276905,0.14666967447945306,0.23320794447167914,0.8785820556888889,0.555895000080284,45.87092297015961,44.482997918112424,45.87092297015961,41.429562803608604,37.404580152671755,53.92088827203331
"DeSclafani, Anthony",543101,2025,634,98.59820612761786,-0.008992686364113954,-0.035460119732310544,-0.05733752736171027,-0.08992686364113954,-0.0090437740318155,-0.014184047892924219,0.09884575095020408,0.15060122071372462,-0.5466509125673156,0.2398664135416766,0.01559081245271358,0.02375413575926255,-0.0862225414144031,0.03783381917061145,0.12472348583196435,-0.1533922495128195,0.01967247410598806,-0.02419436112189581,0.21649244530999048,0.2342762413788959,0.14159426261250008,0.11361083125713475,0.22538434334444318,0.8723974530651826,0.5488908982048128,45.80152671755725,49.27133934767522,45.80152671755725,26.648160999306036,30.881332408049968,45.52394170714781
"Kahnle, Tommy",592454,2023,684,98.58259379273612,-0.009809942545605237,-0.035855053163761814,-0.06293995224606874,-0.09809942545605237,-0.00920174740439601,-0.014342021265504726,0.5031200217395053,-0.1513008464635277,0.3097734381395014,-0.7245325656615478,0.07355555873384581,-0.0221200067929134,0.04528851434788032,-0.10592581369320872,0.1759095876379888,-0.2073795637610232,0.0257177759704662,-0.03031864967266421,0.25844655632660685,0.2731504207578776,0.0878452847641325,0.234997564702186,0.2657984885422422,0.8385785752668408,0.5521885319045414,45.73213046495489,48.71616932685635,45.73213046495489,34.21235253296322,69.04927133934767,8.674531575294935
"Detmers, Reid",672282,2024,1643,98.58001356669085,-0.02360683640125123,-0.03592032319119177,-0.1516136644744961,-0.2360683640125123,-0.00922785541536799,-0.014368129276476706,-0.9333881490181284,0.5861909986801948,0.9390079907626614,-0.7434245048992238,-0.0568099908105982,0.03567808878150912,0.05715203839091062,-0.04524799177718952,-0.17359857516896682,0.09779174293171876,-0.01056595101454454,0.00595202330686054,0.16453905865090646,0.2689251907041361,0.06039547840873506,0.1785313573986668,0.2167321246775213,0.880536582096299,0.5486343533869101,45.66273421235253,42.19292158223456,45.66273421235253,26.023594725884802,23.039555863983345,56.90492713393477
"Alexander, Tyler",641302,2023,679,98.57547044855698,-0.009787173089463854,-0.03603524701569901,-0.06296927137771036,-0.09787173089463855,-0.00927382494517089,-0.014414098806279606,0.33389153539076233,0.12444404927282449,-0.43030524812411386,-0.09099960791718333,0.04917401110320506,0.01832754775741156,-0.06337337969427302,-0.01340200411151447,0.2291677923317934,-0.2606524280206486,0.0337507794303083,-0.03838769190289375,0.2871807490507661,0.3122393125275617,0.15813667056630498,0.15232178330364338,0.2997100307891639,0.8447707730650258,0.5722404019270948,45.59333795975017,48.78556557945871,45.59333795975017,75.57251908396947,92.2970159611381,13.39347675225538
"Anderson, Chase",502624,2024,1016,98.55277334520189,-0.014878059541713076,-0.0366093984786247,-0.0965554129882662,-0.14878059541713076,-0.00950348553034116,-0.014643759391449879,-0.118366431327388,-0.1414906481163598,-0.4843051171699244,0.647606783625406,-0.01165023930387677,-0.0139262448933425,-0.0476678264931028,0.0637408251599809,-0.1299285397218739,0.0816508332277408,-0.01278824209860963,0.00803649933343905,0.23581754613519704,0.1980939755949013,0.13680649103368184,0.10294563919694193,0.21695576086504917,0.8801239348846881,0.5485398478748686,45.52394170714781,46.49548924358085,45.52394170714781,25.607217210270644,23.178348369188065,56.07217210270645
"Thompson, Ryan",657044,2025,650,98.55210828430332,-0.009522817725548836,-0.03662622202134167,-0.06181639715828169,-0.09522817725548835,-0.00951021494742795,-0.014650488808536668,0.03445652111622621,0.04834819194911688,-0.9746742667855416,0.8300531565619167,0.00530100324865018,0.00743818337678721,-0.14994988719777563,0.12770048562491026,0.04140235653267155,-0.07231055511181239,0.00636959331271869,-0.01112470078643267,0.44978390410950975,0.19185603813095983,0.20382611514718688,0.05566703551492449,0.3208199711202348,0.8702534246689443,0.5955366978945895,45.45454545454545,48.924358084663425,45.45454545454545,95.41984732824427,97.98750867453158,42.05412907702984
"Kikuchi, Yusei",579328,2024,3006,98.54333703549548,-0.044306157448893525,-0.03684810167073645,-0.2885449422240072,-0.44306157448893524,-0.00959896680718586,-0.014739240668294577,-0.00364634776514094,0.5024834468895278,1.701139499705505,-2.488521541053899,-1.2130232086297222e-4,0.01671601619725641,0.05659146705607135,-0.08278514773965066,0.24941854956219345,-0.39369102067419703,0.00829735693819672,-0.01309684034178965,0.21156024006611843,0.2399680864166659,0.06173723382539593,0.21597911341292444,0.22576416324139215,0.8611418263808398,0.543452994811116,45.385149201943094,35.32269257460097,45.385149201943094,16.724496877168633,31.297709923664126,29.493407356002777
"Martinez, Nick",607259,2024,2121,98.53495329066892,-0.031441855799883164,-0.037060178924897644,-0.20539334940471576,-0.31441855799883167,-0.00968379770885034,-0.014824071569959057,0.28343243414065,0.42782642823567585,-0.15631131385123354,-0.7603408979298081,0.01336315106745167,0.02017097728598188,-0.00736969890859186,-0.03584822715369203,0.3556294311881629,-0.4583261058905208,0.01676706417671678,-0.02160896303114195,0.2416693637245559,0.3777619097214288,0.0938017695034613,0.1791801403267166,0.30971563672299235,0.863509045084911,0.5866123409039516,45.315752949340734,39.5558639833449,45.315752949340734,91.11727966689799,95.48924358084663,31.783483691880637
"Bello, Brayan",678394,2024,2800,98.53366999651821,-0.04154375842037693,-0.03709264144676512,-0.27150991609272523,-0.4154375842037693,-0.00969678271759733,-0.014837056578706046,2.636069038488415,0.29402895937801077,-4.096094797620935,0.8944868836617843,0.09414532280315768,0.01050103426350038,-0.1462890999150334,0.03194596013077801,1.465048998933213,-1.6008039569795756,0.05232317853332903,-0.0571715698921277,0.30799539085126804,0.2260015199563657,0.18020197160404736,0.1299361013005777,0.26699845540381684,0.8449309635476875,0.5559647094757522,45.246356696738374,36.29424011103401,45.246356696738374,41.568355308813324,70.0208188757807,13.601665510062459
"Weathers, Ryan",677960,2024,1413,98.50484509166117,-0.02137688320889667,-0.037821803271225515,-0.14113676243150053,-0.2137688320889667,-0.00998844744738149,-0.015128721308490207,0.25620621635175667,0.22709462157763485,-0.29142686505247184,-0.3330107353084202,0.01813207475950153,0.01607180619799255,-0.02062468967108788,-0.0235676387337877,0.24165041896469577,-0.312218800180446,0.01710194047874704,-0.02209616420243779,0.23334805245777276,0.25116712109757283,0.1030815337925692,0.1526674676201788,0.24225758677767278,0.872125499293626,0.5571915430356494,45.176960444136014,43.30326162387232,45.176960444136014,44.552394170714784,47.32824427480916,44.89937543372658
"Vodnik, Victor",680767,2025,918,98.46530791671618,-0.014255418311534842,-0.038821945292850865,-0.0953664690703704,-0.14255418311534843,-0.01038850425603163,-0.015528778117140346,0.04741537981954025,-0.1591557679903417,0.6088551265690398,-0.5924812074686088,0.00516507405441614,-0.01733722962857752,0.06632408786155118,-0.06454043654342144,-0.05587019408540072,0.00818695955021553,-0.00608607778708068,8.918256590648729e-4,0.24049739854123217,0.2656850376457201,0.06229896898900262,0.2273765889468707,0.2530912180934761,0.8551622210320633,0.5541267195627697,45.107564191533655,46.84247050659264,45.107564191533655,37.612768910478835,58.15405968077724,22.553782095766827
"Sandlin, Nick",680704,2023,998,98.41628275168372,-0.015992789452184606,-0.04006209782611372,-0.10862796138798105,-0.15992789452184605,-0.01088456526933677,-0.016024839130445487,0.4509284602927437,-0.4369917493722824,-0.8911717770448604,0.768607104736418,0.045183212454182733,-0.04378674843409643,-0.08929576924297197,0.0770147399535489,0.00696835546023066,-0.06128233615422118,6.982320100431532e-4,-0.00614051464471154,0.28524388852986193,0.1826901035636747,0.15769033994869527,0.08207067674355488,0.23396699604676832,0.8801194916538749,0.5570432438503217,45.038167938931295,46.07911172796669,45.038167938931295,43.92782789729355,38.51492019430951,56.002775850104094
"Cole, Gerrit",543037,2024,1986,98.41005867573,-0.03195040541174149,-0.04021954356966449,-0.21741821523579577,-0.3195040541174149,-0.01094754356675708,-0.016087817427865796,-0.7803873758712143,0.5427549085393366,0.974230788371358,-0.954016536275276,-0.03929442980217594,0.02732904876834524,0.04905492388576827,-0.04803708641869466,-0.11881623366593884,0.01010712604804098,-0.00598269051691535,5.089187335368067e-4,0.18111526037033412,0.27928637243166815,0.07309120376264058,0.17311957718523036,0.23020081640100115,0.8768946095260646,0.5535477129635329,44.96877168632894,39.41707147814018,44.96877168632894,36.43303261623873,35.53088133240805,51.35322692574601
"Megill, Trevor",656730,2023,614,98.40438090480795,-0.009913194514638127,-0.040363169847875094,-0.06757066363917374,-0.09913194514638127,-0.01100499407804132,-0.016145267939150037,-0.8058401992466315,-0.01893802297581714,0.9446948524091568,-0.1874872938258818,-0.13124433212485856,-0.00308436856283666,0.153859096483576,-0.03053538987392212,-0.41238911111122434,0.37860377929163747,-0.06716435034384761,0.06166185330482694,0.10757629729511642,0.31434346918097766,0.00483769807068921,0.15466129562764844,0.21095988323804704,0.9202505031508312,0.5656051931944391,44.89937543372658,48.57737682165163,44.89937543372658,63.70575988896599,18.45940319222762,91.18667591950035
"Gómez, Yoendrys",672782,2025,1099,98.39466779079063,-0.01785166151565685,-0.04060887514935587,-0.12202500542298368,-0.17851661515656847,-0.01110327619863363,-0.01624355005974235,-0.1108861271651449,-0.0836387003632808,-0.30789584092269706,0.3803956630281391,-0.01008972949637351,-0.00761043679374711,-0.02801600008395787,0.03461289017544487,-0.09726241376421284,0.03624991105272102,-0.00885008314506031,0.00329844504574349,0.2133437004459851,0.21627125388295892,0.1064569341487632,0.10978248586782365,0.21480747716447202,0.8918802899917065,0.5533438835780893,44.829979181124216,44.89937543372658,44.829979181124216,35.94725884802221,21.65163081193616,71.89451769604442
"Turnbull, Spencer",605513,2023,555,98.39081281015449,-0.009036818952930025,-0.04070639167986497,-0.06183966960014686,-0.09036818952930024,-0.01114228281083727,-0.01628255667194599,0.28068613330793823,-0.2292014900981485,-0.05323164650371836,-0.06009266630621823,0.05057407807350238,-0.04129756578345018,-0.00959128765832763,-0.01082750744256184,0.02574232160489487,-0.0566621564049683,0.0046382561450261,-0.01020939755044473,0.27768008675890826,0.22115373728719115,0.08908265709877738,0.13106569694249942,0.24941691202304972,0.8899258229793616,0.5696713675012057,44.760582928521856,49.20194309507286,44.760582928521856,71.26995142262318,53.57390700902152,69.88202637057599
"Zerpa, Angel",672582,2023,707,98.37737155803546,-0.011607923297847735,-0.04104640487216312,-0.07973749678043873,-0.11607923297847736,-0.01127828808775653,-0.01641856194886525,0.3373547859494579,0.1300361325556878,-0.33458879182560963,-0.2125396234599748,0.04771637707913125,0.01839266372782005,-0.04732514735864351,-0.03006218153606432,0.23369545925257285,-0.2735642076427922,0.03305452040347565,-0.03869366444735392,0.2902588817202137,0.2670422781407881,0.12483302356636232,0.15422104407841716,0.2786505799305009,0.8604729661776103,0.5695617730540556,44.691186675919504,47.74462179042332,44.691186675919504,70.99236641221374,79.1117279666898,28.521859819569745
"Clevinger, Mike",605182,2023,2098,98.37699293456859,-0.034454180617840724,-0.04105598262373774,-0.23669886057234635,-0.34454180617840724,-0.01128211918838638,-0.016422393049495096,-1.568823882265633,-0.00500969642871496,0.8256683410243113,0.5114663770976904,-0.07477711545594057,-2.3878438649737655e-4,0.03935502102117785,0.0243787596328737,-0.786916789347174,0.6685673590610008,-0.03750794992121897,0.03186689032702577,0.15426964119090797,0.2103068511306257,0.05983193120177192,0.11592506460484628,0.18228824616076683,0.9121215020966909,0.5472048741287289,44.621790423317144,38.37612768910479,44.621790423317144,22.761970853573906,6.453851492019432,87.09229701596114
"Miller, Shelby",571946,2023,687,98.37075113156756,-0.01132557334326639,-0.041213876795001395,-0.077942052006847,-0.1132557334326639,-0.01134527685689184,-0.016485550718000556,-0.321507551686409,0.00360334793731453,0.11465517644046486,0.1253069753017826,-0.04679877026003042,5.245047943689285e-4,0.01668925421258586,0.01823973439618378,-0.15895210187454722,0.11998107587112372,-0.02313713273283074,0.01746449430438482,0.18631754210104376,0.22328507327632388,0.06455103556499184,0.1331514267881721,0.20480130768868382,0.901148768823418,0.5529750382560509,44.552394170714784,47.883414295628036,44.552394170714784,35.46148507980569,14.989590562109644,80.22206800832755
"Sauer, Matt",669422,2025,512,98.36436654553292,-0.008473678405777776,-0.041375382840711794,-0.05841858188890114,-0.08473678405777776,-0.011409879275176,-0.016550153136284718,-0.00552525139966064,0.29746479155801353,-0.23082493182596409,-0.11953319022128994,-0.00107915066399622,0.05809859210117452,-0.04508299449725861,-0.02334632621509569,0.14596977007917644,-0.175179061023627,0.02850972071858915,-0.03421466035617715,0.22245863068692776,0.289014231924424,0.1212534656186216,0.13945355817111765,0.25573643130567586,0.8696464881051303,0.5626914597054031,44.482997918112424,49.61832061068702,44.482997918112424,56.97432338653713,60.79111727966689,41.221374045801525
"Waldichuk, Ken",686610,2023,2551,98.33409582047886,-0.04300079730265681,-0.04214111848555154,-0.29887958682968474,-0.4300079730265681,-0.0117161735331119,-0.016856447394220618,-1.2468053006529658,-0.6601199096635355,0.9036127278245658,0.7044328956622508,-0.04887515878686656,-0.02587690747407038,0.03542190230594142,0.0276139904218836,-0.9534626051582508,0.8040228117434083,-0.03737603313046847,0.03151794636391251,0.16273163440978877,0.17727733246424918,0.06985500782228726,0.10867261469229211,0.17000448343701896,0.9107361887427103,0.5403703360898646,44.41360166551006,35.53088133240805,44.41360166551006,11.86675919500347,3.4698126301179735,85.98195697432338
"Cannon, Jonathan",686563,2024,2027,98.3314868733421,-0.03422152888150042,-0.04220711504871782,-0.23802193765033053,-0.34221528881500424,-0.01174257215837841,-0.016882846019487127,1.1431318896602534,-0.11969655432267244,-1.8307717289875427,0.5693144559996313,0.05639525849335241,-0.00590510874803514,-0.09031927622040171,0.02808655431670603,0.5117176676687905,-0.6307286364939557,0.02524507487265863,-0.03111636095184784,0.3139201665344715,0.22835107187722897,0.16225237704025902,0.1332901069990427,0.2711356192058503,0.8522287579803491,0.5616821885930997,44.344205412907705,38.51492019430951,44.344205412907705,55.031228313671065,73.69882026370576,20.05551700208189
"Soroka, Michael",647336,2023,537,98.28762788741888,-0.00930440195430662,-0.04331658265505874,-0.06544074890891238,-0.0930440195430662,-0.01218635920091478,-0.0173266330620235,-0.01494385603109549,0.1551101042141454,-0.2528222375196094,0.04721524042764713,-0.00278284097413323,0.02888456316836972,-0.04708049115821405,0.00879240976306278,0.07008312409152495,-0.10280349854598114,0.01305086109711824,-0.01914404069757563,0.23657299266176135,0.30609892834603414,0.10565407621042291,0.12521128432356635,0.27133596050389774,0.8845673197330054,0.5779516401184516,44.274809160305345,49.06315058986815,44.274809160305345,82.99791811242193,73.76821651630812,62.80360860513532
"Zeferjahn, Ryan",666171,2025,1029,98.28337475470262,-0.01787338875795998,-0.043424170937706466,-0.1258404695487911,-0.1787338875795998,-0.01222939451397387,-0.017369668375082588,0.30968636365895463,0.30609494256441394,-0.4207201545611952,-0.32090162121096455,0.03009585652662338,0.02974683601209076,-0.04088631239661761,-0.03118577465607041,0.3078906531116843,-0.37081088788607985,0.02992134626935707,-0.03603604352634401,0.24136604102084097,0.2585526797992416,0.1087813014469204,0.1526012974107964,0.2499593604100413,0.8693087005711416,0.5596340304905915,44.205412907702986,44.829979181124216,44.205412907702986,50.45107564191533,54.19847328244275,40.527411519777935
"Webb, Logan",657277,2025,3282,98.25978710454159,-0.05779057173541398,-0.04402084988986439,-0.4092019292325517,-0.5779057173541398,-0.01246806609483704,-0.017608339955945757,3.252294943642937,-1.441970250758004,-3.1385527183201702,0.9190260962026856,0.09909490992208826,-0.04393571757337002,-0.09562927234369806,0.02800201390014276,0.9051623464424664,-1.1097633110587424,0.02757959617435912,-0.03381362922177764,0.3848714409034889,0.1957402371502855,0.14118809082143663,0.13392698499255554,0.2903058390268872,0.8624424620930039,0.5763741505599456,44.136016655100626,29.562803608605137,44.136016655100626,80.98542678695351,87.23108952116586,30.53435114503817
"Priester, Quinn",682990,2025,2565,98.25600413791112,-0.04526357489966896,-0.04411654473651944,-0.32078772445925097,-0.45263574899668957,-0.01250634403349906,-0.017646617894607777,1.284165614675885,-0.2568652837753689,-1.161473654743645,-0.1866144006161221,0.05006493624467387,-0.01001424108286038,-0.04528162396661384,-0.00727541522869871,0.5136501654502581,-0.6740440276798836,0.02002534758090675,-0.02627851959765628,0.28178159347100407,0.22566795129869857,0.11578875700401628,0.14020349664018242,0.2537247723848513,0.8720038731779006,0.562864322781376,44.066620402498266,34.83691880638445,44.066620402498266,57.32130464954892,58.778625954198475,44.760582928521856
"Little, Brendon",663893,2024,710,98.23537523392476,-0.012677299500737146,-0.044638378523722315,-0.09027705059349957,-0.12677299500737146,-0.01271507754838021,-0.017855351409488927,0.2182081728842604,-0.7995677589779007,-0.08934806579145516,0.5804306012915958,0.03073354547665639,-0.1126151773208311,-0.01258423461851481,0.08175078891430929,-0.2906797930468201,0.24554126775007035,-0.04094081592208734,0.03458327714789723,0.271658474504027,0.1717902159737463,0.08682671585913918,0.09962110456082958,0.22172434523888668,0.9067760897900157,0.5642502175144511,43.99722414989591,47.397640527411525,43.99722414989591,60.65232477446217,27.758501040943788,84.2470506592644
"Senga, Kodai",673540,2025,1901,98.22790349953792,-0.03408674381203086,-0.04482738533933569,-0.24315083202063192,-0.3408674381203086,-0.01279068027462556,-0.017930954135734277,0.07543884605331641,1.160853772938481,-0.1262318824248041,-1.353211568587625,0.00396837696229965,0.06106542729818415,-0.00664028839688606,-0.0711841961382233,0.6181463094958985,-0.7397217255062145,0.0325169021302419,-0.03891224226755468,0.20677655954964785,0.3143434498233562,0.09534062524312133,0.2323777984582659,0.26056000468650203,0.8361407881493064,0.5483503964179042,43.92782789729355,38.58431644691186,43.92782789729355,25.260235947258845,65.23247744621791,7.147814018043026
"Brown, Hunter",686613,2023,2829,98.21906327018588,-0.0509797228451647,-0.04505100993740252,-0.36437888092088144,-0.509797228451647,-0.01288013011385229,-0.01802040397496101,-2.1143560579299105,0.3675224827411512,2.4159555492549742,-1.0335008549870963,-0.07473863760798552,0.01299125071548784,0.0853996305851882,-0.03653237380654282,-0.8734167875943797,0.691227347133939,-0.03087369344624884,0.02443362838932269,0.17241320973728744,0.3374111952108581,0.05618120352127957,0.16417333588681163,0.25491220247407276,0.8898227302959544,0.5723674663850136,43.85843164469119,32.06106870229007,43.85843164469119,75.98889659958363,60.23594725884802,69.74323386537127
"Pérez, Eury",691587,2025,1673,98.2101765766746,-0.03029857198787452,-0.045275809904175915,-0.2169889381823964,-0.30298571987874523,-0.01297005010056165,-0.018110323961670366,-0.926029292028943,0.3628897111148035,0.75828185790607,-0.4121312151743268,-0.05535142211768936,0.02169095703017355,0.04532467769910759,-0.02463426271215342,-0.28156979045706976,0.17307532136587156,-0.0168302325437579,0.01034520749347708,0.1622914447769773,0.24777761493863856,0.06927127047080196,0.13250243749427365,0.20503452985780793,0.8991131460174622,0.5520738379376351,43.78903539208883,40.04163775156142,43.78903539208883,33.934767522553784,15.197779319916723,78.764746703678
"Senga, Kodai",673540,2023,2784,98.20731738304886,-0.05049968509991076,-0.04534813676356929,-0.36189162670584096,-0.5049968509991076,-0.012998980844319,-0.018139254705427717,0.01877271484590892,1.188491100817373,0.10515755315142884,-1.6743129955205518,6.74307286131786e-4,0.04269005390867001,0.00377721096089902,-0.06014055300001982,0.603631907831641,-0.7845777211845615,0.0216821805974009,-0.0281816710195604,0.20891296873748064,0.3108117008102544,0.0904893228251734,0.2145832454738193,0.2598623347738675,0.8474637158505036,0.5536630253121856,43.71963913948647,32.47744621790423,43.71963913948647,36.710617626648165,64.53851492019432,15.614156835530881
"Berríos, José",621244,2025,2584,98.20700503267378,-0.0468800009334915,-0.04535603805484857,-0.3359753327638657,-0.46880000933491495,-0.01300214136083071,-0.018142415221939427,0.40799897463318763,-0.8750636194827166,-0.8855104288992095,1.0165997409848728,0.01578943400283233,-0.03386469115645188,-0.03426897944656384,0.03934209523935266,-0.23353232242476452,0.06554465604283166,-0.00903762857680977,0.00253655789639441,0.23825705034716055,0.2042444674875714,0.10657338674719312,0.12138730796792692,0.22125075891736598,0.88601965264244,0.553635205779903,43.65024288688411,34.28174878556558,43.65024288688411,36.6412213740458,27.064538514920194,64.46911866759196
"Adon, Joan",672851,2023,922,98.16447722055315,-0.017124059628311615,-0.046431831963968564,-0.12384727128369376,-0.17124059628311614,-0.01343245892447871,-0.018572732785587426,0.09253377505683602,0.01719210703095086,0.02206873391560293,-0.2556418872870836,0.01003620119922299,0.0018646536909925,0.00239357200819988,-0.0277268858228941,0.05486294104389344,-0.11678657668574031,0.00595042744510774,-0.0126666569073471,0.22356194620501504,0.24577582248142765,0.08928022890288896,0.15384520323197418,0.23466888434322136,0.8784372839325685,0.556553084137895,43.58084663428175,45.66273421235253,43.58084663428175,42.67869535045107,39.62526023594726,53.50451075641915
"Jarvis, Bryce",686826,2024,1055,98.15097566909184,-0.019738362352324325,-0.04677337050313819,-0.14315373428854627,-0.19738362352324323,-0.01356907434014656,-0.018709348201255277,0.17816032636073942,0.2559777653796118,-0.6232646091233391,0.04597278309444164,0.01688723472613644,0.02426329529664567,-0.05907721413491366,0.00435760977198499,0.2170690458701756,-0.28864591301444875,0.02057526501139105,-0.02735980218146433,0.23229171712456023,0.26569347108558666,0.12864932899416265,0.12973612121974815,0.24899259410507346,0.8708072748930447,0.5598999344990591,43.51145038167939,43.71963913948647,43.51145038167939,51.21443442054129,52.87994448299792,42.33171408743927
"Jackson, Luke",592426,2025,775,98.15020976267066,-0.014505750968226132,-0.04679274505879397,-0.10522038725866878,-0.14505750968226133,-0.01357682416240887,-0.01871709802351759,-0.4366665548577658,0.20623483668350673,0.7425215891389598,-0.6173102582233696,-0.05634407159455042,0.02661094666883957,0.09580923730825287,-0.07965293654495091,-0.1152158590871295,0.06260566545779511,-0.01486656246285542,0.00807815038165098,0.15561401353309778,0.3460698360628546,0.05447330694358931,0.23777320683184527,0.2508419247979762,0.8538767431122827,0.5523593339551294,43.44205412907703,46.77307425399028,43.44205412907703,34.559333795975014,55.031228313671065,21.165857043719637
"Bachar, Lake",669199,2025,1143,98.11333135158121,-0.02182015819208044,-0.04772563034138329,-0.15944825168833177,-0.2182015819208044,-0.0139499782754446,-0.019090252136553316,0.1380858360531647,0.1031787137280844,-0.3074841430639026,-0.09322865840567827,0.01208100052958571,0.009027009075073,-0.02690149983061265,-0.00815648804949066,0.12063227489062456,-0.20035640073479044,0.01055400480232935,-0.01752899394005165,0.21816405595401975,0.23738219473908487,0.09780086190052811,0.12121355041070024,0.2277731253465523,0.8904927938443858,0.559132959595469,43.37265787647467,43.02567661346287,43.37265787647467,49.13254684247051,33.24080499653019,70.3678001387925
"López, Jorge",605347,2023,948,98.10803362498835,-0.018148376597364502,-0.04785964292553929,-0.13275396977033438,-0.18148376597364502,-0.014003583309107,-0.019143857170215717,-0.2485872147657915,0.1614037416670726,-0.3325682043514462,0.2869977076798307,-0.0262222800385856,0.01702571114631567,-0.03508103421428757,0.03027401979745049,-0.04359173654935944,-0.02278524833580775,-0.00459828444613496,-0.00240350720841853,0.20475164455341757,0.22012514330716684,0.1050575597490727,0.11528573920582444,0.2124383939302922,0.8898283505225515,0.5511333722264219,43.30326162387232,44.691186675919504,43.30326162387232,31.020124913254683,19.84732824427481,69.81263011797363
"Nelson, Ryne",669194,2025,2466,98.0912313466341,-0.04762800584391193,-0.048284677457331636,-0.3495209050241783,-0.47628005843911925,-0.01417359712182394,-0.019313870982932656,-1.314089783348777,0.2935074492543208,1.9128634255714587,-1.2418019965011808,-0.05328831238235105,0.01190216744745826,0.07756948197775583,-0.05035693416468698,-0.5102911670472281,0.33553071453513894,-0.02069307246744639,0.01360627390653442,0.1811529817851175,0.3526010269130439,0.0551942443897597,0.15606002970578806,0.2668770043490807,0.8943728629522261,0.5806249336506534,43.23386537126995,33.865371269951424,43.23386537126995,85.98195697432338,69.95142262317835,74.18459403192227
"Houck, Tanner",656557,2025,749,98.06936124015554,-0.014631837538059984,-0.04883790900554064,-0.10781772416089552,-0.14631837538059983,-0.01439488974110754,-0.019535163602216257,0.3464637866591147,-0.565463462111893,-0.8705207312766561,0.9817026825685388,0.04625684735101665,-0.07549578933403112,-0.116224396699153,0.13106844894105993,-0.10949983772638916,0.0555909756459414,-0.01461947099150723,0.00742202612095345,0.2918991729312511,0.16267869416117436,0.16817343061892837,0.083840856806953315,0.22728893354621274,0.8739928562870591,0.5506408949166359,43.16446911866759,46.70367800138793,43.16446911866759,30.11797362942401,32.75503122831367,47.397640527411525
"Dodd, Dylan",689266,2023,568,98.03508589768799,-0.011292963828739172,-0.04970494642930972,-0.0837328827562942,-0.11292963828739172,-0.01474170471061517,-0.01988197857172389,0.23761434450261731,0.2000052103203416,-0.24703490998695088,-0.2743175275923022,0.04183351135609459,0.03521218491555309,-0.04349206161742093,-0.04829533936484194,0.21880977741147944,-0.26067621878962655,0.03852284813582385,-0.04589370049113143,0.244738346528409,0.3592493575879762,0.10432988951029072,0.16244450671936697,0.3019938520581926,0.8666128018851711,0.5843033269716819,43.09507286606523,47.952810548230396,43.09507286606523,89.45176960444135,93.19916724496878,36.780013879250525
"Nola, Aaron",605400,2024,3354,97.99240453055971,-0.06813265250202735,-0.05078462470335967,-0.5089217397186871,-0.6813265250202736,-0.01517357602023515,-0.020313849881343868,-0.6895936019408282,-3.83590997070678,2.39115854873819,1.625423284190731,-0.02056033398750233,-0.11436821618088192,0.07129274146506231,0.04846223268308679,-2.262751786323804,2.0082909164644605,-0.06746427508419213,0.05987748707407455,0.1967219640270598,0.1590760274631277,0.0654143237272031,0.10767829204888356,0.17789899574509377,0.9134536921119567,0.5456763439285253,43.02567661346287,25.607217210270644,43.02567661346287,19.84732824427481,5.27411519777932,88.27203331020125
"Gage, Matt",657424,2025,531,97.97920964714775,-0.010857549369139668,-0.05111840569274797,-0.0812806394889094,-0.10857549369139669,-0.01530708841599047,-0.020447362277099188,0.02055951089471364,0.13980569968680356,-0.15404200783950728,-0.08760384223091933,0.00387184762612309,0.02632875700316451,-0.02900979432005786,-0.01649789872522021,0.0801826052907586,-0.1208229250352133,0.0151003023146438,-0.02275384652263904,0.22846889557816283,0.3087874934102832,0.09540073140902672,0.1486974298998988,0.26862819449422304,0.8779509193455373,0.57328955691988015,42.95628036086052,48.299791811242194,42.95628036086052,77.02984038861902,71.33934767522554,52.81054823039556
"Castro, Miguel",612434,2023,1113,97.9773462240766,-0.022778899875956472,-0.051165543297296646,-0.1705777506854247,-0.2277889987595647,-0.01532594345780994,-0.020466217318918657,0.7619413920156148,-0.2653877863863272,-1.905539833700004,1.238408477385292,0.06845834609304716,-0.02384436535366821,-0.17120753222821242,0.11126760803102352,0.24827680281464384,-0.33356567815735616,0.02230699036968947,-0.02996996209859444,0.30458093317817114,0.17092515359995689,0.18176742199506055,0.07920265237958295,0.237753043389064,0.8695149628126783,0.5536340031008711,42.88688410825816,42.60929909784872,42.88688410825816,36.57182512144344,42.67869535045107,40.943789035392086
"Jax, Griffin",643377,2023,1094,97.9715583019233,-0.0224541119403146,-0.05131195598792184,-0.16830652336261664,-0.224541119403146,-0.01538450853406002,-0.020524782395168736,-0.6756280149452323,-0.8170725527697869,-0.10361772233204648,1.428011766684449,-0.06175758820340332,-0.07468670500637906,-0.00947145542340461,0.13053124009912695,-0.7463502838575096,0.6621970221762012,-0.06822214660489118,0.06052989233786117,0.16062444040313795,0.1607149684159331,0.08464741576762903,0.06660983856203963,0.16066970440953554,0.9243713728351657,0.5425205386223506,42.81748785565579,42.81748785565579,42.81748785565579,14.920194309507288,1.8736988202637055,93.06037473976406
"Hendricks, Kyle",543294,2023,2108,97.95075866526824,-0.04370989323084612,-0.0518381086703583,-0.32874195931628947,-0.4370989323084612,-0.0155949696070346,-0.020735243468143316,1.011640079473409,0.1107493996573794,-1.748343562878517,0.2972121244314394,0.04799051610405166,0.00525376658716221,-0.08293849918778545,0.01409924688953697,0.5611947395653942,-0.725565719223539,0.02662214134560693,-0.03441962614912424,0.290963177963252,0.31849260410892355,0.15420276621779783,0.15572712335792643,0.3047278910360878,0.8450350552121378,0.5748814731241128,42.74809160305343,35.46148507980569,42.74809160305343,79.31991672449688,94.24011103400416,13.671061762664817
"Soriano, George",666277,2023,881,97.94634335885301,-0.018307109286871095,-0.051949799338453714,-0.13778528015234315,-0.18307109286871096,-0.01563964587427277,-0.020779919735381486,-0.01961433600695272,-0.5088386154284308,-0.16594894216041212,0.5566166134434525,-0.00222637185095944,-0.05775693705203528,-0.01883642930311148,0.06318009233183343,-0.26422647571769176,0.19533383564152015,-0.02999165445149736,0.02217183151436097,0.21951297360579627,0.1744819191790829,0.102775254935494,0.09664066294075772,0.1969974463924396,0.9002920410618741,0.5486447437271569,42.67869535045107,44.552394170714784,42.67869535045107,26.092990978487162,11.589174184594032,79.59750173490632
"Miller, Bobby",676272,2023,2010,97.94062855191709,-0.041883867440919285,-0.05209436248870557,-0.31551916980090766,-0.41883867440919287,-0.01569747113437351,-0.020837744995482226,-1.2169205293139385,0.39083008014495135,0.4769401453768012,0.03363113399127826,-0.06054330991611634,0.01944428259427618,0.0237283654416319,0.00167319074583473,-0.4130452245844935,0.2552856396840397,-0.02054951366092007,0.01270077809373331,0.16967863878444722,0.2478940093403836,0.08740359636503951,0.1303714013110898,0.20878632406241543,0.8911125011619354,0.5499494126121754,42.60929909784872,35.87786259541985,42.60929909784872,28.868841082581543,17.279666897987507,71.20055517002082
"Blackburn, Paul",621112,2024,1263,97.92101145599715,-0.02656877179305364,-0.052590601332251866,-0.20076605906473333,-0.2656877179305364,-0.01589596667179203,-0.021036240532900746,-0.4778193688346164,0.4788457005370219,-0.4084235843765782,0.20663119360943935,-0.03783209571137105,0.037913357128822,-0.03233757596014079,0.01636034787089781,5.13165851202757e-4,-0.10089619538356942,4.063070872547562e-5,-0.00798861404462149,0.19065973753168175,0.3145356547742412,0.1135959725423158,0.12268573793591309,0.25259769615296146,0.8818591447608856,0.5672284204569236,42.53990284524636,41.429562803608604,42.53990284524636,67.10617626648161,57.59888965995836,58.917418459403194
"Gore, MacKenzie",669022,2025,2818,97.8958042111,-0.05999888334129392,-0.05322824994791866,-0.4551359160068955,-0.5999888334129392,-0.01615102611805875,-0.021291299979167466,-1.9479822689486357,0.4588231469069797,3.055230337450098,-2.0212071314153377,-0.06912641124729012,0.01628187178520155,0.10841839380589416,-0.07172488046186436,-0.7445795610208279,0.5170116030173801,-0.02642226973104428,0.0183467566720149,0.1609623912667853,0.2538291985082519,0.04173774649030774,0.2196689929127746,0.2073957948875186,0.8692966302984588,0.5383462125929888,42.470506592644,28.66065232477446,42.470506592644,9.715475364330327,16.516308119361554,40.458015267175576
"Elder, Bryce",693821,2025,2514,97.88924089829979,-0.05369328506130029,-0.053394277109487145,-0.40770636574472974,-0.5369328506130029,-0.01621743698268614,-0.021357710843794855,0.7724331140826735,0.2743104939836485,-1.4455823949830346,-0.00886757882801703,0.03072526309000292,0.01091131638757551,-0.05750128858325516,-3.5272787700942846e-4,0.523371804033161,-0.7272249869055258,0.02081828973878922,-0.02892700823013229,0.2579277439551908,0.27789453800867947,0.12599752374024875,0.14457711761573025,0.26791114098193514,0.8647126793220106,0.5663119101519729,42.40111034004164,31.020124913254683,42.40111034004164,64.8854961832061,70.64538514920194,33.865371269951424
"Pressly, Ryan",519151,2024,966,97.88379721557493,-0.020684757781260797,-0.05353198183556107,-0.15719253231429775,-0.20684757781260796,-0.01627251887311571,-0.021412792734224428,-0.3858785273259855,0.19421147021876095,0.2209717838281904,-0.1864972590352636,-0.03994601732153059,0.02010470706198353,0.02287492586213151,-0.01930613447570016,-0.09583352855361228,0.01723726239646339,-0.00992065512977352,0.00178439569321567,0.18194016748697367,0.29328334228604497,0.07268781667443519,0.1483918839995806,0.23761175488650932,0.8894601496629921,0.5635359522747507,42.33171408743927,43.58084663428175,42.33171408743927,58.917418459403194,42.33171408743927,69.32685634975712
"Dunning, Dane",641540,2023,2821,97.88172581535507,-0.06046461493452887,-0.053584380480794815,-0.4596390237234118,-0.6046461493452887,-0.01629347833120921,-0.021433752192317926,1.213227035535397,0.3881013785048708,-2.0847431234840315,0.02377568572035215,0.04300698459891516,0.01375758165561399,-0.07390085513945521,8.428105537168436e-4,0.8006642070201337,-1.0304837188818396,0.02838228312726458,-0.03652902229286918,0.2762026571472761,0.2597117459583596,0.12836859606430956,0.13281527539184051,0.2679572015528179,0.869408064271925,0.5686826329123714,42.26231783483692,28.24427480916031,42.26231783483692,69.53504510756419,70.78417765440666,40.66620402498265
"Fujinami, Shintaro",660261,2023,1394,97.85362971422553,-0.03027495127755737,-0.05429510630838839,-0.2310940951517182,-0.3027495127755737,-0.01657776866224664,-0.021718042523355355,-0.28866858502482273,0.379436932434146,-0.00259524655825771,-0.31926719600278375,-0.02070793292860995,0.02721929214018264,-1.8617263689079723e-4,-0.02290295523692853,0.04538417370466163,-0.16093122128052073,0.00325567960578634,-0.01154456393690966,0.21088673012823497,0.26387675428977453,0.09258064338014088,0.17704831778385438,0.23738174220900476,0.8651855194180024,0.5512836308135036,42.19292158223456,40.11103400416378,42.19292158223456,31.43650242886884,41.84594031922276,34.83691880638445
"Barlow, Scott",605130,2025,1304,97.8314575338739,-0.02861287874601263,-0.05485597919097511,-0.21909961631126865,-0.2861287874601263,-0.01680211781528133,-0.021942391676390047,0.5225526202357287,-0.02542464407906664,-0.5628583941938814,-0.15336919827404927,0.04007305369905895,-0.0019497426441002,-0.04316398728480685,-0.01176144158543322,0.24856398807833105,-0.35811379623396533,0.01906165552747937,-0.02746271443512004,0.2732173468208279,0.22875570341529677,0.11623146583932388,0.13024239548900154,0.2509865251180623,0.8767630693358373,0.5638747972269498,42.1235253296322,40.73560027758501,42.1235253296322,59.81956974323387,55.308813324080496,51.07564191533657
"Herrin, Tim",682120,2023,500,97.808245374492,-0.011088631927358197,-0.05544315963679097,-0.08518494996803838,-0.11088631927358197,-0.01703698999360767,-0.022177263854716387,0.2432273552518609,-0.03409193481184047,-0.03806888389499363,-0.2562514865130652,0.04864547105037218,-0.00681838696236809,-0.00761377677899872,-0.05125029730261303,0.1045677102200102,-0.1471601852040294,0.02091354204400204,-0.02943203704080588,0.26576719668771515,0.2505393003289901,0.09092745757000886,0.15636648878144715,0.25815324850835264,0.876353026824272,0.5672531376663124,42.05412907702984,48.230395558639835,42.05412907702984,67.24496877168633,62.87300485773768,50.312283136710626
"Musgrove, Joe",605397,2023,1549,97.7925649638162,-0.0345983494546314,-0.055839815130134585,-0.26636065243774,-0.345983494546314,-0.01719565219094512,-0.022335926052053836,8.094350835108344e-4,0.29056950740096,0.3613734505246384,-0.9191130454468492,5.225533140805904e-5,0.01875852210464558,0.02332946743219099,-0.05933589705918975,0.1456894712422354,-0.2788697974611054,0.00940538871802681,-0.01800321481349938,0.2179170083934227,0.26348683543725526,0.07853337129236483,0.17452957290515084,0.24070192191533898,0.8734685279012422,0.5570852249082906,41.98473282442748,38.237335183900065,41.98473282442748,44.274809160305345,45.94031922276197,46.63428174878557
"Alcantara, Sandy",645261,2023,2717,97.79108852157862,-0.060727301371269006,-0.05587716357312202,-0.46761177290636624,-0.60727301371269,-0.01721059156814009,-0.022350865429248808,2.5046211982107707,1.4685746139261937,-2.6874153663595735,-1.7533922186837572,0.09218333449432356,0.05405132918388641,-0.09891112868456288,-0.06453412656178716,1.9865979060684824,-2.2204037925216653,0.07311733183910497,-0.08172262762317503,0.3261400440810401,0.30742059626749224,0.1536592067975847,0.1923381513335413,0.31678032017426616,0.827001320934437,0.5718908205543516,41.91533657182512,27.966689798750867,41.91533657182512,74.60097154753643,97.08535739070089,3.678001387925052
"Pivetta, Nick",601713,2023,2382,97.78311336584467,-0.05343198073919585,-0.05607890505793014,-0.4118784840203489,-0.5343198073919585,-0.01729128816206334,-0.022431562023172057,-2.4870999797251443,0.0505700296289433,3.5612343923571643,-1.5365829262813122,-0.10441225775504384,0.00212300712128225,0.1495060618118037,-0.06450809934010547,-1.2182649750481005,1.012325733037926,-0.05114462531688079,0.04249898123584912,0.12082280334466897,0.315944821897165,0.03102135483984653,0.15197534450767455,0.218383812620917,0.9085016503262394,0.5634427314735782,41.84594031922276,31.297709923664126,41.84594031922276,58.63983344899375,24.496877168632896,85.01040943789036
"Zerpa, Angel",672582,2025,1099,97.75929881958905,-0.024917109867327362,-0.05668132362904312,-0.1926794889396888,-0.2491710986732736,-0.01753225559050853,-0.022672529451617247,0.33750791933698565,-0.7756905182664013,0.04455469858805827,0.20094841140166864,0.03071045671856102,-0.07058148482860795,0.00405411270137017,0.01828465981816821,-0.21909129946470784,0.12275155499486344,-0.01993551405502346,0.01116938625976919,0.2661063973466737,0.17567556566151157,0.07626278832892472,0.13618993474714178,0.22089098150409264,0.8937736384619668,0.5573323099830297,41.7765440666204,41.91533657182512,41.7765440666204,45.038167938931295,26.648160999306036,73.35183900069396
"Fedde, Erick",607200,2024,2972,97.71050175056477,-0.06885019151872432,-0.05791570619004399,-0.5357329760350922,-0.6885019151872432,-0.01802600861490888,-0.023166282476017597,0.6013766867367281,0.9604516160243292,-3.234687248643582,1.137125969847432,0.02023474719840942,0.03231667617847676,-0.10883873649540989,0.0382613045036148,0.7809141513805287,-1.0487806393980748,0.02627571168844309,-0.03528871599589753,0.27308524198903783,0.2922558676113454,0.1915085611620431,0.11910472906301166,0.28267055480019165,0.8446933548874727,0.5636819548438321,41.70714781401804,25.32963219986121,41.70714781401804,59.472588480222065,82.37335183900069,13.324080499653018
"Quintana, Jose",500779,2023,1228,97.70750707658463,-0.028485405247061873,-0.05799146019352987,-0.2217314894562037,-0.28485405247061873,-0.01805631021630323,-0.023196584077411948,-0.43242660113116926,0.1651575532928291,0.46297283129365496,-0.4174352729115185,-0.03521389260025808,0.0134493121573965,0.03770137062651913,-0.03399310039996079,-0.13363452391917008,0.02276877919106823,-0.01088229022143078,0.00185413511327917,0.19660640315867864,0.2688763833081406,0.07711769541850348,0.1475593727823731,0.23274139323340964,0.8876614658995617,0.5602014295664857,41.63775156141568,40.874392782789734,41.63775156141568,51.977793199167245,37.196391394864676,67.17557251908397
"Kelly, Joe",523260,2023,738,97.70159174318545,-0.017163251512664505,-0.058141095910110116,-0.13369729403166275,-0.17163251512664507,-0.01811616450293533,-0.023256438364044046,0.17958815141719242,0.02437027065843722,-0.4535310341589138,0.11587531805162143,0.02433443786140818,0.0033022046962652,-0.06145406966922951,0.01570126260862079,0.10197921103781482,-0.1688278580536462,0.01381832127883669,-0.02287640353030436,0.242732556304122,0.21745593850741832,0.11676211815172086,0.1174145704024612,0.23009424740577017,0.882911655722909,0.5565029515643396,41.568355308813324,45.59333795975017,41.568355308813324,42.470506592644,35.39208882720333,60.58292852185983
"Dobbins, Hunter",690928,2025,931,97.66694430948627,-0.0219781340724686,-0.05901754584443769,-0.17192539107776383,-0.219781340724686,-0.01846674447666636,-0.023607018337775076,-0.47187230571921646,0.1552159790380756,0.3723467763818462,-0.2276158407784692,-0.05068445818681165,0.01667196337680726,0.03999428317742709,-0.02444853284408906,-0.15832816334057043,0.07236546780168851,-0.01700624740500219,0.00777287516666901,0.17381949864996502,0.2930472927691903,0.07472811932375754,0.15952626352923893,0.23343339570957766,0.8828728085735018,0.5581531021415398,41.498959056210964,42.95628036086052,41.498959056210964,46.77307425399028,37.751561415683554,60.4441360166551
"Priester, Quinn",682990,2024,867,97.66182390345234,-0.020512204876338157,-0.059147072884481414,-0.16055587438756902,-0.20512204876338158,-0.01851855529268385,-0.023658829153792565,0.3411963111757359,0.16272269624641922,-0.6020736867745882,-0.06240119503513597,0.03935366910908142,0.01876847707571156,-0.06944333180791097,-0.00719736966956585,0.25195950371107756,-0.33223744090486207,0.02906107309239648,-0.03832035073873841,0.26635176303185953,0.25847693897782653,0.1253415867776889,0.1329139480917159,0.262414351004843,0.8708722325652976,0.5666432917850703,41.429562803608604,43.65024288688411,41.429562803608604,65.37126995142263,66.68979875086745,42.53990284524636
"Lynch IV, Daniel",663738,2025,1088,97.64917839216724,-0.025880019609170062,-0.059466956822541495,-0.20287401648283776,-0.25880019609170063,-0.01864650886790788,-0.023786782729016596,0.25156262588916434,0.3825088735911777,-0.8094510201817684,-0.02749449578141138,0.02312156487951878,0.03515706558742441,-0.07439807170788312,-0.00252706762696795,0.317035749740171,-0.4184727579815899,0.0291393152334716,-0.03846256966742554,0.2474693106846992,0.2706856684531301,0.14985533817232544,0.13866518077031798,0.25907748956891463,0.8557397405286783,0.5574086150487965,41.360166551006245,41.70714781401804,41.360166551006245,45.246356696738374,63.70575988896599,23.38653712699514
"Gibson, Kyle",502043,2024,2741,97.64263439368254,-0.06538106796146487,-0.059632495404473594,-0.5129157730816587,-0.6538106796146487,-0.01871272430068072,-0.023852998161789436,0.4698684320565576,0.7686047497636537,-1.7415471110350609,-0.00984184386680908,0.01714222663467922,0.02804103428543063,-0.06353692488270926,-3.590603380813238e-4,0.6192365909101056,-0.875694477450935,0.02259163046005493,-0.03194799261039529,0.2425387271244313,0.254363052230542,0.12861869493582784,0.1375399519067025,0.24845088967748666,0.8669206765787348,0.5576857831281108,41.290770298403885,26.50936849410132,41.290770298403885,45.94031922276197,52.463566967383755,37.265787647467036
"May, Trevor",543507,2023,776,97.63296975621788,-0.01858581286346126,-0.05987697443125404,-0.14596960347240895,-0.1858581286346126,-0.0188105159113929,-0.023950789772501615,-0.29627620426265366,0.13840367039392731,0.10368682499685632,-0.09178389460053892,-0.03817992322972341,0.01783552453529991,0.0133617042521722,-0.01182782146914161,-0.07893626693436318,0.0059514651981587,-0.01017219934721174,7.669413915152966e-4,0.1961905489913389,0.24361485464880608,0.08358594348871248,0.15502700485813875,0.2199027018200725,0.8806935258265743,0.5502981138233234,41.221374045801525,44.205412907702986,41.221374045801525,29.354614850798054,25.815405968077727,57.18251214434421
"Shugart, Chase",663767,2025,692,97.62908594851228,-0.016601140945365397,-0.05997522017834319,-0.13044071433478166,-0.16601140945365397,-0.01884981421022856,-0.023990088071337276,0.08713446476303943,-0.1565808260884296,-0.49445007152121434,0.4334557185118229,0.01259168565939876,-0.02262728700699849,-0.07145232247416393,0.0626381096115351,-0.03472318066269508,-0.03049717650469574,-0.00501780067379986,-0.00440710643131441,0.23529162538633075,0.21144224413742616,0.1297369781363862,0.09709402786789492,0.22336693476187847,0.8865844969978595,0.5549757158798689,41.151977793199165,45.94031922276197,41.151977793199165,39.76405274115198,29.07702984038862,65.5794587092297
"Muñoz, Andrés",662253,2025,1127,97.59675518266957,-0.027405514656557273,-0.06079306711747397,-0.2161242601508775,-0.2740551465655727,-0.01917695298588087,-0.024317226846989587,0.4152204573994141,-1.336506242525502,0.7335544662514621,-0.0283929412762518,0.03684298645957534,-0.11858972870678808,0.06508912744023622,-0.00251933817890433,-0.4606428925630439,0.35258076248760517,-0.04087337112360638,0.03128489463066594,0.24517541734973103,0.14730187958517277,0.05181534077475624,0.14684765151313817,0.1962386484674519,0.9006685038560528,0.5484535761617524,41.082581540596806,41.151977793199165,41.082581540596806,25.39902845246357,11.450381679389313,80.01387925052047
"Henry, Tommy",674072,2023,1386,97.54487058560488,-0.03443131832868563,-0.06210555254091924,-0.27306898757188947,-0.3443131832868563,-0.01970194715525898,-0.024842221016367697,-0.5268334962047447,0.1634556438943946,0.5996204241553755,-0.5093115594169149,-0.0380110747622471,0.01179333650031707,0.04326265686546721,-0.03674686575879617,-0.18168892615517507,0.04515443236923033,-0.01310886913096501,0.00325789555333552,0.1770450160572018,0.24938958036488723,0.06864563024826024,0.15822196729124338,0.21321729821104451,0.8865662012302482,0.5498917497206464,41.013185287994446,38.44552394170715,41.013185287994446,28.79944482997918,20.610687022900763,65.44066620402498
"Knack, Landon",689017,2025,743,97.51920618328725,-0.01865071631320022,-0.06275476552220799,-0.14831492834396445,-0.18650716313200222,-0.01996163234777448,-0.025101906208883196,-0.40437835139255185,0.17169900303451868,0.27270759053617155,-0.1883431705221028,-0.05442508094112407,0.0231088833155476,0.03670357880702174,-0.02534901352921976,-0.11633967417901658,0.04218221000703437,-0.01565809881278823,0.00567728263890099,0.1624649580775308,0.28817392145624426,0.06415665125460215,0.1619115560176788,0.22531943976688754,0.8869658963638596,0.5561426680653736,40.943789035392086,44.136016655100626,40.943789035392086,41.98473282442748,30.811936155447604,66.48160999306037
"Kremer, Dean",665152,2024,2170,97.51436807743947,-0.05457736743940158,-0.062877151427882,-0.43422973160795664,-0.5457736743940158,-0.02001058671004408,-0.025150860571152796,-0.15588638022956047,0.281922543447763,0.33393793418122186,-0.894203829007381,-0.00718370415804426,0.01299182227869875,0.01538884489314386,-0.04120754972384245,0.06301808160910127,-0.2801329474130796,0.00290405906032724,-0.01290935241534929,0.2130776656452632,0.23186398502268551,0.08829637319482553,0.1844680123135282,0.22247082533397436,0.8636178072458232,0.5430443162898988,40.874392782789734,30.326162387231086,40.874392782789734,15.7529493407356,28.383067314365025,31.92227619708536
"Harrison, Kyle",690986,2024,2078,97.49427061926133,-0.0526860622047558,-0.06338554163228562,-0.4200457312137189,-0.526860622047558,-0.02021394279180553,-0.025354216652914246,0.07558922928626544,-0.8989920169069592,1.06238699532625,-0.6590299389192751,0.00363759524957966,-0.0432623684748296,0.05112545694544033,-0.03171462651199591,-0.41170139381034687,0.20167852820348744,-0.01981238661262497,0.0097054152167222,0.2094670200461087,0.1805732703843592,0.05341273772178257,0.15006375420304116,0.19502014521523395,0.8982617540375881,0.5466409496264111,40.804996530187374,31.43650242886884,40.804996530187374,21.998612074947953,10.687022900763358,77.79319916724496
"Bieber, Shane",669456,2023,1951,97.45204337379506,-0.05029969271345388,-0.06445373233400034,-0.4027101841043077,-0.5029969271345388,-0.02064121907249142,-0.025781492933600138,0.3748234827279475,0.7500423769233748,-0.29819223862546096,-1.229383805130169,0.01921186482460007,0.03844399676695925,-0.01528407168761973,-0.06301300897643101,0.5624329298256612,-0.763788021877815,0.02882793079577966,-0.03914854033202537,0.2175663355791255,0.28324657721211927,0.09833521040354772,0.17088031878417145,0.25040645639562237,0.8653922354061404,0.5578993459008814,40.73560027758501,32.68563497571132,40.73560027758501,46.42609299097848,54.33726578764747,35.18390006939625
"Ward, Thaddeus",663658,2023,680,97.43508568481802,-0.01764809390246192,-0.06488269817081589,-0.14152707676907994,-0.17648093902461923,-0.02081280540721764,-0.025953079268326355,-0.08826527899122993,-0.6521139357873835,-0.2755780499840057,0.8744301879935392,-0.01298018808694557,-0.095899108204027,-0.04052618382117731,0.12859267470493224,-0.37018960738930673,0.29942606900476676,-0.05443964814548627,0.04403324544187746,0.22890570298153948,0.1403208979004601,0.120477665209156,0.06700662772337992,0.18461330044099977,0.906257853533732,0.5454355769873659,40.66620402498265,45.176960444136014,40.66620402498265,19.430950728660655,6.939625260235947,83.69188063844553
"Hill, Rich",448179,2023,2495,97.43134129236563,-0.0648474624011819,-0.06497741723565319,-0.5202247911771565,-0.648474624011819,-0.02085069303315256,-0.025990966894261277,-1.8576990761675916,-0.45040432242103634,1.5699981405116432,0.2178804668998282,-0.07445687680030427,-0.01805227745174494,0.06292577717481536,0.00873268404408129,-1.154051699294314,0.8939393037057357,-0.0462545771260246,0.03582923060944833,0.07034268688814353,0.15338423453727748,0.05565191034091747,0.12547311006408635,0.1118634607127105,0.90943748979749806,0.5106504752551043,40.59680777238029,26.717557251908396,40.59680777238029,0.2081887578070784,0.13879250520471895,85.56557945870922
"Megill, Tylor",656731,2024,1557,97.36342737135386,-0.04153788537172377,-0.06669538434766178,-0.335344789699775,-0.4153788537172377,-0.021537879877956,-0.026678153739064715,0.11473144622550537,0.3096855264784608,-0.2044986224702825,-0.5552631399334587,0.00736875056040496,0.01988988609367121,-0.01313414402506631,-0.03566237250696588,0.21220848635198308,-0.3798808812018706,0.01362931832703809,-0.02439825826601609,0.2138903398221574,0.23593023196793772,0.0952818365823957,0.16213084101493863,0.22491028589504758,0.8712936612013329,0.5481019735481902,40.527411519777935,36.36363636363637,40.527411519777935,24.63566967383761,30.326162387231086,43.71963913948647
"Trivino, Lou",642152,2025,841,97.36134834009343,-0.02245401913634381,-0.06674797602955948,-0.18131048819151377,-0.22454019136343809,-0.02155891655071507,-0.026699190411823788,0.0781838292032262,-0.08006373401622113,-0.637068686017983,0.45763810263946425,0.00929653141536577,-0.00952006349776707,-0.07575133008537255,0.05441594561705877,-9.399524064974684e-4,-0.0897152916892594,-1.1176604120065025e-4,-0.01066769223415688,0.2374608149104687,0.22037586675736853,0.14108546694757382,0.1061476113494045,0.2289183408339186,0.8763834608515109,0.5526509008427147,40.458015267175576,42.88688410825816,40.458015267175576,34.90631505898681,34.142956280360856,50.45107564191533
"Lucchesi, Joey",664192,2025,632,97.35570624122889,-0.016909968944503806,-0.06689069993870175,-0.13661315864283097,-0.16909968944503806,-0.02161600611437198,-0.026756279975480697,-0.07495329313292132,-0.03269337604979228,-0.00179002907884751,-0.02717646038126986,-0.01185969828052552,-0.00517300253952409,-2.8323244918473266e-4,-0.00430007284513763,-0.0538233345913568,-0.01448324473005868,-0.00851635041002481,-0.00229165264716118,0.22617976639283743,0.21100961604343071,0.08607957276835426,0.1483987266216628,0.21859469121813407,0.8827608503049915,0.5506777707615628,40.388619014573216,45.80152671755725,40.388619014573216,30.256766134628734,24.77446217904233,60.30534351145038
"Allard, Kolby",663465,2025,1000,97.30122159074693,-0.027307582779046307,-0.06826895694761574,-0.2216730891793759,-0.2730758277904631,-0.02216730891793758,-0.027307582779046297,-0.21661673809717288,0.40079603484082327,-0.05396147149031094,-0.35189091443271536,-0.02166167380971728,0.04007960348408233,-0.00539614714903109,-0.03518909144327153,0.0920896483718252,-0.20292619296151315,0.00920896483718252,-0.02029261929615131,0.19927508250914464,0.2798160480192344,0.09948794105474944,0.16284421134963162,0.23954556526418952,0.8688339237978094,0.5541897445309995,40.31922276197085,41.221374045801525,40.31922276197085,37.820957668285914,44.691186675919504,39.83344899375434
"Gilbert, Logan",669302,2024,3035,97.24554844365666,-0.08458821604636199,-0.06967727845664083,-0.6898748487789703,-0.8458821604636199,-0.02273063752154762,-0.027870911382656335,0.5972967364797341,1.174016313468201,-0.7628950242488486,-1.6982928744780563,0.01968028785765186,0.03868258034491601,-0.02513657411034097,-0.05595693161377452,0.8856565249739674,-1.2305939493634526,0.02918143410128393,-0.04054675286205774,0.2231663135500763,0.30327412639703644,0.09859578378419652,0.19358937780020224,0.2632202199735564,0.8539074192078007,0.5585638195906786,40.24982650936849,21.512838306731435,40.24982650936849,47.74462179042332,67.38376127689105,21.30464954892436
"Wesneski, Hayden",669713,2023,1453,97.24416064604272,-0.040516837885119665,-0.06971238452360574,-0.330480199649287,-0.40516837885119666,-0.02274467994833358,-0.027884953809442295,0.2207629005522449,-1.1580393715448736,-0.7197872654653565,1.3265835368086982,0.01519359260510976,-0.07969988792462997,-0.04953800863491785,0.09129962400610447,-0.46863823549631434,0.30339813567167084,-0.0322531476597601,0.02088080768559331,0.23678404891767463,0.1685336578242815,0.12199384661450018,0.08764060159171216,0.20265885337097805,0.8951827758968938,0.5489208146339359,40.18043025676614,36.57182512144344,40.18043025676614,26.717557251908396,14.087439278278973,74.67036780013879
"Baker, Bryan",641329,2025,1102,97.22053913373382,-0.030992612762851656,-0.07030992006091574,-0.25328030967909854,-0.30992612762851657,-0.02298369416325758,-0.028123968024366296,0.36567064214386846,-0.3863095709320987,0.18772941529141465,-0.4203707961822829,0.03318245391505158,-0.03505531496661513,0.01703533714078172,-0.03814617025247576,-0.01031946439411513,-0.11632069044543414,-9.36430525781772e-4,-0.01055541655584702,0.2403896960433081,0.22669165975919445,0.08283642345012739,0.1898108363009624,0.23354067790125127,0.8636763701244551,0.5486085240128532,40.11103400416378,39.62526023594726,40.11103400416378,25.88480222068008,37.95975017349063,32.06106870229007
"Waldron, Matt",663362,2023,672,97.20612899310447,-0.01899729014220172,-0.07067444249330994,-0.15543026107536662,-0.1899729014220172,-0.02312950313621526,-0.028269776997323977,-0.2962494707016958,0.1707866359865875,-0.24385081984712545,0.2138833934868671,-0.04408474266394283,0.02541467797419456,-0.03628732438201271,0.0318278859355457,-0.06273141735755416,-0.01498371318012914,-0.00933503234487413,-0.0022297192232335,0.17594612555699707,0.23285111079820536,0.1245740048244256,0.132987944844255,0.20439861817760122,0.8712190251656597,0.5378088216716305,40.04163775156142,43.99722414989591,40.04163775156142,9.299097848716169,14.781401804302568,43.58084663428175
"Houser, Adrian",605288,2025,1892,97.18943520974956,-0.053806007162912575,-0.07109673250913394,-0.4408060901769488,-0.5380600716291257,-0.02329841914254486,-0.028438693003653575,0.8322947493115862,0.21360249008603205,-1.2082948182861344,-0.2784085112884327,0.04399020873739884,0.01128977220327864,-0.06386336248869633,-0.01471503759452604,0.5229486196988091,-0.7433516647872835,0.02763999047033875,-0.03928920004161118,0.2619413467650374,0.2379036270709373,0.13715536625622043,0.15508361430580114,0.24992248691798735,0.8538805097189892,0.5519014983184882,39.97224149895906,30.881332408049968,39.97224149895906,33.31020124913255,54.12907702984039,21.235253296322
"Lynch IV, Daniel",663738,2024,631,97.18222903424,-0.01799082507269099,-0.07127902168261088,-0.14747312266331392,-0.1799082507269099,-0.02337133481193564,-0.028511608673044357,0.11131642069551616,0.31094324319110456,-0.35920672399333853,-0.21052606255659612,0.01764127110863964,0.04927785153583274,-0.05692658066455444,-0.03336387679185358,0.21112983194331036,-0.2848663932749673,0.03345956132223619,-0.04514522872820401,0.24270890076696447,0.3159327816260135,0.12850144679785913,0.1620566983979722,0.279320841196489,0.8547209274020844,0.5670208842992867,39.90284524635669,44.760582928521856,39.90284524635669,66.34281748785565,79.80569049271338,22.137404580152673
"Gore, MacKenzie",669022,2023,2448,97.15862528760357,-0.07038108477258172,-0.07187610781513654,-0.5779769436058757,-0.7038108477258171,-0.0236101692649459,-0.028750443126054615,-1.7332599500005583,0.9317072005533192,2.196304104317079,-1.9727282984757153,-0.07080310253270256,0.03805993466312578,0.08971830491491337,-0.08058530631028249,-0.4007763747236197,0.11178790292068186,-0.01637158393478838,0.00456649930231543,0.1841193844572744,0.3537622324513669,0.04967580295629214,0.2467060419593707,0.26894080845432067,0.8518090775421686,0.5603749429982446,39.83344899375434,25.190839694656486,39.83344899375434,52.463566967383755,71.82512144344206,19.430950728660655
"Cruz, Steven",674444,2025,642,97.15511856489115,-0.01848056442221642,-0.07196481472825707,-0.15180508603384624,-0.1848056442221642,-0.02364565203019411,-0.028785925891302827,0.18276953455460895,0.2014765561807508,-0.2555639800430072,-0.2804871967261988,0.02846877485274283,0.03138264114964966,-0.03980747352694816,-0.04368959450563844,0.19212304536767988,-0.268025588384603,0.02992570800119624,-0.0417485340162933,0.2813502675783905,0.24950316536300304,0.13299626029670522,0.1725047529662798,0.26542671647069677,0.8472494933685075,0.5563381049196021,39.76405274115198,44.344205412907705,39.76405274115198,42.1235253296322,68.84108258154059,15.405968077723802
"Crawford, Kutter",676710,2023,2092,97.14135835362848,-0.06051143169819469,-0.07231289638885596,-0.4975797878075525,-0.6051143169819468,-0.02378488469443367,-0.028925158555542386,-0.5183946179822669,0.9076177605652448,0.29620194532716937,-1.1830048757176996,-0.0247798574561313,0.04338517019910348,0.01415879279766584,-0.05654899023507168,0.19461157129148887,-0.44340146519526513,0.00930265637148608,-0.02119509871870292,0.185171735440537,0.2962442267934362,0.09008332465393896,0.13527175681960132,0.2407079811169866,0.8873224592632298,0.5640152201901082,39.69465648854962,28.174878556557946,39.69465648854962,60.0971547536433,46.00971547536433,66.55100624566273
"Alcantara, Sandy",645261,2025,2891,97.12874402823385,-0.08399163490239955,-0.07263199144102347,-0.6913110316993425,-0.8399163490239955,-0.02391252271530067,-0.029052796576409388,2.6214806180698815,1.0702251757011254,-3.3163985689611764,-1.066618256509173,0.0906772956786538,0.03701920358703305,-0.11471458211557166,-0.03689443986541588,1.8458528968855037,-2.1915084127351747,0.06384824963284343,-0.07580451099049376,0.29326736150093463,0.2666011720784512,0.15296603685397994,0.16579565841358584,0.2799342667896929,0.8406191523662171,0.5602767095779551,39.62526023594726,21.998612074947953,39.62526023594726,52.25537820957668,80.29146426092991,9.923664122137405
"Legumina, Casey",668984,2025,812,97.12153797916663,-0.023650077304711487,-0.07281427741598365,-0.19476174929491208,-0.23650077304711487,-0.02398543710528474,-0.029125710966393457,0.5082439755203723,0.23663998063875624,-0.8080801792975763,-0.13156552615646433,0.06259162260103106,0.02914285475846751,-0.09951726346029265,-0.01620265100449068,0.37244197807956425,-0.4698228527270203,0.04586723867974929,-0.05785995723239166,0.2789221447640802,0.2772706231098591,0.14524321433889234,0.16284980184852385,0.27809638393696967,0.8459534919062919,0.5620249379216308,39.5558639833449,42.1235253296322,39.5558639833449,55.6557945870923,78.90353920888272,14.50381679389313
"Yamamoto, Yoshinobu",808967,2024,1746,97.11166465447198,-0.051027922355373366,-0.07306403544583814,-0.4205300419387754,-0.5102792235537337,-0.02408534031722654,-0.029225614178335257,-1.3158981337689966,0.04873094847334869,1.522320072120067,-0.6756829287631945,-0.07536644523304677,0.0027910050672021,0.08718900756701414,-0.03869890771839602,-0.6335835926478239,0.42331857167843623,-0.03628772008292233,0.02424504992430906,0.15118147270902682,0.22082101738524157,0.05796239042003175,0.16966527485064586,0.1860012450471342,0.8861861673646612,0.5360937062058977,39.48646773074254,31.99167244968772,39.48646773074254,7.633587786259542,7.217210270645386,64.67730742539904
"Patrick, Chad",694477,2025,2138,97.0602545271529,-0.06359653627838047,-0.07436451856686209,-0.5260663076333003,-0.6359653627838047,-0.02460553356563612,-0.029745807426744836,1.1519098186952306,0.21817312837674763,-1.8962007971983896,5.154249311090098e-5,0.05387791481268617,0.0102045429549461,-0.08869040211405002,2.4107807816137037e-6,0.6850414735359891,-0.9480746273526393,0.03204122888381614,-0.0443439956666342,0.28513247105060646,0.2667997635134331,0.19582488861166927,0.13753851700755784,0.2759661172820198,0.8333182971903864,0.5546422072362032,39.41707147814018,27.480916030534353,39.41707147814018,39.13948646773074,77.44621790423317,5.829285218598196
"Saucedo, Tayler",642048,2023,786,97.05910389025483,-0.023389355812714955,-0.0743936253585081,-0.19349100557883503,-0.23389355812714954,-0.02461717628229453,-0.029757450143403245,0.32941947286599316,0.00534886716877736,-0.915282336178734,0.38702299056512857,0.04191087441043169,6.805174514983919e-4,-0.11644813437388477,0.04923956622966012,0.16738417001738526,-0.2641296728068028,0.02129569593096504,-0.03360428407211231,0.27645127935698754,0.202347265877562,0.20043255182125663,0.10634735161453472,0.23939927261727478,0.8466100482821043,0.5430046604496895,39.34767522553782,42.26231783483692,39.34767522553782,15.68355308813324,44.482997918112424,14.989590562109644
"Phillips, Tyler",663969,2024,578,97.05252792728241,-0.017238265647067617,-0.07455997252191873,-0.14267187355346778,-0.17238265647067616,-0.02468371514765878,-0.029823989008767496,0.09600674075147708,-0.12299721568024324,-0.26566254815566026,0.14998114953095865,0.01661016275977112,-0.0212797951003881,-0.04596237857364364,0.02594829576660184,-0.01349523746438308,-0.05784069931235081,-0.00233481617030849,-0.0100070414035209,0.2367875818692462,0.20013841518537728,0.1146619955980223,0.11210684763267008,0.21846299852731174,0.8866155783846538,0.5525392884559828,39.27827897293546,45.52394170714781,39.27827897293546,34.83691880638445,24.566273421235255,65.78764746703678
"Berríos, José",621244,2023,2979,97.04118371773498,-0.08918761181388293,-0.07484693841379904,-0.7387473598164007,-0.8918761181388294,-0.0247985015044109,-0.029938775365519615,-0.4559152859496862,-1.7040294774146787,-0.11593109057400852,1.5371284941219727,-0.01530430634272192,-0.05720139232677673,-0.00389161096253805,0.05159880812762581,-1.0799723816821825,0.7105987017739821,-0.03625284933474933,0.02385359858254387,0.21053490651585152,0.1890624399056773,0.08325941900017153,0.11573833816334492,0.19979867321076442,0.9005011214182418,0.5501498973145031,39.20888272033311,20.194309507286608,39.20888272033311,29.285218598195694,12.699514226231784,79.73629424011104
"Keuchel, Dallas",572971,2023,658,97.03782856474942,-0.019722052703138416,-0.07493181118213682,-0.1633975250252888,-0.19722052703138415,-0.02483245061174601,-0.029972724472854727,0.3616179463450635,0.17434564292307186,-0.8708164243785177,0.17145531008509352,0.05495713470289718,0.02649629831657627,-0.1323429216380726,0.02605703800685311,0.2679817946340677,-0.3496805571467121,0.04072671650973673,-0.05314294181560973,0.2804013173482175,0.2981247022218975,0.21411049906927543,0.11638721204498031,0.2892630097850575,0.8347511444428721,0.5620070771139648,39.13948646773074,43.78903539208883,39.13948646773074,55.58639833448994,86.60652324774463,6.384455239417071
"Ortiz, Luis L.",682847,2023,1457,97.00472228634102,-0.04415833386414665,-0.07576927567629829,-0.3666895484851125,-0.4415833386414665,-0.0251674364094106,-0.030307710270519317,0.8570191434223489,-0.06054751279680204,-1.2150404989406525,0.05187931982999316,0.05882080600016121,-0.00415562888104337,-0.08339330809475995,0.00356069456623151,0.3982358153127734,-0.5815805895553297,0.02733258855955891,-0.03991630676426421,0.26450307652100014,0.23680867174495804,0.13625119543113745,0.13557027205163516,0.2506558741329791,0.8640892662586137,0.5573725701957963,39.07009021512838,35.39208882720333,39.07009021512838,45.176960444136014,54.892435808466345,32.75503122831367
"Hudson, Bryan",663542,2024,927,97.0001366984642,-0.028138259534600273,-0.07588527382578282,-0.23373225665352493,-0.28138259534600274,-0.02521383566920441,-0.030354109530313127,-0.15634118010348175,-0.05855055834308587,0.19512865645185684,-0.21396917465881415,-0.01686528372205844,-0.0063161335860934,0.02104947750289718,-0.02308189586394974,-0.1074458692232838,-0.00942025910347865,-0.01159070865407592,-0.00101620918052628,0.2070752026875504,0.23049650595892424,0.08412362790912371,0.1470379210227858,0.21878585432323733,0.8844192255340453,0.5516025399286413,39.00069396252602,41.082581540596806,39.00069396252602,32.54684247050659,24.91325468424705,62.387231089521165
"Nola, Aaron",605400,2025,1599,96.98975042002976,-0.048704265698416585,-0.07614800765856251,-0.40484967794503746,-0.4870426569841658,-0.02531892920231629,-0.030459203063425005,-0.267269467545475,-1.653915725235947,1.0524064915037457,0.4639290233326392,-0.01671478846438242,-0.10343437931431816,0.06581654105714482,0.02901369751923947,-0.9605925963907112,0.7581677574181924,-0.06007458388935029,0.04741511928819214,0.19887517876136532,0.163240769596738,0.06887165048423252,0.11728296552571608,0.18105797417905167,0.9069226919950257,0.5439903330870387,38.93129770992366,33.518390006939626,38.93129770992366,17.696044413601665,5.968077723802915,84.38584316446912
"Severino, Luis",622663,2025,2731,96.95827912421133,-0.08405374929716103,-0.07694411323431072,-0.7001566138247313,-0.8405374929716103,-0.02563737143261557,-0.030777645293724287,0.819961277343225,-0.2790830705607732,-2.5197568440003124,1.2787220233931291,0.03002421374380172,-0.01021907984477382,-0.0922649887953245,0.04682248346368104,0.2704391033912259,-0.6205174103035915,0.00990256694951394,-0.02272125266582173,0.24739531064863304,0.25447189868031894,0.1560091504179301,0.10933946202750489,0.250933604664476,0.8673256937772825,0.5591296492208793,38.86190145732131,21.929215822345594,38.86190145732131,49.06315058986815,55.100624566273424,37.751561415683554
"Holmes, Clay",605280,2023,1022,96.9565344654752,-0.031472795188524194,-0.07698824654727053,-0.26219435302471084,-0.31472795188524194,-0.0256550247577995,-0.030795298618908215,-0.3055232990404875,-0.5453038577843472,-0.8391041160753048,1.4277369198754286,-0.029894647655625,-0.05335654185756822,-0.08210412094670301,0.13970028570209672,-0.42541357841241734,0.2943164019000619,-0.04162559475659661,0.02879808237769686,0.21775230911659307,0.16572652308837257,0.1487559319342953,0.0588149048526177,0.19173941610248282,0.8962145816065435,0.5439769988545132,38.79250520471895,39.48646773074254,38.79250520471895,17.626648160999306,9.507286606523248,75.50312283136711
"Cecconi, Slade",677944,2025,2110,96.91083303954898,-0.06595380689475532,-0.0781443209653499,-0.5510782904781593,-0.6595380689475532,-0.02611745452503124,-0.03125772838613996,-0.5585752279580447,-0.4341790066428075,0.8817881786513624,-0.44011223452866943,-0.02647275961886467,-0.02057720410629419,0.04179090894082286,-0.02085839974069523,-0.4963771173004261,0.22083797206134648,-0.02352498186257943,0.01046625460006381,0.18021976939041573,0.2092899503423221,0.06696302269147249,0.1543657048535768,0.19475485986636892,0.8893356362274754,0.5420452480469221,38.72310895211658,26.231783483691878,38.72310895211658,14.087439278278973,10.54823039555864,69.04927133934767
"Weaver, Luke",596133,2023,2237,96.90726814831187,-0.07000422999481085,-0.07823449932365985,-0.5850543736751064,-0.7000422999481084,-0.02615352586835522,-0.03129379972946394,0.4407986140561775,1.2118823794571654,-0.6633729668459409,-1.5743624003425083,0.01970490004721401,0.05417444700300247,-0.02965458054742695,-0.07037829237114476,0.8263404967566714,-1.1188676835942246,0.03693967352510824,-0.05001643645928586,0.24760024664468333,0.3159138556580677,0.1043745183214954,0.1908226053159097,0.2817570511513755,0.8524014381812974,0.5670792446663364,38.65371269951422,25.260235947258845,38.65371269951422,66.48160999306037,81.54059680777237,20.194309507286608
"Chavez, Jesse",445926,2024,1072,96.89695074340474,-0.03365886650430593,-0.07849549091489257,-0.2814849292519739,-0.33658866504305934,-0.02625792250484831,-0.031398196365957025,0.7503131185285383,-0.22345871483412336,-0.8579460416704023,0.04960670872401351,0.06999189538512485,-0.02084502936885479,-0.08003228000656738,0.00462749148544902,0.26342720184720747,-0.4041696664731944,0.02457343300813502,-0.03770239426055918,0.3270598325291057,0.21845364181258944,0.17938732657511497,0.13143604530769265,0.2727567371708476,0.8445883140585961,0.5586725256147218,38.58431644691186,38.65371269951422,38.58431644691186,48.091603053435115,74.80916030534351,13.1852879944483
"Chavez, Jesse",445926,2023,558,96.89098523383477,-0.017553875564908665,-0.07864639590012842,-0.14685602750409998,-0.17553875564908664,-0.02631828449894265,-0.03145855836005137,0.34761057414414154,-0.23300357237985736,-0.43118356773368305,0.1697205384652989,0.06229580181794651,-0.04175691261287766,-0.07727304081248801,0.0304158671084765,0.05730350088214209,-0.13073151463419208,0.01026944460253442,-0.02342858685200575,0.327461864286419,0.198405881808792,0.18790699496542915,0.1184382612617836,0.2629338730476055,0.8468273718863937,0.5548806224669995,38.51492019430951,45.315752949340734,38.51492019430951,39.62526023594726,66.96738376127689,15.128383067314367
"Baumann, Mike",657508,2023,1068,96.88996428272628,-0.03360877329325555,-0.07867222212840719,-0.2811896080959144,-0.3360877329325555,-0.02632861499025416,-0.031468888851362876,-0.5489390618966468,0.4582036725055332,0.4109245250442086,-0.6013787437490095,-0.05139878856710175,0.04290296559040573,0.03847607912398957,-0.0563088711375477,-0.04536769469555679,-0.09522710935240042,-0.00424791148834801,-0.00891639600677906,0.18193695757656997,0.33277848347288974,0.071440423174898,0.19031229320317328,0.2573577205247298,0.8691236418109644,0.5632406811678471,38.44552394170715,38.72310895211658,38.44552394170715,58.2234559333796,62.248438584316446,40.18043025676614
"Hentges, Sam",656529,2023,845,96.86754814033883,-0.026782872020946386,-0.0792392663341609,-0.2243934060830952,-0.26782872020946386,-0.02655543267255564,-0.03169570653366436,-1.1451505853498247,-0.09188595710111258,1.0133712419246876,-7.281055568455486e-4,-0.1355207793313402,-0.01087407776344527,0.11992559076031808,-8.61663380882306e-5,-0.6185182712254687,0.506321568183921,-0.07319742854739274,0.05991971221111492,0.09971851393354118,0.26732760883163326,0.05397986445480039,0.13675184091902706,0.18352306138258723,0.9046341473130863,0.5440786043478367,38.37612768910479,41.360166551006245,38.37612768910479,17.765440666204025,6.662040249826509,82.65093684941013
"Stroman, Marcus",573186,2024,2743,96.8304699514065,-0.08797042959568638,-0.08017720524579507,-0.7387065839466516,-0.8797042959568637,-0.02693060823720931,-0.03207088209831803,1.905128444352158,0.5528082290225029,-3.603200500487901,0.4065572431665885,0.06945419046125258,0.02015341702597531,-0.1313598432551185,0.01482162753068131,1.2289683366873303,-1.5983216286606563,0.04480380374361394,-0.0582691078622186,0.31231439001747807,0.25665675890554357,0.18867058638809817,0.12373244565514492,0.2844855744615108,0.8437984839783784,0.5641420292199446,38.30673143650243,20.402498265093687,38.30673143650243,60.30534351145038,83.48369188063845,12.213740458015266
"Miller, Bryce",682243,2023,2090,96.8221984621294,-0.06720306622777883,-0.08038644285619477,-0.564598938580616,-0.6720306622777883,-0.02701430328136919,-0.03215457714247791,-0.9524071525288492,0.8461953764217469,0.07242321084709147,-0.5308103733206053,-0.04556972021669134,0.0404878170536721,0.00346522539938236,-0.02539762551773231,-0.0531058880535511,-0.22919358123675693,-0.00254095158150962,-0.01096620005917497,0.17370476754383757,0.2919014027145416,0.07986883183707845,0.16943836055641803,0.2328030851291896,0.8753464038032518,0.5540747444662207,38.237335183900065,25.88480222068008,38.237335183900065,37.404580152671755,37.335183900069396,48.99375433726579
"Barlow, Scott",605130,2024,1020,96.82117913756028,-0.032808188999167986,-0.08041222793913722,-0.27565109660837095,-0.32808188999167986,-0.02702461731454617,-0.03216489117565489,0.4274240698434824,-0.756142255604118,0.0954773799941364,-0.04241029084187175,0.04190432057289042,-0.07413159368667822,0.00936052745040553,-0.00415787165116389,-0.1643590928803178,0.02653354457613233,-0.0161136365568939,0.00260132789962081,0.26170142336482577,0.18110773947740608,0.08900118005025089,0.13375563216257866,0.2214045814211159,0.8886215938935852,0.5550130876573506,38.16793893129771,39.00069396252602,38.16793893129771,39.83344899375434,27.133934767522554,68.21651630811935
"White, Brendan",686839,2023,652,96.81817318110794,-0.020991340124043363,-0.08048826734679206,-0.1763988156660048,-0.20991340124043362,-0.0270550330776081,-0.03219530693871682,0.36601362322244313,0.2678978500853191,-0.38104294560434937,-0.4292673433694176,0.05613705877644833,0.04108862731369925,-0.05844216957121923,-0.06583854959653644,0.3169557366538811,-0.4051551444868835,0.04861284304507379,-0.06214035958387783,0.28378211465440156,0.25129532605470095,0.10867549715639337,0.16736882320284693,0.2675387203545513,0.8619778398203799,0.5647582800874655,38.09854267869535,43.51145038167939,38.09854267869535,61.970853573907014,70.29840388619014,30.04857737682165
"Joyce, Ben",690829,2024,541,96.80405557719394,-0.017494942330880312,-0.08084538969907722,-0.14714054172020496,-0.17494942330880311,-0.02719788201852217,-0.03233815587963089,-0.23360126913212295,0.1366544694192271,-0.24531083008514545,0.19511708807783631,-0.04317953218708373,0.0252596061773063,-0.04534396119873298,0.03606600518998823,-0.04847339985644794,-0.02509687100365454,-0.00895996300488871,-0.00463897800437237,0.19545598606689027,0.2611508775182174,0.13209022712988883,0.17698582271066582,0.22830343179255386,0.8454619750797226,0.5368827034361383,38.02914642609299,45.385149201943094,38.02914642609299,8.466342817487856,33.726578764746705,14.018043025676613
"Yarbrough, Ryan",642232,2024,1542,96.78846926256396,-0.05010862532012268,-0.0812396649158928,-0.42182323026293034,-0.5010862532012268,-0.0273555921052484,-0.03249586596635712,0.28356120067815027,-0.03754699993805843,-1.2265991342541156,0.5587617032510934,0.01838918292335605,-0.00243495460039289,-0.0795459879542228,0.03623616752601125,0.12300710037004592,-0.3339187155015111,0.00797711416148157,-0.02165491021410577,0.24550551295195697,0.23083583977135855,0.1478604328861146,0.102437918716977,0.23817067636165776,0.8748508241984542,0.5565107502800559,37.95975017349063,32.89382373351839,37.95975017349063,42.53990284524636,43.23386537126995,48.57737682165163
"Brown, Hunter",686613,2024,2886,96.77893989866966,-0.09406134551078553,-0.08148072202943998,-0.7922651514762578,-0.9406134551078553,-0.02745201495066728,-0.032592288811776,-0.40349786028673407,0.8771809960694554,-0.878616684452254,-0.3873316028067251,-0.01398121484015017,0.03039435190815853,-0.03044409856036916,-0.01342105345830648,0.23684156789136068,-0.6329741436294896,0.00820656853400418,-0.02193257600933782,0.21821055259577757,0.3208757347884888,0.11885751654440024,0.15986856096667482,0.26954314369213317,0.8606369612444624,0.5650900524682978,37.89035392088827,18.52879944482998,37.89035392088827,62.317834836918806,72.31089521165856,28.591256072172104
"Bido, Osvaldo",674370,2023,940,96.77319155055912,-0.030691426250680293,-0.08162613364542629,-0.258595688212381,-0.3069142625068029,-0.0275101795970618,-0.03265045345817052,0.04607449326408641,-0.12426558692141045,-0.4281699214375294,0.24776532688247244,0.00490154183660493,-0.01321974328951174,-0.04554999164229036,0.02635801349813536,-0.03909554682866201,-0.09020229727752847,-0.0041591007264534,-0.0095959890720775,0.24428627348092183,0.19717695119427217,0.12560168422436943,0.11367156506046164,0.220731612337597,0.8803633753575845,0.5505474938475907,37.820957668285914,39.90284524635669,37.820957668285914,29.979181124219288,26.50936849410132,56.48854961832062
"Young, Brandon",687064,2025,940,96.76524909637125,-0.030766970011884536,-0.08182704790394825,-0.25935112582442343,-0.30766970011884537,-0.02759054530047058,-0.0327308191615793,-0.4848828688775484,0.0720801427155493,0.7564312108615923,-0.6029796105240166,-0.05158328392314345,0.00766810028888822,0.08047140541080769,-0.06414676707702305,-0.20640136308099952,0.07672580016878783,-0.02195759181712761,0.00816231916689232,0.16937869591325694,0.2547455045297118,0.05740650881129271,0.20001012026150167,0.21206210022148436,0.8712916854636028,0.5416768928425436,37.751561415683554,39.76405274115198,37.751561415683554,13.601665510062459,19.56974323386537,43.65024288688411
"Pressly, Ryan",519151,2025,645,96.7385334028438,-0.0212857364878629,-0.08250285460411977,-0.17970259847447778,-0.212857364878629,-0.02786086798053919,-0.03300114184164791,-0.3810541590464709,0.12331000592348572,0.2469880595417635,-0.16894650489325613,-0.0590781641932513,0.01911783037573422,0.03829272240957573,-0.02619325657259785,-0.12887207656149258,0.03902077732425368,-0.01998016690875853,0.00604973291848894,0.16847198470804453,0.2439320813390999,0.06866375385129768,0.15136815597750802,0.2062020330235722,0.8899840450855971,0.5480930390545846,37.682165163081194,43.37265787647467,37.682165163081194,24.566273421235255,15.891741845940318,69.95142262317835
"Quintana, Jose",500779,2025,2272,96.70143866189898,-0.07583137366508111,-0.08344121221949943,-0.641526714526421,-0.758313736650811,-0.02823621102669106,-0.033376484887799776,-0.02888270170035412,0.16671515136158632,0.17971588977604824,-0.9590750539637014,-0.00127124567343107,0.0073378147606332,0.00791003035986127,-0.04221281047375446,0.0689162248306161,-0.3896795820938266,0.00303328454360106,-0.01715139005694659,0.22689372798678195,0.2567104655442804,0.07322060969408747,0.16441809994398246,0.24180209676553116,0.8811806451809651,0.5614913709732481,37.612768910478835,24.149895905621097,37.612768910478835,54.823039555863986,46.911866759195,57.807078417765446
"Dollander, Chase",801403,2025,1778,96.69121047991632,-0.05952740216833526,-0.08369994680587071,-0.5038799524328397,-0.5952740216833526,-0.02833970486123957,-0.033479978722348286,-0.24237518159065985,-0.9841569597174384,0.6432513670092703,0.07940082186598829,-0.01363189997697749,-0.05535190999535649,0.03617836709838416,0.00446573801271025,-0.6132660706540491,0.3613260944376293,-0.03449190498616699,0.0203220525555472,0.2100631503091922,0.190773447291547,0.0720881704924576,0.12326858086772598,0.2004182988003696,0.9023216243199083,0.551369961560139,37.543372657876475,28.79944482997918,37.543372657876475,31.783483691880637,13.046495489243581,81.26301179736294
"Davies, Zach",605200,2023,1497,96.68951682913261,-0.05014518253776333,-0.08374278980922399,-0.42450192567683587,-0.5014518253776333,-0.02835684206258088,-0.0334971159236896,0.6658758009123176,0.6456437869728688,-0.6988391044401396,-1.0371824091218826,0.04448068142366851,0.04312917748649758,-0.04668263890715695,-0.06928406206559003,0.6557597939425932,-0.8680107567810111,0.04380492945508305,-0.05798335048637348,0.26883647764026913,0.2937994677848609,0.1227635530797775,0.2045394375583703,0.281317972712565,0.836348504680926,0.5588332386967455,37.473976405274115,32.75503122831367,37.473976405274115,48.438584316446914,81.05482303955587,7.356002775850104
"Schlittler, Cam",693645,2025,1448,96.68077688141412,-0.0486318779398771,-0.0839638776586276,-0.4118876138899168,-0.486318779398771,-0.02844527720234232,-0.03358555106345104,-0.673918983167141,0.2693034956428164,0.01430235570273907,-0.02157448206833123,-0.04654136624082466,0.01859830771013925,9.87731747426732e-4,-0.00148995041908364,-0.20230774376216232,-0.00363606318279607,-0.0139715292653427,-2.511093358284585e-4,0.1954137247962719,0.3011764093013317,0.1011999444886462,0.14409937521644817,0.2482950670488018,0.8773503401474528,0.5628227035981274,37.404580152671755,33.587786259541986,37.404580152671755,57.25190839694656,52.25537820957668,52.047189451769604
"Jansen, Kenley",445276,2023,719,96.65929333397273,-0.0243043083136743,-0.0845073307151401,-0.20608451407537132,-0.243043083136743,-0.02866265842494732,-0.03380293228605604,-0.2167762871345076,0.2904495149750801,-0.02133824066368106,-0.25841950125226276,-0.03014969223011232,0.04039631640821698,-0.00296776643444799,-0.035941516168604,0.03683661392028625,-0.1398788709579719,0.00512331208905233,-0.01945464130152599,0.2065820426598964,0.26830175769701264,0.12047675454789646,0.1968910419567369,0.2374419001784545,0.8413161017476833,0.5393790009630689,37.335183900069396,41.98473282442748,37.335183900069396,10.82581540596808,42.05412907702984,10.47883414295628
"Bibee, Tanner",676440,2025,3055,96.63318232814929,-0.10407510180910903,-0.08516784108765059,-0.8837156516342191,-1.0407510180910904,-0.02892686257395152,-0.034067136435060236,0.11104359818170906,0.6887175562337688,-1.9804512480137648,0.29697444196406764,0.00363481499776461,0.02254394619423138,-0.06482655476313468,0.00972093099718715,0.39988057720773895,-0.8417384030248485,0.013089380595998,-0.02755281188297376,0.22305712416376072,0.23790027155630464,0.12628651679679173,0.12925538002768971,0.23047869786003267,0.8722290515877593,0.551353874723896,37.265787647467036,16.030534351145036,37.265787647467036,31.714087439278277,35.80846634281748,45.176960444136014
"Miller, Bryce",682243,2024,2824,96.6267116604238,-0.09639049027492533,-0.08533152467681067,-0.8187435689115432,-0.9639049027492533,-0.02899233600961555,-0.034132609870724265,-0.6319760054911967,1.0185847840139104,-0.46430476900411577,-0.7410475784301411,-0.02237875373552396,0.03606886628944442,-0.01644138700439503,-0.02624106155914097,0.19330438926135685,-0.6026761737171284,0.00684505627696022,-0.021341224281768,0.1899455471201635,0.2766118684550258,0.09706895125991696,0.18269593150150013,0.23327870778759463,0.8601175586192915,0.5466981332034431,37.196391394864676,18.11242192921582,37.196391394864676,22.068008327550313,37.543372657876475,28.105482303955586
"Martin, Davis",663436,2024,892,96.61876945510834,-0.030517971965878975,-0.08553243263979535,-0.2593284768177,-0.30517971965878976,-0.02907269919480942,-0.03421297305591814,0.19047530096781884,0.08204405337164644,-0.21467998615071335,-0.3171678450064519,0.02135373329235637,0.00919776383090206,-0.02406726302138042,-0.03555693329668743,0.13625967716973264,-0.26592391557858264,0.01527574856162922,-0.02981209815903392,0.23872295645970623,0.2624408151775263,0.10065357373031168,0.1550243473019943,0.2505818858186163,0.872161039483847,0.5613714626512316,37.12699514226232,39.97224149895906,37.12699514226232,54.406662040249834,54.6148507980569,45.107564191533655
"Gibson, Kyle",502043,2023,3054,96.61588487770189,-0.1045755586110487,-0.08560540161349763,-0.8887716223922268,-1.045755586110487,-0.02910188678429033,-0.03424216064539905,0.5326855681626057,0.4057434247370111,-2.178590399505339,0.3513897842134952,0.0174422255455994,0.01328563931686349,-0.07133563849067907,0.01150588684392584,0.4692144964498084,-0.9136003076459218,0.01536393243123144,-0.02991487582337661,0.24440145896846016,0.2587279388442357,0.12672113768629822,0.13391767141024857,0.2515646989063479,0.8696805954517266,0.5606226471790372,37.05759888965996,15.891741845940318,37.05759888965996,53.08813324080499,56.21096460791117,41.290770298403885
"Alexander, Tyler",641302,2025,1584,96.61021970507984,-0.054330382150411374,-0.08574870920203814,-0.4618818835441516,-0.5433038215041137,-0.02915920981970654,-0.03429948368081526,0.47473584854196815,0.16261802203734987,-0.9469126528809966,-0.15232310124247306,0.02997069750896263,0.01026628927003471,-0.05977983919703261,-0.00961635740167127,0.318676935289659,-0.5496178770617348,0.02011849338949867,-0.03469809829935195,0.2752524181268747,0.22799167976676657,0.13655432092882405,0.15123851398815566,0.2516220489468206,0.8561035825415102,0.5538628157441654,36.9882026370576,30.53435114503817,36.9882026370576,36.91880638445524,56.28036086051353,23.8029146426093
"Soto, Gregory",642397,2025,1031,96.5951797995979,-0.03551966654066935,-0.08612916231976078,-0.3022004418986626,-0.3551966654066935,-0.02931139106679559,-0.03445166492790431,0.06962783173867138,-0.554557760424359,-0.5187237089138534,0.7014531957008785,0.0067534269387654,-0.0537883375775324,-0.05031267787719238,0.06803619744916378,-0.2424649643428438,0.09136474339351253,-0.02351745531938349,0.00886175978598569,0.2543716029157333,0.17111111729901649,0.12347849771332343,0.10175401128326218,0.21274136010737488,0.8873837455017072,0.5500625528045411,36.91880638445524,37.89035392088827,36.91880638445524,29.14642609299098,20.05551700208189,66.6204024982651
"Battenfield, Peyton",685410,2023,550,96.59442346765148,-0.018952624828976937,-0.0861482946771679,-0.1612547420536714,-0.18952624828976936,-0.02931904400975844,-0.03445931787086716,0.00772900829724676,5.114974010211881e-4,-0.11115248140802692,-0.05834276634391244,0.00140527423586304,9.299952745839784e-5,-0.02020954207418671,-0.01060777569889317,0.00412025284913397,-0.08474762387596968,7.49136881660723e-4,-0.01540865888653994,0.1988556985829372,0.3920939498453536,0.10209630348405715,0.21052113147822837,0.2954748242141454,0.8436912825188572,0.5695830533665013,36.84941013185288,44.066620402498266,36.84941013185288,71.0617626648161,90.00693962526024,12.005551700208189
"Weissert, Greg",669711,2025,1080,96.58499392954428,-0.037319109079645786,-0.08638682657325412,-0.3176761330964837,-0.37319109079645785,-0.02941445676819293,-0.03455473062930165,0.8403104363264902,-0.47192896597516665,-0.7135891058101151,0.02753150236230794,0.07780652188208242,-0.0436971264791821,-0.06607306535278844,0.00254921318169518,0.18419073517566176,-0.3430288017239036,0.01705469770145016,-0.03176192608554663,0.28933686044686413,0.1966839736332097,0.1379597427592204,0.14038299520047912,0.2430104170400369,0.8608286310201503,0.5519195240300936,36.780013879250525,37.473976405274115,36.780013879250525,33.37959750173491,47.74462179042332,29.07702984038862
"Koenig, Jared",657649,2024,1024,96.58465147521638,-0.035387592450648875,-0.08639548938146699,-0.30123952016873545,-0.35387592450648875,-0.02941792189147807,-0.03455819575258679,-0.46622599381475993,-0.21302693915549753,-0.597441967311795,0.975455380113317,-0.04552988220847265,-0.02080341202690405,-0.05834394212029248,0.09525931446419111,-0.33962646648512873,0.189006706400761,-0.03316664711768835,0.01845768617194931,0.19851547333178624,0.21576972034577424,0.18247043590281284,0.09151833592789424,0.20714259683878022,0.8630056140846465,0.5350741054617134,36.710617626648165,38.02914642609299,36.710617626648165,6.939625260235947,16.377515614156835,31.43650242886884
"Herget, Jimmy",623474,2023,505,96.56371328068946,-0.01755887970564094,-0.08692514705762842,-0.1496304140578104,-0.17558879705640942,-0.02962978496194265,-0.03477005882305137,0.12426365555575104,0.21518504120558649,-1.042415291763973,0.5533361809448252,0.02460666446648535,0.04261089924863098,-0.20641886965623227,0.10957152097917328,0.16972434838066874,-0.24453955540957395,0.03360878185755817,-0.04842367433852949,0.29956968073993123,0.15845021177211818,0.24440810660043677,0.08304917616730567,0.22900994625602472,0.8362713586161288,0.5326406524360767,36.6412213740458,45.246356696738374,36.6412213740458,5.135322692574601,34.420541290770295,7.286606523247745
"Saucedo, Tayler",642048,2024,624,96.55229294835218,-0.021768624027114176,-0.08721403857016898,-0.18561093137782336,-0.21768624027114175,-0.02974534156695887,-0.03488561542806759,0.27185610865126364,-0.04728021714799979,-0.8084995783601698,0.3983127554790826,0.04356668407872814,-0.00757695787628201,-0.12956724012182208,0.06383217235241709,0.11228794575163192,-0.2050934114405436,0.01799486310122306,-0.03286753388470249,0.27574919556267835,0.1929046372107566,0.23812827640121537,0.10733788734415275,0.2343269163867175,0.827266918127316,0.5307969172570167,36.57182512144344,43.09507286606523,36.57182512144344,3.8861901457321304,39.13948646773074,3.816793893129771
"Buehler, Walker",621111,2024,1594,96.54525993286163,-0.055721105691293,-0.08739194744556619,-0.4752750915668571,-0.55721105691293,-0.02981650511711776,-0.03495677897822648,-0.6930217810263457,0.4732197299276777,0.03108719449710406,-0.28656023496529315,-0.04347689968797651,0.02968756147601491,0.0019502631428547,-0.01797743004801086,-0.109901025549334,-0.12773652023409454,-0.0068946691059808,-0.00801358345257807,0.1872862653219256,0.2355140831955118,0.09987143531684473,0.14715080883750495,0.2114001742587187,0.8764888779228251,0.5439445260907719,36.50242886884108,30.04857737682165,36.50242886884108,17.487855655794586,18.875780707841777,50.58986814712006
"Martinez, Justin",679885,2024,1177,96.51772018142167,-0.041472112746152937,-0.08808859971570292,-0.3542201041162798,-0.4147211274615294,-0.03009516602517245,-0.03523543988628117,0.6324909973702688,0.32387989866492717,-0.8559556168247582,-0.4546353833267176,0.0537375528776779,0.0275174085526701,-0.07272350185427003,-0.03862662560125043,0.478185448017598,-0.6552955000757379,0.040627480715174,-0.05567506372776023,0.2748348156443243,0.25644677450862746,0.14212804018373998,0.17295841983613466,0.26564079507647587,0.8424567699900627,0.5540487825332693,36.43303261623873,36.43303261623873,36.43303261623873,37.335183900069396,68.97987508674531,11.172796668979876
"Barria, Jaime",642545,2023,1329,96.4995967673135,-0.0470716139169194,-0.08854705401978817,-0.4024018995550591,-0.47071613916919397,-0.03027854774680655,-0.03541882160791527,0.2901488756724575,0.0931736032957815,-0.6856767818085814,-0.10004759671471676,0.02183212006564766,0.00701080536461862,-0.051593437306891,-0.00752803587018184,0.1916612394841195,-0.39286218926164906,0.01442146271513314,-0.02956073658853642,0.23324667676318,0.30123569494383107,0.1146733476291546,0.15621685510597927,0.26724118585350554,0.8645548986324331,0.5658980422429694,36.36363636363637,34.142956280360856,36.36363636363637,64.12213740458014,70.09021512838306,33.17140874392783
"Assad, Javier",665871,2023,1705,96.49232635266628,-0.060514520313873485,-0.08873096820216052,-0.5175035338068312,-0.6051452031387349,-0.03035211341975549,-0.03549238728086421,0.17896992514710064,0.6059175915379456,-1.7069106050068117,0.4045195545149341,0.01049676980334901,0.03553768865325193,-0.10011205894468105,0.02372548706832458,0.3924437583425231,-0.6511955252459387,0.02301722922830047,-0.03819328593817822,0.23731956654763553,0.2813561756252109,0.1542878935029093,0.11715123686800064,0.25933787108642326,0.864280434814545,0.5618091529504841,36.29424011103401,28.105482303955586,36.29424011103401,55.308813324080496,64.26092990978486,32.96321998612075
"Dreyer, Jack",676263,2025,1199,96.49207694034831,-0.04255839823959853,-0.08873727739699444,-0.3639520988012918,-0.4255839823959853,-0.03035463709768906,-0.035494910958797775,-0.8125897060913303,0.19200269133170875,0.6049347826055964,-0.34829986664726675,-0.0677722857457323,0.01601356891840773,0.05045327628070028,-0.02904919655106478,-0.31029350737981076,0.12831745797916483,-0.02587935841366228,0.01070203986481775,0.16434109810465622,0.3937638240728725,0.05916273420632095,0.11649458364104529,0.27905246108876436,0.9121713410763169,0.5956119010825407,36.22484385843164,35.66967383761277,36.22484385843164,95.48924358084663,79.59750173490632,87.23108952116586
"Jackson, Andre",656578,2023,1000,96.48780633150703,-0.03553812310398559,-0.08884530775996398,-0.30397849242876873,-0.3553812310398559,-0.03039784924287687,-0.03553812310398559,-0.16586748385088868,0.13450217943272946,0.01141964023099717,-0.2840328282416067,-0.01658674838508887,0.01345021794327294,0.00114196402309971,-0.02840328282416067,-0.0156826522090796,-0.13630659400530476,-0.00156826522090796,-0.01363065940053047,0.21247268081530504,0.3618633505502114,0.09505154765713196,0.1756942227906176,0.28716801568275824,0.8646271147761252,0.5758975652294417,36.15544760582928,37.820957668285914,36.15544760582928,80.49965301873698,85.14920194309508,33.587786259541986
"Civale, Aaron",650644,2023,2002,96.47459194563591,-0.0714150093363238,-0.08917958208831644,-0.6112418106638415,-0.7141500933632381,-0.03053155897421786,-0.03567183283532658,-0.6096948831271902,0.26711221235882476,1.0183455513666786,-1.2870046912621549,-0.030454289866493012,0.01334226834959164,0.05086641115717675,-0.06428594861449324,-0.17129133538418273,-0.13432956994773804,-0.00855601075845068,-0.00670976872865824,0.1983219791708874,0.2440296183065342,0.0795646294888948,0.16938615492372608,0.2211757987387108,0.8755246077936896,0.5483502032662002,36.08605135322693,24.98265093684941,36.08605135322693,25.190839694656486,26.995142262317835,49.13254684247051
"Suter, Brent",608718,2025,1148,96.46951974771936,-0.04101018292455401,-0.08930788964406358,-0.351091485320012,-0.41010182924554006,-0.03058288199651672,-0.035723155857625435,-0.19394820935758617,0.03580791979265996,-0.4936998887130813,0.30074869295799544,-0.01689444332383154,0.0031191567763641,-0.04300521678685376,0.02619762133780448,-0.0790701447824631,-0.0964755978775429,-0.00688764327373371,-0.00840379772452464,0.22612329756497895,0.3116803351602066,0.12563715317957166,0.1222862714543354,0.2689018163625928,0.8760382876830465,0.5724700520228196,36.01665510062457,36.50242886884108,36.01665510062457,76.12768910478835,71.68632893823734,50.10409437890354
"Burke, Brock",656271,2024,603,96.44666042560341,-0.021680538085318828,-0.08988614463233344,-0.18580952947070273,-0.2168053808531883,-0.03081418399182466,-0.03595445785293338,0.17689379162072782,0.05609732889206498,-0.1206690764636278,-0.29813157351986774,0.02933562050094989,0.00930303961725787,-0.02001145546660494,-0.04944138864342749,0.1164955602563964,-0.20940032499174777,0.01931933005910388,-0.03472642205501621,0.25013699062801265,0.3318117695456259,0.11350428012207411,0.1723631336126384,0.2909743800868193,0.8570662931326438,0.5740203366097316,35.94725884802221,43.16446911866759,35.94725884802221,78.27897293546148,87.78625954198473,24.77446217904233
"Houser, Adrian",605288,2023,1847,96.44249675418325,-0.06648569794750123,-0.08999146988021282,-0.5699161212603343,-0.6648569794750123,-0.03085631409097641,-0.03599658795208513,0.5811355072696642,-0.3006320628373942,-0.4822145359527212,-0.3682050297398831,0.03146375242391252,-0.01627677654777445,-0.02610798786966547,-0.019935302097449,0.14025172221613502,-0.4252097828463022,0.00759348793806903,-0.02302164498355723,0.248464365455051,0.20946499410511665,0.10602513991130484,0.14880940694337935,0.22896467978008384,0.8725827265726579,0.5507737031763709,35.87786259541985,25.954198473282442,35.87786259541985,30.395558639833446,34.21235253296322,45.73213046495489
"Molina, Anthony",683627,2024,1014,96.43231065290873,-0.036605051176994,-0.09024913998272682,-0.3139281348182976,-0.36605051176994,-0.03095938213198201,-0.03609965599309073,0.388205511063461,0.3453607868977997,-0.30795164949881837,-0.73954278328074,0.0382845671660218,0.03405924920096644,-0.03036998515767439,-0.07293321334129586,0.3667831489806304,-0.5237472163897792,0.03617190818349412,-0.05165159924948512,0.24098485959156157,0.30845658178800206,0.10908161788404136,0.2017950186494449,0.2747207206897818,0.8445616817332569,0.5596412012115193,35.80846634281748,37.612768910478835,35.80846634281748,50.52047189451769,76.26648160999306,12.977099236641221
"Medina, Luis",665622,2024,720,96.38018113866808,-0.026371532416549638,-0.09156782089079736,-0.2267053523655136,-0.26371532416549637,-0.03148685449521022,-0.03662712835631894,-0.3351705232664699,0.05740692716244666,0.21744854003287628,-0.16639029629436664,-0.04655146156478748,0.00797318432811759,0.03020118611567726,-0.02310976337421759,-0.13888179805201162,0.02552912186925482,-0.01928913861833494,0.00354571137072983,0.1877203384613968,0.26175847929791,0.06534775170207613,0.14423286281002254,0.2247394088796534,0.8952096927439507,0.559974550811802,35.73907009021513,41.568355308813324,35.73907009021513,51.492019430950734,30.18736988202637,74.73976405274115
"Schmidt, Clarke",657376,2024,1739,96.36230012318973,-0.0640092117629624,-0.09202014342001494,-0.5507027551849433,-0.6400921176296239,-0.03166778350689725,-0.03680805736800597,0.5769974289394213,-0.12236092083912808,-0.6507999907494195,-0.35453927253581696,0.03317984065206562,-0.00703628066930006,-0.03742380625356064,-0.02038753723610218,0.2273182540501466,-0.5026696316426182,0.01307177999138278,-0.02890567174483141,0.28263389965651,0.23046566782394945,0.13703497126524905,0.13485316366491074,0.25654978374022974,0.8640559325349201,0.5603028581375749,35.66967383761277,27.133934767522554,35.66967383761277,52.32477446217905,61.34628730048577,32.68563497571132
"Cannon, Jonathan",686563,2025,1793,96.3467415475737,-0.06627911779221361,-0.09241371694396767,-0.5706260675924568,-0.6627911779221362,-0.03182521291647835,-0.03696548677758707,0.9824730478412677,-0.09097477477371284,-1.4947185695270946,0.03259422886708307,0.05479492737541927,-0.00507388593272241,-0.08336411430714415,0.00181785994796893,0.44574913653377735,-0.7310621703300058,0.02486052072134843,-0.04077312717958761,0.30333409169648123,0.23539584318217785,0.1423303789679486,0.1434762800584573,0.26936496743932953,0.857096670486797,0.5632308189630633,35.60027758501041,26.092990978487162,35.60027758501041,58.15405968077724,72.17210270645386,24.84385843164469
"Booser, Cam",592155,2024,713,96.34031741376604,-0.026402738913620372,-0.09257622339979091,-0.22737723650649855,-0.2640273891362037,-0.03189021549880765,-0.03703048935991637,-0.2406303926200053,0.09801779384451947,-0.04312743986835699,-0.04163719786265574,-0.03374900317251126,0.01374723616332671,-0.00604872929429971,-0.00583971919532338,-0.07130629938774291,-0.04238231886550636,-0.01000088350459227,-0.00594422424481155,0.1979288214052942,0.2992851252650402,0.08540033717848865,0.12255187639101953,0.24860697333516718,0.8960238932152459,0.5723154332752065,35.53088133240805,41.498959056210964,35.53088133240805,75.8501040943789,52.602359472588475,75.15614156835531
"Ottavino, Adam",493603,2023,1019,96.33943817712274,-0.03774313424611743,-0.09259846478439014,-0.3250519518164765,-0.3774313424611743,-0.03189911205264734,-0.03703938591375606,0.1553097608302778,-0.3285346738971384,-1.4164510504097052,1.2646240116600893,0.01524138967912441,-0.03224089047076923,-0.1390040284994804,0.12410441723847784,-0.0866124565334303,-0.07591351937480795,-0.0084997503958224,-0.0074498056305012704,0.24292722998065563,0.16776820659759134,0.19235893449883673,0.07751480060714082,0.2053477182891235,0.8650631324470113,0.5352054253680674,35.46148507980569,37.265787647467036,35.46148507980569,7.147814018043026,15.267175572519085,34.559333795975014
"Gilbert, Logan",669302,2023,2914,96.32270814771158,-0.10842606052104209,-0.09302167168929487,-0.9344730248977128,-1.084260605210421,-0.03206839481460923,-0.03720866867571795,-1.4022223080050935,1.1874294505505532,1.4709482308120556,-2.190628398255228,-0.04812018901870602,0.04074912321724616,0.05047866269087357,-0.07517599170402293,-0.10739642872727018,-0.35984008372158627,-0.00368553290072993,-0.01234866450657468,0.17427635109744435,0.33707327010285915,0.06261972125159065,0.24040148955184948,0.25567481060015174,0.8484893945982799,0.5520821025992158,35.39208882720333,15.197779319916723,35.39208882720333,34.004163775156144,60.65232477446217,16.516308119361554
"Irvin, Jake",663623,2024,3122,96.32068024145036,-0.11622952506180592,-0.09307297010074146,-1.001815900674245,-1.1622952506180593,-0.03208891417918786,-0.03722918804029658,-0.5960367868729008,-1.480005163010901,0.02309297878136362,1.0511330704281932,-0.01909150502475659,-0.04740567466402629,7.396854190058817e-4,0.03366858009058914,-1.038020974941901,0.5371130246047784,-0.03324858984439145,0.01720413275479751,0.19890604204525847,0.1832692899443154,0.09069975688381623,0.11586198263554426,0.19108766599478694,0.8967191302403198,0.5439033981175534,35.32269257460097,14.087439278278973,35.32269257460097,17.418459403192227,9.299097848716169,76.12768910478835
"Hoeing, Bryan",663773,2023,1115,96.30581556315559,-0.04167824982044229,-0.09344899062879439,-0.3594684446530607,-0.4167824982044229,-0.03223932239040903,-0.03737959625151775,-0.20711309012835952,-0.4087331409641593,0.07965000702463954,0.17672777941481854,-0.01857516503393359,-0.03665768080396047,0.00714349838786004,0.01585002505962498,-0.3079231155462594,0.12818889321972904,-0.02761642291894703,0.01149676172374251,0.24423190012627827,0.2114029741304503,0.07627619444989174,0.12051714475757733,0.22781743712836428,0.9016033303962655,0.5647103837623149,35.25329632199861,36.08605135322693,35.25329632199861,61.69326856349757,33.31020124913255,80.49965301873698
"Lambert, Peter",663567,2023,1419,96.27830519930711,-0.0534366449580441,-0.09414489950324895,-0.46142596349130827,-0.534366449580441,-0.03251768594019086,-0.03765795980129958,-0.205680924848366,0.3594996722649739,-0.4721766903285243,-0.14306802057939194,-0.01449477976380309,0.0253347196804069,-0.03327531291955774,-0.01008231293723692,0.07690937370830397,-0.3076223554539581,0.0054199699583019,-0.02167881292839733,0.20781578601527873,0.2906606349744549,0.11139554309777146,0.14887556892964626,0.2492382104948668,0.8698644439862911,0.559551327240579,35.18390006939625,31.228313671061763,35.18390006939625,50.24288688410826,53.29632199861207,41.498959056210964
"Spence, Mitch",687765,2024,2481,96.27743608428136,-0.09345121652408973,-0.09416688484894169,-0.80698197074679,-0.9345121652408973,-0.03252648007846796,-0.03766675393957668,-0.21677487751713895,1.064768015102345,-1.7912978901262022,0.1363227817942061,-0.00873739933563639,0.04291688896019126,-0.07220064047264016,0.00549467076961733,0.42399656879260306,-0.8274875541659981,0.01708974481227743,-0.0333529848515114,0.23131025950953032,0.28959980997435864,0.13847322629625736,0.1426796111051459,0.2604550347419445,0.8594235812992983,0.5599393080206214,35.11450381679389,18.667591950034698,35.11450381679389,51.35322692574601,65.02428868841082,27.064538514920194
"Carrasco, Carlos",471911,2023,1578,96.27082099983343,-0.05954376069837234,-0.09433422163873945,-0.5143240854554278,-0.5954376069837234,-0.03259341479438706,-0.03773368865549578,1.0195931582575213,0.5205484988664466,-1.0233356858955176,-1.031130056683878,0.06461300115700389,0.03298786431346302,-0.06485017020884142,-0.06534411005601257,0.7700708285619839,-1.027232871289698,0.04880043273523345,-0.06509714013242698,0.2671271830460945,0.2688034982330268,0.11999435757654864,0.19723311180299816,0.2679653406395607,0.8413862653102266,0.5546758029748937,35.04510756419153,28.73004857737682,35.04510756419153,39.27827897293546,70.85357390700902,10.54823039555864
"Rutledge, Jackson",671131,2025,1339,96.26874863052443,-0.05055348695396339,-0.09438664479828862,-0.4367066025393882,-0.5055348695396339,-0.03261438405820673,-0.03775465791931545,0.30968166237857986,0.4168931761678323,-0.9433310161549572,-0.21995042493084327,0.02312783139496489,0.03113466588258643,-0.07045041196078843,-0.01642646937496962,0.36328741927320607,-0.5816407205429002,0.02713124863877565,-0.04343844066787902,0.2421091339203929,0.24344221698593632,0.1428205241953237,0.14808888364591136,0.2427756754531646,0.8545452960793825,0.5486604857662736,34.97571131158917,32.40804996530187,34.97571131158917,26.162387231089525,47.53643303261624,21.859819569743234
"Burke, Sean",680732,2025,2375,96.24251644032601,-0.09029770964629327,-0.09505022068030873,-0.7808955922616008,-0.9029770964629328,-0.03287981441101477,-0.03802008827212349,-2.38965403587423,0.2633290322469293,2.2889269913784176,-0.9434975800127176,-0.10061701203680969,0.0110875381998707,0.09637587332119651,-0.03972621389527232,-1.0631625018136504,0.67271470568285,-0.04476473691846949,0.0283248297129621,0.13348753654216092,0.286821377075539,0.05385572644605936,0.1723966219996537,0.21015445680884998,0.8868738257771435,0.5485141412929967,34.90631505898681,19.91672449687717,34.90631505898681,25.537820957668284,17.834836918806385,66.2734212352533
"Hernandez, Jose E.",669796,2023,859,96.22174980795182,-0.03283975502118022,-0.09557553847840577,-0.28424259774487837,-0.3283975502118022,-0.03308994153025359,-0.03823021539136231,-0.4032861686137039,0.2000734585990358,0.4501945372759337,-0.531224425006144,-0.04694833161975598,0.02329143871932896,0.05240914287263489,-0.06184219150246146,-0.10160635500733406,-0.04051494386510512,-0.01182844645021351,-0.00471652431491328,0.15150896496885086,0.270879524819208,0.06421387264415802,0.2355554144005255,0.21119424489402944,0.8501153564776582,0.5306548006858438,34.83691880638445,38.93129770992366,34.83691880638445,3.747397640527411,18.667591950034698,17.834836918806385
"Ragans, Cole",666142,2023,1571,96.20553955452965,-0.060317349156751146,-0.09598559700310495,-0.5224197892094935,-0.6031734915675114,-0.03325396494013326,-0.03839423880124198,-0.03499947458840324,0.3745658730604191,-0.24067484553643223,-0.6213113421450771,-0.00222784688659473,0.0238425126072832,-0.01531985012962649,-0.03954878053119523,0.16978319923600793,-0.4309930938407547,0.01080733286034423,-0.02743431533041086,0.21241985254059728,0.2717381031679103,0.08521383268011594,0.15796171879931145,0.2420789778542538,0.8784122242602863,0.5602456010572701,34.767522553782094,28.383067314365025,34.767522553782094,52.047189451769604,47.12005551700208,53.43511450381679
"Povich, Cade",700249,2025,1971,96.19681897508428,-0.07584896406542549,-0.0962061949079471,-0.657174842851802,-0.7584896406542548,-0.033342204102070117,-0.038482477963178836,-1.1252425671729611,0.05788854019192513,0.5159268271457904,-0.10574764301655648,-0.05708993237813095,0.00293701370836758,0.02617589178821869,-0.00536517722052544,-0.533677013490518,0.20508959206461697,-0.02707645933488168,0.01040535728384662,0.16337656743809886,0.20931900192347985,0.07360721922706047,0.13192510858839068,0.18634778468078936,0.8972338360922745,0.5417908103865319,34.69812630117974,24.080499653018737,34.69812630117974,13.809854267869534,7.633587786259542,76.61346287300486
"Ashcraft, Braxton",677952,2025,1102,96.18439405569646,-0.042546235826768176,-0.09652049869956485,-0.3688165403182637,-0.42546235826768175,-0.03346792561871722,-0.03860819947982594,-0.3079648621069282,0.35438969934102715,-0.05707968782382977,-0.3581616897285329,-0.02794599474654521,0.03215877489483005,-0.005179644993088,-0.03250106077391405,0.02321241861704948,-0.20762068877618137,0.00210639007414242,-0.01884035288350102,0.19068111124487871,0.2676374931845406,0.10849035598898946,0.15792878130471766,0.22915930221470965,0.8667904313531465,0.547974866783928,34.628730048577374,35.73907009021513,34.628730048577374,24.288688410825817,34.69812630117974,37.05759888965996
"Kahnle, Tommy",592454,2025,1076,96.18392210837261,-0.04154756096837943,-0.09653243719419012,-0.3601662629382645,-0.41547560968379427,-0.03347270101656733,-0.03861297487767605,0.02083424438637848,-0.14179373149272578,0.8886679108377393,-1.1278746866696563,0.00193626806564855,-0.01317785608668455,0.08258995453882335,-0.10482106753435468,-0.06047974355317365,-0.1196033879159586,-0.00562079401051799,-0.01111555649776567,0.16724540299494067,0.273662103742371,0.07428347400995707,0.2826589116303083,0.22045375336865583,0.8215288071798673,0.5209912802742616,34.559333795975014,36.22484385843164,34.559333795975014,0.6939625260235947,26.231783483691878,2.359472588480222
"Covey, Dylan",592229,2023,734,96.14095619025284,-0.02866103045520633,-0.09761931353953113,-0.24888069441152535,-0.2866103045520633,-0.03390745155470373,-0.03904772541581245,-0.11687782742689024,0.24643077539985825,-0.7306445663865588,0.35221092400206544,-0.01592340973118395,0.03357367512259649,-0.09954285645593444,0.04798513950981818,0.064776473986484,-0.1892168211922467,0.00882513269570626,-0.02577885847305813,0.2375815924244451,0.286503848415337,0.17389199432963812,0.095335343309038,0.2620427204198911,0.865386331180662,0.5637145258002765,34.489937543372655,40.66620402498265,34.489937543372655,59.541984732824424,66.48160999306037,35.11450381679389
"Santana, Dennis",642701,2024,1084,96.11233981978924,-0.0426416116184736,-0.09834320022710702,-0.3706955475303175,-0.426416116184736,-0.03419700622973409,-0.03933728009084281,0.6537178573025813,0.44577432787173166,-1.1718170663830278,-0.2983706663216026,0.0603060753969171,0.04112309297709702,-0.1081012053858882,-0.02752496921786001,0.5497460925871565,-0.7350938663523152,0.05071458418700705,-0.06781308730187409,0.28357790552766027,0.27808016919863676,0.15668015577621955,0.14404930003778116,0.2808290373631485,0.8496352720929996,0.5652321547280741,34.420541290770295,35.60027758501041,34.420541290770295,62.526023594725885,80.91603053435115,17.34906315058987
"Mize, Casey",663554,2025,2469,96.10549603614069,-0.09729471985179901,-0.0985163222476701,-0.8460338368872158,-0.97294719851799,-0.03426625503795932,-0.03940652889906804,0.3321830306249467,0.6785163926333553,-1.3289472780977576,-0.5277859820477602,0.01345415271870987,0.02748142538004679,-0.05382532515584275,-0.02137650798087323,0.505349711629151,-0.9283666300727588,0.02046778904937833,-0.03760091656835799,0.23390599330414233,0.319021315465471,0.11839823040911952,0.17323639129483495,0.2764636543848067,0.8541826891480228,0.5653231717664147,34.35114503816794,17.626648160999306,34.35114503816794,63.15058986814712,77.93199167244968,21.512838306731435
"Leahy, Kyle",681517,2025,1350,96.09102057835311,-0.053396548357769046,-0.09888249695883157,-0.4645717864527228,-0.5339654835776905,-0.03441272492242391,-0.03955299878353263,-0.4981553973125301,0.3754954940727657,-0.14171710146683836,-0.20019478174612004,-0.03690039980092816,0.02781448104242709,-0.01049756307161765,-0.01482924309230518,-0.06132995161988219,-0.1709559416064792,-0.00454295937925053,-0.01266340308196142,0.19292109285556225,0.2750895630852787,0.1108021339972344,0.1590583246602662,0.23400532797042048,0.8650697706712497,0.5495375493208351,34.28174878556558,31.36710617626648,34.28174878556558,28.313671061762662,38.58431644691186,34.628730048577374
"Hicks, Jordan",663855,2024,2027,96.0786248353694,-0.08042816763473927,-0.09919606269701439,-0.700088325182719,-0.8042816763473927,-0.03453815121769704,-0.03967842507880576,0.5557098548054,-0.9983685357074136,-1.3263665500613795,1.0689369057806744,0.02741538504220029,-0.04925350447495874,-0.0654349556024361,0.0527349238174975,-0.22132934045100683,-0.12871482214035268,-0.01091905971637922,-0.00635001589246929,0.2584361500048184,0.19268374417652376,0.11734190521172148,0.10320701860667825,0.22555994709067106,0.8897255380908001,0.5576427425907355,34.21235253296322,22.692574600971547,34.21235253296322,45.87092297015961,31.158917418459403,69.6738376127689
"Murphy, Chris",669684,2025,569,96.07644071604224,-0.02258959877331528,-0.09925131271228155,-0.19664782946344417,-0.22589598773315278,-0.0345602512238039,-0.03970052508491262,-0.5576488857518598,-0.08150188505351252,0.3323803846026294,0.11012255673929872,-0.09800507658204918,-0.01432370563330624,0.05841483033438127,0.01935370065717025,-0.31957538540268615,0.22125147067096407,-0.05616439110767771,0.03888426549577576,0.11927741284441452,0.21121322050809355,0.06346607525813062,0.11860788121667128,0.16524531667625403,0.908963021762599,0.5371041692194265,34.142956280360856,42.74809160305343,34.142956280360856,8.743927827897293,2.5676613462873004,85.28799444829978
"Mikolas, Miles",571945,2023,3184,96.05526525622628,-0.1270886879328317,-0.09978697230907012,-1.1072205595906155,-1.270886879328317,-0.03477451506251933,-0.03991478892362805,-0.5837567025139379,0.588345744029084,0.30868002590835886,-1.4204896270141203,-0.01833406729001061,0.01847819547830037,0.00969472443179519,-0.04461336768260429,0.00229452075757308,-0.5559048005528808,7.206409414488323e-5,-0.01745932162540454,0.18693037365792264,0.25899432222476865,0.0973099158767769,0.16643408314246122,0.22296234794134565,0.868128000490381,0.5455451742158633,34.073560027758504,11.86675919500347,34.073560027758504,19.50034698126301,28.66065232477446,39.07009021512838
"Suárez, Ranger",624133,2025,2502,96.05150667048305,-0.0999619560511832,-0.09988205041085449,-0.8710099085068919,-0.999619560511832,-0.03481254630323308,-0.0399528201643418,0.4960838042252931,-0.2982988335038499,-0.7831470229416482,-0.2856478562866869,0.01982749017687022,-0.01192241540782773,-0.03130084024546955,-0.01141678082680603,0.0988924853607216,-0.5343974396141675,0.00395253738452124,-0.02135881053613779,0.24838931990126625,0.22994551027408605,0.12076298887053452,0.13745334911784418,0.23916741508767614,0.8708918310058107,0.5550296230467434,34.004163775156144,17.071478140180428,34.004163775156144,39.90284524635669,44.274809160305345,42.60929909784872
"Topa, Justin",623437,2023,1042,96.04660389845677,-0.041682530862931104,-0.10000607212795369,-0.3632636549965582,-0.41682530862931105,-0.03486215499007276,-0.04000242885118148,0.824811319860487,-0.2717139086798852,-2.708701369406299,1.792340303229139,0.07915655660849202,-0.02607619085219627,-0.25995214677603634,0.17200962602966785,0.27654870559030087,-0.45818053308858,0.02654018287814787,-0.04397126037318426,0.34251482056560506,0.17039204114025686,0.23889944154538648,0.05575696276069568,0.25645343085293093,0.8526717978469589,0.5545626143499449,33.934767522553784,36.01665510062457,33.934767522553784,38.79250520471895,61.20749479528106,20.402498265093687
"Walker, Taijuan",592836,2024,1356,96.03336226916188,-0.054424977716273706,-0.100341035612599,-0.4745476636061028,-0.544249777162737,-0.03499614038393088,-0.0401364142450396,0.27959039351452475,0.4138432021336485,-0.8368196309120322,-0.33116162834224383,0.02061876058366701,0.03051941018684723,-0.06171236216165429,-0.02442194899279084,0.3467167978240866,-0.583990629627138,0.02556908538525712,-0.04306715557722256,0.23140038157913387,0.27747159615928635,0.1345097028598885,0.159519816086099,0.2544359888692101,0.8529852405270062,0.5537106146981081,33.865371269951424,30.395558639833446,33.865371269951424,36.780013879250525,59.68077723802915,20.81887578070784
"Bivens, Spencer",702352,2024,705,96.00364830316533,-0.028508137831152032,-0.10109268734451071,-0.24884244759070384,-0.2850813783115203,-0.03529680107669557,-0.04043707493780429,0.5707424855572754,-0.3987847942426015,-0.8857851175778251,0.46498497867244737,0.08095638093010998,-0.05656521904150376,-0.1256432790890532,0.0659553161237514,0.08597884565733693,-0.21040006945268885,0.01219558094430311,-0.0298439814826509,0.34251716419937184,0.1798401709028379,0.16187513955501698,0.10656995780910884,0.26117866755110486,0.865777451317937,0.563478059434521,33.795975017349065,40.804996530187374,33.795975017349065,58.848022206800835,65.85704371963914,35.66967383761277
"Bello, Brayan",678394,2025,2669,95.99185221811514,-0.10824512126701265,-0.10139108398933369,-0.9452573033171348,-1.0824512126701265,-0.03541615973462476,-0.04055643359573348,1.1094049487394386,0.2933922792362864,-2.992524972352726,0.6444704410598661,0.0415663150520584,0.01099259195340151,-0.11212158008065665,0.02414651334057197,0.7013986139878625,-1.17402726564643,0.02627945350272995,-0.04398753337004234,0.2719453232801439,0.2412871048853227,0.15843871816913677,0.1271102443841966,0.25661621408273333,0.8572255187233333,0.5569208664030333,33.726578764746705,15.267175572519085,33.726578764746705,43.65024288688411,61.41568355308813,25.05204718945177
"Walker, Taijuan",592836,2025,2079,95.98729534047702,-0.08441268554782637,-0.10150635587761707,-0.7372605619058135,-0.8441268554782637,-0.03546226848993811,-0.04060254235104683,0.7594321586917658,0.6034771706117681,-1.878066901816396,-0.22210298939295112,0.0365287233617973,0.02902728093370698,-0.09033510831247696,-0.01068316447296542,0.681454664651767,-1.0500849456046737,0.03277800214775214,-0.0505091363927212,0.26434359185936585,0.28545429717078774,0.149832775060665,0.14474536977433994,0.2748989445150768,0.8527109275824976,0.5638049360487871,33.657182512144345,21.721027064538514,33.657182512144345,59.75017349063151,76.40527411519777,20.541290770298403
"Henry, Tommy",674072,2024,818,95.98546518130568,-0.0332280277443606,-0.10155265203044195,-0.2902328372597367,-0.332280277443606,-0.03548078695106806,-0.04062106081217678,-0.34001922678180563,0.05752339010723517,0.12223617971903876,-0.12997318030420502,-0.04156714263836254,0.0070321992796131,0.01494329825416121,-0.01588914184647983,-0.14124791833728523,-0.00386850029258312,-0.01726747167937472,-4.7292179615930575e-4,0.1783108198515765,0.22245078350565095,0.0845458673610948,0.14906640419874245,0.20038080167861372,0.8831938642200814,0.5417873329493476,33.587786259541986,38.79250520471895,33.587786259541986,13.740458015267176,12.977099236641221,60.86051353226926
"Cabrera, Edward",665795,2025,2252,95.96875392944987,-0.09185942584750008,-0.10197538393372566,-0.8028352911228325,-0.9185942584750008,-0.03564987971238154,-0.04079015357349026,-0.16830449991425667,-0.686325673833835,-0.2765729521231606,0.3283678347484198,-0.00747355683455846,-0.03047627326082748,-0.0122812145703002,0.01458116495330461,-0.42731508687404585,0.02589744131262961,-0.01897491504769297,0.0011499751915022,0.22097139019416703,0.20181779619627752,0.10119354962182878,0.12548762156889345,0.21139459319522227,0.8866594144046389,0.5490270037999306,33.518390006939626,19.36155447605829,33.518390006939626,27.133934767522554,18.806384455239417,65.85704371963914
"Montgomery, Jordan",656756,2024,1929,95.95838397327499,-0.0788866130812773,-0.10223770487464656,-0.6897102480319859,-0.788866130812773,-0.03575480808874991,-0.04089508194985863,-0.3550180796202653,0.00972427412125398,0.4658960022588872,-0.8103124447918617,-0.01840425503474677,5.041095967472257e-4,0.02415220333120203,-0.04200686598195239,-0.17264690274950567,-0.17220822126648727,-0.00895007271899977,-0.00892733132537518,0.20043087286673916,0.24981014537347615,0.08307527444757089,0.16153685082588856,0.22512050912010767,0.8776939373632703,0.551407223241689,33.448993754337266,23.039555863983345,33.448993754337266,32.06106870229007,30.53435114503817,52.532963219986115
"Duarte, Daniel",650960,2023,571,95.95794057679362,-0.023353653588420772,-0.10224892114019601,-0.20418557213727695,-0.23353653588420772,-0.03575929459496969,-0.04089956845607841,0.2128528281521085,-0.1345561922280467,-0.5285273491522275,0.2460451410908888,0.03727720282874054,-0.02356500739545476,-0.09256170738217644,0.04309021735392098,0.03914831796203089,-0.14124110403066936,0.00685609771664288,-0.02473574501412773,0.2680389461628805,0.2052202685366917,0.17930487426049552,0.11307558358685696,0.2366296073497861,0.8538097710763237,0.545219689213055,33.37959750173491,42.33171408743927,33.37959750173491,18.945176960444137,41.151977793199165,21.09646079111728
"Borucki, Ryan",621366,2023,528,95.95240486460928,-0.021624547056483433,-0.10238895386592536,-0.18910482457818031,-0.21624547056483434,-0.03581530768526143,-0.04095558154637015,0.3133036041735977,-0.02677058668859899,-0.7860710165723503,0.3104331745091713,0.05933780382075714,-0.00507018687284071,-0.14887708647203607,0.0587941618388582,0.14326650874249935,-0.23781892103158953,0.02713380847395821,-0.04504146231658892,0.2850991624478642,0.22851459584848016,0.2381445263204781,0.10647651283579108,0.2568068791481722,0.8276894804218654,0.5422481797850188,33.31020124913255,43.23386537126995,33.31020124913255,14.36502428868841,61.55447605829285,4.02498265093685
"Keller, Mitch",656605,2024,2850,95.94738754864878,-0.11686809535033053,-0.10251587311432504,-1.022183148461707,-1.1686809535033054,-0.0358660753846213,-0.04100634924573002,0.5323929328414465,-0.4524691351989531,-1.267303876477314,0.16519693037311356,0.0186804537839104,-0.01587611000698081,-0.04446680268341452,0.00579638352186363,0.03996189882124668,-0.5510534730521002,0.00140217188846479,-0.01933520958077544,0.2377694105135805,0.1910779816555852,0.1161959365649607,0.1326203203867141,0.21442369608458284,0.8755918715241626,0.5450077838043728,33.24080499653019,13.809854267869534,33.24080499653019,18.736988202637058,21.30464954892436,49.41013185287994
"Pfaadt, Brandon",694297,2025,2913,95.94663974435205,-0.11947353702162344,-0.10253478975422543,-1.0449991926421376,-1.1947353702162344,-0.03587364204058145,-0.04101391590169017,1.521320588822789,-0.4617356696094248,-2.261137556747144,0.15655344489164236,0.05222521760462715,-0.01585086404426449,-0.07762229854950717,0.00537430294856307,0.5297924596066821,-1.0522920559277509,0.01818717678018133,-0.03612399780047205,0.2753261528698125,0.2212833444265332,0.15178084487211174,0.12825223738905048,0.24830474864817284,0.8599834588694188,0.5541441037587959,33.17140874392783,13.115891741845939,33.17140874392783,37.682165163081194,52.32477446217905,27.82789729354615
"Festa, David",701581,2025,882,95.94195900193422,-0.036216047180543914,-0.10265319495619021,-0.31682325635046027,-0.36216047180543914,-0.03592100412136737,-0.04106127798247609,0.33763586674240287,0.23735950199079525,-0.7269320872298977,-0.16488653785376073,0.03828071051501166,0.02691150816222168,-0.08241860399431947,-0.01869461880428126,0.28749768436659906,-0.4459093125418292,0.03259610933861667,-0.05055661139930036,0.2436690998600113,0.29237110132926275,0.12904991534009758,0.17165038674884334,0.26802010059463705,0.8496498489555295,0.5588349747750833,33.10201249132547,37.751561415683554,33.10201249132547,48.507980569049266,70.92297015961138,17.418459403192227
"Lively, Ben",594902,2023,1383,95.89421726067795,-0.05745583975010484,-0.10386088168854817,-0.5034684100019149,-0.5745583975010484,-0.03640407881431055,-0.04154435267541927,0.17834132669429437,0.03347349418891099,-0.7890695786724109,0.07378634778729065,0.01289525138787377,0.00242035388206153,-0.05705492253596608,0.00533523845172022,0.10590741044160268,-0.3576416154425601,0.00765780263496765,-0.02585984204212293,0.24648486384985385,0.23946586280504464,0.12314960656343456,0.13125649309395754,0.24297536332744923,0.872796950171304,0.5578861567493766,33.03261623872311,29.632199861207493,33.03261623872311,46.35669673837613,47.67522553782096,46.00971547536433
"Long, Sam",669674,2023,776,95.86404863349722,-0.03247530035246686,-0.1046240346406793,-0.284864478362465,-0.3247530035246686,-0.03670933999516301,-0.04184961385627173,-0.936967683879402,-0.01841185556622804,1.081985378687989,-0.4114703176048238,-0.12074325823188171,-0.00237266179977165,0.1394311055010295,-0.05302452546453915,-0.477689769722815,0.3352575305415826,-0.06155796001582668,0.04320329001824518,0.10281152650390396,0.30406315208956636,0.03145019427471476,0.2706536127937974,0.20343733929673516,0.8489480964657439,0.5261927178812396,32.96321998612075,39.20888272033311,32.96321998612075,2.081887578070784,14.434420541290772,16.724496877168633
"Snider, Collin",676092,2024,706,95.84774683823737,-0.029662281853601626,-0.1050364088300341,-0.2603324850765887,-0.29662281853601624,-0.03687428967090491,-0.04201456353201363,0.340152183848204,-0.4805695186646517,0.11795000111155218,-0.23786515137169317,0.04818019601249349,-0.06806933692133876,0.01670679902429917,-0.03369194778635881,-0.07020866740822385,-0.05995757513007049,-0.00994457045442264,-0.00849257438102981,0.3541778441058389,0.20110094158966188,0.0775009171102188,0.15199283697241306,0.2776393928477504,0.8852531229586841,0.5814462579032172,32.89382373351839,40.24982650936849,32.89382373351839,86.53712699514227,78.764746703678,63.358778625954194
"Kolek, Stephen",663568,2025,1689,95.7916110448588,-0.0719219665080153,-0.10645643355242052,-0.6324004395660268,-0.719219665080153,-0.03744229955985949,-0.04258257342096821,1.0832757438975025,0.3967451619782878,-1.8861386387325183,-0.2262827067092985,0.06413710739476035,0.02348994446289448,-0.11167191466740783,-0.01339743675010648,0.740010452937895,-1.0562106727209084,0.04381352592882742,-0.06253467570875716,0.2822322240320096,0.2630466524647511,0.16596348820298,0.14754316309973495,0.27263943824838033,0.8432466743486425,0.5579430562985115,32.82442748091603,24.84385843164469,32.82442748091603,46.49548924358085,74.60097154753643,11.589174184594032
"Spence, Mitch",687765,2025,1354,95.72874483985228,-0.058518099440758774,-0.10804671240908192,-0.5155816863281757,-0.5851809944075878,-0.03807841110252405,-0.04321868496363277,0.6620761259364372,0.19109925181874132,-0.6259658257265528,-0.7427912383568014,0.04889779364375459,0.01411368181822314,-0.046230858620868,-0.05485902794363379,0.4265876888775893,-0.6843785320416771,0.03150573773098886,-0.05054494328225089,0.3030331202276226,0.2843636406875484,0.13095948391940743,0.17459712727216142,0.29369838045758545,0.8472216944042156,0.5704600374309006,32.75503122831367,29.215822345593338,32.75503122831367,72.51908396946564,89.45176960444135,15.336571825121442
"Eflin, Zach",621107,2024,2441,95.7220288352682,-0.10566269028971842,-0.10821660209926098,-0.9311528179475204,-1.0566269028971842,-0.03814636697859568,-0.0432866408397044,1.0629657711510845,-0.8284116264762815,-1.1988516483914964,0.03314468576917306,0.04354632409467778,-0.03393738740173214,-0.04911313594393676,0.00135783227239545,0.11727707233740148,-0.5828534813111617,0.00480446834647281,-0.02387765183577065,0.29555544821416646,0.19501852570291217,0.13395938226841808,0.13574483477596952,0.24528698695853932,0.8651478914778061,0.5552174392181727,32.68563497571132,15.7529493407356,32.68563497571132,40.04163775156142,49.61832061068702,34.69812630117974
"Adams, Travis",701519,2025,663,95.7103845016929,-0.028777159632466458,-0.1085111600017589,-0.2536915806255138,-0.2877715963246646,-0.03826419013959484,-0.04340446400070356,0.30882164635261233,0.01116634924210302,-0.37737244466438824,-0.1963071315558409,0.04657943383900639,0.00168421557196124,-0.05691892076385946,-0.029608918786703,0.15999399779735768,-0.28683978811011457,0.02413182470548381,-0.04326391977528123,0.2698823706025799,0.23781622129117683,0.12377712801518118,0.15066889414395676,0.2538492959468784,0.8627769889204311,0.5583131424336547,32.61623872310896,40.59680777238029,32.61623872310896,47.18945176960444,58.917418459403194,31.228313671061763
"Winans, Allan",642216,2023,534,95.70671729601818,-0.0231977987070302,-0.10860392653104027,-0.20452892465198147,-0.231977987070302,-0.03830129675130739,-0.04344157061241611,0.07745184164571128,-0.05158611359047427,-0.29948446965681796,0.06908981694959948,0.01450409019582608,-0.00966032089709256,-0.05608323401813071,0.01293816796808979,0.0129328640276185,-0.11519732635360924,0.00242188464936676,-0.02157253302502045,0.24176305210596355,0.2260731626985924,0.11180523767123957,0.1441720451700054,0.23391810740227797,0.8720113585793775,0.5529647329908277,32.54684247050659,42.40111034004164,32.54684247050659,35.39208882720333,38.37612768910479,44.829979181124216
"Alexander, Tyler",641302,2024,1668,95.66087996236824,-0.07323416643678231,-0.10976343890405023,-0.6466018963645297,-0.7323416643678231,-0.03876510170051137,-0.04390537556162009,-0.15069785039077033,0.11298444105341332,-0.9788495970672102,0.3699611100400375,-0.00903464330879917,0.00677364754516866,-0.05868402860115169,0.02217992266427083,-0.0188567046686785,-0.30444424351358634,-0.00113049788181525,-0.01825205296844043,0.2346599519977879,0.2088693979355269,0.15385518069394374,0.12110168985901,0.22176467496665742,0.8625215647235231,0.5421431198450903,32.47744621790423,24.566273421235255,32.47744621790423,14.295628036086052,27.89729354614851,30.742539902845245
"Detmers, Reid",672282,2025,1084,95.623935784581093,-0.047998647526152266,-0.11069798783706704,-0.42426590660710417,-0.47998647526152266,-0.0391389212737181,-0.04427919513482682,-1.121090143364199,-0.01138290989001689,1.302724620244419,-0.5945174735973069,-0.1034215999413468,-0.00105008393819344,0.1201775479930276,-0.05484478538720543,-0.5662365266271081,0.354103573323556,-0.05223584193977013,0.03266638130291107,0.11089155459167482,0.2211175216138115,0.03361047891724218,0.17572600039257688,0.16600453810274318,0.8953317603450904,0.5306681492239168,32.40804996530187,33.795975017349065,32.40804996530187,3.816793893129771,2.8452463566967383,74.80916030534351
"Hart, Kyle",606996,2025,691,95.60782261070561,-0.03070958524567438,-0.11110559061387257,-0.27157656007648256,-0.3070958524567438,-0.03930196238444031,-0.04444223624554903,0.20323824186129968,-0.2906732909459606,-0.5979241863178686,0.41378267532604696,0.02941219129685958,-0.04206559926859054,-0.0865302729837726,0.05988171857106324,-0.04371752454233046,-0.09207075549591082,-0.00632670398586548,-0.01332427720635467,0.2833596377255432,0.17024306937015868,0.15853915577378822,0.10589386202221591,0.22680135354785091,0.8677834911019979,0.5472924223249245,32.33865371269952,39.83344899375434,32.33865371269952,22.970159611380986,32.13046495489243,38.37612768910479
"Gore, MacKenzie",669022,2024,2992,95.59324447766615,-0.13341251718750718,-0.11147436262325132,-1.1803281779506989,-1.3341251718750717,-0.03944947118819181,-0.04458974504930053,-2.1757404454881453,1.02771300294944,2.506143359320646,-2.5384440947326397,-0.0727185977770102,0.03434869662264172,0.08376147591312319,-0.08484104594694651,-0.5740137212693526,-0.01615036770599687,-0.01918495057718424,-5.397850169116601e-4,0.1709753881706171,0.3152554559159606,0.053896802182231,0.24103119482907287,0.24311542204328884,0.852536001494348,0.5478257117688184,32.26925746009716,11.103400416377514,32.26925746009716,23.8029146426093,47.952810548230396,20.333102012491324
"Holton, Tyler",663947,2023,1191,95.55402457453485,-0.05357903052875446,-0.11246647885968611,-0.4745696436017397,-0.5357903052875446,-0.03984631768276572,-0.04498659154387444,-0.00323618871254893,-0.18473712220838936,-0.46250829431073726,0.17591196162993583,-2.7172029492434404e-4,-0.01551109338441556,-0.03883360993373108,0.01477010593030527,-0.09398665546046914,-0.1432981663404007,-0.00789140683966995,-0.0120317520017129,0.23048598188326364,0.24076367091878115,0.11916796471712846,0.13135342759562316,0.2356248264010224,0.8747393038436242,0.5551820651223233,32.1998612074948,31.158917418459403,32.1998612074948,39.97224149895906,40.66620402498265,48.230395558639835
"Strahm, Matt",621381,2025,1024,95.54865171635134,-0.04612193975946673,-0.11260239199088558,-0.4085829932569141,-0.46121939759466735,-0.03990068293524551,-0.04504095679635423,0.09015702600663644,0.08197420019678248,-0.4691239187627616,-0.11159030069757137,0.00880439707096059,0.00800529298796703,-0.04581288269167594,-0.0108974903024972,0.08606561310170946,-0.2903571097301665,0.00840484502946381,-0.02835518649708657,0.25460136526709004,0.20874644037399953,0.12634777987030443,0.13552087752380246,0.23167390282054479,0.8690656713029465,0.5503697870617457,32.13046495489243,34.420541290770295,32.13046495489243,29.562803608605137,36.36363636363637,40.04163775156142
"Miller, Bryce",682243,2025,1729,95.54850053137135,-0.07787845926432718,-0.11260621640301789,-0.6899092575847021,-0.7787845926432718,-0.03990221270009844,-0.04504248656120716,-0.9515170503434548,0.6230807790389008,0.15018014861101392,-0.5116531348911622,-0.05503279643397656,0.03603706067315794,0.00868595422851439,-0.02959243116779422,-0.16421813565227694,-0.18073649314007412,-0.0094978678804093,-0.01045323846963991,0.17252074735525308,0.29775749490197606,0.08773574005589176,0.20112842634439113,0.23513912112861457,0.8555679167998586,0.5453535189642366,32.06106870229007,23.525329632199863,32.06106870229007,19.222761970853576,40.24982650936849,22.970159611380986
"Fedde, Erick",607200,2025,2369,95.53821994512967,-0.10695208372540436,-0.11286627662030854,-0.9477477494843782,-1.0695208372540437,-0.0400062367870147,-0.04514651064812342,0.5352110596841158,0.1831197567462368,-2.849033950772082,1.182955384857351,0.02259227774099264,0.00772983354775165,-0.12026314693001612,0.04993479885425712,0.3591654082151763,-0.8330392829573654,0.01516105564437215,-0.0351641740378795,0.26169992691365285,0.24918417961619488,0.18043243639440656,0.10739026871997608,0.25544205326492386,0.8560886474428087,0.5557653503538662,31.99167244968772,15.475364330326164,31.99167244968772,41.221374045801525,60.51353226925747,23.73351839000694
"Kuhl, Chad",641771,2023,768,95.53685950684246,-0.03468309215203445,-0.11290069059907049,-0.30735361826702956,-0.3468309215203445,-0.04002000237851948,-0.0451602762396282,-0.513673399319714,0.0960686588932731,0.01658522130685469,0.09366590085255666,-0.06688455720308775,0.0125089399600616,0.00215953402433003,0.01219608084017664,-0.20880237021322048,0.05512556107970567,-0.02718780862151308,0.00717780743225334,0.166374394936857,0.23591674917289768,0.08290495000733653,0.120342504931822,0.20114557205487732,0.8983762725304207,0.5497609222926491,31.92227619708536,38.16793893129771,31.92227619708536,28.521859819569745,13.1852879944483,77.86259541984732
"Montas, Frankie",593423,2024,2693,95.51863300594735,-0.12211327991328433,-0.1133617526116639,-1.0827052240531856,-1.2211327991328433,-0.04020442718355684,-0.04534470104466556,1.84832872480456,0.70755179632215,-1.617896199779807,-2.0206895454000886,0.06863456089136873,0.02627373918760304,-0.06007783883326428,-0.07503488842926434,1.277940260563355,-1.819292872589948,0.04745415003948589,-0.06755636363126431,0.29097060046272133,0.28417732529307776,0.12491134205147876,0.20528751073914925,0.28757396287789955,0.834900573604686,0.5612372682412927,31.852879944482996,12.630117973629423,31.852879944482996,54.19847328244275,85.56557945870922,6.5232477446217905
"Banks, Tanner",621383,2024,1194,95.5096272990801,-0.054250375369667515,-0.1135895631693206,-0.4811288837950371,-0.5425037536966751,-0.04029555140661952,-0.04543582526772824,0.08158022396855813,0.2132314377331568,-0.8883912482524465,0.11245070275569446,0.00683251457023099,0.01785857937463624,-0.07440462715682132,0.00941798180533454,0.14740583085085746,-0.387970272748376,0.01234554697243362,-0.03249332267574338,0.23604343737504344,0.3393868303233762,0.1543164959706319,0.1260817546290747,0.2877151338492098,0.8598008747001467,0.5737580042746783,31.783483691880637,30.60374739764053,31.783483691880637,78.14018043025676,85.70437196391396,27.550312283136712
"Thorpe, Drew",689672,2024,721,95.49815288808634,-0.032842940857666605,-0.1138798226687469,-0.2913680340380722,-0.3284294085766661,-0.04041165520639004,-0.04555192906749876,-0.06626230273428746,0.14073804261352052,-0.35397042628076747,-0.0118733476365378,-0.00919033325024791,0.01951983947482947,-0.04909437257708286,-0.00164678885388873,0.03723786993961653,-0.18292188695865264,0.00516475311229078,-0.0253705807154858,0.23051020058629873,0.28750388344278477,0.12429464966931718,0.14408659910504404,0.2590070420145417,0.8658093756128193,0.5624082088136806,31.714087439278277,38.86190145732131,31.714087439278277,56.14156835530881,63.63636363636363,35.80846634281748
"Hernández, Carlos",672578,2025,759,95.49620946904066,-0.034588839503229545,-0.11392898387098008,-0.3068737164264803,-0.34588839503229546,-0.04043131968728331,-0.04557159354839203,-0.16625350524282112,0.08247400585878495,-0.00777652298597786,-0.21531769405646628,-0.02190428264068789,0.01086614042935243,-0.00102457483346216,-0.02836860264248568,-0.04188974969201808,-0.11154710852122209,-0.00551907110566773,-0.01469658873797392,0.20258783807470784,0.2856943329646141,0.08154452548598987,0.1887487988458911,0.24414108551966096,0.8648533378340595,0.5544972116768603,31.64469118667592,38.30673143650243,31.64469118667592,38.58431644691186,48.71616932685635,34.142956280360856
"Dunning, Dane",641540,2024,1755,95.4896698494042,-0.08009427700251862,-0.11409441168449945,-0.7107309637627282,-0.8009427700251861,-0.04049749081269106,-0.04563776467379978,0.32553519824500654,-0.04093908191862283,-0.8499941484531632,-0.14533293163594865,0.01854901414501461,-0.00233271122043434,-0.04843271501157625,-0.00828107872569507,0.14229805816319183,-0.49766354004455593,0.00810815146229013,-0.02835689686863566,0.2546152104891896,0.24811443448703657,0.11362218875206076,0.13593522677577596,0.2513648224881131,0.8752212922360816,0.5632930573620973,31.57529493407356,22.831367106176266,31.57529493407356,58.29285218598196,55.86398334489937,48.924358084663425
"Lynn, Lance",458681,2023,3189,95.47776771267749,-0.14592288836858366,-0.11439549103840049,-1.2953055502550797,-1.4592288836858367,-0.04061792255425148,-0.0457581964153602,0.9198649462329628,0.5232421381419954,-2.1597307680162885,-0.5786818666137492,0.02884493403050996,0.01640771834876122,-0.067724389087999,-0.01814618584552365,0.721553542187479,-1.3692063173150189,0.02262632618963559,-0.04293528746676133,0.2838432331443441,0.29581259669057625,0.13493643313180287,0.15081364095579616,0.2898279149174602,0.8571249629562006,0.5734764389368303,31.5058986814712,10.062456627342122,31.5058986814712,77.5850104094379,87.02290076335878,24.91325468424705
"Mlodzinski, Carmen",669387,2025,1597,95.46383055658129,-0.07330105353426264,-0.1147480487386704,-0.6509203617807202,-0.7330105353426264,-0.04075894563435944,-0.04589921949546816,0.49664518967711047,-0.11447034312004688,-0.5654766866994123,-0.4676185216383715,0.03109863429412088,-0.00716783613776123,-0.03540868420159125,-0.02928105958912783,0.1910874232785318,-0.5165476041688919,0.01196539907817982,-0.03234487189535954,0.25364085572828116,0.222033591225223,0.12656451281805206,0.15260900405576577,0.23783722347675207,0.8604132415630911,0.5491252325199216,31.43650242886884,24.496877168632896,31.43650242886884,27.342123525329633,42.88688410825816,28.452463566967385
"Clarke, Taylor",664199,2025,865,95.40245460180259,-0.04024001793227116,-0.11630062986205539,-0.3579368104241212,-0.4024001793227116,-0.04137997808371343,-0.04652025194482215,0.18213774144317085,0.05882047384466205,-0.6656270572775611,0.06673203156560703,0.02105638629400819,0.00680005477972971,-0.07695110488757932,0.00771468573012798,0.12047910764391644,-0.29944751285597704,0.01392822053686895,-0.03461820957872567,0.23359633032241775,0.2506794914343311,0.13221383744756016,0.13848729642870364,0.24213791087837444,0.8646494330618681,0.5533936719701213,31.36710617626648,36.6412213740458,31.36710617626648,36.08605135322693,47.18945176960444,33.657182512144345
"Bido, Osvaldo",674370,2024,1056,95.39213370364199,-0.04923566622774843,-0.11656170981948018,-0.4380753703041762,-0.49235666227748426,-0.04148441006668335,-0.04662468392779207,0.5715430314680816,0.10201948588837696,-0.6896506458463421,-0.4219872418142927,0.05412339313144712,0.00966093616367205,-0.06530782631120664,-0.0399609130505959,0.3367812586782293,-0.5558189438303174,0.03189216464755959,-0.05263436968090126,0.271496845244575,0.2373571565742389,0.12708323705541671,0.1640053254995544,0.25442700090940695,0.8544557187225145,0.5544413598159608,31.297709923664126,33.31020124913255,31.297709923664126,38.51492019430951,59.611380985426784,21.721027064538514
"Hoeing, Bryan",663773,2024,838,95.38948831456443,-0.0390939161816468,-0.11662862822686992,-0.34786366686037695,-0.390939161816468,-0.04151117742963925,-0.04665145129074797,0.13907390380472862,-0.01180656556880421,-0.32227817874198195,-0.1528528263543194,0.01659593124161439,-0.00140889803923678,-0.03845801655632243,-0.01824019407569444,0.0636336691179622,-0.23756550254815068,0.0075935166011888,-0.02834910531600843,0.24724023387096308,0.244760210349436,0.09612796191874189,0.15236172155218186,0.24600022211019956,0.8757551582645381,0.5608776901873689,31.228313671061763,36.9882026370576,31.228313671061763,53.50451075641915,50.03469812630118,49.54892435808466
"Nelson, Ryne",669194,2024,2479,95.38942825733467,-0.11565045421063028,-0.1166301474492036,-1.0290771530894176,-1.1565045421063027,-0.04151178511857272,-0.046652058979681436,-0.7550394536611407,0.2831177835132621,0.1159567291907706,-0.6731122121323097,-0.03045742047846473,0.01142064475648495,0.00467756067732031,-0.02715257007391326,-0.23596083507393928,-0.2785777414707695,-0.00951838786098988,-0.01123750469829647,0.18683486600699584,0.31151050320528373,0.09302754054509917,0.14172140929902496,0.24917268460613978,0.8826255250779379,0.5658991048420389,31.158917418459403,14.295628036086052,31.158917418459403,64.1915336571825,53.15752949340735,60.0971547536433
"Teng, Kai-Wei",678906,2025,573,95.349131358567,-0.0269652671487881,-0.11764950762996555,-0.2401989022637281,-0.269652671487881,-0.0419195291908775,-0.04705980305198622,0.06897393129145257,-0.3263065716555502,-0.35569979866068024,0.3728335367610498,0.01203733530391842,-0.05694704566414489,-0.06207675369296339,0.06506693486231235,-0.12866632018204882,0.00856686905018477,-0.02245485518011323,0.00149509058467448,0.23645279603572256,0.15763183436192055,0.12278453624758,0.09818767215352887,0.19704231519882154,0.8895138957994455,0.5432781054991336,31.089521165857043,41.290770298403885,31.089521165857043,16.16932685634976,11.658570437196392,69.46564885496184
"Irvin, Jake",663623,2025,2943,95.34291026530178,-0.13868225669060272,-0.11780687792270021,-1.2355443071735976,-1.3868225669060272,-0.04198247730797137,-0.04712275116908009,-0.35742416766026963,-2.538741580201986,0.6510405659786329,1.009580874710025,-0.01214489186749132,-0.08626373021413476,0.02212166381171025,0.03430448096194444,-1.4480828739311278,0.830310720344329,-0.04920431104081304,0.02821307238682735,0.2038777604201744,0.16764580228475767,0.08236967954750478,0.11505691938912652,0.18576178135246602,0.9012867005316844,0.5435242409420752,31.020124913254683,10.40943789035392,31.020124913254683,16.932685634975712,7.147814018043026,80.29146426092991
"Contreras, Roansy",672710,2023,1141,95.3403244699103,-0.05379691262368733,-0.11787228883367074,-0.47931860148162286,-0.5379691262368733,-0.04200864167235958,-0.0471489155334683,-0.9727261361528008,0.1138008757056923,0.9024446126832116,-0.5228379537177261,-0.08525207152960568,0.00997378402328591,0.07909242880659174,-0.04582278297263156,-0.42946263022355424,0.1898033294827428,-0.03763914375315988,0.01663482291698009,0.14657959629464296,0.2659228703261744,0.04658044379781664,0.18509951030458488,0.20625123331040868,0.8841600229487993,0.5452056281296039,30.950728660652327,30.950728660652327,30.950728660652327,18.875780707841777,16.030534351145036,62.10964607911173
"Arrighetti, Spencer",681293,2024,2504,95.33168479392506,-0.11827978552914646,-0.11809084018485072,-1.0540853978093023,-1.1827978552914646,-0.04209606221283157,-0.04723633607394029,-1.1102978722008174,-0.8449786952237446,0.1107626901421952,0.7904284794730643,-0.04434096933709335,-0.0337451555600537,0.0044234301174998,0.03156663256681567,-0.977638283712281,0.45059558480762973,-0.03904306244857352,0.01799503134215773,0.1767903080618273,0.1960162205259384,0.0872224986939532,0.10120967892032924,0.18640326429388285,0.9057839111928587,0.5460935877433708,30.881332408049968,13.462873004857737,30.881332408049968,20.610687022900763,7.772380291464261,83.48369188063845
"Sandoval, Patrick",663776,2023,2591,95.31324303844838,-0.1228728347726525,-0.1185573473298461,-1.095543851985198,-1.228728347726525,-0.04228266507082972,-0.04742293893193844,-0.7228173244374148,0.5787096211806784,-1.269211971305026,0.31777582257656434,-0.02789723367184156,0.02233537712005705,-0.04898540993072273,0.01226460141167751,-0.07205385162836819,-0.47571807436423086,-0.00278092827589225,-0.01836040425952261,0.18869727569431496,0.26549787542398845,0.12338048564024325,0.12918978288117902,0.22709757555915172,0.8737148657392888,0.5504062206492203,30.811936155447604,12.491325468424705,30.811936155447604,29.701596113809853,32.47744621790423,46.98126301179737
"Diekman, Jake",518617,2024,607,95.30155540984676,-0.028857508505348673,-0.11885300043389077,-0.25737362271655684,-0.2885750850534867,-0.04240092631244759,-0.04754120017355631,-0.0358618913599571,0.11600863334206224,-0.5442964575759106,0.20677609287724863,-0.00590805458977876,0.01911180120956544,-0.08966992711300009,0.03406525418076583,0.04007337099105257,-0.168760182349331,0.00660187330989334,-0.02780233646611713,0.23108422721863817,0.15757277811874684,0.1561783667361466,0.11318733842778922,0.1943285026686925,0.8653171474180321,0.5298228250433623,30.742539902845245,40.458015267175576,30.742539902845245,3.4004163775156147,10.270645385149201,34.90631505898681
"Sugano, Tomoyuki",608372,2025,2565,95.29438922753239,-0.12212916915591929,-0.11903427792974593,-1.0894436670217544,-1.221291691559193,-0.04247343731078965,-0.04761371117189837,-0.2688801484709984,0.30279987171434186,-1.0365830062295345,-0.08678038403556343,-0.01048265686046777,0.01180506322473067,-0.04041259283545943,-0.00338325083959311,0.01695986162167173,-0.561681695132549,6.612031821314517e-4,-0.02189792183752627,0.21141961462024503,0.240384414688262,0.11493504987529496,0.1445277610215299,0.22590201465425352,0.8702685945515876,0.5480853046029206,30.673143650242885,12.560721721027065,30.673143650242885,24.496877168632896,31.36710617626648,42.1235253296322
"La Sorsa, Joe",686747,2023,536,95.28311173391167,-0.02558211284054755,-0.1193195561592703,-0.2282692605099328,-0.2558211284054755,-0.0425875486025994,-0.04772782246370812,-0.34898706236276666,-0.21064250133804308,-0.718935621852097,1.050295925042974,-0.06510952656021766,-0.03929897413023191,-0.13412978019628677,0.19595073228413692,-0.27981478185040487,0.16568015159543847,-0.05220425034522479,0.03091047604392509,0.15982784621507162,0.13268954303889913,0.22484166042386972,0.05761822721589736,0.14625869462698537,0.8587700561801165,0.5025143754035509,30.60374739764053,41.7765440666204,30.60374739764053,0.13879250520471895,1.040943789035392,26.648160999306036
"Jackson, Luke",592426,2024,952,95.25193592868294,-0.045737197584079875,-0.12010818693298289,-0.4084365686830438,-0.45737197584079875,-0.04290300091208443,-0.04804327477319315,-0.11731921781665731,0.21380437307379907,0.578083332035078,-1.0830050559752635,-0.01232344724964888,0.02245844254976881,0.06072303907931492,-0.11376103529151928,0.04824257762857087,-0.25246086197009276,0.00506749765005996,-0.02651899810610217,0.1826289662942216,0.33063013777154715,0.0578930985462242,0.27050568426712984,0.2566295520328844,0.835800608593323,0.5462150803131036,30.53435114503817,34.628730048577374,30.53435114503817,21.02706453851492,61.48507980569049,7.0784177654406655
"Anderson, Chase",502624,2023,1359,95.24163686585348,-0.06543243322315298,-0.12036871453854485,-0.5844680104590623,-0.6543243322315297,-0.04300721195430922,-0.04814748581541794,0.26637691065570834,0.2607683942710537,-1.1716002639086869,0.05998694852286235,0.01960095001145756,0.01918825564908415,-0.08621046827878488,0.00441405066393394,0.263572652463381,-0.5558066576929122,0.01939460283027086,-0.04089820880742547,0.257604540645634,0.27764871696435867,0.16285206988635278,0.13453243768207074,0.2676266288049963,0.8513077462157883,0.5594671875103923,30.46495489243581,26.3705759888966,30.46495489243581,49.96530187369882,70.43719639139486,19.014573213046496
"Gray, Sonny",543243,2024,2483,95.20864433038595,-0.12037911931153684,-0.12120330176352882,-1.076158193144039,-1.2037911931153684,-0.04334104684430281,-0.04848132070541153,-0.5356540567706816,0.6269719384026757,-0.7561909973623244,-0.4112850774137087,-0.02157285770320908,0.02525058149024066,-0.03045473207258656,-0.01656403855874783,0.04565894081599708,-0.5837380373880166,0.00183886189351579,-0.02350938531566719,0.20727440252279655,0.26054310903691064,0.10438896197588166,0.14601529113451547,0.2339087557798536,0.8747978734448014,0.5543533146123275,30.395558639833446,12.907702984038863,30.395558639833446,38.237335183900065,38.30673143650243,48.438584316446914
"Povich, Cade",700249,2024,1389,95.17039015966633,-0.06787820126466498,-0.1221709885973092,-0.6073836087158497,-0.6787820126466498,-0.04372812157781496,-0.04886839543892368,-0.6700853104532598,0.09256931835898284,0.2834614226319445,-0.3133290392535173,-0.0482422829699971,0.00666445776522554,0.02040758982231422,-0.02255788619535761,-0.2887579960471385,-0.01493380831078639,-0.02078891260238578,-0.00107514818652169,0.16409702052425215,0.1972750777797518,0.08208012159589835,0.14108331716367958,0.18068604915200198,0.888418280620211,0.5345521648861065,30.326162387231086,25.746009715475367,30.326162387231086,6.5232477446217905,5.690492713393477,68.14712005551701
"Cox, Austin",680735,2023,578,95.14418334966585,-0.028399202871746566,-0.12283392245565124,-0.25428124580025724,-0.28399202871746565,-0.04399329512115177,-0.04913356898226049,-0.30460592174313206,-0.09337968643740167,0.3442187706414188,-0.2005144082611423,-0.05269998646074948,-0.01615565509297607,0.05955342052619702,-0.03469107409362323,-0.19899280409026687,0.07185218119013825,-0.03442782077686278,0.01243117321628689,0.17991658468703908,0.37801901408229166,0.06284012959139308,0.18796797105000815,0.27896779938466537,0.8745959496792994,0.5767818745319824,30.256766134628734,40.943789035392086,30.256766134628734,81.74878556557947,79.4587092297016,48.160999306037475
"Baker, Bryan",641329,2023,801,95.08989001482331,-0.03979603170315371,-0.12420733989748348,-0.35678672340405626,-0.3979603170315371,-0.04454266209788467,-0.04968293595899339,-0.3046383801083721,-0.12128731651318958,0.2833704520703577,-0.21423147885285232,-0.03803225719205644,-0.01514198708029832,0.03537708515235427,-0.02674550297788418,-0.21296284831078083,0.0345694866087527,-0.02658712213617738,0.00431579108723504,0.18193884747572556,0.269209229996607,0.06636453305737323,0.16781009526865445,0.22557403873616627,0.8829126858369861,0.5542433622865762,30.18736988202637,36.780013879250525,30.18736988202637,37.95975017349063,31.228313671061763,60.65232477446217
"Pérez, Martín",527048,2023,2298,95.08948271077915,-0.11418085759261434,-0.12421764315993725,-1.023685082597865,-1.1418085759261434,-0.04454678340286618,-0.0496870572639749,1.7425026379037265,1.0511099211935289,-2.195487130163883,-1.621810511531237,0.0758269207094746,0.04574020544793424,-0.09553903960678344,-0.07057486995349159,1.3968062795486276,-1.90864882084756,0.06078356307870442,-0.08305695478013751,0.321735076606329,0.31244403984990865,0.18296248688960504,0.18318974405923943,0.3170895582281188,0.8169238845255777,0.5670067213768483,30.11797362942401,14.434420541290772,30.11797362942401,66.13462873004858,97.36294240111035,1.5961138098542678
"Montero, Keider",672456,2025,1537,95.0113677806661,-0.07758386062268914,-0.12619365748648204,-0.6968325969816505,-0.7758386062268914,-0.04533718913348409,-0.05047746299459281,-0.2059146874350972,-0.6930691414427201,0.09301147662256426,0.10913975527360265,-0.01339718200618719,-0.04509233190909045,0.00605149490062226,0.00710082988117128,-0.4494919144389087,0.10107561594808344,-0.02924475695763882,0.00657616239089677,0.19832668554996669,0.1772361798993068,0.08648223078726885,0.12465774162275252,0.18778143272463674,0.8944300137949893,0.541105723259813,30.04857737682165,23.59472588480222,30.04857737682165,12.907702984038863,7.98056904927134,74.32338653712699
"Newcomb, Sean",656794,2025,1546,95.00705465300214,-0.07810562889643038,-0.12630276341596117,-0.7015876550715632,-0.7810562889643039,-0.04538083150527575,-0.05052110536638447,-0.7400992533843578,-0.02003850907294691,-0.6022195749747539,0.6607696823604954,-0.04787187926160141,-0.00129615194521002,-0.03895340070988059,0.04274060041141626,-0.38006888122865234,0.02927505369287075,-0.02458401560340571,0.00189359985076783,0.16349700432111697,0.18797890294435424,0.12139308702109322,0.1219071348643507,0.1757379536327356,0.8783498890572781,0.5270439213450069,29.979181124219288,23.4559333795975,29.979181124219288,2.359472588480222,4.718945176960444,53.29632199861207
"Lazar, Max",676661,2025,646,95.00451275202134,-0.03265324932809403,-0.12636706396321223,-0.29332632413817805,-0.32653249328094036,-0.04540655172417617,-0.05054682558528489,-0.6948766716438968,-0.00232627724381018,0.9122705754721494,-0.5083939507226205,-0.10756604824208928,-3.601048365031241e-4,0.14121835533624605,-0.0786987539818298,-0.3486014744438535,0.20193831237476445,-0.0539630765392962,0.03125980067720812,0.12125500888893824,0.3036523631434985,0.03505392484435651,0.2758167961775728,0.2124536860162184,0.8445646394890354,0.5285091627526268,29.909784871616935,39.13948646773074,29.909784871616935,2.7758501040943786,19.91672449687717,13.046495489243581
"Keller, Brad",641745,2024,743,94.99011244709659,-0.037664553531517285,-0.1267313375892237,-0.33845330052713507,-0.37664553531517286,-0.04555226117458076,-0.05069253503568948,-0.04366322703003789,0.31058503912390734,-0.11067021636063146,-0.49470489626037306,-0.00587661198250846,0.04180148575018941,-0.01489504930829494,-0.06658208563396675,0.13346090604693472,-0.30268755631050226,0.01796243688384047,-0.04073856747113085,0.2101954264204005,0.2962029781391226,0.09510846773221213,0.1882262684322454,0.25319920227976156,0.8583326319177712,0.5557659170987663,29.840388619014576,37.335183900069396,29.840388619014576,41.290770298403885,58.29285218598196,26.231783483691878
"Fleming, Josh",676596,2024,556,94.98232631533082,-0.02822885335902376,-0.1269282974776248,-0.2537086109224731,-0.2822885335902376,-0.0456310451299412,-0.05077131899104992,0.4402853534434143,0.2822046255496389,-1.0925752847728347,0.1163766948573084,0.07918801320924719,0.05075622761684152,-0.1965063461821645,0.0209310602261346,0.3612449894965266,-0.4880992949577632,0.06497212041304436,-0.08778764297801496,0.3043187423452918,0.3229182059381649,0.20021671974437888,0.12034363306033267,0.3136184741417284,0.8397198235976442,0.5766691488696862,29.770992366412212,41.013185287994446,29.770992366412212,81.60999306037475,96.53018736988203,9.22970159611381
"McCullers Jr., Lance",621121,2025,1147,94.95404312316668,-0.05856295525539977,-0.12764375600566644,-0.5266706113670807,-0.5856295525539977,-0.04591722854115786,-0.05105750240226658,0.4589865604681336,-0.9661912080782712,-0.9973164705903628,0.9778505068334198,0.04001626508004652,-0.08423637385163656,-0.08694999743595141,0.08525287766638359,-0.25360232380506886,-0.00973298187847149,-0.02211005438579501,-8.485598847839138e-4,0.2925320643235453,0.1469262514708451,0.15835008497468572,0.08977718000420529,0.2197291578971952,0.8759363675105545,0.5478327627038748,29.701596113809853,29.14642609299098,29.701596113809853,23.87231089521166,25.607217210270644,49.96530187369882
"Seymour, Ian",693855,2025,995,94.94813331279217,-0.050861714300165985,-0.12779325201046732,-0.4574714180836281,-0.5086171430016598,-0.0459770269430782,-0.05111730080418692,-0.00256680101983874,0.01743599990913935,-0.3909391697347928,-0.08140144723813592,-2.579699517425879e-4,0.0017523617999135,-0.03929036881756712,-0.008181049973682,0.0074345994446503,-0.23617030848646436,7.471959240854575e-4,-0.02373570939562455,0.2378021358779126,0.2971590840910052,0.12149252023114113,0.15066377169743422,0.2674806099844589,0.8639218540357123,0.5657012320100856,29.632199861207493,32.26925746009716,29.632199861207493,63.77515614156836,70.22900763358778,32.40804996530187
"Faucher, Calvin",676534,2025,1054,94.92912924659751,-0.054080311445517414,-0.12827398350454794,-0.48662462795908823,-0.5408031144551741,-0.04616931954071045,-0.05130959340181917,0.03511883266287441,0.00787410087650641,-0.27978696128491265,-0.2498306002135564,0.00333195755814747,7.470683943554476e-4,-0.02654525249382473,-0.02370309299938865,0.02149646676969041,-0.26480878074923453,0.00203951297625146,-0.02512417274660669,0.228095361706034,0.22831553823494055,0.11903923635918376,0.1515970478195245,0.22820544997048728,0.8646818579106459,0.5464436539405666,29.562803608605137,30.811936155447604,29.562803608605137,21.44344205412908,33.587786259541986,33.726578764746705
"Lorenzen, Michael",547179,2024,2132,94.88867590846193,-0.11026473830450059,-0.12929730101372022,-0.993056744326168,-1.1026473830450059,-0.04657864654437936,-0.05171892040548808,-0.01515687976632307,0.7348108822725408,-1.1775648071400155,-0.5351459396923701,-7.109230659626206e-4,0.03446580123229553,-0.0552328708789876,-0.02510065383172467,0.35982700125310885,-0.8563553734161928,0.01687743908316645,-0.04016676235535613,0.22940187087111152,0.27043053179382964,0.12054030262133458,0.15188314721094726,0.24991620133247058,0.863788275083859,0.5568522382081648,29.493407356002777,14.920194309507288,29.493407356002777,43.58084663428175,54.05968077723803,32.26925746009716
"Clarke, Taylor",664199,2023,1063,94.87774603315756,-0.05509477372450716,-0.12957378580552012,-0.4963066261014859,-0.5509477372450716,-0.04668924046109933,-0.05182951432220805,0.00773692787697655,0.2764995376501247,-0.42791818251981795,-0.3526249091087692,7.278389348049437e-4,0.02601124531045387,-0.04025570860957836,-0.03317261609677979,0.14211823276355062,-0.3902715458142936,0.01336954212262941,-0.03671416235317907,0.2185459431657587,0.2847105515322385,0.11131545583963674,0.15531820382591066,0.2516282473489986,0.8666831701672263,0.5591557087581125,29.424011103400417,30.256766134628734,29.424011103400417,49.27133934767522,56.34975711311589,36.84941013185288
"Martin, Chris",455119,2025,630,94.85426334808102,-0.03280228800289479,-0.13016780953529677,-0.29563915470396296,-0.32802288002894786,-0.04692684995300999,-0.05206712381411871,0.2487342471542888,0.06052043082581804,-0.4428252831376085,-0.16206854954646133,0.03948162653242679,0.00960641759139968,-0.07028972748216007,-0.0257251665946764,0.15462733899005343,-0.3024469163420349,0.02454402206191324,-0.04800744703841823,0.2711905203423703,0.33118811781630947,0.1708580297675665,0.18142698909166735,0.3011893190793399,0.823857490570383,0.5625234048248615,29.354614850798054,39.07009021512838,29.354614850798054,56.41915336571826,92.85218598195696,2.914642609299098
"Clase, Emmanuel",661403,2023,1115,94.83862107375437,-0.05823132114372348,-0.13056350032224995,-0.5249991578858726,-0.5823132114372348,-0.04708512626779126,-0.05222540012889998,0.29113501829510824,0.710859974230516,0.4055849368032795,-1.9325790872147763,0.02611076397265544,0.06375425777852162,0.03637533065500265,-0.17332547867397097,0.5009974962628121,-0.7634970752057484,0.04493251087558853,-0.06847507400948416,0.28335647531888974,0.3719551281699279,0.09074952281305236,0.2976800173034067,0.3276558017444088,0.8057852299417705,0.5667205158430897,29.285218598195694,29.424011103400417,29.285218598195694,65.51006245662734,98.82026370575988,1.1103400416377516
"Richardson, Lyon",680689,2025,674,94.8223130903808,-0.035311137970443295,-0.13097603104763833,-0.3184659338805602,-0.35311137970443296,-0.04725013855794662,-0.052390412419055336,0.11969749831041554,0.1300546127213238,-0.08959588178549893,-0.4786221631268006,0.01775927274635245,0.01929593660553765,-0.01329315753494049,-0.07101219037489624,0.12487605551586968,-0.2841090224561498,0.01852760467594505,-0.04215267395491836,0.23173622398988253,0.2865864637451003,0.0949261980895172,0.2010034823911231,0.2591613438674914,0.8520351597596798,0.5555982518135856,29.215822345593338,38.09854267869535,29.215822345593338,40.804996530187374,63.91394864677308,19.77793199167245
"Marte, Yunior",628708,2024,501,94.81995788062135,-0.026259536045246272,-0.13103560900821493,-0.23684258840830807,-0.26259536045246273,-0.04727396974217725,-0.05241424360328597,-9.852667308223315e-4,-0.12068209917106287,-0.2799711756201759,0.16479595311375306,-1.9666002611224188e-4,-0.02408824334751753,-0.05588247018366785,0.03289340381512037,-0.0608336829509426,-0.05758761125321143,-0.01214245168681489,-0.01149453318427373,0.21237154343946785,0.18687619117612067,0.12505804671131063,0.09708805920112798,0.19962386730779424,0.8889269470437807,0.5442754071757875,29.14642609299098,41.63775156141568,29.14642609299098,18.181818181818183,12.630117973629423,68.77168632893824
"Soriano, George",666277,2025,692,94.8092816419392,-0.03634541160013442,-0.13130567774615037,-0.3278834208824719,-0.36345411600134425,-0.04738199723735143,-0.05252227109846015,0.3368774277244029,-0.00741970135368319,-0.7005889645415664,0.04324781728837479,0.04868170920872874,-0.00107221117827791,-0.10124117984704716,0.00624968457924491,0.16472886318535984,-0.3286705736265958,0.02380474901522541,-0.04749574763390113,0.2713544443941268,0.24006187592469128,0.13874218218078008,0.13012276646875523,0.25570816015940906,0.8655675256752323,0.5606378429173207,29.07702984038862,37.682165163081194,29.07702984038862,53.22692574600971,60.72172102706453,35.46148507980569
"Flexen, Chris",623167,2023,1751,94.79824538806461,-0.09216203140275422,-0.13158485351621105,-0.8316141187195285,-0.9216203140275422,-0.0474936675453757,-0.05263394140648442,-0.02531748792148391,0.382360494751083,-0.5155540055867505,-0.67310311996237715,-0.0014458873741567,0.02183669301833712,-0.02944340408833526,-0.03844106910122085,0.17852150341479955,-0.5943285627745638,0.01019540282209021,-0.03394223659477806,0.20338614635452645,0.35075510662662,0.10834552112336934,0.18598542849858973,0.27707062649057324,0.8528345251890205,0.5649525758397969,29.00763358778626,19.153365718251216,29.00763358778626,62.179042331714086,78.41776544066622,20.680083275503122
"Hoglund, Gunnar",680684,2025,547,94.79262182089661,-0.028821891371096548,-0.13172710864303724,-0.2601016156907008,-0.2882189137109655,-0.04755056959610618,-0.0526908434572149,-0.1577239128704946,0.27798860045004403,-0.47445824466308295,0.09409194139283272,-0.02883435335840851,0.05082058509141572,-0.08673825313767512,0.01720145180856174,0.06013234378977472,-0.19018315163512511,0.0109931158665036,-0.03476840066455669,0.20165352048375432,0.320663884182742,0.13308848671736004,0.13428746446837034,0.26115870233324817,0.8663120244071348,0.5637353633701915,28.938237335183903,40.527411519777935,28.938237335183903,59.68077723802915,65.78764746703678,36.29424011103401
"Ramírez, Erasmo",541640,2023,955,94.77463133061896,-0.050493600580870115,-0.13218220047348198,-0.4558463904351129,-0.5049360058087011,-0.04773260632828407,-0.05287288018939279,0.5210036016736126,0.06800753490597344,-1.192694877737722,0.14783735072302306,0.05455535096058771,0.00712120784355742,-0.12488951599347876,0.01548035086104953,0.294505568289793,-0.5224287635073495,0.03083827940207257,-0.0547045825662146,0.31122761798606896,0.2440372874591614,0.18492588783523717,0.12296557243948417,0.27763245272261516,0.8460542698626393,0.5618433612926272,28.868841082581543,32.54684247050659,28.868841082581543,55.447605829285216,78.69535045107564,14.642609299097847
"Irvin, Cole",608344,2024,1765,94.77305945609571,-0.09334870587436149,-0.1322219629948463,-0.842761225095046,-0.9334870587436149,-0.0477485113368298,-0.05288878519793852,-0.6641780056811513,0.25109178757293193,-0.5518704899329805,0.1221954829461538,-0.03763048190828053,0.01422616360186583,-0.0312674498545598,0.00692325682414469,-0.2065431090541097,-0.21483750349341335,-0.01170215915320734,-0.01217209651520755,0.17792417981959494,0.22263797323331128,0.1118693401685776,0.1279214672335766,0.2002810765264531,0.8801045962989229,0.540192836412688,28.79944482997918,18.736988202637058,28.79944482997918,11.72796668979875,12.838306731436502,55.933379597501734
"Rea, Colin",607067,2023,2008,94.72788733506582,-0.10711848526328352,-0.13336464798715578,-0.967968153501772,-1.0711848526328351,-0.04820558533375359,-0.05334585919486231,0.7309451951492747,0.16213998641978833,-1.4546994624073477,-0.40635387266348744,0.03640165314488419,0.00807470051891376,-0.07244519235096353,-0.02023674664658802,0.4465425907845315,-0.9305266675354176,0.02223817683189898,-0.04634096949877577,0.2618262903572526,0.2306998289370019,0.1367407695216791,0.14760116053646383,0.24626305964712725,0.85782903497092855,0.5520460473090278,28.73004857737682,15.405968077723802,28.73004857737682,33.865371269951424,50.312283136710626,25.537820957668284
"King, John",667463,2025,782,94.72343932954311,-0.04175165746844918,-0.1334771658198503,-0.37731963309062166,-0.4175165746844918,-0.04825059246683141,-0.05339086632794013,0.412461571885558,-0.07580435081763426,-0.5107321048546964,-0.20324474930384895,0.05274444653268004,-0.00969365099969747,-0.0653110108509842,-0.02599037714882979,0.16832861053396186,-0.3569884270792727,0.02152539776649128,-0.04565069399990699,0.29802694871258245,0.2661455732993915,0.12550435973801283,0.14211355200828948,0.282086261005987,0.8661910441268488,0.5741386525664178,28.66065232477446,35.94725884802221,28.66065232477446,78.48716169326856,81.88757807078417,36.22484385843164
"Boushley, Caleb",676961,2025,742,94.6518413973499,-0.040153574734553894,-0.13528832457733792,-0.36339491529611223,-0.40153574734553893,-0.04897505596982644,-0.05411532983093516,0.18931727888320893,-0.10679709942951376,-0.3801189894240906,-0.06579610532571678,0.02551445807051333,-0.01439314008484013,-0.05122897431591518,-0.00886739963958447,0.04126008972684758,-0.2229575473749037,0.0055606589928366,-0.03004818697774982,0.2649463932839867,0.25226590689415535,0.12717385714914198,0.1391175254186008,0.25860615008907106,0.8668543087161287,0.5627302294025999,28.591256072172104,36.710617626648165,28.591256072172104,57.04371963913949,63.28938237335184,37.196391394864676
"Oviedo, Johan",670912,2023,2980,94.6518276687319,-0.16126409685689064,-0.13528867185980759,-1.4594608075078668,-1.6126409685689065,-0.04897519488281432,-0.05411546874392304,0.6588297939800896,0.44451348846723704,-1.7482374353694468,-0.8145666545857466,0.02210838234832515,0.01491656001567909,-0.05866568575065257,-0.02733445149616599,0.5516716412236633,-1.281402044977597,0.01851247118200212,-0.04300006862340928,0.25226067885138087,0.23563899265146687,0.12828204180231956,0.15205075364039386,0.24394983575142387,0.8598336022786432,0.5518917190150335,28.521859819569745,8.605135322692574,28.521859819569745,33.24080499653019,48.57737682165163,27.689104788341428
"Cabrera, Edward",665795,2024,1734,94.64982838111888,-0.09387130125237127,-0.13533924632694821,-0.8495806637720875,-0.9387130125237126,-0.04899542466967056,-0.05413569853077928,-0.161094419838264,0.10729584010641702,-0.854078393057307,0.0582963090170665,-0.00929033563081107,0.00618776471201943,-0.04925480928819533,0.0033619555373164,-0.02689928986592349,-0.39789104202012027,-0.00155128545939581,-0.02294642687543946,0.21303343212939876,0.2449685960784162,0.11927242125332992,0.14446363171816462,0.2290010141039075,0.8681319735142528,0.5485664938090802,28.452463566967385,18.598195697432338,28.452463566967385,25.676613462873004,34.35114503816794,39.13948646773074
"Buehler, Walker",621111,2025,2189,94.6453137449874,-0.11860304052560186,-0.13545344966377554,-1.0735098104363487,-1.1860304052560187,-0.04904110600440149,-0.05418137986551021,-0.30958913577592284,0.11623527968367851,-0.4925065367577872,-0.3876494175863172,-0.01414294818528656,0.00530997166211414,-0.02249915654443979,-0.01770897293678927,-0.09667692804612216,-0.4400779771720522,-0.00441648826158621,-0.02010406474061453,0.2214825644373495,0.22895527558635592,0.11713326325015427,0.14017395632388352,0.22521892001185273,0.8713463902129811,0.5482826551124169,28.383067314365025,13.324080499653018,28.383067314365025,24.98265093684941,30.673143650242885,43.85843164469119
"Ashby, Aaron",676879,2024,584,94.58426470853473,-0.03200267696526464,-0.13699776098144106,-0.29000757030377144,-0.32002676965264637,-0.04965883053146771,-0.05479910439257643,-0.38134086056356864,0.23745871703704324,-0.2614526187829256,0.11532719200567954,-0.0652980925622549,0.04066073921867179,-0.04476928403817219,0.01974780685028759,-0.0719410717632627,-0.07306271338862302,-0.01231867667179155,-0.01251073859394229,0.13240308662129274,0.16141757579297877,0.10421232831797043,0.13907074288786142,0.14691033120713576,0.8783584643970841,0.51263439780211,28.313671061762662,39.34767522553782,28.313671061762662,0.2775850104094379,1.1103400416377516,53.36571825121443
"Civale, Aaron",650644,2024,2727,94.58249034611453,-0.14948611791433117,-0.13704264568603888,-1.354685910950877,-1.4948611791433117,-0.04967678441330683,-0.05481705827441555,-0.7822637436017885,-0.40100796554816043,0.3441604530925133,-0.5155746548934417,-0.02868587251931751,-0.01470509591302385,0.01262047866125828,-0.01890629464222375,-0.5916358545749745,-0.08570710090046418,-0.02169548421617068,-0.00314290799048273,0.18774515359347077,0.19217315983662528,0.090460687863303,0.1366761879831222,0.18995915671504804,0.8864315620767874,0.5381953593959177,28.24427480916031,9.646079111727966,28.24427480916031,9.576682859125608,8.674531575294935,64.95489243580846
"Blackburn, Paul",621112,2023,1873,94.5698760911561,-0.10291141482616095,-0.13736173895643478,-0.9328368188430431,-1.0291141482616095,-0.04980442172146519,-0.05494469558257391,-1.4817270540729623,0.5788301982242956,-0.44661304209842,0.4166730791040436,-0.07910982669903696,0.03090390807390793,-0.02384479669505712,0.02224629359872096,-0.4514484279243334,-0.0149699814971882,-0.02410295931256451,-7.992515481680834e-4,0.17364479905674512,0.2823324168931591,0.10590423815282364,0.115834002174251,0.2279886079749521,0.8891308798364627,0.5585597439057074,28.174878556557946,16.446911866759194,28.174878556557946,47.67522553782096,33.448993754337266,68.91047883414295
"Rosenberg, Kenny",670046,2023,543,94.53464061959953,-0.0300285655094537,-0.1382530640398421,-0.2723739680287167,-0.30028565509453703,-0.05016095175482812,-0.05530122561593684,-0.14158192550121385,0.377233786679426,-0.05647102889815869,-0.45155480030877015,-0.02607401942932115,0.06947215224298821,-0.01039982115988189,-0.0831592634086133,0.11782593058910606,-0.2540129146034644,0.02169906640683352,-0.04677954228424759,0.17835471613287746,0.34768556601849726,0.10057546378162972,0.2301865883278379,0.2630201410756874,0.8346189739452662,0.5488195575104768,28.105482303955586,40.18043025676614,28.105482303955586,26.3705759888966,67.17557251908397,6.2456627342123525
"Senzatela, Antonio",622608,2025,2284,94.51394109714624,-0.12678637869335127,-0.1387766842090097,-1.1504599319457895,-1.2678637869335128,-0.05037039982249516,-0.05551067368360388,0.4160468678092002,0.5735847534156164,-0.0290026657097826,-2.1110888874608236,0.01821571225084064,0.02511316783781157,-0.00126981898904477,-0.0924294609221026,0.4948158106124083,-1.070045776585303,0.02166444004432611,-0.04684963995557369,0.25149829621073794,0.26695499384445176,0.08095751245810406,0.21495268948545743,0.25922664502759485,0.8520448990282192,0.555635772027907,28.036086051353227,11.93615544760583,28.036086051353227,41.082581540596806,64.05274115197778,19.84732824427481
"Valdez, Framber",664285,2023,3158,94.47955258377459,-0.17640156545396457,-0.13964658443157424,-1.6016858060058323,-1.7640156545396457,-0.05071835991152098,-0.0558586337726297,-3.4997214674764905,0.8853702268634152,-0.05805537343439937,1.0707208080416422,-0.11082081910945188,0.028035789324364,-0.00183835888012664,0.03390502875369355,-1.3071756203065377,0.5063327173036214,-0.04139251489254394,0.01603333493678345,0.14385061339231328,0.2328303339063455,0.0823510410543074,0.1118172695131942,0.18834047364932938,0.9029158447162492,0.5456281591827893,27.966689798750867,7.286606523247745,27.966689798750867,19.77793199167245,8.258154059680777,81.54059680777237
"Weissert, Greg",669711,2024,1050,94.47187436096846,-0.05873314214401641,-0.13984081462861053,-0.5333585458985226,-0.5873314214401641,-0.05079605199033549,-0.05593632585144421,-0.08803847390436204,-0.7039305242919909,-1.0289049194561812,1.2875153717540115,-0.00838461656232019,-0.06704100231352293,-0.0979909447101125,0.12262051159562014,-0.39598449909817646,0.12930522614891515,-0.03771280943792157,0.01231478344275382,0.22962424784006033,0.161326599732299,0.15988134325078895,0.07559637711592868,0.19547542378617966,0.8822611398166412,0.5388682818014104,27.89729354614851,29.00763358778626,27.89729354614851,10.131852879944484,11.034004163775156,59.403192227619705
"Leiter Jr., Mark",643410,2023,1039,94.44335375232575,-0.05841768311159081,-0.1405622789018066,-0.5307693856989886,-0.5841768311159081,-0.05108463769961392,-0.05622491156072264,-0.10708512093037824,0.3731424975867412,-0.3113568859278075,-0.485469876427544,-0.01030655639368414,0.03591361863202514,-0.02996697650893239,-0.04672472342902252,0.1330286883281815,-0.3984133811776758,0.0128035311191705,-0.03834584996897745,0.21555799969589895,0.2772407188442261,0.11504201224375404,0.1805836284367876,0.2463993592700625,0.8521871796597291,0.5492932694648958,27.82789729354615,29.285218598195694,27.82789729354615,27.89729354614851,50.45107564191533,19.91672449687717
"Hancock, Emerson",676106,2024,1068,94.4352811473951,-0.060135442599305214,-0.140766485485265,-0.546456301156411,-0.6013544259930521,-0.05116632033299728,-0.056306594194106,1.0903394837396263,0.2194708172041828,-1.0266200220899009,-0.8296465800103192,0.10209171196063915,0.02054970198541037,-0.0961254702331368,-0.07768226404591004,0.6549051504719046,-0.92813330105011,0.06132070697302477,-0.08690386713952342,0.34825679567958284,0.2658174582104918,0.1369260039408059,0.20122147087370892,0.3070371269450373,0.8309262625927426,0.5689816947688899,27.758501040943788,28.521859819569745,27.758501040943788,69.95142262317835,94.79528105482305,4.788341429562804
"McClanahan, Shane",663556,2023,1817,94.43446402261948,-0.10232410474307004,-0.14078715567290864,-0.9298422713743548,-1.0232410474307003,-0.05117458840805474,-0.05631486226916346,-1.2483859799976926,0.4853152620025867,0.03995344962811487,-0.20672500300736377,-0.06870588772689558,0.02670970071560741,0.00219886899439267,-0.01137727039115926,-0.381535358997553,-0.08338577668962444,-0.02099809350564408,-0.00458920069838329,0.15980232238132858,0.31787622800377274,0.09552884943180008,0.14966852444527276,0.23883927519255066,0.8774013130614635,0.5581202941270071,27.689104788341428,16.585704371963914,27.689104788341428,46.70367800138793,44.066620402498266,52.116585704371964
"Ashcraft, Graham",668933,2025,1063,94.41513231804552,-0.060070629689662224,-0.14127617518735236,-0.5460651857530365,-0.6007062968966222,-0.05137019621383222,-0.05651047007494094,-0.3722123252807706,0.14500242332223934,-0.0565691535756514,-0.26228613021885394,-0.03501527048737258,0.01364086766907237,-0.00532165132414406,-0.02467414207138795,-0.1136049509792656,-0.15942764189725267,-0.0106872014091501,-0.014997896697766,0.19351911161975777,0.36003789412882337,0.10764634738532824,0.20577029446940143,0.27677850287429057,0.8432916790726351,0.5600350909734628,27.61970853573907,28.591256072172104,27.61970853573907,51.56141568355309,78.20957668285912,11.658570437196392
"Vasil, Mike",678024,2025,1646,94.40715090354189,-0.0931491645770538,-0.14147807499552523,-0.8468827380166886,-0.931491645770538,-0.05145095613710137,-0.05659122999821009,-0.26354559368246555,-0.5454008172000613,-0.5522548248303565,0.5143184976961948,-0.01601127543635878,-0.03313492206561733,-0.03355132593137038,0.03124656729624512,-0.4044732054412634,-0.01896816356708086,-0.02457309875098805,-0.00115237931756262,0.2122965896835962,0.18551596637282208,0.10239061772926396,0.12590213728737318,0.19890627802820915,0.8858536224916814,0.5423799502599453,27.550312283136712,18.875780707841777,27.550312283136712,14.642609299097847,12.352532963219986,64.26092990978486
"Suárez, Ranger",624133,2023,2273,94.38417370255524,-0.1291603263580793,-0.14205931187646206,-1.1747648387177918,-1.291603263580793,-0.0516834508894761,-0.05682372475058482,-0.02153824191793774,-0.5576950612253313,0.2159937757097623,-0.8115253112842851,-9.475689361169264e-4,-0.0245356384173045,0.00950258582093102,-0.0357028293569857,-0.2896166515716345,-0.2977657677872614,-0.01274160367671071,-0.01310012176802733,0.21890583649999132,0.2139860585184446,0.1022005816271097,0.1557222144216918,0.21644594750921797,0.8710386019755992,0.5437422747424085,27.480916030534353,11.589174184594032,27.480916030534353,17.14087439278279,22.900763358778626,43.23386537126995
"Winckowski, Josh",670174,2023,1380,94.3705127858961,-0.07860749472961544,-0.14240488175654967,-0.715139168012854,-0.7860749472961543,-0.05182167884151115,-0.05696195270261987,-0.18872305268268977,0.43100846459356035,-1.3979023030951794,0.4404777231714547,-0.01367558352773114,0.03123249743431596,-0.1012972683402304,0.0319186755921344,0.1211427059554353,-0.4787122899618623,0.00877845695329241,-0.03468929637404799,0.21994049365999513,0.27154207043162665,0.14223255851713004,0.10688283850065848,0.2457412820458109,0.8754423014911057,0.5605917917684583,27.411519777931993,23.178348369188065,27.411519777931993,53.01873698820264,49.89590562109646,49.06315058986815
"Wacha, Michael",608379,2024,2736,94.32358087149306,-0.1571471755381141,-0.14359208291128847,-1.4308338625412065,-1.571471755381141,-0.05229655930340667,-0.05743683316451539,-0.1957844345857893,0.4385193477028224,-0.8093516627727695,-0.8642171128854699,-0.0071558638371999,0.01602775393650666,-0.02958156662181175,-0.03158688278090168,0.12136745655851656,-0.8367843878291197,0.00443594504965338,-0.03058422470135671,0.19122286028256644,0.3306326025489332,0.1102886350269755,0.16994262029313262,0.2609277314157498,0.859884372339946,0.5604060518778479,27.342123525329633,8.882720333102013,27.342123525329633,52.532963219986115,65.64885496183206,27.758501040943788
"Sears, JP",676664,2023,2861,94.30901454233785,-0.16474846066031212,-0.14396055632673202,-1.5004213714368009,-1.6474846066031212,-0.05244394866958409,-0.05758422253069281,-0.7727041263253795,0.7942591691698908,-1.95249700333261,0.430520589051298,-0.02700818337383361,0.02776159277070572,-0.06824526401022754,0.01504790594377133,0.01077752142225563,-0.760988207140656,3.767046984360585e-4,-0.0265986790332281,0.1993827947689116,0.26232336519688626,0.12621988005606954,0.11107930155761722,0.23085307998289895,0.8813504091931567,0.5561017445880279,27.27272727272727,8.188757807078417,27.27272727272727,41.91533657182512,36.01665510062457,58.08466342817488
"Greinke, Zack",425844,2023,2212,94.29861023547204,-0.1276091706475897,-0.1442237462111095,-1.1623888486681722,-1.276091706475897,-0.05254922462333509,-0.05768949848444381,-0.9659573353375208,0.0964140275959835,-0.45437496659724275,0.1615294256706079,-0.04366895729373964,0.00435868117522529,-0.02054136377021893,0.00730241526539818,-0.43477165387076866,-0.14642277046331742,-0.01965513805925717,-0.00661947425241037,0.1725799841557134,0.2165774771535704,0.10192583209754368,0.13120042103481372,0.1945787306546419,0.8834368734338213,0.5390078020442316,27.203331020124917,11.79736294240111,27.203331020124917,10.270645385149201,10.47883414295628,61.20749479528106
"Stone, Gavin",694813,2024,2224,94.29019829388557,-0.12849074308157976,-0.14443653673738727,-1.1705877401447395,-1.2849074308157975,-0.05263434083384619,-0.05777461469495491,0.8892693707093144,0.5706669081537257,-1.9225223304687091,-0.7080016885390705,0.0399851335750591,0.02565948328029342,-0.08644434939157865,-0.03183460829762008,0.7299681394315201,-1.3152620095038898,0.03282230842767626,-0.05913947884459936,0.24518705600059013,0.3780272501544421,0.1314189667308013,0.1721350048974824,0.31160715307751613,0.8482230141858582,0.5799150836316872,27.133934767522554,11.658570437196392,27.133934767522554,85.35739070090214,95.83622484385843,16.30811936155448
"Chivilli, Angel",683409,2024,513,94.29001704828987,-0.029639318146202354,-0.1444411215701869,-0.2700235765545358,-0.29639318146202354,-0.05263617476696604,-0.05777644862807476,0.44825318632433664,0.23931770193667035,-0.46547246660782093,-0.49212199820772184,0.08737878875718064,0.046650624159195,-0.09073537360776236,-0.0959302140755793,0.3437854441305035,-0.4787972324077714,0.06701470645818781,-0.09333279384167084,0.29753761863047157,0.32886303635455083,0.13182526132568034,0.21036032722589343,0.3132003274925112,0.8289072057242131,0.5710537666083622,27.064538514920194,40.31922276197085,27.064538514920194,73.42123525329633,96.46079111727967,4.441360166551006
"Edwards Jr., Carl",605218,2023,557,94.27629468531391,-0.03225882116675606,-0.1447882458112929,-0.293956886261185,-0.3225882116675606,-0.05277502446340844,-0.05791529832451716,-0.418100318442157,0.14485950022753968,0.065931615048612,-0.08664768309517967,-0.0750628937957194,0.02600709160278988,0.01183691473045098,-0.01555613700092992,-0.13662040910730866,-0.01035803402328383,-0.02452790109646474,-0.00185961113523946,0.18390054879186551,0.28355403349672453,0.07866826704930993,0.1504167091592823,0.23372729114429502,0.8854575118957039,0.5595924015199994,26.995142262317835,39.27827897293546,26.995142262317835,50.312283136710626,38.16793893129771,63.70575988896599
"Kremer, Dean",665152,2023,2972,94.2700868027299,-0.1723109511505539,-0.14494528192341344,-1.5703405723533876,-1.7231095115055388,-0.05283783890825665,-0.05797811276936537,0.5017960163099815,-0.3626695488678706,-0.656163118338128,-1.0533039214573705,0.01688411898754985,-0.01220287849488124,-0.02207816683506487,-0.03544091256586038,0.06956323372105544,-0.8547335198977493,0.0023406202463343,-0.02875953970046262,0.2385788660717814,0.21587199064245488,0.10910625630198108,0.1658203511169109,0.22722542835711812,0.8625366962905541,0.544881062323836,26.925746009715475,7.564191533657183,26.925746009715475,18.667591950034698,32.61623872310896,30.881332408049968
"Manaea, Sean",640455,2023,2023,94.25417495726576,-0.11761543316309117,-0.14534779184761637,-1.0721665914206824,-1.1761543316309118,-0.05299884287793783,-0.05813911673904655,0.26709751449300256,-0.11463463759355363,-1.1849546247341325,-0.03967484358599904,0.01320304075595662,-0.00566656636646335,-0.05857412875601246,-0.00196118851141863,0.07623143844972446,-0.6123147341600657,0.00376823719474663,-0.03026765863371555,0.2751401124288932,0.2206974515031045,0.1199931125762063,0.1369535069027861,0.24791878196599884,0.8715266902605038,0.5597227361132513,26.85634975711312,13.671061762664817,26.85634975711312,50.936849410131856,51.839000693962525,44.066620402498266
"Mikolas, Miles",571945,2024,2770,94.25322053796802,-0.1610721040586471,-0.14537193507098117,-1.4683354546337597,-1.6107210405864711,-0.05300850016728374,-0.05814877402839246,0.44184186310661744,0.4492991194279057,-1.2402644718105194,-1.1192119653577637,0.0159509697872425,0.0162201848168919,-0.04477489067908012,-0.04040476409233803,0.4455704912672616,-1.1797382185841414,0.0160855773020672,-0.04258982738570908,0.2325962868925215,0.2492178025294673,0.11339380871641556,0.1633627214669367,0.2409070447109944,0.8616217349083238,0.5512643898096591,26.78695350451076,8.674531575294935,26.78695350451076,31.36710617626648,46.07911172796669,29.840388619014576
"Aguiar, Julian",687924,2024,530,94.24558941296706,-0.030859774460535207,-0.1455649738704491,-0.28135429314147586,-0.30859774460535205,-0.05308571568707092,-0.05822598954817964,0.07077176460506962,-0.02147603645425988,-0.30726585545130547,-0.02338416584098013,0.013353163133032,-0.00405208234986035,-0.05797468970779348,-0.00441210676244908,0.02464786407540487,-0.1653250106461428,0.00465054039158582,-0.03119339823512128,0.2171640809352987,0.23732727153111816,0.11762855777507028,0.15054822566271928,0.22724567623320843,0.8659116082811052,0.5465786422571568,26.717557251908396,39.69465648854962,26.717557251908396,21.721027064538514,32.68563497571132,35.94725884802221
"Banks, Tanner",621383,2025,1093,94.23839628307233,-0.06372055912459434,-0.14574693303887087,-0.5810223979440252,-0.6372055912459434,-0.05315849935443963,-0.05829877321554835,-0.03792856664483679,0.2605503150662116,-0.8046973635650261,0.00105321719962603,-0.00347013418525496,0.0238380892100834,-0.07362281459881301,9.636021954492528e-5,0.11131087421068742,-0.4018220731827,0.01018397751241421,-0.03676322718963403,0.22436415180684577,0.3166573256947973,0.16242888424298854,0.1422584423489751,0.27051073875082154,0.8476563367040182,0.5590835377274199,26.648160999306036,27.342123525329633,26.648160999306036,48.99375433726579,73.2824427480916,15.82234559333796
"Martinez, Nick",607259,2025,2595,94.22770979910928,-0.15156591685980064,-0.14601726094393128,-1.3822690619022353,-1.5156591685980065,-0.05326663051646379,-0.05840690437757251,-0.149503843297623,0.8002874572302972,-0.44350060811058256,-1.589552067724327,-0.00576122710202786,0.03083959372756443,-0.01709058220079316,-0.0612544149412072,0.32539180696633707,-1.0165263379174547,0.01253918331276828,-0.03917249857100018,0.21642231700949344,0.3727869130385255,0.1021006190285082,0.1951784700746393,0.2946046150240095,0.8513604554484262,0.5729825352362179,26.578764746703676,9.437890353920888,26.578764746703676,76.75225537820958,89.72935461485079,19.153365718251216
"Feltner, Ryan",663372,2023,772,94.21009281753629,-0.0452277448809042,-0.14646290440707316,-0.4125945346012827,-0.45227744880904197,-0.05344488790172055,-0.05858516176282927,0.1971543349784497,0.2271364678422287,-0.5575480576021619,-0.2793372798197993,0.02553812629254529,0.02942182225935605,-0.07222125098473599,-0.03618358546888591,0.2121454014103392,-0.41844266871098057,0.02747997427595068,-0.05420241822681095,0.24877187431806055,0.29179356328532635,0.14439680147083003,0.1688656381591337,0.27028271880169347,0.8433687801850182,0.5568257494933558,26.50936849410132,34.90631505898681,26.50936849410132,43.51145038167939,73.14365024288688,11.72796668979875
"Garrett, Braxton",666129,2023,2520,94.19749457920352,-0.14795584525713595,-0.1467815925169999,-1.3500235512714198,-1.4795584525713594,-0.05357236314569125,-0.05871263700679997,0.4296648931177742,-0.8423844844819541,-1.3563316220029265,0.41902766209568654,0.01705019417134025,-0.03342795573341087,-0.05382268341281454,0.01662808182919391,-0.20635979568208995,-0.46865197995362,-0.00818888078103531,-0.01859730079181031,0.2590737228043334,0.1897722361720292,0.11909448708917086,0.12440144421553412,0.2244229794881813,0.8782520343476475,0.5513375069179144,26.43997224149896,9.784871616932685,26.43997224149896,31.57529493407356,29.909784871616935,53.01873698820264
"Lugo, Seth",607625,2023,2359,94.19709665001584,-0.1385126090840206,-0.1467916586307976,-1.2638670304566515,-1.385126090840206,-0.05357638959121032,-0.05871666345231904,-2.0630025087617128,-0.470459793936243,1.1928378407404807,0.07675743150082326,-0.08745241664950033,-0.01994318753438927,0.05056540232049515,0.00325381227218411,-1.2667311513489778,0.634797636120652,-0.0536978020919448,0.02690960729633963,0.12683635797974463,0.19769106564139063,0.07422075820313072,0.1200178026952436,0.16226371181056765,0.9028807195508128,0.5325722156806902,26.3705759888966,10.47883414295628,26.3705759888966,5.065926439972242,2.081887578070784,81.47120055517001
"Lodolo, Nick",666157,2025,2492,94.18325315422307,-0.14667099316653842,-0.14714184707718542,-1.338614307046555,-1.4667099316653842,-0.05371646496976545,-0.05885673883087417,0.7775868963303765,0.07187650267223944,-1.328154197957474,-0.8599235080916969,0.03120332649800869,0.00288428983435952,-0.05329671741402383,-0.03450736388810983,0.424731699501308,-1.0940388530245857,0.01704380816618411,-0.04390204065106683,0.34636640032851324,0.20609454344335976,0.11858047978313065,0.14566375517500335,0.2762304718859365,0.867877882520933,0.5720541772034348,26.301179736294237,9.923664122137405,26.301179736294237,74.87855655794587,77.72380291464262,38.65371269951422
"Martin, Davis",663436,2025,2309,94.16191572680525,-0.1363987293121092,-0.14768160384593892,-1.2452983696680917,-1.363987293121092,-0.05393236767726685,-0.05907264153837557,1.0906225699077368,0.15354607291374123,-1.3320983633603447,-1.157368649129225,0.04723354568677942,0.00664989488582681,-0.05769157052231895,-0.05012423772755414,0.622084321410739,-1.2447335062447848,0.02694172028630311,-0.05390790412493655,0.27330161796393226,0.2660878912793002,0.1134867622140327,0.17139009492745078,0.26969475462161624,0.8575615714292583,0.5636281630254373,26.231783483691878,10.82581540596808,26.231783483691878,59.264399722414986,72.65787647467037,25.39902845246357
"Bivens, Spencer",702352,2025,1294,94.15222436218204,-0.07656689044258268,-0.14792675896944105,-0.69915376066308,-0.7656689044258268,-0.0540304297266677,-0.05917070358777642,1.1365216374430247,-0.08559393502082457,-1.7069581211430886,-0.04312334194219147,0.08783011108524148,-0.0066146781314393,-0.13191330147937316,-0.00333256120109671,0.5254638512111001,-0.8750407315426401,0.04060771647690108,-0.06762293134023493,0.31481016227550673,0.2146744736171885,0.18713613789584385,0.13807469974083625,0.2647423179463476,0.8373945811816599,0.5510684495640037,26.162387231089525,23.941707147814018,26.162387231089525,30.881332408049968,68.4941013185288,7.98056904927134
"Holton, Tyler",663947,2024,1485,94.12712631662829,-0.08824561727961688,-0.1485616452518803,-0.8061231059587044,-0.8824561727961688,-0.05428438423964339,-0.05942465810075211,-0.24053746246977423,-0.27051994566727444,-1.3530672375470658,1.05800153972541,-0.01619780892052352,-0.01821683135806562,-0.0911156388920583,0.07124589493100406,-0.25552870406852435,-0.14753284891082785,-0.01720732013929456,-0.00993487198052712,0.21599994102714096,0.20130012403259617,0.1409743601090645,0.1061926077504741,0.20865003252986858,0.8764165160702307,0.5425332743000497,26.092990978487162,20.333102012491324,26.092990978487162,14.989590562109644,17.14087439278279,50.52047189451769
"Crawford, Kutter",676710,2024,2823,94.12046833870728,-0.16794599175287453,-0.14873006708543618,-1.5343499864296462,-1.6794599175287452,-0.05435175297306575,-0.05949202683417447,-0.8432545778597955,0.6714517352729672,0.03587021926031752,-1.3984173631031354,-0.02987086708677986,0.02378504198629001,0.00127064184414869,-0.04953656971672459,-0.08590142129341416,-0.6812735719214089,-0.00304291255024492,-0.02413296393628795,0.18081722439844392,0.289245650628329,0.09491001445459074,0.14839159880747158,0.23503143751338645,0.8783491933689689,0.5566903154411776,26.023594725884802,7.98056904927134,26.023594725884802,43.02567661346287,40.04163775156142,53.22692574600971
"Vodnik, Victor",680767,2024,1374,94.08845851453823,-0.0821870715549745,-0.14953979540570325,-0.7512433526981113,-0.821870715549745,-0.05467564430117258,-0.0598159181622813,-1.1271308378961749,-0.04260315195051589,0.9453630009245444,-0.5268723637759649,-0.0820328120739574,-0.00310066608082357,0.06880371185768154,-0.03834587800407314,-0.5848669949233454,0.20924531857428977,-0.04256673907739049,0.0152289169268042,0.16212515545646902,0.2758229331483726,0.05537704132125217,0.2173182408232539,0.2189740443024208,0.8636523589277469,0.5413132016150839,25.954198473282442,22.20680083275503,25.954198473282442,13.1852879944483,25.12144344205413,31.99167244968772
"Lange, Alex",656638,2023,1145,94.08597226953566,-0.06851803113411477,-0.14960268806575275,-0.6263241756314528,-0.6851803113411477,-0.05470080136519238,-0.059841075226301096,0.19738630100800947,0.03309344279068682,-0.709607436298711,-0.14719648313143807,0.01723897825397462,0.00289025701228705,-0.06197444858504027,-0.0128555880464138,0.11523987189934816,-0.42840195971507455,0.01006461763313084,-0.03741501831572703,0.21492329208823324,0.23917643657444096,0.11617829868766635,0.1383654760213004,0.22704986433133711,0.8727281126455166,0.5498889884884268,25.88480222068008,25.537820957668284,25.88480222068008,28.73004857737682,32.40804996530187,45.87092297015961
"Silseth, Chase",681217,2023,869,94.07292953225189,-0.052116578826558325,-0.1499326203295694,-0.4764968084125485,-0.5211657882655832,-0.05483277427071904,-0.05997304813182776,-0.702368426216708,0.25406596844095475,-0.05049786871700235,0.02230351808020714,-0.08082490520330357,0.02923659015431009,-0.00581103207330291,0.00256657285157734,-0.22415122888787664,-0.0140971753183976,-0.02579415752449673,-0.00162222961086278,0.16564432041458027,0.289772479719516,0.08527320980380311,0.13716363189071606,0.22770840006704812,0.8887815791527405,0.5582449896098943,25.815405968077727,31.57529493407356,25.815405968077727,46.98126301179737,33.10201249132547,68.42470506592645
"Muñoz, Andrés",662253,2023,822,94.06172662336348,-0.049391024694804386,-0.15021601184551212,-0.4516571958097302,-0.49391024694804386,-0.05494613087709613,-0.06008640473820485,0.9629646219668756,-0.8172749058626323,-0.35093799471633247,-0.24640891719764113,0.11714898077455908,-0.09942517102951733,-0.04269318670514993,-0.02997675391698797,0.07284485805212171,-0.2986734559569868,0.00886190487252089,-0.03633497031106895,0.33449293047360795,0.15490523180450458,0.11842748472502768,0.16124061979752605,0.24469908113905625,0.8601659477387231,0.5524325144388897,25.746009715475367,33.17140874392783,25.746009715475367,34.767522553782094,49.20194309507286,28.174878556557946
"Brazobán, Huascar",623211,2024,899,94.04237105715455,-0.05419374633510199,-0.15070563496969408,-0.4957264013396525,-0.5419374633510199,-0.05514198012676891,-0.06028225398787763,0.8383382245997382,0.26342106710490043,-1.1072873688872278,-0.4901983241570633,0.09325230529474283,0.02930156475026701,-0.12316878408089296,-0.0545270660908858,0.5508796458523193,-0.7987428465221456,0.06127693502250492,-0.08884792508588939,0.2878335984013921,0.28656228753002966,0.17352753044734198,0.17691260216125826,0.2871979429657109,0.8247799336956999,0.5559889383307054,25.676613462873004,30.673143650242885,25.676613462873004,41.7765440666204,85.28799444829978,3.1228313671061763
"Williams, Trevor",592866,2024,1063,93.98121290025543,-0.06473785085686098,-0.15225270662479062,-0.5927373974250241,-0.6473785085686098,-0.05576080878880753,-0.06090108264991625,0.1037098025250316,0.2365759747017364,-0.988396614939802,0.05537344028800994,0.00975633137582611,0.02225550091267511,-0.092981807614280515,0.00520916653697177,0.170142888613384,-0.466511587325896,0.01600591614425061,-0.04388632053865438,0.42315823638881545,0.2763476216097119,0.13106786902859222,0.12033332444964108,0.3497529289992637,0.8742994032608833,0.6120261661300734,25.607217210270644,26.78695350451076,25.607217210270644,98.40388619014573,99.79181124219292,47.74462179042332
"Festa, Matt",670036,2025,832,93.95026182227164,-0.05093026519968944,-0.1530356526432976,-0.4665355734724699,-0.5093026519968944,-0.05607398719621032,-0.06121426105731904,0.17896806798080434,-0.03559907173212195,-0.4967856522262082,-0.11311891749494409,0.02151058509384667,-0.00427873458318773,-0.05970981396949618,-0.01359602373737308,0.07168449812434119,-0.30495228486057613,0.00861592525532947,-0.03665291885343463,0.26714694801560074,0.2212230205672891,0.12603603634093188,0.15684613797122518,0.24418498429144492,0.8585589128439215,0.5513719485676832,25.537820957668284,32.13046495489243,25.537820957668284,31.852879944482996,48.854961832061065,26.50936849410132
"Rogers, Tyler",643511,2023,1103,93.93822245924211,-0.06765369769914924,-0.15334020330722853,-0.6198397563034632,-0.6765369769914924,-0.05619580746178269,-0.06133608132289141,-0.47416555441850505,-0.33506656061399553,0.8151608859120643,-0.6257685271830269,-0.04298871753567589,-0.03037774801577475,0.07390397877715904,-0.0567333206874911,-0.4046160575162503,0.09469617936451868,-0.03668323277572532,0.00858532904483397,0.23120536464724809,0.28960534792191345,0.05658748333858993,0.17673799771237467,0.2604053562845808,0.8833372594745177,0.5718713078795492,25.468424705065928,25.815405968077727,25.468424705065928,74.53157529493407,64.95489243580846,61.06870229007634
"Gonzales, Marco",594835,2023,808,93.93211179294373,-0.04960951296467155,-0.15349478021247387,-0.4545617168489571,-0.49609512964671554,-0.05625763822388083,-0.06139791208498955,-0.2567384872236289,0.10018537844280218,0.07441064547379028,-0.3724192535419206,-0.03177456525044912,0.0123991805003468,0.00920923830121166,-0.04609149177499017,-0.07827655439041337,-0.14900430403406517,-0.00968769237505115,-0.01844112673688925,0.18701545609647505,0.2919603494992501,0.09344685686196667,0.16742131538313693,0.23948790279786258,0.8695659138774482,0.5545269083376554,25.39902845246357,33.03261623872311,25.39902845246357,38.65371269951422,44.621790423317144,41.082581540596806
"Grove, Michael",675627,2023,1193,93.84596786257553,-0.0742875841675789,-0.15567389808796922,-0.6815523745127621,-0.742875841675789,-0.05712928537407897,-0.06226955923518769,-0.7546189747031349,0.38093971099306145,0.4427063096827624,-0.750579420485451,-0.06325389561635665,0.03193124149145528,0.03710865965488369,-0.06291529090406128,-0.18683963185503671,-0.15393655540134432,-0.01566132706245069,-0.01290331562458879,0.1592881524478443,0.2779680073492784,0.06472343078621341,0.1879288752419044,0.21862807989856137,0.8736738469859411,0.5461509634422512,25.32963219986121,24.358084663428176,25.32963219986121,20.8882720333102,24.84385843164469,46.77307425399028
"Young, Alex",622065,2023,869,93.84083872245697,-0.0541573473730799,-0.15580364606754862,-0.49690449387776425,-0.541573473730799,-0.05718118456591073,-0.06232145842701945,0.5121028398025373,0.30415238027671876,-1.0301065123710489,-0.2830532015859717,0.05893013116254745,0.03500027390986407,-0.11853929946732436,-0.03257229017099789,0.40812761003962805,-0.6565798569785102,0.04696520253620576,-0.07555579481916112,0.287189194267807,0.2736486907979055,0.16672180175891604,0.1570801039084443,0.28041894253285626,0.8380990471663199,0.5592589948495881,25.260235947258845,30.742539902845245,25.260235947258845,49.47952810548231,80.70784177654406,8.327550312283137
"Montero, Keider",672456,2024,1570,93.83060130953676,-0.09800732169371604,-0.1560626141619682,-0.8993709173177535,-0.9800732169371604,-0.05728477180367856,-0.06242504566478728,-0.8606132528223043,-0.4284079883072991,0.3205457357913133,0.06910458802053654,-0.05481613075301301,-0.02728713301320376,0.02041692584658046,0.00440156611595774,-0.6445106205648017,0.19482516190592492,-0.04105163188310838,0.0124092459812691,0.16028747046956066,0.2017362170900092,0.07457432860146707,0.1263906788246266,0.1810118437797849,0.8995174962869532,0.5402646700333691,25.190839694656486,17.418459403192227,25.190839694656486,11.79736294240111,5.898681471200555,78.97293546148508
"Allen, Logan",671106,2024,1658,93.82962600995741,-0.1035170877953496,-0.15608728557803017,-0.9499451373363136,-1.035170877953496,-0.05729464037010335,-0.06243491423121207,0.3961008982831231,-0.2873092905606427,-0.3485854545776874,-0.7101512904811065,0.02389028337051406,-0.01732866649943562,-0.02102445443773748,-0.0428318028034443,0.05439580386124021,-0.529368372529397,0.00328080843553921,-0.03192812862059089,0.2464841059615463,0.22155447452780289,0.09980048130754328,0.17071077323293624,0.2340192902446746,0.8647443727297602,0.5493818314872174,25.12144344205413,16.30811936155448,25.12144344205413,28.105482303955586,38.72310895211658,34.004163775156144
"Schmidt, Clarke",657376,2025,1226,93.82174991819328,-0.07664290995552839,-0.1562865211164934,-0.7034093420180909,-0.7664290995552838,-0.05737433458548866,-0.06251460844659737,0.06445658602342519,0.2214182559655455,-0.3707972988644314,-0.6184868851426302,0.00525747031186176,0.01806021663666766,-0.03024447788453764,-0.05044754364948044,0.14293742099448536,-0.4946420920035308,0.01165884347426471,-0.04034601076700904,0.2371036615134401,0.2596343760247549,0.11464123180531167,0.1757939849262375,0.2483690187690975,0.8547823916342254,0.5515757052016614,25.05204718945177,23.8029146426093,25.05204718945177,32.40804996530187,52.39417071478141,22.345593337959752
"Ramírez, Yohan",670990,2025,604,93.80153259494479,-0.037882383139200296,-0.15679794345695483,-0.3477765772709063,-0.37882383139200293,-0.05757890352167322,-0.06271917738278193,-0.17977146260341215,-0.5296902788550142,0.11303488848511734,0.24865027570240272,-0.02976348718599538,-0.08769706603559838,0.01871438551078101,0.04116726418913952,-0.35473087072921317,0.18084258209376003,-0.05873027661079687,0.02994082484996027,0.190539105300404,0.13012984308337944,0.06766694830951187,0.1057725709457046,0.16033447419189173,0.9132802403723917,0.5368073572821417,24.98265093684941,37.196391394864676,24.98265093684941,8.327550312283137,1.8043025676613464,87.99444829979181
"Sasaki, Roki",808963,2025,731,93.78613436930692,-0.04596161351708538,-0.15718746072874618,-0.4220407332461491,-0.4596161351708538,-0.05773471043038975,-0.06287498429149847,-0.24621437155315107,-0.4351420726907236,0.666466259959634,-0.4071505489619085,-0.03368185657361847,-0.05952695932841636,0.09117185498763804,-0.05569774951599295,-0.3406782221219373,0.12965785549886277,-0.04660440795101742,0.01773705273582254,0.16101323860903466,0.17965099240310006,0.04905431102455455,0.19172451729724907,0.17033211550606736,0.8796105858390982,0.5249713506725828,24.91325468424705,34.489937543372655,24.91325468424705,1.5267175572519083,3.5392088827203327,55.23941707147814
"Schreiber, John",670167,2023,819,93.78143757860862,-0.05153353467179569,-0.1573062718919282,-0.4732365037954765,-0.5153353467179569,-0.05778223489566257,-0.06292250875677129,0.7046493973489305,-0.9917554999810818,-1.0384240983803463,0.8522936972170214,0.08603777745408187,-0.12109346764115772,-0.1267917092039495,0.1040651644953628,-0.14355305131607565,-0.09306520058166257,-0.01752784509353793,-0.01136327235429335,0.3365543825162832,0.16326814143483248,0.16504994517219998,0.094951814697415,0.24991126197555785,0.8699991200651925,0.5599551910203752,24.84385843164469,31.714087439278277,24.84385843164469,51.42262317834837,53.99028452463567,41.63775156141568
"France, J.P.",641585,2023,2265,93.76033065850868,-0.14300321910835537,-0.15784019769134144,-1.3136049881294412,-1.4300321910835536,-0.05799580521542786,-0.06313607907653658,-1.5115396395858056,0.01121713052361883,0.5116517855043412,-0.3249342645715956,-0.06673464192431813,4.952375507116483e-4,0.02258948280372367,-0.01434588364554505,-0.7501612545310934,0.0933587604663728,-0.03311970218680324,0.0041217995790893,0.16414811786146977,0.2895490659549573,0.07953491952880266,0.14705825069810063,0.22684859190821352,0.8867034148865484,0.556776003397381,24.77446217904233,10.270645385149201,24.77446217904233,43.30326162387232,32.1998612074948,65.9264399722415
"Wentz, Joey",666214,2023,1926,93.75677655461467,-0.12166935148246778,-0.1579301031703891,-1.1176918402597238,-1.2166935148246778,-0.05803176740704693,-0.06317204126815565,-0.8889155255861851,0.09970577180683904,0.2644377714586881,-0.5929198579390658,-0.0461534540802796,0.00517683135030316,0.01372989467594434,-0.03078503935301484,-0.39460487688967305,-0.16424104324018884,-0.02048831136498822,-0.00852757233853524,0.17809972251631992,0.24289171720486283,0.09208070128198126,0.14776624481942527,0.21049571986059137,0.8800765269492967,0.5452861234049441,24.70506592643997,12.699514226231784,24.70506592643997,19.083969465648856,17.973629424011104,55.72519083969466
"Banks, Tanner",621383,2023,1006,93.74963504180515,-0.06362376846406201,-0.15811075662043242,-0.5845265295978663,-0.63623768464062,-0.05810402878706425,-0.06324430264817296,0.22259049998490352,0.27942128249560483,-0.9555126398311417,-0.13102567224723316,0.02212629224502023,0.02777547539717741,-0.0949813757287417,-0.01302442070052019,0.2510058912402542,-0.5432691560391874,0.02495088382109882,-0.05400289821463095,0.2360367909436132,0.3342036764508819,0.14641609047336684,0.1397945232076646,0.28512023369724754,0.8568946931594843,0.571007463428366,24.63566967383761,27.411519777931993,24.63566967383761,73.2824427480916,84.03886190145732,24.63566967383761
"Floro, Dylan",571670,2024,1014,93.73157099792633,-0.06431506280313767,-0.15856770908071421,-0.5910282510797344,-0.6431506280313768,-0.05828680977117697,-0.06342708363228569,0.6037680623594497,-0.16445847785143997,-1.0968721268073125,0.06653429121956833,0.05954320141611929,-0.01621878479797238,-0.10817279357074087,0.00656156718141699,0.2196547922540049,-0.5151689177938721,0.02166220830907345,-0.05080561319466194,0.34120984782956487,0.3163494500225185,0.1442868579560825,0.13360270895357484,0.3287796489260417,0.8610552165451713,0.5949174327356065,24.566273421235255,26.995142262317835,24.566273421235255,95.07286606523247,98.95905621096462,29.285218598195694
"Englert, Mason",669438,2025,716,93.70607807867272,-0.04559848411046534,-0.1592125841845857,-0.41918048025911503,-0.4559848411046534,-0.05854475981272556,-0.06368503367383428,-0.02163572579956962,0.11880134867806191,-0.3190041392418834,-0.1973419638957239,-0.00302174941334771,0.01659236713380753,-0.04455365073210662,-0.02756172680107875,0.04858281143924614,-0.25817305156880366,0.0067853088602299,-0.03605768876659269,0.2124102493117486,0.2712439616820876,0.12197072050630745,0.17170644054127968,0.2418271054969181,0.8531614194762065,0.5474942624865623,24.496877168632896,34.69812630117974,24.496877168632896,23.317140874392784,46.98126301179737,20.8882720333102
"Strahm, Matt",621381,2024,1020,93.66211660196393,-0.06541245492451825,-0.16032464442283884,-0.6016937558618736,-0.6541245492451825,-0.05898958390802682,-0.06412985776913553,-0.21569864935264604,0.02082693277679936,-0.6397752599832813,0.23295322069725444,-0.02114692640712216,0.00204185615458817,-0.06272306470424327,0.02283855104875043,-0.09743585828792334,-0.20341101964301345,-0.00955253512626699,-0.01994225682774641,0.2314349106342216,0.19693722943664985,0.15281559267455588,0.12426195739920531,0.21418607003543572,0.8614612249631194,0.5378236474992776,24.427480916030532,26.43997224149896,24.427480916030532,9.368494101318529,21.165857043719637,29.701596113809853
"Roupp, Landen",694738,2025,1851,93.6500010463785,-0.11893128307845298,-0.16063112247224873,-1.0941663616154074,-1.1893128307845298,-0.05911217512779078,-0.0642524489888995,-0.04647484991096462,-3.603681334028352,0.7928952054917318,1.763094616832177,-0.00251079686174849,-0.1946883486779228,0.04283604567756519,0.09525092473431536,-1.825078091969658,1.2779949111619544,-0.09859957276983566,0.06904348520594027,0.24089643601008717,0.10387081188995446,0.05684187375739787,0.08269517545094078,0.17238362395002083,0.9302314753958307,0.5513075496729258,24.358084663428176,13.1852879944483,24.358084663428176,31.5058986814712,4.163775156141568,95.62803608605135
"Gray, Sonny",543243,2023,2949,93.62531521787942,-0.1902170835971115,-0.16125558121152214,-1.750584159807019,-1.9021708359711151,-0.05936195862350014,-0.06450223248460886,-1.6623552417797782,0.627482056842382,-0.4446368800934124,-0.2710740947762105,-0.05637013366496365,0.02127779100855822,-0.0150775476464365,-0.0091920683206582,-0.5174365924686981,-0.35785548743481144,-0.01754617132820271,-0.01213480798354735,0.17751082294696352,0.2504930848539396,0.0918336663243175,0.13942348239192828,0.21400195390045157,0.8843714256418771,0.5491866897711644,24.288688410825817,5.829285218598196,24.288688410825817,27.61970853573907,20.95766828591256,62.317834836918806
"Ortiz, Luis L.",682847,2025,1500,93.6080582214393,-0.09701527104175993,-0.1616921184029332,-0.8930486025009685,-0.9701527104175993,-0.05953657350006457,-0.06467684736117328,1.0747726061038063,-0.3178614337284671,-1.2842251004378795,-0.3657346744384285,0.07165150707358711,-0.02119076224856447,-0.08561500669585863,-0.02438231162922856,0.3784555861876697,-0.824979887438154,0.02523037241251131,-0.05499865916254359,0.30220811264800773,0.21617253764670324,0.1359601748184822,0.16494852719289288,0.2591903251473555,0.8495456489943125,0.554367987070834,24.219292158223457,17.834836918806385,24.219292158223457,38.30673143650243,63.98334489937544,17.14087439278279
"Gilbert, Tyler",656457,2025,839,93.59014459616861,-0.05441595121503551,-0.16214526583741212,-0.501032614455653,-0.5441595121503551,-0.05971783247385613,-0.06485810633496485,0.02535462773710151,7.325281526391336e-4,-0.6659566501293739,0.1388368797839803,0.0030220056897618,8.730967254340091e-5,-0.07937504769122454,0.0165478998550632,0.01304357794487032,-0.2635598851726968,0.0015546576811526,-0.03141357391808067,0.253529260820408,0.18591335917965343,0.1953788712970303,0.12893240346159357,0.2197213100000307,0.8378443626206881,0.5287828363103594,24.149895905621097,30.46495489243581,24.149895905621097,2.9840388619014573,25.537820957668284,8.188757807078417
"Miller, Mason",695243,2023,607,93.55370848725025,-0.039592658503835934,-0.1630669625363918,-0.3647251227014294,-0.3959265850383593,-0.06008651115344801,-0.06522678501455673,-0.4633683493327681,0.1711179703588641,0.10256330312859065,-0.17503804685611613,-0.07633745458529952,0.02819076941661682,0.01689675504589631,-0.02883658103066163,-0.14612518948695197,-0.03623737186376274,-0.02407334258434134,-0.00596991299238265,0.15209118522136747,0.2447137028431167,0.07876177303255956,0.15015747448342515,0.19840244403224208,0.8855403762420077,0.5419714101371249,24.080499653018737,36.84941013185288,24.080499653018737,13.948646773074255,12.283136710617628,63.77515614156836
"Sears, JP",676664,2025,2366,93.54005662921813,-0.15465340381211626,-0.16341230326724035,-1.4249151585673303,-1.5465340381211625,-0.06022464744578742,-0.06536492130689614,-0.38380274862311126,0.02039998803184062,-1.500440354374632,0.4389279563985724,-0.01622158700858458,8.622142025291894e-4,-0.0634167520868399,0.01855147744710788,-0.18170138029563532,-0.5307561989880298,-0.00767968640302769,-0.02243263731986601,0.2014815446469271,0.19640511476891384,0.14858151454881152,0.11668264348562576,0.19894332970792047,0.8673679209827814,0.5331556253453509,24.011103400416378,9.090909090909092,24.011103400416378,5.343511450381679,12.421929215822345,37.820957668285914
"Beck, Tristan",663941,2023,1285,93.50757431597941,-0.08441626766614133,-0.16423398378626713,-0.7781101575461662,-0.8441626766614132,-0.06055331965339815,-0.06569359351450686,-1.05549403784903,0.31521888546012633,-0.16572214875805005,0.12788714360078757,-0.08213961384039145,0.02453065256499037,-0.012896665273,0.00995230689500292,-0.37013757619445187,-0.01891750257863123,-0.02880448063770053,-0.00147217918899853,0.14804724426560387,0.2434084585139582,0.1006928362286158,0.11709831031656628,0.19572785138978105,0.891104426727409,0.543416139058595,23.941707147814018,21.65163081193616,23.941707147814018,16.516308119361554,11.242192921582236,71.13115891741846
"McCaughan, Darren",670766,2024,737,93.50614778672599,-0.04842681652345473,-0.1642700696182318,-0.4463843468781761,-0.4842681652345473,-0.060567753986184,-0.06570802784729271,0.2678945960412875,-0.22243721128688776,-1.0418060236575002,0.5499642920249244,0.03634933460533073,-0.03018143979469305,-0.14135766942435551,0.07462202062753383,0.02272869237719987,-0.24592086581628791,0.00308394740531884,-0.03336782439841084,0.26902258814509705,0.1805185937677884,0.18422317987263936,0.09412937841253372,0.22477059095644272,0.8608237208574134,0.5427971559069281,23.87231089521166,33.726578764746705,23.87231089521166,15.128383067314367,30.256766134628734,29.00763358778626
"Schmidt, Clarke",657376,2023,2704,93.49004726406349,-0.17811502432000412,-0.1646773523668677,-1.6421572379956615,-1.7811502432000412,-0.060730667085638373,-0.06587094094674709,1.4258570410403308,-0.08816024718271365,-1.8268919117974176,-1.1529621200558609,0.0527313994467578,-0.00326036417095834,-0.06756257070256723,-0.04263913165887059,0.6688483969288086,-1.4899270159266391,0.02473551763789972,-0.05510085118071892,0.30368916446544225,0.24193978532034,0.15669843280963416,0.15448980474827195,0.2728144748928911,0.8444058812210469,0.558610178056969,23.8029146426093,7.147814018043026,23.8029146426093,47.952810548230396,74.87855655794587,12.768910478834142
"Rogers, Tyler",643511,2025,978,93.46260718427125,-0.06469332427427207,-0.1653714833186914,-0.5966613643810774,-0.6469332427427207,-0.06100831946636784,-0.06614859332747655,0.01346269054374715,-0.3318005474320671,-0.0774028996843299,-0.2009206078084276,0.00137655322533202,-0.03392643634274715,-0.00791440692068812,-0.02054402942826458,-0.15916892844415995,-0.13916175374637874,-0.01627494155870756,-0.01422921817447635,0.18274372432065947,0.2649560335802808,0.10791014233308854,0.14854897603982958,0.22384987895047015,0.8717704408135409,0.5478101598820055,23.73351839000694,26.85634975711312,23.73351839000694,23.66412213740458,29.493407356002777,44.41360166551006
"Cabrera, Edward",665795,2023,1791,93.45622671391142,-0.1185877589954553,-0.1655328852532877,-1.093815285102096,-1.185877589954553,-0.06107288024020636,-0.06621315410131508,-1.2467992451951204,-0.2162047712954518,-0.1057064395334919,0.4748951709219682,-0.06961469822418316,-0.01207173485736749,-0.00590209042621395,0.02651564326755825,-0.7315020082452861,0.18459436569423815,-0.04084321654077533,0.01030677642067214,0.18586929501162391,0.2285092739879672,0.09804223908724095,0.12425527474542872,0.20718928449979557,0.8888512430836651,0.5480202637917304,23.66412213740458,13.39347675225538,23.66412213740458,24.358084663428176,16.446911866759194,68.56349757113117
"Lugo, Seth",607625,2024,3280,93.44603111680189,-0.21751752378096562,-0.16579079556476034,-2.0065742551652903,-2.1751752378096563,-0.06117604436479543,-0.06631631822590414,-1.677770886427652,-0.3619217305663369,-0.3971174837598994,0.4302358455885979,-0.0511515514154772,-0.01103419910263222,-0.01210724035853351,0.01311694651184749,-1.0198463084969944,0.01655918091434927,-0.03109287525905471,5.048530766569899e-4,0.1702863018240708,0.21406290537629297,0.10936161959871088,0.11838576310350173,0.1921746036001819,0.8861263086488937,0.5391504561245378,23.59472588480222,4.857737682165164,23.59472588480222,10.40943789035392,9.784871616932685,64.53851492019432
"Leiter Jr., Mark",643410,2025,832,93.44600226153541,-0.05517541968460946,-0.16579152549461976,-0.5089871183216701,-0.5517541968460946,-0.06117633633673919,-0.0663166101978479,-1.1909283188683162,-0.02311533642068752,0.8923938210639335,-0.1873372840965999,-0.1431404229409034,-0.00277828562748648,0.10725887272403048,-0.02251650049237979,-0.6070218276445019,0.3525282684836668,-0.07295935428419494,0.04237118611582534,0.12079768444198775,0.21287418488735768,0.04416261380249346,0.1512066879563958,0.16683593466467272,0.9023153491205553,0.534575641892614,23.525329632199863,30.18736988202637,23.525329632199863,6.59264399722415,2.914642609299098,81.19361554476058
"Holmes, Clay",605280,2025,2759,93.4276591903771,-0.1834796098573978,-0.16625553629702589,-1.6929759427459885,-1.834796098573978,-0.06136194065770165,-0.06650221451881036,-0.03497090354727561,0.19494551918751313,-3.2472033074549813,1.3942527490687553,-0.00126752096945544,0.00706580352256299,-0.11769493684142736,0.05053471363061817,0.07998730782011876,-0.926475279193113,0.00289914127655377,-0.0335801116054046,0.22605278824577665,0.21772635544880703,0.14859237590366575,0.1158487803959584,0.22188957184729186,0.867779421850188,0.54483449684874,23.4559333795975,6.5232477446217905,23.4559333795975,18.52879944482998,27.966689798750867,38.30673143650243
"Rodríguez, Yariel",684320,2024,1502,93.41199484793849,-0.10012439262285269,-0.16665178532432207,-0.924037012834674,-1.0012439262285269,-0.06152044026862011,-0.06666071412972882,-0.6327960172229723,0.21487681290682303,-0.41541276759494394,-0.09070504092358078,-0.04213022751151613,0.01430604613227849,-0.02765730809553555,-0.00603895079384692,-0.20895960215807463,-0.25305890425926236,-0.01391209068961881,-0.01684812944469123,0.19585822195024627,0.23882298642003227,0.10641335823193146,0.13580278758986641,0.21734060418513929,0.878891927089101,0.5481162656371201,23.38653712699514,17.002081887578072,23.38653712699514,24.77446217904233,23.59472588480222,54.19847328244275
"Hendricks, Kyle",543294,2025,2573,93.40328221819517,-0.1717448498498033,-0.16687218213156169,-1.5851892520517057,-1.717448498498033,-0.06160859899151595,-0.06674887285262467,0.5671637430957617,0.5050583793376973,-1.7269489040295696,-0.9304624704555948,0.02204289712770158,0.01962916359649037,-0.06711810742439057,-0.03616255229131733,0.5361110612167295,-1.3287056872425822,0.02083603036209597,-0.05164032985785395,0.2835796442807569,0.2698854664348256,0.14397596726575626,0.1681083445347427,0.27673255535779123,0.8439578440997505,0.5603451997287708,23.317140874392784,7.772380291464261,23.317140874392784,52.39417071478141,78.14018043025676,12.352532963219986
"Wrobleski, Justin",680736,2024,592,93.39613705873676,-0.03955813330970005,-0.1670529278281252,-0.36515091183923687,-0.3955813330970005,-0.06168089727014136,-0.06682117113125008,-0.24969500566362512,-0.05900112574636296,-0.05200022749318123,-0.00445455293606755,-0.0421782104161529,-0.00996640637607482,-0.00878382221168601,-7.52458266227628e-4,-0.15434806570499404,-0.02822739021462439,-0.02607230839611386,-0.00476814023895682,0.15641291438236876,0.24592747100888215,0.08272849941112799,0.14828123415359443,0.20117019269562547,0.8844951332176387,0.5428326629566321,23.247744621790424,36.91880638445524,23.247744621790424,15.267175572519085,13.25468424705066,62.59541984732825
"Kershaw, Clayton",477132,2023,2049,93.35479288571891,-0.137773760181253,-0.16809878011377868,-1.2724133903984125,-1.37773760181253,-0.06209923818440275,-0.06723951204551147,-1.681787455308438,0.1741201843460658,1.3600652741176873,-1.1248113935537276,-0.08207845072271537,0.00849781280361472,0.06637702655528001,-0.05489562682058212,-0.7538336354811861,0.11762694028197984,-0.03679031895955032,0.00574069986734894,0.1621542673299223,0.3386485082448715,0.06138212069554794,0.2332391766282532,0.2504013877873969,0.8526893513380994,0.5515453695627481,23.178348369188065,10.54823039555864,23.178348369188065,32.33865371269952,54.26786953504511,20.471894517696043
"Blackburn, Paul",621112,2025,702,93.33430125635388,-0.047347693296323934,-0.16861714136867495,-0.43739221045825616,-0.47347693296323934,-0.06230658268636127,-0.06744685654746999,-0.4226773646846595,0.1431335198230954,-0.44463326851155216,0.28678490291486014,-0.06021045080978056,0.02038939028819023,-0.06333807243754304,0.0408525502727721,-0.13977192243078207,-0.07892418279834601,-0.01991053026079516,-0.01124276108238547,0.19118748372526087,0.2346200139505316,0.1283508002529984,0.10800809472454834,0.21290374883789623,0.8818205525112266,0.5473621506745614,23.108952116585705,34.004163775156144,23.108952116585705,23.108952116585705,20.333102012491324,58.70922970159611
"Skubal, Tarik",669373,2025,3152,93.32360195293072,-0.21293373011783207,-0.16888779355792516,-1.9673158690761736,-2.1293373011783205,-0.06241484356206135,-0.06755511742317007,1.8670243263695736,-0.2830825809310227,-1.2756420862182267,-2.2756155282964983,0.05923300527822252,-0.00898104634933447,-0.0404708783698676,-0.0721959241210818,0.7919708727192756,-1.7756288072573625,0.02512597946444402,-0.05633340124547469,0.2729961974360501,0.25648957574598746,0.12556353721782507,0.21224308058021535,0.26474288659101874,0.8310966911009798,0.5479197888459992,23.039555863983345,5.065926439972242,23.039555863983345,24.080499653018737,68.56349757113117,4.857737682165164
"Vásquez, Randy",681190,2024,1720,93.32263560668066,-0.11621162008000918,-0.1689122384883854,-1.073703490389022,-1.1621162008000918,-0.06242462153424545,-0.06756489539535417,-0.03794547697543749,-0.1275087962339967,-0.989956386729432,0.08170716954984414,-0.00220613238229287,-0.00741330210662771,-0.05755560387961813,0.00475041683429326,-0.08272713660471709,-0.45412460858979387,-0.00480971724446029,-0.02640259352266243,0.23165030798341116,0.2081435864938024,0.12136392033733184,0.1192393962645177,0.21989694723860678,0.8796983416990752,0.549797644468841,22.970159611380986,14.156835530881331,22.970159611380986,28.591256072172104,25.746009715475367,55.378209576682856
"Casparius, Ben",676508,2025,1250,93.30797146648158,-0.08464159307792678,-0.16928318615585353,-0.7821625075154088,-0.8464159307792678,-0.0625730006012327,-0.06771327446234142,-0.6639489393787699,0.2575982536122865,0.28936781373874965,-0.6651796354876751,-0.05311591515030159,0.02060786028898292,0.02314942509909997,-0.05321437083901401,-0.20317534288324168,-0.18790591087446273,-0.01625402743065933,-0.01503247286995702,0.16673377349447868,0.2775412891337354,0.06536384423178634,0.1693878316102899,0.22213753131410702,0.8826241620789619,0.5523808466965344,22.900763358778626,21.374045801526716,22.900763358778626,34.628730048577374,28.313671061762662,60.02775850104094
"Oviedo, Johan",670912,2025,665,93.2983529542757,-0.04509404857089837,-0.16952649838683598,-0.4167576645326107,-0.4509404857089837,-0.06267032549362568,-0.0678105993547344,-0.20119362790615017,0.1863272670916558,-0.098877128542199,-0.30301417517591744,-0.03025468088814288,0.02801913790851967,-0.01486874113416526,-0.0455660413798372,-0.00743318040724716,-0.20094565185905824,-0.0011177714898116,-0.03021739125700123,0.19098907633864917,0.22442474419581968,0.09945478923123025,0.1709170535005662,0.20770691026723442,0.8648140786341018,0.5362604944506681,22.831367106176266,34.97571131158917,22.831367106176266,7.702984038861901,16.793893129770993,34.073560027758504
"Cabrera, Génesis",650893,2025,715,93.28015910021473,-0.04861620608334473,-0.16998673455714935,-0.4494091027265199,-0.48616206083344726,-0.06285441996175103,-0.06799469382285975,0.00675843202719761,-0.10853361526596927,-0.10847655829093128,-0.23915736119681696,9.452352485591068e-4,-0.01517952661062507,-0.01517154661411626,-0.0334485819855688,-0.05088759161938583,-0.17381695974387412,-0.00711714568103298,-0.02431006429984253,0.21180990777884964,0.22242595096223391,0.10706316098539076,0.15684055096939392,0.21711792937054178,0.8680481440226077,0.5425830366965747,22.761970853573906,33.657182512144345,22.761970853573906,15.058986814712005,23.317140874392784,38.93129770992366
"Winder, Josh",680739,2023,557,93.27816681220757,-0.03788427300081124,-0.1700371319605531,-0.35021140460173683,-0.3788427300081124,-0.06287457892311253,-0.06801485278422124,-0.16085693511104182,0.2834404650684519,-0.4472953796253023,-0.02549955493384459,-0.02887916249749404,0.05088697757063768,-0.08030437695247798,-0.0045780170437782,0.06129176497870503,-0.23639746727957345,0.01100390753657181,-0.04244119699812809,0.18837748498897916,0.3258722715664362,0.12791186148584296,0.1442118679629932,0.2571248782777077,0.8639381352755819,0.5605315067766448,22.692574600971547,37.12699514226232,22.692574600971547,52.7411519777932,61.901457321304655,32.47744621790423
"Bird, Jake",656234,2023,1386,93.24989056676638,-0.09466513874438351,-0.1707524147625965,-0.8754071917288684,-0.9466513874438351,-0.06316069204392989,-0.0683009659050386,0.5265557665554752,-0.9268856442686229,-0.614723522453346,0.13964620843762532,0.03799103654801408,-0.06687486610884726,-0.04435234649735541,0.01007548401425868,-0.20016493885657383,-0.23753865700786037,-0.01444191478041658,-0.01713843124154836,0.3044194228034421,0.16546565598901633,0.14842634167969468,0.11942172541103602,0.23494253939622922,0.8660759664546347,0.550509252925432,22.623178348369187,18.390006939625263,22.623178348369187,29.840388619014576,39.90284524635669,36.15544760582928
"Thielbar, Caleb",573204,2025,880,93.2101392818374,-0.06045880648283676,-0.1717579729626044,-0.5593536548506108,-0.6045880648283676,-0.06356291532393304,-0.06870318918504176,-1.0781858657146586,-0.10227293534808268,1.1026876882938268,-0.4815825420816964,-0.12252112110393848,-0.01162192447137303,0.1253054191242985,-0.05472528887292004,-0.5902294005313706,0.3105525731060652,-0.06707152278765575,0.03529006512568922,0.09263797406385418,0.2799469189940855,0.03947165237369046,0.17251629515445116,0.18629244652896987,0.8940060262359292,0.5401492363824495,22.553782095766827,28.313671061762662,22.553782095766827,11.658570437196392,7.494795281054822,73.56002775850105
"Carrasco, Carlos",471911,2025,778,93.18085459789647,-0.053681615814551456,-0.1724987654709237,-0.4968248275060887,-0.5368161581455145,-0.06385923232726076,-0.06899950618836947,0.620190049015946,0.1251816547010094,-0.7297571638082445,-0.5124393674147996,0.07971594460359203,0.01609018697956419,-0.0937991213121137,-0.06586624259830329,0.3726858518584777,-0.621098265611522,0.04790306579157811,-0.07983268195520848,0.2992110291050804,0.2544814198781433,0.15151961567089853,0.1929034488956212,0.2768462244916119,0.8277884677167402,0.552317346104176,22.48438584316447,31.089521165857043,22.48438584316447,34.489937543372655,78.27897293546148,4.094378903539209
"Suárez, Ranger",624133,2024,2362,93.15338478394435,-0.1636333591833993,-0.17319364858530834,-1.5149203232346051,-1.636333591833993,-0.06413718557301462,-0.06927745943412333,-0.13036008508674968,-0.7889701336462167,0.15519402176357744,-0.7507841262652164,-0.00551905525346103,-0.03340263055233771,0.00657044969363155,-0.03178594946084743,-0.4596651093664832,-0.2977950522508195,-0.01946084290289937,-0.01260774988360793,0.21165720538205096,0.2131962829014937,0.0995741480456812,0.15255707661476525,0.21242674414177232,0.8739343876697767,0.5431805659057745,22.414989590562108,8.466342817487856,22.414989590562108,16.0999306037474,19.77793199167245,47.32824427480916
"Weathers, Ryan",677960,2025,642,93.13664408024187,-0.04458487783088837,-0.17361712550968986,-0.41284822012056566,-0.44584877830888364,-0.06430657634276724,-0.06944685020387595,-0.2681131213948902,0.205390260189688,-0.08927944720602454,-0.2608459117093389,-0.04176216844157168,0.03199225236599501,-0.01390645595109416,-0.0406302043160964,-0.0313614306026011,-0.17506267945768172,-0.00488495803778833,-0.02726833013359528,0.18252549620763825,0.29552831458171597,0.10122975082669368,0.1719027558893165,0.2390269053946771,0.8634337466419949,0.551230326018336,22.345593337959752,35.11450381679389,22.345593337959752,31.228313671061763,44.205412907702986,31.64469118667592
"Rodriguez, Eduardo",593958,2023,2362,93.13067110300204,-0.1641762136881032,-0.17376821939892378,-1.5203488682816442,-1.641762136881032,-0.0643670138984608,-0.06950728775956952,1.4374093544474815,0.2249787437399391,-1.65221339011714,-1.530523576351925,0.06085560349057924,0.00952492564521334,-0.06994976249437511,-0.06479778053987828,0.8311940490937104,-1.5913684832345325,0.03519026456789629,-0.06737377151712669,0.2931548543746308,0.29276825611405616,0.1421998613840149,0.18714894101937105,0.2929615552443435,0.835325598798307,0.5641435770213252,22.276197085357392,8.327550312283137,22.276197085357392,60.37473976405274,88.89659958362247,6.731436502428869
"Wacha, Michael",608379,2025,2665,93.06420122874317,-0.18702933495046192,-0.17544965755202807,-1.733305051106072,-1.8702933495046192,-0.06503958915970251,-0.07017986302081122,-0.5795950869019748,0.4663152456100761,-1.0914696489143694,-0.5285555608998038,-0.02174840851414539,0.01749775780900848,-0.04095570915250917,-0.01983322930205643,-0.05663992064594936,-0.8100126049070866,-0.00212532535256845,-0.03039446922728279,0.19639655421088756,0.3470492550937396,0.11720672308420454,0.1535864486551193,0.2717229046523136,0.864603414130338,0.5681631593913258,22.20680083275503,6.106870229007633,22.20680083275503,68.77168632893824,73.9764052741152,33.37959750173491
"Frías, Luis",666818,2023,633,93.05546581205594,-0.04447980371434663,-0.17567063078335948,-0.4122601036026481,-0.4447980371434663,-0.06512797845223509,-0.0702682523133438,-0.167841138755648,0.2637698097314569,-0.3098913066098703,-0.19829746796858672,-0.02651518779710079,0.04166979616610694,-0.04895597260819435,-0.03132661421304687,0.04796433548790446,-0.2540943872892285,0.00757730418450307,-0.04014129341062061,0.19097882481890488,0.3170253435011344,0.12372226980030504,0.18878350016977644,0.2540020841600197,0.8437471150149592,0.5488745995874895,22.137404580152673,35.18390006939625,22.137404580152673,26.578764746703676,59.12560721721027,12.074947952810549
"France, J.P.",641585,2024,532,93.03163315751499,-0.03751100238026882,-0.17627350742607528,-0.34776376686158983,-0.3751100238026882,-0.0653691291093214,-0.07050940297043011,-0.5491285510920534,-0.01172981698982766,0.1209468813805188,0.09214771983977244,-0.10321965246091228,-0.00220485281763677,0.02273437619934563,0.01732099996988204,-0.2804291840409405,0.1065473006101456,-0.05271225263927454,0.02002768808461384,0.14889402298856733,0.2576730526317701,0.08677392082200851,0.11479306193537912,0.20328353781016872,0.8992165086213062,0.5512500232157375,22.068008327550313,37.404580152671755,22.068008327550313,31.297709923664126,14.295628036086052,78.83414295628036
"Williamson, Brandon",682227,2023,1937,93.01937259266434,-0.13681701485982029,-0.17658365366523013,-1.2686030439085272,-1.368170148598203,-0.06549318760498334,-0.07063346146609205,-0.24802258635168073,0.03817637370138982,-0.923519917406594,-0.13523691385164227,-0.01280447012657102,0.00197090210125915,-0.04767784808500743,-0.00698177149466403,-0.10492310632514544,-0.5293784156291181,-0.00541678401265593,-0.02732980978983573,0.20065294663550137,0.24875041787563193,0.12274426421809596,0.1401379254418368,0.22470168225556664,0.8685589051700336,0.5466302937128001,21.998612074947953,10.756419153365718,21.998612074947953,21.790423317140874,30.04857737682165,39.62526023594726
"Kochanowicz, Jack",686799,2024,859,93.01643593702107,-0.060699668191804626,-0.17665794002271423,-0.5628417294511223,-0.6069966819180462,-0.06552290214797699,-0.0706631760090857,0.16575493663589214,-0.1728422040987425,-0.942887054701032,0.38713259271276,0.01929626736157068,-0.02012132760171624,-0.1097656641095497,0.04506782220171827,-0.00354363373142518,-0.27787723099413597,-4.1253012007278096e-4,-0.03234892095391571,0.25841751978653,0.20103806104146651,0.16384269254229403,0.10837392483316638,0.22972779041399827,0.8638916913122698,0.546809740863134,21.929215822345594,28.036086051353227,21.929215822345594,22.20680083275503,35.18390006939625,32.33865371269952
"Nicolas, Kyle",693312,2024,925,93.00331526419589,-0.06548624219230889,-0.176989843762997,-0.6073148887078332,-0.6548624219230889,-0.06565566364409009,-0.0707959375051988,-0.6468749221396592,-0.23713544245674711,0.7285845561932547,-0.4518890803046816,-0.06993242401509829,-0.02563626404937806,0.07876589796683835,-0.04885287354645205,-0.4420051822982032,0.13834773794428656,-0.04778434403223818,0.01495651221019314,0.15470360285652343,0.2272718197697146,0.05006936477602978,0.1605778643946454,0.19098771131311904,0.8946763854146624,0.5428320483638908,21.859819569743234,26.301179736294237,21.859819569743234,15.197779319916723,9.16030534351145,74.39278278972935
"Birdsong, Hayden",806185,2025,1194,93.00074316353675,-0.08456142417956838,-0.1770549082486775,-0.7842393718940457,-0.8456142417956838,-0.06568168943836229,-0.070821963299471,-0.8182688055796348,0.4104472197223003,0.3940962473285481,-0.7705140333652594,-0.06853172576043842,0.03437581404709383,0.03300638587341274,-0.06453216359843043,-0.2039107929286672,-0.18820889301835564,-0.01707795585667229,-0.01576288886250885,0.1769100322265631,0.3118979478483643,0.07226698641759388,0.21075776842180471,0.2444039900374637,0.8584876225803006,0.5514458063088822,21.790423317140874,21.582234559333795,21.790423317140874,32.13046495489243,48.924358084663425,26.43997224149896
"Liberatore, Matthew",669461,2024,1377,92.99609358232836,-0.09758662687414946,-0.1771725251890876,-0.9050846976740274,-0.9758662687414945,-0.06572873621452632,-0.07086901007563504,-0.11434407166257188,0.5631352521913868,-0.6115406103656369,-0.7423352678372055,-0.00830385415123979,0.04089580625935998,-0.04441108281522418,-0.05390960550742232,0.22439559026440747,-0.6769379391014212,0.01629597605406009,-0.04916034416132325,0.2146800063828337,0.3370104976926856,0.12075009729509666,0.1540225376011664,0.27584525203775967,0.8626136825518684,0.569229467294814,21.721027064538514,17.487855655794586,21.721027064538514,70.57598889659958,77.16863289382373,30.950728660652327
"Allen, Logan",671106,2025,2632,92.98595994896557,-0.18679711228357426,-0.17742886805050748,-1.7326791148113614,-1.8679711228357427,-0.06583127335909428,-0.07097154722020299,-0.06838014292497974,-0.7731989074450212,-0.39672144777728136,-0.4943786166640791,-0.0025980297463898,-0.02937685818560111,-0.01507300333500309,-0.01878338209210027,-0.42078952518500046,-0.44555003222068024,-0.01598744396599545,-0.01692819271355168,0.22677882279667683,0.21517727281699484,0.1010571591390214,0.1491765466939364,0.22097804780683583,0.8748831470835211,0.5479305974451785,21.65163081193616,6.2456627342123525,21.65163081193616,24.149895905621097,26.78695350451076,48.64677307425399
"Pérez, Cionel",672335,2023,901,92.98139738913774,-0.06398695983713593,-0.17754428367684771,-0.5935557308827697,-0.6398695983713593,-0.06587743960963037,-0.07101771347073908,-0.9521512703965982,-0.12265142067099076,-0.21036072531774153,0.6916076855025608,-0.10567716652570458,-0.01361281028534858,-0.02334747228831759,0.07676000948974038,-0.5374013455337945,0.24062348009240964,-0.05964498840552658,0.02670626860071139,0.147086425179394,0.20497039967603953,0.09319655347947008,0.09543395729171184,0.17602841242771677,0.9056847446144091,0.540856578521063,21.582234559333795,27.203331020124917,21.582234559333795,12.352532963219986,4.788341429562804,83.34489937543373
"Ginn, J.T.",669372,2024,515,92.95972349945649,-0.03668706564548044,-0.1780925516770895,-0.3403982460700945,-0.3668706564548044,-0.06609674680972709,-0.0712370206708358,0.0149420947350336,0.19762735040103507,-0.8467718270358091,0.29380413582964593,0.00290137761845312,0.03837424279631749,-0.16442171398753574,0.05704934676303804,0.10628472256803434,-0.2764838456030816,0.02063781020738531,-0.05368618361224885,0.2576758459736723,0.30586793468819035,0.20670980249457907,0.10790180346849586,0.2817718903309313,0.8426941970184625,0.562233043674697,21.512838306731435,37.543372657876475,21.512838306731435,56.002775850104094,81.60999306037475,11.380985426786953
"Muller, Kyle",666205,2023,1452,92.94711867053049,-0.10362134489768002,-0.17841140650427004,-0.9615766725135018,-1.0362134489768002,-0.0662242887405993,-0.07136456260170801,-0.0898744325172629,0.2794317011930616,0.3907465307202074,-1.5418804719095078,-0.00618969920917788,0.0192446075201833,0.02691091809367819,-0.10619011514528293,0.09477863433789936,-0.5755669705946502,0.00652745415550271,-0.03963959852580236,0.21061681608219024,0.2645275998541518,0.07226059514036806,0.22952507137800615,0.23757220796817102,0.8491071667408129,0.543339687354492,21.44344205412908,16.238723108952115,21.44344205412908,16.30811936155448,42.19292158223456,16.863289382373353
"Smith-Shawver, AJ",700363,2025,711,92.93412449895297,-0.05083368735172563,-0.17874011023813513,-0.47178952636477334,-0.5083368735172563,-0.06635577023414534,-0.07149604409525405,-0.5127111132559321,0.12991022160076682,0.24645723424737295,-0.33544586895698103,-0.07211126768719157,0.01827147983133148,0.03466346473240126,-0.0471794471106865,-0.19140044582758264,-0.04449431735480402,-0.02691989392793005,-0.00625799118914261,0.15075627577374986,0.2459467310034489,0.07621675826650365,0.18726324593415825,0.1983515033885994,0.868259997899669,0.5333057506441342,21.374045801526716,32.33865371269952,21.374045801526716,5.551700208188757,12.144344205412908,39.27827897293546
"Leiter, Jack",683004,2025,2553,92.9303815348095,-0.18262609078737047,-0.17883479317212145,-1.695029716199599,-1.8262609078737047,-0.06639364340773987,-0.07153391726884858,-0.5690441943328324,0.16918800990333693,-0.4376776388750727,-0.8574958928950309,-0.02228923597073374,0.00662702741493681,-0.01714365996377096,-0.03358777488817199,-0.19992809221474772,-0.6475867658850518,-0.00783110427789846,-0.02536571742597148,0.20149370904855232,0.23560255315760956,0.08938959695158828,0.1672685918589998,0.21854813110308094,0.871670905594706,0.5451095183488934,21.30464954892436,6.59264399722415,21.30464954892436,18.806384455239417,24.63566967383761,44.205412907702986
"Lauer, Eric",641778,2025,1818,92.92945318112413,-0.1300657390586867,-0.17885827703339754,-1.2072072117919106,-1.300657390586867,-0.0664030369522503,-0.07154331081335902,-0.5340168942724404,0.12972092502604937,0.2464974315979589,-1.0494086741434785,-0.02937386657164138,0.007135364412874,0.01355871460934867,-0.0577232494028316,-0.2021479846231955,-0.4014556212727598,-0.01111925107938369,-0.02208226739674146,0.1881808158401182,0.25522695648823895,0.07686688989255759,0.17527515515591732,0.22170388616417858,0.8739289774757626,0.5478164318199705,21.235253296322,11.519777931991673,21.235253296322,23.73351839000694,27.61970853573907,47.2588480222068
"Hendricks, Kyle",543294,2024,2135,92.92225307781304,-0.15290051236301389,-0.17904041260306078,-1.4192602766954678,-1.529005123630139,-0.0664758911801156,-0.07161616504122431,-0.17187321352650997,0.18276675303468437,-1.0374255380841078,-0.3927282781195345,-0.0080502676124829,0.00856050365502034,-0.04859136009761628,-0.01839476712503674,0.00544676975408719,-0.7150769081018211,2.551180212687213e-4,-0.03349306361132651,0.23214907907462976,0.2512161468171385,0.12320153755485352,0.15461519527805115,0.2416826129458841,0.8610916335835477,0.5513871232647158,21.165857043719637,9.368494101318529,21.165857043719637,31.92227619708536,46.77307425399028,29.354614850798054
"Wrobleski, Justin",680736,2025,1171,92.90212189772441,-0.08410105879786246,-0.1795496558451376,-0.7808179810650415,-0.8410105879786246,-0.06667958847694633,-0.07181986233805504,0.08304566587958107,0.15622169429389032,-0.5683900684771572,-0.4516952727613557,0.00709185874291896,0.01334087910280873,-0.04853886152665732,-0.03857346479601671,0.1196336800867357,-0.5100426706192565,0.01021636892286385,-0.04355616316133701,0.2288340080853068,0.32134593186891,0.11453055615597596,0.1570749047132208,0.2750899699771084,0.8641972695654017,0.569643619771255,21.09646079111728,21.859819569743234,21.09646079111728,71.13115891741846,76.75225537820958,32.89382373351839
"Curry, Xzavion",675540,2023,1495,92.89090392334415,-0.10754039021993922,-0.1798334284614368,-0.9985568079758168,-1.0754039021993922,-0.066793097523466,-0.07193337138457472,-1.5684067491391716,-0.05424938209580432,1.1424719117497375,-0.5183725884905783,-0.10491015044409174,-0.00362872121042169,0.07641952586954766,-0.03467375173850022,-0.8113280656174879,0.3120496616295796,-0.05426943582725671,0.02087288706552371,0.1360666640904388,0.3745324000601786,0.04762753011235222,0.1568064365967713,0.2552995320753087,0.8977830166454382,0.5765412743603735,21.02706453851492,15.336571825121442,21.02706453851492,81.12421929215823,60.4441360166551,77.23802914642609
"Palmquist, Carson",687223,2025,705,92.81962447607806,-0.05122150167051873,-0.18163653074652034,-0.4759760859843709,-0.5122150167051873,-0.06751433843749942,-0.07265461229860813,-0.2237831624734099,-0.5316002118802317,0.5307554718237952,-0.2513481834545246,-0.03174229254941985,-0.07540428537308251,0.07528446408848159,-0.03565222460347866,-0.3776916871768208,0.13970364418463532,-0.05357328896125117,0.01981611974250146,0.18899224728705255,0.1635847186808537,0.0513959348045032,0.1559648189369778,0.1762884829839531,0.8963196231292595,0.5363040530566063,20.95766828591256,31.92227619708536,20.95766828591256,7.84177654406662,4.857737682165164,75.71131158917417
"Nicolas, Kyle",693312,2025,649,92.81549316215691,-0.047179973327526666,-0.1817410374712121,-0.43843935591667105,-0.47179973327526664,-0.06755614112737612,-0.07269641498848484,-0.7963637700977415,0.16131266656611842,0.4261995222955193,-0.22958777468056724,-0.12270628198732532,0.02485557266041886,0.06567018833521099,-0.03537562013568062,-0.31752555176581154,0.09830587380747602,-0.04892535466345324,0.01514728409976518,0.1376413666960348,0.29071924474721184,0.04759004267264931,0.13069748901234338,0.21418030572162333,0.9108562341575037,0.5625182699395636,20.8882720333102,34.073560027758504,20.8882720333102,56.34975711311589,21.09646079111728,86.25954198473282
"Gonsolin, Tony",664062,2025,609,92.7996950094503,-0.044369467551989526,-0.1821406713956877,-0.4123904077057432,-0.4436946755198953,-0.06771599469716637,-0.07285626855827508,-0.5177220672917429,0.06517375424118654,0.2800906043021314,-0.23993269895731828,-0.0850118337096458,0.0107017658852523,0.04599188904796902,-0.03939781592074191,-0.22627415652527816,0.02007895267240655,-0.03715503391219674,0.00329703656361355,0.15742594128560777,0.2533105675866878,0.06789858286423689,0.1692253365321876,0.20536825443614778,0.8814380403017877,0.5434031473689678,20.81887578070784,35.25329632199861,20.81887578070784,16.446911866759194,15.405968077723802,58.2234559333796
"Long, Sam",669674,2024,771,92.7951454286254,-0.05620767598369788,-0.18225575870200345,-0.5224452483678306,-0.5620767598369788,-0.06776202961969267,-0.07290230348080139,-0.8344679058479869,0.20139066389765503,0.60857082158509,-0.4979388280025887,-0.10823189440311114,0.02612070867673865,0.07893266168418807,-0.06458350557750826,-0.31653862097516594,0.05531599679125065,-0.04105559286318625,0.0071745780533399,0.14035128028231722,0.3124401592259662,0.05233973194771638,0.24843362767515215,0.2263957197541417,0.8496133201885657,0.5380045199713537,20.749479528105482,29.909784871616935,20.749479528105482,9.437890353920888,31.852879944482996,17.210270645385148
"Sandoval, Patrick",663776,2024,1444,92.7775256766627,-0.10552837036905842,-0.18270147224559977,-0.9810581491361744,-1.0552837036905842,-0.06794031503713119,-0.0730805888982399,-0.19286200899068717,-0.00395187732056001,-0.8606113430894311,0.07636708026450378,-0.01335609480544925,-2.736757147202227e-4,-0.05959912348264758,0.00528857896568585,-0.0984069431556236,-0.39212213141246366,-0.00681488526008473,-0.02715527225848086,0.1990139139464484,0.2225134415548572,0.13120245252195165,0.1332057051911742,0.2107636777506528,0.8677959211434371,0.539279799447045,20.680083275503122,15.82234559333796,20.680083275503122,10.687022900763358,18.25121443442054,38.44552394170715
"Irvin, Jake",663623,2023,2138,92.72163359227088,-0.15745543196574777,-0.18411533204601,-1.4646552645069733,-1.5745543196574776,-0.06850585895729529,-0.073646132818404,-1.5038571275269987,-0.9660005066507438,-0.02970156159699399,1.0349039312677633,-0.07033943533802614,-0.04518243716794872,-0.00138922177722142,0.04840523532590099,-1.2349288170888713,0.5026011848353846,-0.05776093625298743,0.02350800677433978,0.16504342292434157,0.18578540968519455,0.09232550584088416,0.11301705193789112,0.17541441630476806,0.8973287211106123,0.5363715687076902,20.610687022900763,8.813324080499653,20.610687022900763,7.91117279666898,4.580152671755725,76.68285912560722
"Armstrong, Shawn",542888,2025,1104,92.71147651262812,-0.08141879355332525,-0.1843722680102474,-0.7574393121066123,-0.8141879355332525,-0.06860863334299025,-0.07374890720409896,0.7722320932577986,-0.2284279881423572,-1.0944367550287095,-0.206806662193344,0.06994855917190204,-0.02069094095492366,-0.0991337640424556,-0.01873248751751304,0.2719020525577207,-0.6506217086110269,0.02462880910848919,-0.05893312577998431,0.33626740834448454,0.20392602547888003,0.1873638450757508,0.14687838237288045,0.2700967169116823,0.8328788862756844,0.5514878015936834,20.541290770298403,22.345593337959752,20.541290770298403,32.26925746009716,72.7966689798751,5.621096460791118
"Boyle, Joe",671212,2024,966,92.70707551200283,-0.0712844618018165,-0.18448359679559131,-0.6631895725198547,-0.7128446180181649,-0.06865316485712782,-0.07379343871823653,-0.9121526414572828,0.07908015143721059,0.6985732504958833,-0.5286903329956658,-0.0944257392812922,0.00818635108045658,0.0723160714799051,-0.05472984813619729,-0.41653624501003605,0.08494145875010872,-0.04311969410041781,0.0087931116718539,0.13878815282197848,0.2527093675477695,0.05038504133868964,0.1954380131521516,0.195748760184874,0.8770884727545794,0.5364186164697267,20.471894517696043,25.05204718945177,20.471894517696043,7.98056904927134,11.311589174184594,51.63081193615545
"Boyle, Joe",671212,2025,932,92.70234109432306,-0.0688201325260121,-0.1846033597800754,-0.6402939728745878,-0.688201325260121,-0.06870107005092144,-0.07384134391203015,-0.08581338656540538,0.1422569224196195,-0.4185633697123876,-0.2781741390164143,-0.00920744491045122,0.0152636182853669,-0.04491023280175833,-0.02984701062407879,0.02822176792710706,-0.34836875436440096,0.00302808668745784,-0.03737862171291856,0.2078589458596057,0.2453302388497355,0.11797502520561648,0.16045040664319102,0.2265945923546706,0.8607872840755962,0.5436909382151334,20.402498265093687,25.39902845246357,20.402498265093687,17.002081887578072,31.92227619708536,28.938237335183903
"Rodriguez, Eduardo",593958,2024,866,92.70198337220127,-0.06394973841044214,-0.18461240880612623,-0.59498261246722,-0.6394973841044215,-0.06870468966134179,-0.0738449635224505,0.2835114040087774,0.1357697214880318,-0.7170693444968492,-0.2971943934671799,0.03273803741440848,0.0156777969385718,-0.08280246472249991,-0.03431805929182215,0.2096405627484046,-0.5071318689820146,0.02420791717649013,-0.05856026200716103,0.2779212853447407,0.31548505907215596,0.1491320511218724,0.16968834235011218,0.29670317220844833,0.8405898032640078,0.5686464877362281,20.333102012491324,27.27272727272727,20.333102012491324,69.39625260235948,90.49271339347675,9.784871616932685
"Baumann, Mike",657508,2024,1067,92.69968572506235,-0.07881738248082784,-0.18467053064861255,-0.7333271027102484,-0.7881738248082784,-0.06872793839833631,-0.07386821225944502,-0.8415872755153941,0.3988905888681984,0.4850917146693945,-0.7757221307324471,-0.07887415890491041,0.03738431010948438,0.04546314101868739,-0.07270123062159767,-0.22134834332359787,-0.1453152080315263,-0.02074492439771301,-0.01361904480145513,0.171345769047361,0.3235284832073057,0.0747071447965411,0.20373182266074377,0.24743712612733337,0.8607805162713575,0.5541088211993455,20.263705759888968,23.108952116585705,20.263705759888968,37.543372657876475,51.28383067314365,28.868841082581543
"Little, Brendon",663893,2025,1336,92.6720609255989,-0.09906137225756054,-0.1853693343142974,-0.9219396637911929,-0.9906137225756053,-0.06900745986461024,-0.07414773372571895,1.0051959821778382,-1.786952926586764,-0.10071433004719664,-0.03946838933507024,0.07523922022289209,-0.13375396157086558,-0.0075384977580237,-0.00295422075861304,-0.3908784722044629,-0.07009135969113345,-0.02925737067398674,-0.00524635925831837,0.28814432867900275,0.17737249426623508,0.09255041416958744,0.13850941088815524,0.23275841147261891,0.8844700874711287,0.5586142494718738,20.194309507286608,17.210270645385148,20.194309507286608,48.022206800832755,37.265787647467036,62.526023594725885
"Glasnow, Tyler",607192,2024,2007,92.65072516309519,-0.14924778451068949,-0.18590904896697746,-1.389312548714443,-1.492477845106895,-0.06922334572568227,-0.07436361958679098,-1.2795220857912,0.584061121144714,0.5401357789575627,-1.2339873630255198,-0.06375296889841554,0.02910120185075804,0.02691259486584767,-0.06148417354387243,-0.347730482323243,-0.34692579203397855,-0.01732588352382874,-0.01728578933901238,0.17275333727199926,0.3557471200261733,0.0753609073048309,0.27199412777478366,0.2642502286490863,0.8263224824601927,0.5452863555546394,20.124913254684245,9.715475364330327,20.124913254684245,19.153365718251216,68.00832755031229,3.3310201249132545
"Cantillo, Joey",676282,2024,759,92.64378968805228,-0.05649525129619291,-0.18608449043541797,-0.5259378343561139,-0.564952512961929,-0.06929352231305848,-0.07443379617416719,-1.095554334334338,0.3138344454100661,0.6371029042966256,-0.3813208497284677,-0.1443418095302158,0.04134841177998236,0.08393977658717071,-0.05023990114999574,-0.3908599444621359,0.12789102728407897,-0.05149669887511671,0.01684993771858748,0.12953121160516856,0.32757229632531915,0.05711675874963352,0.206559719088126,0.22855175396524385,0.8681617610811202,0.548356757523182,20.05551700208189,29.770992366412212,20.05551700208189,25.32963219986121,33.934767522553784,39.20888272033311
"Webb, Logan",657277,2024,3194,92.56093756934911,-0.24041919962447428,-0.18818033784007066,-2.2400116491209303,-2.4041919962447427,-0.07013186127491955,-0.07527213513602826,2.7454098191910816,-1.893342176785609,-3.965592493710261,0.8735132021838581,0.08595522289264501,-0.0592780894422545,-0.12415756085504888,0.02734856612973882,0.4260338212027363,-1.5460396457632015,0.01333856672519525,-0.04840449736265502,0.3893850533763312,0.19793605656522947,0.152463391558896,0.15564124606080598,0.29366055497078036,0.845947681190149,0.5698041180804647,19.98612074947953,3.8861901457321304,19.98612074947953,71.4087439278279,89.382373351839007,14.434420541290772
"Morán, Jovani",663558,2023,748,92.55498015665546,-0.056348646571020546,-0.1883310380047478,-0.5250372172291122,-0.5634864657102054,-0.07019214134079041,-0.07533241520189912,0.02370522345199788,-0.35211433678068715,0.2706707180459489,-0.46729882194637185,0.00316914752032057,-0.04707410919527903,0.03618592487245305,-0.062473104538285,-0.16420455666434464,-0.09831405195021148,-0.02195248083747922,-0.01314358983291597,0.22247578101459584,0.23578742204041,0.07467658040574053,0.20957230259894177,0.22913160152750292,0.8578755584976588,0.5435035800125809,19.91672449687717,29.840388619014576,19.91672449687717,16.793893129770993,34.628730048577374,25.607217210270644
"Ramirez, Nick",598286,2023,654,92.54994516895256,-0.049300718560133024,-0.18845840428185406,-0.4593897945496792,-0.4930071856013302,-0.07024308785163291,-0.07538336171274163,-0.03663833713835629,-0.26085407279060746,-0.5886734452674318,0.4267760606467163,-0.00560219222299025,-0.03988594385177484,-0.09001123016321587,0.06525627838634807,-0.14874620496448188,-0.08094869231035773,-0.02274406803738255,-0.0123774758884339,0.2824554235130382,0.1721343359361417,0.16426472736962663,0.11348047633482504,0.22729487972458995,0.8611273981477742,0.5442111389361821,19.84732824427481,33.24080499653019,19.84732824427481,18.11242192921582,32.82442748091603,29.424011103400417
"Brazobán, Huascar",623211,2025,1011,92.50284658854964,-0.07669438779857789,-0.18964982146038054,-0.7149757092499698,-0.7669438779857789,-0.0707196547230435,-0.07585992858415222,0.9899097174802592,0.27498088517722863,-0.9538016741457797,-1.026064637761678,0.09791391864295344,0.02719890061100184,-0.09434240100353902,-0.10149007297345974,0.6324453013287439,-0.9899331559537288,0.06255640962697763,-0.0979162369884994,0.30378280543346553,0.3042088143187464,0.1582133184700748,0.2091481434665376,0.30399580987610597,0.8163192690316938,0.5601575394538999,19.77793199167245,23.73351839000694,19.77793199167245,51.70020818875781,93.82373351839,1.5267175572519083
"Black, Mason",696131,2024,663,92.48257668695463,-0.050431114581180214,-0.19016257383552115,-0.4702311301126514,-0.5043111458118021,-0.07092475567309975,-0.07606502953420846,0.16767710281283144,-0.27272455207457824,-0.47028437044978944,0.10510068959888486,0.02529066407433355,-0.04113492489812643,-0.07093278588986267,0.01585229104055578,-0.0525237246308734,-0.1825918404254523,-0.00792213041189644,-0.02754024742465343,0.24711550724722703,0.19385606409649148,0.13372849867039568,0.1186281882063992,0.22048578567185925,0.8738216565616026,0.5471537211167309,19.70853573907009,32.61623872310896,19.70853573907009,22.692574600971547,26.3705759888966,47.05065926439973
"Junk, Janson",676083,2025,1621,92.47965087616117,-0.12334940227100095,-0.19023658585903908,-1.1501701834214373,-1.2334940227100095,-0.07095436048250692,-0.07609463434361563,-0.624292409837949,0.20310588999245735,0.05472828838605892,-0.7837119519620046,-0.038512795178158483,0.01252966625493259,0.00337620532918315,-0.0483474368884642,-0.2105932599227458,-0.3644918317879728,-0.01299156446161294,-0.02248561577964052,0.1793736321789443,0.33572749298329385,0.09172918359406064,0.16098698948411425,0.2575505625811191,0.8736419134609126,0.5655962380210158,19.63913948646773,12.352532963219986,19.63913948646773,63.63636363636363,62.387231089521165,46.70367800138793
"Cleavinger, Garrett",664076,2024,1055,92.46366633534626,-0.08045047444448336,-0.19064093470256716,-0.7502748552101366,-0.8045047444448336,-0.07111610001991815,-0.07625637388102686,-0.1749172063412061,0.14744723048988817,-0.5440459301975125,-0.1787589491613062,-0.01657982998494844,0.01397604080472873,-0.05156833461587795,-0.01694397622382049,-0.01373498792565897,-0.3614024396794093,-0.00130189459010985,-0.03425615541984922,0.2132210440984448,0.2495831424608811,0.11344810481829136,0.11948554844718028,0.23140209327966293,0.8835331733672642,0.5574676333234636,19.56974323386537,22.623178348369187,19.56974323386537,45.52394170714781,36.15544760582928,61.41568355308813
"Garrett, Braxton",666129,2024,588,92.46181273533914,-0.04484977616257978,-0.19068782382049226,-0.41827295132247855,-0.4484977616257978,-0.07113485566708819,-0.0762751295281969,0.12368084026365976,-0.2810025331250472,-0.274356272387422,0.01340501392633086,0.02103415650742513,-0.04778954644983796,-0.04665922999786089,0.00227976427318552,-0.07866084643069371,-0.13047562923054556,-0.01337769497120641,-0.02218973286233768,0.2569584463688209,0.1775622669377211,0.1165818297554502,0.13333369754092644,0.217260356653271,0.8750422363518117,0.5461512965025414,19.50034698126301,35.04510756419153,19.50034698126301,20.95766828591256,23.525329632199863,48.78556557945871
"Schwellenbach, Spencer",680885,2025,1573,92.4255986204057,-0.12055717696652732,-0.1916039049054789,-1.1247152618300331,-1.2055717696652732,-0.07150128810108285,-0.07664156196219156,0.10290941515108898,0.4697074311379766,-0.7232597345805516,-0.9740723735385473,0.00654223872543477,0.02986061227832018,-0.04597963983347435,-0.06192449927136346,0.28630842314453275,-0.8486660540595494,0.01820142550187748,-0.05395206955241891,0.2190416023861441,0.33006863143537574,0.1099160887631406,0.19326485384919267,0.2745551169107599,0.8484095286938333,0.5614823228022966,19.430950728660655,12.838306731436502,19.430950728660655,54.753643303261626,76.12768910478835,16.446911866759194
"May, Dustin",669160,2025,2169,92.41618291179958,-0.16644219465268412,-0.19184208696713242,-1.552929406479393,-1.664421946526841,-0.07159656092574426,-0.07673683478685298,0.4027188782549729,-3.615501216550456,-1.018259537939457,2.678112469755547,0.01856702988727399,-0.1666897748524876,-0.04694603678835671,0.12347222082782604,-1.6063911691477415,0.829926465908045,-0.0740613724826068,0.03826309201973466,0.24955323921779393,0.1195205804588924,0.12072042301451448,0.07596065323644362,0.18453690983834317,0.901659461874521,0.5430981858564321,19.36155447605829,8.0499653018737,19.36155447605829,15.96113809854268,6.870229007633588,80.56904927133934
"Irvin, Cole",608344,2023,1267,92.39997005960677,-0.09743342065185442,-0.1922522112309677,-0.9092069366982968,-0.9743342065185442,-0.07176061063127837,-0.07690088449238708,0.08229901229697134,0.2306290204724064,-0.8254699266896068,-0.3966650427780678,0.00649558108105535,0.01820276404675662,-0.0651515332825262,-0.03130742247656415,0.15646401638468888,-0.6110674847338373,0.01234917256390599,-0.04822947787954517,0.2220630049060417,0.2681265261897841,0.130915015472345,0.1625554247381123,0.2450947655479129,0.8532647798947713,0.5491797727213421,19.29215822345593,17.557251908396946,19.29215822345593,27.550312283136712,49.41013185287994,20.95766828591256
"Faucher, Calvin",676534,2024,987,92.39290544943796,-0.07597172695268925,-0.1924309193330528,-0.7089827665177495,-0.7597172695268926,-0.07183209387211241,-0.07697236773322112,-0.3529509555646655,0.12111762414542682,0.31037268635566306,-0.7875221214541739,-0.03575997523451525,0.01227128917380211,0.0314460675132384,-0.07978947532463768,-0.11591666570961934,-0.2385747175492554,-0.01174434303035656,-0.02417170390569963,0.20166721889815423,0.2510216810023235,0.06612794681400688,0.19222174956203208,0.2263444499502389,0.8708251518119805,0.5485848008811097,19.222761970853576,24.011103400416378,19.222761970853576,25.815405968077727,31.783483691880637,42.40111034004164
"Hudson, Dakota",641712,2023,1316,92.38661938387789,-0.10137934082637667,-0.19258993318080675,-0.946147404251576,-1.0137934082637667,-0.07189569941121399,-0.0770359732723227,0.35693839049116605,0.3842185373769098,-1.6162116009645615,-0.0710927311550904,0.02712297800084848,0.02919593749064664,-0.1228124316842372,-0.00540218321847191,0.3705784639340379,-0.843652166059826,0.02815945774574756,-0.06410730745135455,0.26241272865962095,0.3168304913780022,0.155214175686915,0.13016967618798322,0.2896216100188116,0.8573080740625509,0.5734648420406813,19.153365718251216,16.724496877168633,19.153365718251216,77.44621790423317,86.8147120055517,25.190839694656486
"Lambert, Peter",663567,2024,1120,92.33606343083571,-0.08685322638763256,-0.19386880890096553,-0.8109611966319079,-0.8685322638763255,-0.07240724969927749,-0.0775475235603862,-0.6112404603841242,0.2958260745344887,-0.09515434216200448,-0.400392468620268,-0.05457504110572537,0.02641304236915077,-0.00849592340732182,-0.03574932755538107,-0.15770719292481772,-0.24777340539113624,-0.01408099936828729,-0.02212262548135144,0.17527807508021734,0.2930976777378797,0.09428759159894386,0.18313154440817153,0.23418787640904853,0.8612904319964423,0.5477391542027454,19.083969465648856,20.81887578070784,19.083969465648856,23.525329632199863,38.86190145732131,29.632199861207493
"Flexen, Chris",623167,2024,2797,92.33312370881214,-0.21698362175812452,-0.19394317282635368,-2.0260627576860344,-2.169836217581245,-0.07243699526943276,-0.07757726913054147,-2.077618348686997,0.5607906500026729,0.5681483628147106,-1.077383421816421,-0.07428024128305316,0.02004971934224787,0.0203127766469328,-0.03851924997556028,-0.7584138493421619,-0.25461752950085526,-0.02711526097040264,-0.00910323666431373,0.15516960085667997,0.3331405056809615,0.08591386193732964,0.16367102131146255,0.24415505326882073,0.8752075583756039,0.5596813058222123,19.014573213046496,4.9271339347675225,19.014573213046496,50.65926439972242,48.78556557945871,48.854961832061065
"VerHagen, Drew",572403,2023,1013,92.2873374075928,-0.07905508495842715,-0.1951013942705507,-0.7384798753712403,-0.7905508495842716,-0.07290028384711157,-0.07804055770822028,-0.2536556442850042,0.1447649545848435,-0.6609246245217264,0.03133543885064682,-0.02504004385834197,0.01429071614855316,-0.06524428672475088,0.00309333058742811,-0.05444534485008034,-0.3147945928355398,-0.0053746638548944,-0.03107547806866138,0.20040875839191585,0.24570393525963907,0.12104077148342572,0.12176499665241958,0.22305634682577746,0.8785971159320773,0.5508267313789275,18.945176960444137,22.970159611380986,18.945176960444137,30.53435114503817,28.73004857737682,53.99028452463567
"Hodge, Porter",687863,2025,609,92.28461484155484,-0.04754347654551218,-0.19517026496515671,-0.4441304976409697,-0.47543476545512176,-0.07292783212495398,-0.07806810598606269,-0.4655164306941515,0.11451461057367852,-0.11725766157587714,0.02412898405538044,-0.07643947958853063,0.01880371273787824,-0.0192541316216547,0.00396206634735311,-0.1755009100602365,-0.04656433876024835,-0.02881788342532619,-0.00764603263715079,0.16772764417693004,0.29645895078818146,0.10157615624106917,0.11234269436249326,0.23209329748255575,0.8930405746982188,0.5625669360903873,18.875780707841777,33.934767522553784,18.875780707841777,56.69673837612768,36.780013879250525,72.86606523247745
"Bender, Anthony",669622,2024,945,92.25178041760172,-0.07408832226870232,-0.19600085256270455,-0.6923076346995458,-0.7408832226870232,-0.07326006716397311,-0.07840034102508182,0.16748734501322815,-0.4438533947386531,-2.6744451736409474,2.2585035886668265,0.01772352857282837,-0.04696861319985748,-0.28301007128475636,0.2389950887478123,-0.1381830248627125,-0.2079707924870604,-0.01462254231351455,-0.022007491268472,0.3053987098655605,0.13875906178583802,0.2739631392513727,0.03717456666274282,0.22207888582569926,0.8444311470429422,0.5332550164343207,18.806384455239417,24.427480916030532,18.806384455239417,5.41290770298404,28.174878556557946,12.838306731436502
"Suter, Brent",608718,2024,1022,92.20778700018847,-0.08058008905519462,-0.19711372078080874,-0.7532672916914152,-0.8058008905519463,-0.07370521445121479,-0.0788454883123235,-0.0856371998259533,0.07277633000740025,-0.5936727889330768,-0.14673363293978525,-0.00837937375987801,0.00712097162499023,-0.05808931398562396,-0.01435749833070305,-0.00643043490927652,-0.37020321093643105,-6.292010674438873e-4,-0.03622340615816351,0.23857415812662428,0.328112627641828,0.13145112995310276,0.14111372833423896,0.28334339288422616,0.8637175708563292,0.5735304818702777,18.736988202637058,22.553782095766827,18.736988202637058,77.72380291464262,82.99791811242193,32.13046495489243
"Gray, Josiah",680686,2023,2786,92.2055495800081,-0.2197266036133539,-0.1971703191074604,-2.05405800636305,-2.1972660361335388,-0.07372785378187545,-0.07886812764298416,0.3821047100138912,0.9060384687554688,-2.092994646056382,-1.2492065390760274,0.01371517264945768,0.0325211223530319,-0.07512543596756578,-0.04483871281679926,0.64407158938468,-1.671100592566205,0.02311814750124479,-0.05998207439218252,0.23778657458503663,0.300789520051328,0.1361083653897587,0.16396216576392225,0.2692880473181823,0.8499647344231596,0.5596263908706709,18.667591950034698,4.718945176960444,18.667591950034698,50.38167938931297,72.1027064538515,17.765440666204025
"Mikolas, Miles",571945,2025,2483,92.18985023250096,-0.19622399494681456,-0.19756745363150882,-1.834606949496816,-1.9622399494681455,-0.07388670759149482,-0.07902698145260353,-0.4452457351942485,0.01517172264811961,-0.5964255501219498,-0.8081073868287376,-0.01793176541257545,6.110238682287399e-4,-0.02402036045597864,-0.03254560559116945,-0.21503700627306443,-0.7022664684753437,-0.00866037077217335,-0.02828298302357405,0.1956644706453688,0.22798843474706307,0.11827125314284556,0.1566780691234319,0.21182645269621592,0.8625253388668612,0.5371758957815386,18.598195697432338,5.621096460791118,18.598195697432338,8.813324080499653,19.36155447605829,30.811936155447604
"Alcala, Jorge",660896,2025,1058,92.18341028780631,-0.08367948837036111,-0.19773036004338634,-0.7824107862530809,-0.8367948837036111,-0.07395187015624582,-0.07909214401735454,-0.5184846302263395,-0.00367412117066123,0.18749838145697595,-0.4477504163130561,-0.04900610871704532,-3.472704320095688e-4,0.01772196422088619,-0.04232045522807714,-0.26107937569850037,-0.13012601742804009,-0.02467668957452744,-0.01229924550359547,0.17425909199480477,0.23221908616842013,0.09094603312668996,0.16715259381009134,0.20323908908161245,0.8709506865316093,0.5370948878066109,18.52879944482998,22.068008327550313,18.52879944482998,8.674531575294935,14.226231783483692,42.88688410825816
"Ashcraft, Graham",668933,2024,1342,92.18240107914232,-0.10615536133969714,-0.1977558892319246,-0.9925711381808924,-1.0615536133969714,-0.07396208183166113,-0.07910235569276984,0.02646648703398568,0.30589378114518695,-1.3100978409165691,-0.0148335654434959,0.00197216743919416,0.02279387340873226,-0.09762278993417058,-0.00110533274541698,0.16618013408958632,-0.6624657031800325,0.01238302042396321,-0.04936406133979378,0.23985534585624985,0.3333476473174696,0.16874621811574508,0.1348930254715074,0.28660149658685974,0.8481803782063737,0.5673909373966167,18.45940319222762,15.544760582928522,18.45940319222762,67.45315752949341,84.80222068008328,16.238723108952115
"Bassitt, Chris",605135,2025,2947,92.13951363150701,-0.2343935121344415,-0.19884078056874915,-2.192451250657541,-2.343935121344415,-0.07439603836639094,-0.07953631222749966,-1.4015028621411147,-1.990606919925085,-0.2514754842309799,1.4511340156396386,-0.0475569345823249,-0.06754689243044061,-0.0085332705880889,0.04924105923446348,-1.6960548910331,0.5998292657043294,-0.05755191350638276,0.02035389432318728,0.1878460179679577,0.16123472623944132,0.09286672761037436,0.10318257526261772,0.1745403721036995,0.9019753485635039,0.5382578603336017,18.390006939625263,4.163775156141568,18.390006939625263,9.646079111727966,4.510756419153366,80.84663428174879
"Civale, Aaron",650644,2025,1802,92.13123660944244,-0.14347535398579164,-0.19905015813789076,-1.3421258048807374,-1.4347535398579165,-0.07447978939404759,-0.0796200632551563,-0.6938896259637204,0.21113003568689237,0.06258966090260287,-0.9219558755065124,-0.0385066385107503,0.01171642817352344,0.00347334411224211,-0.05116292316906284,-0.241379795138414,-0.4296831073019547,-0.01339510516861343,-0.02384478952841036,0.1861462213338119,0.22091219522959105,0.10475338917842848,0.162499190127905,0.20352920828170146,0.8663737103468332,0.5349514593142674,18.3206106870229,10.201249132546844,18.3206106870229,6.870229007633588,14.50381679389313,36.50242886884108
"Feltner, Ryan",663372,2025,522,92.12872246745067,-0.041574952354482185,-0.19911375648698368,-0.3889172939898344,-0.41574952354482186,-0.07450522873368476,-0.07964550259479347,-0.17132289777873666,0.22883944419118052,-0.25101071090648475,-0.19542312949579357,-0.03282047850167369,0.04383897398298477,-0.04808634308553347,-0.03743738112946236,0.02875827320622193,-0.22321692020113915,0.00550924774065554,-0.04276186210749792,0.2256727467006983,0.28970734078068766,0.11448745705342722,0.17504118216743497,0.257690043740693,0.8552356803895689,0.556462862065131,18.25121443442054,36.15544760582928,18.25121443442054,42.33171408743927,62.526023594725885,22.692574600971547
"King, Michael",650633,2024,3112,92.10594121186186,-0.24857415766591165,-0.1996900366853403,-2.325776254101413,-2.4857415766591164,-0.0747357408130274,-0.07987601467413612,1.532108034415046,-1.3508168636381015,-3.118249363884388,0.6111819390060305,0.04923226331667885,-0.04340671155649427,-0.10020081503484538,0.01963952246163337,0.09064558538847224,-1.2535337124391788,0.00291277588009229,-0.040280646286606,0.28913048361879556,0.18376923553339908,0.1556169979041497,0.14044139212426432,0.23644985957609732,0.851970804985793,0.5442103322809452,18.181818181818183,3.5392088827203327,18.181818181818183,18.043025676613464,41.013185287994446,19.63913948646773
"Myers, Tobias",668964,2024,2217,92.09257589566296,-0.1773849447830825,-0.20002812898408034,-1.6598895763300447,-1.773849447830825,-0.07487097773252344,-0.08001125159363215,-0.06581923994008321,0.6532170457599022,-0.7482353479060748,-1.499052034243789,-0.00296884257736054,0.029464007476766,-0.03374990292765335,-0.06761623970427555,0.2936989029099095,-1.123643691074932,0.01324758244970273,-0.05068307131596445,0.21664363435787087,0.3426579205158289,0.11274394467438675,0.2079702517393827,0.27965077743684985,0.8396429017931153,0.5596468396149825,18.11242192921582,7.217210270645386,18.11242192921582,50.58986814712006,80.01387925052047,9.16030534351145
"Slaten, Justin",686580,2025,528,92.0824986882534,-0.04229977899434999,-0.20028304448082382,-0.3958571439568459,-0.4229977899434999,-0.07497294393122081,-0.08011321779232952,-0.46930294039111686,0.18317859349917853,0.2124553337480393,-0.32218813081294684,-0.08888313264983273,0.03469291543545048,0.04023775260379531,-0.06102047932063387,-0.14306217344596917,-0.05486639853245378,-0.02709510860719112,-0.01039136335841927,0.17306629658750616,0.3357174144675297,0.07358087920046463,0.25237026733825385,0.2543918555275179,0.8370244267306408,0.5457081411290794,18.043025676613464,35.80846634281748,18.043025676613464,20.05551700208189,59.541984732824424,7.772380291464261
"Hall, DL",669084,2024,782,92.01484341052372,-0.0631838698685663,-0.20199446888927844,-0.5916417570917929,-0.6318386986856631,-0.07565751369460266,-0.08079778755571138,-0.5208655637525226,-0.11670046151266432,0.3591028021226066,-0.3131785339492126,-0.06660684958472156,-0.01492333267425375,0.04592107444023102,-0.04004840587585839,-0.31878301263259345,0.022962134086697,-0.04076509112948765,0.00293633428218631,0.17818144576361933,0.2076247052855484,0.06155231286870694,0.1520361813982999,0.19290307552458386,0.8932057528664966,0.5430544141955402,17.973629424011104,27.550312283136712,17.973629424011104,15.891741845940318,9.854267869535045,72.93546148507981
"Contreras, Roansy",672710,2024,1106,92.0012649661442,-0.08951431019947698,-0.20233795253046333,-0.8382916730909074,-0.8951431019947698,-0.07579490715107662,-0.08093518101218533,-0.7240198292445257,0.3402961032043095,-0.20598231089803676,-0.2485856361526544,-0.06546291403657556,0.03076818292986523,-0.01862407874304129,-0.02247609730132499,-0.1918618630201081,-0.22728397352534557,-0.01734736555335516,-0.02055008802218314,0.17096800005026727,0.2684482695636172,0.0943033390036503,0.15188988258994146,0.21970813480694223,0.8769033892032041,0.5483057620050732,17.90423317140874,20.124913254684245,17.90423317140874,25.05204718945177,25.468424705065928,51.42262317834837
"Halvorsen, Seth",678020,2025,636,92.00050914127105,-0.051479639132272915,-0.2023570720608212,-0.48210424956607767,-0.5147963913227291,-0.07580255496321976,-0.08094282882432847,-0.08301215144831531,0.17206878888464416,-0.13715524573512994,-0.4340056412672766,-0.01305222507048982,0.02705484101959814,-0.02156529020992609,-0.06823988070240199,0.04452831871816443,-0.28558044350120326,0.00700130797455415,-0.04490258545616403,0.2290838835643894,0.3089003663779436,0.09967690510050611,0.2159648323457472,0.26899212497116654,0.8421791312768734,0.5555856281240199,17.834836918806385,31.783483691880637,17.834836918806385,40.73560027758501,71.96391394864678,10.82581540596808
"Ashcraft, Graham",668933,2023,2315,91.96727932244517,-0.1881610347004179,-0.20319766166351821,-1.762613007119512,-1.881610347004179,-0.07613879080429857,-0.08127906466540728,0.11018549476636964,0.186812980914965,-1.485683887885216,-0.5739275949156308,0.0047596326032989,0.00806967520151036,-0.06417640984385382,-0.02479168876525403,0.14849923784066732,-1.0298057414004234,0.00641465390240463,-0.04448404930455392,0.2482339711006589,0.262960095926093,0.15475592711892538,0.1563553730311985,0.2555970335133759,0.8444443499249381,0.550020691719157,17.765440666204025,5.898681471200555,17.765440666204025,29.07702984038862,60.58292852185983,12.907702984038863
"Sims, Lucas",608371,2024,885,91.95655548562533,-0.07202800279726647,-0.203468934455555,-0.6747886043018525,-0.7202800279726647,-0.07624729992111329,-0.081387573782222,-0.20486680749377228,-0.1784083030647707,-0.406620257832742,0.11510676408943256,-0.0231487918072059,-0.0201591302898046,-0.04594579184550757,0.0130064140214048,-0.1916375552792715,-0.14575674687165474,-0.02165396104850525,-0.01646968891205138,0.19048326613554417,0.18690804378221723,0.09622309407043922,0.1264789639475758,0.1886956549588807,0.8886489709909925,0.5386723129749366,17.696044413601665,24.77446217904233,17.696044413601665,10.062456627342122,8.466342817487856,68.28591256072171
"Law, Derek",571882,2024,1361,91.94767246203334,-0.11089081848004703,-0.20369364158715472,-1.0389490575507807,-1.1089081848004703,-0.07633718277375318,-0.08147745663486189,0.4662300551476619,0.48784926274311147,-0.9990874719801468,-0.9939409034614072,0.03425643314824848,0.03584491276584214,-0.07340833739751262,-0.07303019129033118,0.4770396589453867,-0.996514187720777,0.03505067295704531,-0.0732192643439219,0.25338294195584893,0.34436978372331983,0.12643186295141848,0.21864267334800985,0.2988763628395844,0.8274627318502858,0.5631695473449352,17.626648160999306,14.781401804302568,17.626648160999306,58.01526717557252,91.67244968771686,3.95558639833449
"Harris, Hogan",663687,2024,1213,91.93301787327907,-0.09901202147441598,-0.2040643476389447,-0.927768692808911,-0.9901202147441598,-0.07648546519446918,-0.08162573905557789,-1.0131359546239764,-0.5983788869939417,0.9804839995576912,-0.2967378507486842,-0.08352316196405413,-0.04933049356916254,0.08083132725125237,-0.02446313691250488,-0.8057574208089591,0.34187307440450354,-0.06642682776660834,0.02818409516937375,0.09609821003169638,0.17311635648826557,0.04392749513483456,0.1366243364275095,0.13460728325998098,0.909724084218828,0.5221656837394045,17.557251908396946,17.279666897987507,17.557251908396946,0.9715475364330326,0.5551700208188758,85.63497571131158
"Rogers, Tyler",643511,2024,1001,91.92949500962509,-0.08174304652804705,-0.20415346285726033,-0.7659763239307722,-0.8174304652804705,-0.07652111128179542,-0.08166138514290414,-0.5742853318440666,-0.6838363562187624,1.0400575883613783,-0.5479122242293215,-0.05737116202238427,-0.06831532030157467,0.10390185697915869,-0.05473648593699515,-0.6290608440314145,0.2460726820660284,-0.06284324116197948,0.02458268552108175,0.21087639975266995,0.3079669492823974,0.05620770841535668,0.16859983454801972,0.2594216745175337,0.8875962285183118,0.5735089515179227,17.487855655794586,22.276197085357392,17.487855655794586,77.65440666204026,64.33032616238722,67.03678001387925
"Dana, Caden",702674,2025,562,91.92154549303363,-0.04593890413666126,-0.20435455576806608,-0.4305007022671816,-0.4593890413666126,-0.07660154844611772,-0.08174182230722643,-0.5377471222352597,0.12696492481336463,-0.00314875226547428,-0.0165697525798123,-0.09568454132299994,0.02259162363227128,-5.602762038210473e-4,-0.00294835455156802,-0.20539109871094752,-0.00985925242264329,-0.03654645884536432,-0.00175431537769453,0.15431905326504253,0.2481076667579523,0.08811202487782421,0.13186373509878507,0.20121336001149742,0.8900121200116954,0.5456127400115964,17.418459403192227,34.559333795975014,17.418459403192227,19.70853573907009,13.39347675225538,70.0208188757807
"Schreiber, John",670167,2024,969,91.91674647322012,-0.07925487936104918,-0.20447595294388332,-0.7427395398963483,-0.7925487936104918,-0.07665010731644462,-0.08179038117755333,0.5947470747719308,-0.3134849962611952,-1.533530926913329,0.5095293085062451,0.06137740709720648,-0.03235139280301292,-0.15825912558445088,0.05258300397381271,0.1406310392553678,-0.512000809203542,0.01451300714709678,-0.05283806080531909,0.2864018021734537,0.22397202596721444,0.16894548124928793,0.10184728194154932,0.25518691407033406,0.8646036184045813,0.5598952662374577,17.34906315058987,22.900763358778626,17.34906315058987,51.14503816793893,60.37473976405274,33.448993754337266
"Gray, Sonny",543243,2025,2719,91.90589198705682,-0.22268667716058704,-0.20475053067358134,-2.0871027253223247,-2.2268667716058705,-0.07675993840832382,-0.08190021226943253,-0.3873448971086191,-0.0674072548008553,-0.9055184897885056,-0.7268320836243447,-0.01424585866526734,-0.00247911933802336,-0.03330336483223632,-0.02673159557279679,-0.2273760759547372,-0.8161752867064251,-0.00836248900164535,-0.03001748020251655,0.21581480288313531,0.22829632317125495,0.10596721138190782,0.15359134167145044,0.22205556302719515,0.8702207234733208,0.546138143250258,17.279666897987507,4.441360166551006,17.279666897987507,20.749479528105482,28.105482303955586,41.98473282442748
"Wilson, Bryse",669060,2023,1160,91.86938107214233,-0.09543279153304483,-0.20567411968328625,-0.8947007385415873,-0.9543279153304484,-0.07712937401220579,-0.0822696478733145,-0.03863352248708907,-0.12581600306384644,-1.193255547250601,0.4630043342599493,-0.00333047607647319,-0.01084620716067641,-0.10286685752160352,0.03991416674654735,-0.08222476277546775,-0.3651256064953259,-0.0070883416185748,-0.03147634538752809,0.22856284880260935,0.20788482406013847,0.1637625124037336,0.11550323165360428,0.2182238364313739,0.8603671279713311,0.5392954822013525,17.210270645385148,18.181818181818183,17.210270645385148,10.756419153365718,24.427480916030532,28.383067314365025
"Marsh, Alec",679525,2024,2158,91.82231729060527,-0.17856557156090377,-0.20686465658121383,-1.6747286056863118,-1.7856557156090378,-0.07760558877137681,-0.08274586263248553,0.06627350832110324,-0.548131713237126,-0.14199455828679677,-1.0508758424834923,0.0030710615533412,-0.02539998671163697,-0.00657991465647807,-0.04869674895660298,-0.24092910245801136,-0.5964352003851445,-0.01116446257914788,-0.02763833180654052,0.22652461685172448,0.20750777348269,0.0937414265806426,0.16828230429142751,0.21701619516720724,0.868988134563965,0.5430021648655861,17.14087439278279,7.0784177654406655,17.14087439278279,15.614156835530881,23.247744621790424,39.90284524635669
"Lively, Ben",594902,2024,2395,91.7883369174733,-0.19899981462839242,-0.2077242323887186,-1.8668885873103704,-1.9899981462839242,-0.07794941909437872,-0.08308969295548743,0.5972106117474141,-0.4688482824326457,-1.6199410152139535,-0.37530990141118536,0.02493572491638472,-0.01957612870282445,-0.0676384557500607,-0.0156705595578783,0.06418116465738422,-0.9976254583125694,0.00267979810678013,-0.0416545076539695,0.25491380286175414,0.23585048070693965,0.1294300335217934,0.15014330019213168,0.2453821417843469,0.8602133331430375,0.5527977374636922,17.071478140180428,5.41290770298404,17.071478140180428,35.11450381679389,49.68771686328938,28.313671061762662
"Chivilli, Angel",683409,2025,1022,91.7534836934509,-0.08527808703290238,-0.20860588804526023,-0.8002472714684927,-0.8527808703290238,-0.07830208135699537,-0.08344235521810409,0.861225694931818,0.5348447491360275,-1.444194139438423,-0.7521235760979152,0.08426865899528552,0.05233314570802618,-0.14131058115835843,-0.07359330490194865,0.6980352220339228,-1.0981588577681691,0.06830090235165584,-0.10745194303015354,0.31754388185327215,0.31812968497050964,0.1710404898791053,0.20344793528928168,0.3178367834118909,0.8127557874158065,0.5652962854138487,17.002081887578072,21.30464954892436,17.002081887578072,63.0117973629424,97.50173490631506,1.3879250520471893
"Tyler, Kyle",667725,2024,580,91.63072375917312,-0.04911701076265708,-0.21171125328731497,-0.4613565192321402,-0.49117010762657076,-0.07954422745381728,-0.084684501314926,-0.4883697440195647,0.07568426454236032,0.3070894748666433,-0.3557605146215792,-0.08420168000337322,0.01304901112799315,0.05294646118390402,-0.06133801976234124,-0.20634273973860215,-0.02433551987746796,-0.03557633443769003,-0.00419577928921861,0.15765387237741446,0.3694442923375591,0.06795237220015941,0.208840529250093,0.26354908235748675,0.8616035492748738,0.5625763158161803,16.932685634975712,33.448993754337266,16.932685634975712,56.76613462873005,67.59195003469813,29.770992366412212
"King, Michael",650633,2025,1238,91.55866748982811,-0.10574203989658229,-0.21353400625319524,-0.993783808565297,-1.0574203989658228,-0.08027332864016938,-0.0854136025012781,0.4386477409084932,-0.651417527364174,-1.010189907000722,0.22917588489110585,0.03543196614769735,-0.05261854017481212,-0.08159853852994524,0.01851178391689062,-0.1063848932278404,-0.3905070110548081,-0.00859328701355738,-0.03154337730652731,0.2748664354946566,0.1674848083181985,0.1408487049881871,0.1478732694758533,0.22117562190642756,0.8556390127679798,0.5384073173372037,16.863289382373353,15.68355308813324,16.863289382373353,9.784871616932685,26.925746009715475,23.108952116585705
"Diekman, Jake",518617,2023,989,91.54297693719641,-0.08463107127945196,-0.2139309182999291,-0.7954734043081544,-0.8463107127945196,-0.08043209345886293,-0.08557236731997164,0.5083619688629142,0.373077676759749,-1.1230434285416775,-0.5538696213891399,0.05140161464741297,0.0377227175692365,-0.11355343059066508,-0.05600299508484731,0.4407198228113316,-0.8384565249654088,0.04456216610832473,-0.0847782128377562,0.27646757176331466,0.20271275434902303,0.1980866947810584,0.1577276129072381,0.23959016305616884,0.8220928461558518,0.5308415046060103,16.793893129770993,21.44344205412908,16.793893129770993,3.95558639833449,44.829979181124216,2.5676613462873004
"Burke, Brock",656271,2025,1014,91.54002698744368,-0.08680064740869098,-0.21400554094844915,-0.8158840971352674,-0.8680064740869098,-0.08046194251827095,-0.08560221637937966,0.28599429919540853,0.17272289401262242,-0.5125191208478554,-0.7620821694954429,0.02820456599560242,0.01703381597757617,-0.05054429199682993,-0.07515603249461962,0.22935859660401547,-0.6373006451716492,0.02261919098658929,-0.06285016224572477,0.2476576585957656,0.3131392828114893,0.14039046016530807,0.20357814995570364,0.28039847070362744,0.8280156949394941,0.5542070828215608,16.724496877168633,20.8882720333102,16.724496877168633,37.89035392088827,80.6384455239417,4.163775156141568
"Meyer, Max",676974,2025,1025,91.51988351046946,-0.08795118905477295,-0.21451509525554377,-0.8268240834713652,-0.8795118905477295,-0.0806657642411088,-0.08580603810221751,0.3112521154903334,-0.07028085228830605,-0.8595442709320196,-0.20825107574137292,0.0303660600478374,-0.00685666851593229,-0.08385797765190435,-0.02031717812110955,0.12048563160101368,-0.5338976733366962,0.01175469576595255,-0.05208757788650695,0.255520802212496,0.2278621835065124,0.14484051478132606,0.15422335525455566,0.2416914928595042,0.8504680649820591,0.5460797789207816,16.655100624566273,20.471894517696043,16.655100624566273,20.541290770298403,46.84247050659264,18.181818181818183
"Quantrill, Cal",615698,2025,2003,91.51200668607495,-0.1720291366806349,-0.21471434932680342,-1.6173316813683414,-1.720291366806349,-0.08074546586961265,-0.08588573973072136,0.08436401771768942,0.514247604583943,-1.0178046158603138,-1.19813868780966,0.00421188306129253,0.02567386942505956,-0.05081400977834816,-0.05981720857761657,0.2993058111508162,-1.107971651834987,0.01494287624317604,-0.05531560917798237,0.22814346563542437,0.27416358075816594,0.12416348340665656,0.18370506832598743,0.2511535231967952,0.846065724133678,0.5486096236652366,16.585704371963914,7.702984038861901,16.585704371963914,25.954198473282442,55.517002081887576,14.781401804302568
"Romero, JoJo",668941,2023,547,91.5086600942006,-0.046998022410223175,-0.2147990055311845,-0.4418629260819671,-0.4699802241022318,-0.08077932835136509,-0.0859196022124738,0.2927474472967333,0.01983664219824277,-0.4570279116370557,-0.29741910393988746,0.05351872893907373,0.00362644281503524,-0.0835517205917835,-0.05437277951369058,0.15629204474748803,-0.3772235077884716,0.02857258587705449,-0.06896225005273704,0.2947333715756082,0.26412289084117424,0.15062567424191345,0.1613302611479445,0.2794281312083912,0.844022032305071,0.5617250817567311,16.516308119361554,34.21235253296322,16.516308119361554,55.100624566273424,79.94448299791812,12.421929215822345
"Domínguez, Seranthony",622554,2024,1094,91.41964502760153,-0.09498140923672947,-0.21705075236912585,-0.8935794963267654,-0.9498140923672947,-0.08168002708654162,-0.08682030094765034,0.33729516953985694,0.06376194799395307,-0.9181034833843568,-0.3765331304762185,0.03083136833088271,0.00582833162650393,-0.08392170780478582,-0.03441801923914246,0.200528558766905,-0.6473183069302877,0.01832984997869332,-0.05916986352196414,0.2595478244796535,0.2313955729326041,0.14821683368117564,0.15641449816085848,0.2454716987061288,0.8476843340789829,0.5465780163925559,16.446911866759194,18.25121443442054,16.446911866759194,21.65163081193616,49.75711311589174,15.891741845940318
"Ogasawara, Shinnosuke",829272,2025,674,91.40318021009911,-0.0586291707102379,-0.21746725040889428,-0.5516462612785062,-0.586291707102379,-0.081846626302449,-0.08698690016355771,-0.7363009435830463,0.02644940048139688,0.44775024564705745,-0.28954496382391426,-0.10924346343962112,0.003924243394866,0.06643178718799073,-0.04295919344568461,-0.3549257715508247,0.0791026409115716,-0.05265961002237755,0.01173629687115305,0.12318225785098467,0.24910058351235576,0.05164911913795914,0.1774792109908875,0.18614142068167022,0.8854358349355766,0.5357886278086235,16.377515614156835,29.07702984038862,16.377515614156835,7.286606523247745,7.356002775850104,63.56696738376127
"Curry, Xzavion",675540,2024,639,91.39731496229278,-0.055622552254254456,-0.21761561914810038,-0.5233791725700598,-0.5562255225425445,-0.08190597379813143,-0.08704624765924014,-0.564828195652467,-0.11636954863479332,0.39102824226529265,-0.23320967054809216,-0.08839251888145024,-0.01821119696945122,0.06119377813228367,-0.03649603607951364,-0.34059887214363016,0.07890928585860024,-0.05330185792545073,0.01234887102638501,0.1282519556657115,0.2935383184777367,0.05247686444297631,0.17434967247454178,0.21089513707172408,0.886586731541241,0.5487409343064825,16.30811936155448,30.11797362942401,16.30811936155448,26.231783483691878,18.3206106870229,65.64885496183206
"Voth, Austin",608723,2024,983,91.38783066582413,-0.0856607968436917,-0.2178555362250552,-0.8060790763822183,-0.856607968436917,-0.08200194062891336,-0.08714221449002207,-0.6973035779071779,0.05329598616208386,0.38757552283260566,-0.5496470074697299,-0.07093627445647792,0.00542176868383355,0.03942782531359162,-0.05591526016986063,-0.322003795872547,-0.08103574231856214,-0.03275725288632218,-0.0082437174281345,0.16849927552815294,0.25035583823474694,0.06910933331840254,0.15814433007558,0.20942755688144993,0.8863731683030087,0.5479003625922293,16.238723108952115,21.235253296322,16.238723108952115,24.011103400416378,17.557251908396946,64.81609993060374
"Pérez, Martín",527048,2024,2258,91.37376393886353,-0.1970885108124256,-0.21821137158151638,-1.8548177243404211,-1.970885108124256,-0.08214427477149784,-0.08728454863260655,0.6846367240866016,0.2651838866468097,-1.4766745543022353,-1.3279637807715972,0.0303204926521967,0.0117441933855983,-0.06539745590355338,-0.05881150490573947,0.4749103053667056,-1.4023191675369162,0.0210323430188975,-0.06210448040464642,0.27735321504771393,0.2690240595343696,0.14700364091550278,0.17254429295825585,0.27318863729104176,0.8402260330631207,0.5567073351770813,16.16932685634976,5.482303955586398,16.16932685634976,43.09507286606523,75.15614156835531,9.646079111727966
"Vásquez, Randy",681190,2023,669,91.31607924213404,-0.058783846603461774,-0.21967057774088855,-0.5534500339038004,-0.5878384660346178,-0.0827279572352467,-0.08786823109635541,-0.11024708759123314,0.0246468019013264,-0.6629933975370932,0.1951436493231995,-0.01647938529016937,0.00368412584474236,-0.09910215209822022,0.02916945430840052,-0.04280014284495337,-0.23392487410694685,-0.0063976297227135,-0.03496634889490984,0.2086455592720372,0.22319925864365775,0.1469859445856544,0.10961617454656994,0.21592240895784748,0.8716989404338878,0.5438106746958676,16.0999306037474,28.938237335183903,16.0999306037474,17.279666897987507,22.345593337959752,44.274809160305345
"Leiter Jr., Mark",643410,2024,1102,91.31442797371147,-0.09684920327597002,-0.21971234862969605,-0.9118462148102822,-0.9684920327597002,-0.0827446655907697,-0.08788493945187842,-1.3225860100685622,0.20025966108005375,0.4593682390527647,-0.2488881048745384,-0.12001687931656645,0.0181723830381174,0.04168495817175723,-0.02258512748407789,-0.5611631744942542,0.10524006708911315,-0.05092224813922452,0.00954991534383967,0.14798000459672336,0.22479984891364252,0.08152250042039252,0.1553809357082228,0.18638992675518296,0.8815482819356923,0.5339691043454377,16.030534351145036,17.973629424011104,16.030534351145036,5.968077723802915,7.702984038861901,58.50104094378904
"Falter, Bailey",663559,2023,1294,91.28378593567301,-0.11412431814611249,-0.2204874770983626,-1.074728037698378,-1.1412431814611248,-0.08305471697823633,-0.08819499083934504,-0.7639197703165337,0.2887221256023622,0.4188831614878836,-1.0184135544720905,-0.05903553093636272,0.02231237446695225,0.03237118713198483,-0.07870274764081069,-0.23759882235708576,-0.2997651964921033,-0.01836157823470523,-0.02316578025441293,0.17206424848750584,0.38115847732940905,0.07406221235739334,0.23205634249028256,0.27661136290845745,0.846940722576162,0.5617760427423097,15.96113809854268,14.50381679389313,15.96113809854268,55.17002081887578,78.00138792505204,15.197779319916723
"Bradley, Taj",671737,2025,2272,91.28314543993665,-0.20039374368853569,-0.2205036792347444,-1.887150414760967,-2.003937436885357,-0.08306119783278904,-0.08820147169389775,-1.6494384771244768,0.6836361213017881,0.06245643148758972,-0.983804490425868,-0.0725985245213238,0.03008961801504349,0.00274896265350306,-0.0433012539800118,-0.4829011779113443,-0.4606740294691392,-0.02125445325314015,-0.02027614566325436,0.16491312689947143,0.2991629486247903,0.09317546175084288,0.1941263733522884,0.2320380377621309,0.8563490824484343,0.5441935601052826,15.891741845940318,5.27411519777932,15.891741845940318,17.973629424011104,36.6412213740458,24.080499653018737
"Bellozo, Valente",678368,2025,1322,91.26866942275382,-0.1167959862494317,-0.22086986809650472,-1.1000054420504597,-1.167959862494317,-0.08320767337749317,-0.08834794723860188,-0.00380562704407338,-0.2796164258929821,-0.39058520302842226,-0.425998186084982,-2.8786891407514293e-4,-0.02115101557435568,-0.0295450229219684,-0.03222376596709395,-0.1417110264685277,-0.4082916945567021,-0.01071944224421541,-0.03088439444453117,0.2349333824039345,0.24170280869426375,0.1115884428651209,0.16086013450657166,0.2383180955490991,0.8637757113141538,0.5510469034316264,15.82234559333796,13.879250520471894,15.82234559333796,30.811936155447604,43.37265787647467,32.1998612074948
"Manning, Matt",666159,2023,1180,91.26153779449677,-0.10433572815012271,-0.22105027150449724,-0.9827020499401442,-1.043357281501227,-0.08327983474069019,-0.0884201086017989,-1.1964185472037343,-0.04751982138850508,0.47134126041015634,-0.21010494175806116,-0.1013914023054012,-0.00402710350750043,0.0399441746110302,-0.01780550353881874,-0.6219691842961197,0.1306181593260476,-0.05270925290645081,0.01106933553610572,0.1252102762035254,0.25684603793810457,0.07324040152081512,0.15298315037813967,0.191028157070815,0.8868882240505226,0.5389581905606688,15.7529493407356,15.96113809854268,15.7529493407356,10.201249132546844,9.22970159611381,66.34281748785565
"Manning, Matt",666159,2024,515,91.25685530457625,-0.045560756507813646,-0.22116872091171672,-0.42913515469342656,-0.45560756507813643,-0.08332721450357797,-0.08846748836468668,-0.22037506173842303,0.04559939761020359,-0.08546440274926681,-0.16889508781594031,-0.04279127412396563,0.00885425196314633,-0.0165950296600518,-0.03279516268270686,-0.08738783206410972,-0.12717974528260356,-0.01696851108040965,-0.02469509617137933,0.18049018931516905,0.2413339930076882,0.10511414381350528,0.16866339045535622,0.21091209116142862,0.8631112328655692,0.5370116620134989,15.68355308813324,34.767522553782094,15.68355308813324,8.535739070090214,18.390006939625263,31.57529493407356
"Alexander, Scott",518397,2024,566,91.25159547898345,-0.05010272180179938,-0.22130177474293009,-0.4719332679641184,-0.5010272180179938,-0.08338043603606332,-0.08852070989717203,-0.19216457985567104,0.06430651252776443,-0.4753686538583679,0.13129345322215613,-0.03395133919711502,0.01136157465154848,-0.08398739467462331,0.02319672318412652,-0.0639290336639533,-0.1720376003181059,-0.01129488227278326,-0.03039533574524838,0.2221910974994892,0.25744356219044356,0.14989232501987013,0.12605827190469832,0.2398173298449664,0.8620247015377158,0.5509210156913411,15.614156835530881,32.96321998612075,15.614156835530881,30.60374739764053,44.89937543372658,30.256766134628734
"Burnes, Corbin",669203,2024,3078,91.22417558210849,-0.27332073049975986,-0.22199539514275485,-2.574989675552672,-2.7332073049975985,-0.08365788419599324,-0.08879815805710195,-1.73715604553945,0.2213083219266991,0.25313296305694166,-1.3122749149968629,-0.05643781824364685,0.00719000396123129,0.00822394291932884,-0.04263401283290652,-0.7579238618063755,-0.5295709759699605,-0.02462390714120778,-0.01720503495678884,0.16844167605996838,0.26356391344509617,0.0906210518730662,0.1873020162578223,0.21600279475253226,0.8610384659345558,0.538520630343544,15.544760582928522,2.7758501040943786,15.544760582928522,9.854267869535045,22.414989590562108,29.215822345593338
"Holmes, Clay",605280,2024,1284,91.2192120456264,-0.11408132196019909,-0.22212095397235024,-1.074812103225355,-1.140813219601991,-0.08370810772783138,-0.0888483815889401,-1.1454350309877557,-0.6339924695216723,-0.8779467806893138,1.5825621779733865,-0.08920833574670992,-0.04937636055464738,-0.06837591749916773,0.12325250607269364,-0.8897137502547139,0.35230769864203637,-0.06929234815067865,0.02743829428676295,0.1694618165234412,0.15757824057540148,0.12616969077787105,0.06251995480628417,0.16352002854942133,0.9056551772079224,0.5345876028786719,15.475364330326164,14.57321304649549,15.475364330326164,6.662040249826509,2.2900763358778624,83.27550312283137
"Voth, Austin",608723,2023,660,91.18825031069233,-0.058846700766921244,-0.22290416957167136,-0.5545412001858949,-0.5884670076692124,-0.08402139396755984,-0.08916166782866855,-0.5310137840481275,-0.2797406019117261,0.3205861606811595,-0.06437297490720084,-0.08045663394668598,-0.04238493968359486,0.04857366070926659,-0.00975348104654558,-0.4053771929799268,0.12810659288697934,-0.06142078681514042,0.0194100898313605,0.1186958181176007,0.1855101809082129,0.06408963196113118,0.1142940130458226,0.1521029995129068,0.9108081774965231,0.531455588504715,15.405968077723802,28.868841082581543,15.405968077723802,4.510756419153366,1.31852879944483,86.1207494795281
"Kikuchi, Yusei",579328,2023,2826,91.18563601027202,-0.2520456288752897,-0.22297030155280403,-2.3751921494379644,-2.520456288752897,-0.0840478467600129,-0.08918812062112161,-0.4356169011226711,-0.2458207046897769,0.39853295791459686,-2.0922875015401132,-0.01541461079698057,-0.00869853873636861,0.01410236935295813,-0.07403706657962184,-0.340718802906224,-0.8468772718127582,-0.01205657476667459,-0.02996734861333185,0.21829303863040095,0.22864689277231667,0.07766398342788011,0.1882079149291968,0.2234699657013588,0.8670640508214615,0.5452670082614102,15.336571825121442,3.4004163775156147,15.336571825121442,19.014573213046496,29.215822345593338,37.404580152671755
"Assad, Javier",665871,2025,567,91.1340340901653,-0.05086571431532753,-0.22427563631096792,-0.4795117903607888,-0.5086571431532753,-0.08456998066327845,-0.08971025452438716,0.04252126804544787,-0.09587397548966692,-0.589544184516285,0.1633851015997152,0.00749934180695729,-0.01690899038618464,-0.10397604665190212,0.028815714567851,-0.02667635372210952,-0.2130795414582849,-0.00470482428961367,-0.03758016604202555,0.24154365939127945,0.24048168135833575,0.1545098550218587,0.1153853024169869,0.2410126703748076,0.8650524212805772,0.5530325458276925,15.267175572519085,32.1998612074948,15.267175572519085,35.60027758501041,46.14850798056905,34.489937543372655
"Estévez, Carlos",608032,2023,1120,91.1235857670933,-0.10059389295873515,-0.22453993964003388,-0.948367862342934,-1.0059389295873515,-0.08467570199490483,-0.08981597585601354,-0.7515511489200435,-0.01944893699692329,-0.00534395219983707,-0.17202382422613027,-0.06710278115357532,-0.00173651223186815,-4.771385892711675e-4,-0.0153592700201902,-0.3855000429584834,-0.08868388821298367,-0.03441964669272173,-0.00791820430473068,0.18414473453413863,0.26788056538394367,0.09099362338830556,0.14799724828276947,0.22601264995904113,0.8805045641644624,0.5532586070617518,15.197779319916723,16.932685634975712,15.197779319916723,35.87786259541985,31.57529493407356,56.76613462873005
"Stone, Gavin",694813,2023,547,91.1149584494658,-0.04917708942761457,-0.22475817837118175,-0.463653596255881,-0.4917708942761457,-0.08476299748736399,-0.0899032713484727,0.10382829409786608,0.31232458575686906,-0.7504446641187315,-0.12936181199188468,0.01898140659924425,0.05709773048571646,-0.13719280879684304,-0.02364932577548166,0.20807643992736757,-0.43990323805530807,0.03803956854248036,-0.08042106728616234,0.23611150151158736,0.35452438869565767,0.1585188949962427,0.16088417547926329,0.2953179451036225,0.840298464762247,0.5678082049329347,15.128383067314367,33.37959750173491,15.128383067314367,68.07772380291465,89.93754337265788,9.715475364330327
"Koenig, Jared",657649,2025,1143,91.11323735255843,-0.10277934439900871,-0.22480171565837423,-0.9690401137576146,-1.027793443990087,-0.08478041240224099,-0.0899206862633497,-0.5613428893917671,-0.2692509155049265,-0.6379504816893586,0.4995041728284378,-0.04911136390129197,-0.02355651054286321,-0.05581369043651432,0.0437011524784285,-0.4152969024483468,-0.06922315443046045,-0.03633393722207759,-0.0060562689790429,0.19114545100082772,0.21804051436289573,0.152134915658529,0.11416986936619691,0.2045929826818617,0.866847607487637,0.5357202950847494,15.058986814712005,16.516308119361554,15.058986814712005,7.217210270645386,14.920194309507288,37.12699514226232
"Bradley, Taj",671737,2023,1818,91.06714003345665,-0.1643237875682349,-0.22596780468679167,-1.5497876968873925,-1.643237875682349,-0.08524684801360795,-0.09038712187471666,-1.84577742430713,0.4078121685151927,0.6613075461505105,-0.7731299872459658,-0.10152791112800494,0.02243191245958156,0.03637555259353743,-0.04252640193872199,-0.7189826278959686,-0.05591122054772768,-0.03954799933421169,-0.00307542467259228,0.13996755887323264,0.30791449182620473,0.07645659542654415,0.21473781633011577,0.2239410253497187,0.8544027941216701,0.5391719097356944,14.989590562109644,8.258154059680777,14.989590562109644,10.47883414295628,29.562803608605137,21.582234559333795
"Faucher, Calvin",676534,2023,512,91.06387032201216,-0.0462951456983173,-0.22605051610506494,-0.4366332548142964,-0.462951456983173,-0.08527993258091726,-0.09042020644202597,-0.0770202251169394,0.11577244237287232,-0.08583819896739442,-0.3895472731028349,-0.01504301271815222,0.02261180515095162,-0.01676527323581922,-0.07608345177789744,0.01937610862796646,-0.23769273603511465,0.00378439621639969,-0.04642436250685833,0.19672951220198728,0.26973304930570396,0.097333642381417,0.189977872119972,0.23323128075384564,0.8563442427493055,0.5447877617515756,14.920194309507288,34.35114503816794,14.920194309507288,18.45940319222762,37.473976405274115,24.011103400416378
"Murphy, Chris",669684,2023,861,91.03459773159307,-0.07810682132736786,-0.22679100269270572,-0.7368104553295325,-0.7810682132736786,-0.08557612721597357,-0.09071640107708229,-0.7925130886924308,0.06599235701378348,-0.02615642103796744,0.01586669738708224,-0.09204565490039844,0.00766461753934767,-0.00303791185109958,0.00184282199617679,-0.3632603658393237,-0.0051448618254426,-0.04219051868052539,-5.975449274613941e-4,0.14608122560601788,0.25448696386717967,0.09433429368898102,0.12098022383957607,0.20028409473659878,0.8923427412357214,0.5463134179861601,14.850798056904926,23.38653712699514,14.850798056904926,21.165857043719637,12.907702984038863,72.44968771686328
"Fried, Max",608331,2025,3262,91.03432597442017,-0.2959258700771894,-0.22679787712844068,-2.791582967422528,-2.959258700771894,-0.08557887699026756,-0.09071915085137627,-1.6177715032106337,0.23781754185074533,-0.6537853032946259,-0.7578437027680138,-0.04959446668334253,0.00729054389487263,-0.02004246791215897,-0.02323248628963868,-0.6899769806799441,-0.7058145030313199,-0.02115196139423495,-0.02163747710089883,0.1682985731528668,0.22809011655878136,0.1081920285124146,0.15159063692661304,0.1981943448558241,0.8701086672804862,0.5341515060681552,14.781401804302568,2.428868841082582,14.781401804302568,6.106870229007633,12.074947952810549,41.7765440666204
"Barlow, Scott",605130,2023,1195,90.9799279860532,-0.10906714423362748,-0.22817394191135457,-1.0292451696960256,-1.0906714423362749,-0.08612930290343311,-0.09126957676454182,0.13942383016046733,-0.5944871958054136,0.12875995056896272,-0.702941754620042,0.01166726612221483,-0.04974788249417687,0.01077489126100106,-0.05882357779247214,-0.22753168282247316,-0.28709090202553966,-0.01904030818598101,-0.02402434326573553,0.221433606051726,0.1978287578740024,0.08128642424189447,0.165973225907768,0.20963118196286418,0.8763701749251688,0.5430006784440164,14.712005551700209,15.128383067314367,14.712005551700209,15.544760582928522,17.626648160999306,50.38167938931297
"Manaea, Sean",640455,2024,3321,90.92825227894396,-0.30484275063157285,-0.22948114320353272,-2.877719011388308,-3.0484275063157287,-0.08665218342030437,-0.09179245728141308,0.08540545675322164,-1.5533961701526096,-1.5825933300727115,0.17286503208379145,0.00257167891458059,-0.04677495242856398,-0.04765412014672423,0.00520521024040323,-0.733995356699694,-0.70486414899446,-0.02210163675699168,-0.02122445495316049,0.2616734794318816,0.16957357875672802,0.13204502709486776,0.1313644441194596,0.2156235290943048,0.8682952643928363,0.5419593967435705,14.642609299097847,2.2900763358778624,14.642609299097847,13.879250520471894,22.137404580152673,39.34767522553782
"Bellozo, Valente",678368,2024,1094,90.9115553467542,-0.10060577723324726,-0.22990351287305127,-0.9498231762919432,-1.0060577723324726,-0.08682113128811181,-0.09196140514922052,-0.15773206428502817,-0.32043096008055727,0.02592801606044759,-0.4975881679868053,-0.01441792178108118,-0.02928985009877123,0.00237001974958387,-0.04548337915784326,-0.23908151218279272,-0.23583007596317884,-0.02185388593992621,-0.02155667970412969,0.206370499476196,0.21462153178959767,0.09431416437008186,0.16735248806542907,0.21049601563289683,0.8691666737822445,0.5398313447075707,14.57321304649549,16.863289382373353,14.57321304649549,11.172796668979876,18.043025676613464,40.31922276197085
"Bird, Jake",656234,2024,684,90.8952645839216,-0.06301435034426783,-0.23031560798343506,-0.5949840302326947,-0.6301435034426783,-0.08698596933226531,-0.09212624319337402,0.04141032713050663,-0.36355341891430726,-0.6279551267913348,0.3551141883424407,0.00605414139334892,-0.05315108463659463,-0.09180630508645246,0.05191727899743285,-0.16107154589190031,-0.13642046922444706,-0.02354847162162285,-0.0199445130445098,0.2507367249768482,0.17532159900301053,0.16576985470559608,0.0919133494279858,0.21302916198992936,0.871158397933209,0.5420937799615692,14.50381679389313,27.61970853573907,14.50381679389313,14.156835530881331,20.402498265093687,43.44205412907703
"Liberatore, Matthew",669461,2025,2388,90.8739445463524,-0.2205126242208615,-0.23085492485433573,-2.0823765024053387,-2.205126242208615,-0.08720169608062557,-0.09234196994173428,-1.252568680523666,0.7002661411784175,-0.17770516941232015,-1.35236879364777,-0.05245262481254882,0.02932437777129051,-0.00744159000889113,-0.05663185903047612,-0.27615126967262427,-0.7650369815300451,-0.01156412352062915,-0.03203672451968363,0.17592555934512782,0.28472495298691386,0.10257723444319498,0.1655555029841577,0.23032525616602084,0.8659336312863237,0.5481294437261723,14.434420541290772,4.6495489243580845,14.434420541290772,24.84385843164469,35.60027758501041,36.01665510062457
"Freeland, Kyle",607536,2024,1768,90.8478564395125,-0.16372730614097505,-0.23151485596857335,-1.5463930195453486,-1.6372730614097506,-0.08746566852632062,-0.09260594238742934,1.201067334114441,0.5082802130718846,-1.7345401151960689,-1.5212004515356057,0.06793367274402948,0.02874888082985773,-0.09810747257896314,-0.08604074952124467,0.8546737735931629,-1.6278702833658372,0.0483412767869436,-0.09207411105010392,0.29203031417745623,0.31851522782964,0.16688839632334654,0.18534978985235304,0.3052727710035481,0.8238809069121502,0.5645768389578492,14.36502428868841,8.396946564885496,14.36502428868841,61.55447605829285,94.37890353920888,2.9840388619014573
"Schwellenbach, Spencer",680885,2024,1887,90.84579156869715,-0.1747868391126314,-0.23156708944439766,-1.6508714233671924,-1.747868391126314,-0.08748656191665036,-0.09262683577775907,0.29702105716705773,0.6300754593326019,-0.9833263809945548,-1.594641558872297,0.01574038458754943,0.03339032640872293,-0.05211056603044806,-0.08450670688247466,0.4635482582498298,-1.288983969933426,0.02456535549813618,-0.06830863645646137,0.2317067650617031,0.2956218438888842,0.11019192083227572,0.19888542423062935,0.26366430447529365,0.8454613274685474,0.5545628159719205,14.295628036086052,7.356002775850104,14.295628036086052,38.86190145732131,67.66134628730049,13.948646773074255
"Sabrowski, Erik",681870,2025,533,90.80928886886602,-0.04956696834116226,-0.2324904706433502,-0.4682720237319131,-0.4956696834116226,-0.08785591439623136,-0.09299618825734007,-0.5941280790646601,-0.02924923308455618,0.4334704740012967,-0.2783651855839935,-0.11146868275134336,-0.00548766099147395,0.08132654296459599,-0.05222611361801003,-0.31168865607460816,0.0775526442086516,-0.05847817187140866,0.01455021467329298,0.12442346408168524,0.2619651595220946,0.04753222162910098,0.12027482921692811,0.19319431180188992,0.9160964745769855,0.5546453931894377,14.226231783483692,33.10201249132547,14.226231783483692,39.20888272033311,9.993060374739764,89.52116585704371
"Davis, Noah",663562,2023,599,90.78860445204315,-0.05583008460375481,-0.2330137086968064,-0.5275106056095069,-0.5583008460375481,-0.08806520961761384,-0.09320548347872255,-0.06006778293118486,-0.0201365601769794,-0.6586709502023496,0.21136468770100691,-0.01002801050604087,-0.00336169618981292,-0.10996176130256252,0.03528625838080249,-0.04010217155408213,-0.22365313125067132,-0.0066948533479269,-0.03733775146088002,0.22589927629067144,0.20724073103251553,0.1895318057929727,0.10931696641256015,0.21657000366159349,0.8505756138972336,0.5335728087794135,14.156835530881331,29.979181124219288,14.156835530881331,5.829285218598196,22.970159611380986,18.25121443442054
"Estévez, Carlos",608032,2025,1043,90.78550092322612,-0.09724607264820291,-0.2330922163187989,-0.9188476701106651,-0.9724607264820291,-0.08809661266641085,-0.09323688652751956,-0.2556107974955921,-0.00871703235543464,-0.1528776779933878,-0.5016421622662506,-0.02450726725748726,-8.357653265038006e-4,-0.01465749549313401,-0.04809608458928577,-0.13216391492551338,-0.3272599201298192,-0.01267151629199553,-0.03137679004120989,0.20398751058350453,0.2629970161183981,0.0971710978230632,0.20043973169314525,0.2334922633509513,0.8511945852418958,0.5423434242964236,14.087439278278973,17.696044413601665,14.087439278278973,14.57321304649549,37.89035392088827,18.806384455239417
"Ottavino, Adam",493603,2024,1013,90.76989736711612,-0.09460890309605721,-0.23348692768029916,-0.8940180567475409,-0.9460890309605722,-0.08825449721101095,-0.09339477107211966,-0.15097332273660413,-0.939174330910646,-0.8632490258235066,1.0593786227232158,-0.01490358566007938,-0.09271217481842509,-0.08521708053539058,0.10457834380288408,-0.545073826823625,0.0980647984498546,-0.05380788023925222,0.00968063163374675,0.2070708249915749,0.12478849602250372,0.14991081910286702,0.08508916293408923,0.1659296605070393,0.8825000089815218,0.5242148347442805,14.018043025676613,18.45940319222762,14.018043025676613,1.31852879944483,2.7758501040943786,59.81956974323387
"Brito, Jhony",666745,2023,1442,90.66251049250369,-0.136242128188766,-0.23620341225514213,-1.2882985328104724,-1.36242128188766,-0.08934109104094815,-0.09448136490205686,-0.5871817964771253,0.5534066708796672,-1.0964281614731135,-0.15809524573990075,-0.04071995814681867,0.03837771642716139,-0.07603524004667916,-0.0109636092746117,-0.01688756279872905,-0.6272617036065071,-0.00117112085982864,-0.04349942466064543,0.21009671122067455,0.2696624756752853,0.13009623185283356,0.14008828599984724,0.23987959344797993,0.8649077410736596,0.5523936672608198,13.948646773074255,10.895211658570437,13.948646773074255,34.69812630117974,45.038167938931295,34.21235253296322
"Hudson, Dakota",641712,2024,1419,90.64260582613755,-0.13435485094265778,-0.23670692555084175,-1.270608023337445,-1.3435485094265778,-0.08954249635922798,-0.09468277022033669,0.45775543643986794,0.143350429759721,-1.885024166854464,0.01331027731743006,0.03225901595770739,0.01010221492316568,-0.13284173127938434,9.380040392833026e-4,0.3005529330997945,-0.935856944768517,0.02118061544043653,-0.06595186362005052,0.27455710433465214,0.26292848684935843,0.1531924401037639,0.12680190626473792,0.2687427955920053,0.8600028268157491,0.5643728112038773,13.879250520471894,10.964607911172797,13.879250520471894,61.1380985426787,71.54753643303262,27.89729354614851
"Rodriguez, Eduardo",593958,2025,2589,90.62849753049721,-0.24550328416158593,-0.23706381243876584,-2.3219511513517546,-2.4550328416158593,-0.08968525111439762,-0.09482552497550634,0.07963631891936984,0.3269101040464193,-1.824345995840531,-0.9041515784770128,0.00307594897332444,0.01262688698518421,-0.0704652760077455,-0.03492281106516078,0.20327321148289457,-1.3642487871587718,0.00785141797925432,-0.05269404353645315,0.25245747696522336,0.32710376794338936,0.13513137399236763,0.1686755751064447,0.28978062245430636,0.8480965254505939,0.5689385739524502,13.809854267869534,3.678001387925052,13.809854267869534,69.81263011797363,86.95350451075642,16.16932685634976
"Lynn, Lance",458681,2024,2036,90.58145040704511,-0.19403399892224601,-0.23825392794971267,-1.8356840134102868,-1.9403399892224602,-0.09016129731877635,-0.09530157117988507,0.3428696329067975,0.35876099223014535,-1.4983610053541838,-1.0389536331930458,0.01684035525082502,0.01762087388163778,-0.07359336961464558,-0.0510291568365936,0.3508153125684714,-1.2686573192736148,0.0172306145662314,-0.06231126322561958,0.27575327665441035,0.2909226664123896,0.14097909020702745,0.1682884678863185,0.2833379715334,0.845366220953327,0.5643520962433635,13.740458015267176,5.759888965995836,13.740458015267176,60.99930603747398,82.92852185981957,13.879250520471894
"Gomber, Austin",596295,2024,2695,90.53421849609498,-0.25812571788572647,-0.2394487178902843,-2.4427267983003844,-2.5812571788572645,-0.090639213295005,-0.09577948715611372,-1.703972117149419,0.1927489875060928,1.1983201428628265,-2.129823811519884,-0.06322716575693578,0.0071520960113578,0.04446456930845367,-0.07902871285788067,-0.7556115648216633,-0.46575183432852896,-0.02803753487278899,-0.0172820717747135,0.15619494939014314,0.25451416896922274,0.07468260374019456,0.20007544756065,0.20535455917968293,0.8626209743495777,0.5339877667646303,13.671061762664817,3.0534351145038165,13.671061762664817,6.037473976405274,15.336571825121442,31.020124913254683
"Winckowski, Josh",670174,2024,1256,90.53361719846806,-0.12030667765917227,-0.2394639284617283,-1.1385049368961973,-1.2030667765917227,-0.0906452975235826,-0.0957855713846913,0.12639483468592516,-0.04176062729175101,-1.8496440825909983,0.6265049383006271,0.01006328301639531,-0.00332489070794195,-0.1472646562572451,0.04988096642520917,0.04231710369708708,-0.6115695721451857,0.00336919615422667,-0.04869184491601797,0.25244793857844794,0.21711839571125335,0.1953854795161416,0.1099582861475106,0.23478316714485065,0.8473281171681739,0.5410556421565123,13.601665510062459,12.977099236641221,13.601665510062459,12.699514226231784,39.83344899375434,15.544760582928522
"Flexen, Chris",623167,2025,673,90.51708449605995,-0.06457627309336242,-0.23988214373463004,-0.6111686878483624,-0.6457627309336241,-0.0908125836327433,-0.09595285749385202,-0.6046272784515168,0.16513686260213944,0.22211906271093085,-0.393797334709916,-0.08984060601062656,0.02453742386361656,0.03300431838201052,-0.05851371986774382,-0.21974520792468863,-0.08583913599949256,-0.032651591073505,-0.01275470074286665,0.1278362476147742,0.3123099319279698,0.07194469361152506,0.2409620297825454,0.220073089771372,0.8435466383029648,0.5318098640371685,13.532269257460097,26.925746009715475,13.532269257460097,4.788341429562804,25.88480222068008,11.93615544760583
"Maeda, Kenta",628317,2024,2048,90.49209761330445,-0.19702924739855077,-0.24051421801580902,-1.865019665310001,-1.9702924739855077,-0.0910654133452149,-0.09620568720632361,0.32219634930987695,0.04959284797678265,-1.5853947328981235,-0.6514141296985372,0.01573224361864633,0.00242152578011634,-0.07741185219229119,-0.03180733055168638,0.1858945986433298,-1.1184044312983303,0.00907688469938133,-0.05460959137198878,0.23585858734940932,0.2441862339252845,0.13210715284996324,0.16563610706390386,0.24002241063734692,0.8511283700430665,0.5455753903402067,13.462873004857737,5.551700208188757,13.462873004857737,19.56974323386537,45.315752949340734,18.736988202637058
"Topa, Justin",623437,2025,980,90.45340511759618,-0.09466525318756543,-0.24149299282542197,-0.8962778480367888,-0.9466525318756542,-0.09145692326906008,-0.09659719713016879,0.4684337458479604,-0.283018881856151,-2.1028046552692103,1.0211119432406122,0.04779936182122045,-0.02887947774042357,-0.21457190359889905,0.10419509624904204,0.0927074319959047,-0.5408463560142991,0.00945994204039843,-0.05518840367492848,0.4018863146635072,0.19559859474643945,0.2092947909188115,0.07924190351370902,0.29874245470497335,0.8557316527837397,0.5772370537443565,13.39347675225538,18.3206106870229,13.39347675225538,82.09576682859125,91.6030534351145,23.317140874392784
"Borucki, Ryan",621366,2025,594,90.44955525358338,-0.05740187427007985,-0.2415903799245785,-0.5434855159658127,-0.5740187427007986,-0.09149587810872269,-0.0966361519698314,-0.03066242343811609,-0.09867889964289134,-0.8059341454486457,0.3917899525638404,-0.00516202414783099,-0.01661260936749012,-0.13567914906542855,0.06595790447202701,-0.06467066154050372,-0.20707209644240265,-0.01088731675766055,-0.03486062229670078,0.23069421270191692,0.20525183030759528,0.18314257888331756,0.1019102046902294,0.21797302150475611,0.8574736082132265,0.5377233148589913,13.324080499653018,29.701596113809853,13.324080499653018,9.16030534351145,24.219292158223457,25.32963219986121
"Crismatt, Nabil",622503,2025,534,90.42978119367949,-0.05171054988886614,-0.24209058936735084,-0.4896564364703409,-0.5171054988886614,-0.09169596188583162,-0.09683623574694034,-0.10507598505228088,-0.00809449627649883,-0.03061223316524319,-0.34587372197631794,-0.0196771507588541,-0.00151582327275259,-0.00573262793356614,-0.06477035992065878,-0.05658524066438986,-0.18824297757078057,-0.01059648701580334,-0.03525149392711246,0.1810761245666124,0.24349212226767175,0.09677368266177563,0.18742975318567923,0.2122841234171421,0.8578982820762726,0.5350912027467074,13.25468424705066,31.64469118667592,13.25468424705066,7.009021512838307,19.63913948646773,25.676613462873004
"Cantillo, Joey",676282,2025,1681,90.41810431819681,-0.16298032653587544,-0.24238597045787547,-1.543395261753517,-1.6298032653587544,-0.09181411432204148,-0.09695438818315019,-1.971993841348194,0.6033668200748252,0.5572448073183978,-0.7320130477985458,-0.11731075796241489,0.03589332659576592,0.03314960186308136,-0.04354628481847387,-0.6843135106366844,-0.08738412024007403,-0.04070871568332448,-0.00519834147769625,0.12386032807794688,0.29138056287001945,0.08087676085254855,0.18802066646500049,0.20762044547398317,0.8655512863412255,0.5365858659076044,13.1852879944483,8.535739070090214,13.1852879944483,8.188757807078417,16.724496877168633,35.39208882720333
"Kranick, Max",668820,2025,528,90.39654835902594,-0.0513070811107346,-0.24293125525916004,-0.485930165120692,-0.513070811107346,-0.0920322282425553,-0.09717250210366402,-0.06287096295784522,0.09176438064059766,-0.14986124257120537,-0.36496234023223906,-0.01190737934807674,0.01737961754556774,-0.02838281109303132,-0.06912165534701498,0.01444670884137622,-0.2574117914017222,0.00273611909874549,-0.04875223322002314,0.20303267306884415,0.29306095749085986,0.10897856667987244,0.2039897713372792,0.248046815279852,0.8435158309914241,0.5457813231356381,13.115891741845939,31.852879944482996,13.115891741845939,20.124913254684245,51.977793199167245,11.86675919500347
"Assad, Javier",665871,2024,2538,90.38319714881027,-0.24696667938859607,-0.24326899072950753,-2.3392066432910212,-2.4696667938859607,-0.0921673224306943,-0.09730759629180301,-0.5685083248385467,-0.6168371024168664,-1.3272183657664982,0.17335714973089011,-0.02239985519458419,-0.0243040623489703,-0.05229386783949954,0.00683046295235973,-0.5926727136277066,-0.576930608017804,-0.02335195877177725,-0.0227317024435699,0.2157143382184256,0.21284147151753735,0.130557351918879,0.13380917846558732,0.21427790486798148,0.8678167348077668,0.5410473198378741,13.046495489243581,3.608605135322693,13.046495489243581,12.630117973629423,21.235253296322,38.58431644691186
"Evans, Logan",688138,2025,1338,90.32035694491779,-0.13104832906514174,-0.244858611855646,-1.2417064263897828,-1.3104832906514174,-0.09280317088114969,-0.0979434447422584,0.01235499957465435,-0.335008603976803,-1.53191051155909,0.6128576895714559,9.233930922761104e-4,-0.02503801225536644,-0.11449256439156127,0.04580401267350194,-0.16132680220107432,-0.4595264109938171,-0.01205730958154516,-0.03434427585902967,0.2528144695328504,0.1835633522136121,0.17871618345186976,0.10540071112852592,0.21818891087323128,0.8579415527098022,0.5380652317915168,12.977099236641221,11.242192921582236,12.977099236641221,9.507286606523248,24.358084663428176,25.815405968077727
"Kahnle, Tommy",592454,2024,878,90.31901606845149,-0.08600625688502764,-0.24489253099381444,-0.8149309643497418,-0.8600625688502763,-0.09281673853641706,-0.09795701239752577,0.39489812564465865,-0.4507162494674049,0.093811623242118,-0.8529244637691136,0.0449770074766126,-0.05133442476849714,0.01068469513008177,-0.0971440163746143,-0.0279090619113731,-0.3795564202634978,-0.00317870864594226,-0.04322966062226626,0.21951418805280257,0.24496188655260204,0.0975078157425151,0.25740739975630134,0.23223803730270232,0.8225423922505918,0.527390214776647,12.907702984038863,21.02706453851492,12.907702984038863,2.5676613462873004,36.84941013185288,2.70645385149202
"Thornton, Trent",663423,2024,1138,90.31435616586039,-0.11152873818883494,-0.24501040902643875,-1.056791065348932,-1.1152873818883493,-0.0928638897494668,-0.09800416361057551,-0.5955571748203283,0.17965732419770575,-0.43926103050478105,-0.20163018422152845,-0.05233367089809563,0.01578711108942932,-0.03859938756632522,-0.01771794237447526,-0.2079499253113113,-0.32044560736315475,-0.01827327990433315,-0.02815866497040024,0.18304289240413332,0.2856631335867798,0.13160296267608296,0.13340448029143043,0.23435301299545658,0.8674962785162433,0.55092464575585,12.838306731436502,14.712005551700209,12.838306731436502,30.673143650242885,39.20888272033311,37.95975017349063
"Herz, DJ",687792,2024,1580,90.30205885234605,-0.1550431784370528,-0.24532148486875438,-1.46921545736501,-1.5504317843705278,-0.09298832008639304,-0.09812859394750176,-0.5081684039552101,0.5441401609505192,-0.18442768499198792,-1.3207595293683312,-0.03216255721235507,0.03443925069307083,-0.01167263829063214,-0.08359237527647666,0.01798587849765454,-0.7525936071801596,0.00113834674035788,-0.0476325067835544,0.19351804774185735,0.2988286113458458,0.09676767115453644,0.19955146986102712,0.24617332954385157,0.8518404294922182,0.5490068795180348,12.768910478834142,9.021512838306732,12.768910478834142,26.925746009715475,50.1734906315059,19.50034698126301
"Kershaw, Clayton",477132,2024,504,90.17391003448752,-0.05011033479467227,-0.24856316862436642,-0.4751963676867348,-0.5011033479467227,-0.09428499358863786,-0.09942526744974657,-0.47523545097192255,0.1265360032703029,0.147954915723858,-0.27445183570897314,-0.0942927482087148,0.02510634985521883,0.02935613407219405,-0.05445472930733593,-0.17434972385080982,-0.06324845999255757,-0.03459319917674798,-0.01254929761757094,0.1604949267564692,0.34522296976769085,0.07257749393338243,0.24552935482382257,0.25285894826208,0.8409465756213975,0.5469027619417388,12.699514226231784,32.82442748091603,12.699514226231784,22.48438584316447,57.807078417765446,10.131852879944484
"Medina, Luis",665622,2023,1882,90.13357312703377,-0.18788648957040688,-0.2495835408746106,-1.7821249416380027,-1.8788648957040688,-0.09469314248873552,-0.09983341634984423,-1.5054501558820448,0.4361470025901326,-0.2277563592691081,-0.48506542907698247,-0.07999203803836583,0.02317465476036836,-0.01210182567848608,-0.02577393353225199,-0.5346515766459561,-0.3564108941730453,-0.02840869163899873,-0.01893787960536903,0.16817965224284454,0.2665924700880314,0.09151928146209624,0.15672329416861033,0.21738606116543796,0.8758787121846467,0.5466323866750423,12.630117973629423,5.968077723802915,12.630117973629423,21.859819569743234,23.73351839000694,49.68771686328938
"Miller, Erik",669062,2024,1264,90.1024498010187,-0.12658749878774617,-0.2503708441213334,-1.2009019262730476,-1.2658749878774618,-0.09500806378742466,-0.10014833764853337,-0.14646613561944832,-1.1378865432448038,1.067655402528089,-0.9842046499368848,-0.01158751072938673,-0.09002266956050663,0.08446640842785516,-0.07786429192538646,-0.642176339432126,0.04172537629560224,-0.05080509014494668,0.00330105825123435,0.18699340772493905,0.1805209561550176,0.03932761462022359,0.2059888562496193,0.1837571819399783,0.8773417645650785,0.5305494732525284,12.560721721027065,12.005551700208189,12.560721721027065,3.678001387925052,6.800832755031229,51.977793199167245
"Bard, Daniel",453268,2023,921,90.0896425464559,-0.09235597152472491,-0.2506948195567994,-0.8762177929864379,-0.9235597152472491,-0.09513765396161106,-0.10027792782271977,0.13178531452001607,-0.4073373049586735,-0.5984042353504719,-0.00226156719730852,0.014308937515745501,-0.04422772040810786,-0.0649733154560773,-2.4555561317139224e-4,-0.1377759952193287,-0.30033290127389023,-0.01495939144618118,-0.03260943553462434,0.2598609601627912,0.18352776615811953,0.15507193384350412,0.12829139756406524,0.22169436316045538,0.8583183342962153,0.5400063487283353,12.491325468424705,19.083969465648856,12.491325468424705,11.450381679389313,27.550312283136712,26.162387231089525
"Quantrill, Cal",615698,2023,1707,90.08333147262674,-0.17128342939833893,-0.2508544660198285,-1.6250898191742635,-1.7128342939833894,-0.0952015125468227,-0.10034178640793141,0.03018231367104817,0.6895956152548024,-1.3297109802251723,-1.0151567678749416,0.00176814959994424,0.0403981028268777,-0.07789753838460296,-0.05947022658904169,0.3598889644629253,-1.172433874050057,0.02108312621341097,-0.06868388248682232,0.23278745722888097,0.28548836002285866,0.13885282544816416,0.18412942984496689,0.25913790862586983,0.8385088723534344,0.5488233904896521,12.421929215822345,7.84177654406662,12.421929215822345,26.43997224149896,63.84455239417072,8.605135322692574
"Jameson, Drey",686753,2023,673,90.02449159134547,-0.06793070706733156,-0.252342894009404,-0.6447130275880539,-0.6793070706733156,-0.09579688374265288,-0.1009371576037616,-0.1286581371168154,-0.10390372653910164,-0.4157567205249961,0.00360555659285921,-0.01911710804113155,-0.01543888953032713,-0.06177663009286718,5.35743921672989e-4,-0.11628093182795853,-0.20607558196606848,-0.01727799878572935,-0.03062044308559709,0.20998867562558535,0.21008650679512944,0.1284079714654432,0.14045256120443378,0.2100375912103574,0.8655697336650615,0.5378036624377095,12.352532963219986,25.676613462873004,12.352532963219986,9.22970159611381,17.765440666204025,35.53088133240805
"Bassitt, Chris",605135,2023,3123,89.9841664032835,-0.3165010218779762,-0.2533629698030549,-3.0044794660973366,-3.165010218779762,-0.09620491406011324,-0.10134518792122195,-1.4448822915331905,-1.1186723192440695,-0.982241066548454,0.5413162112283771,-0.04626584346888217,-0.03582043929696028,-0.03145184330926846,0.01733321201499766,-1.28177730538863,-0.22046242766003843,-0.04104314138292123,-0.00705931564713539,0.18149598103807263,0.1669017998935344,0.11522187536233204,0.12172205614938077,0.1741988904658035,0.8815280342441436,0.5278634623549736,12.283136710617628,1.8736988202637055,12.283136710617628,2.63705759888966,4.371963913948647,58.431644691186676
"King, John",667463,2024,850,89.97762178526078,-0.08619969817937045,-0.2535285240569719,-0.8183046539742804,-0.8619969817937045,-0.09627113576168006,-0.10141140962278877,0.7244772162237041,0.4803412325372846,-1.4606143499013342,-0.562508752833935,0.08523261367337695,0.05651073323968055,-0.17183698234133343,-0.06617750033340411,0.6024092243804944,-1.0115615513676346,0.07087167345652874,-0.1190072413373688,0.339575974056566,0.32694422413835794,0.17359490411393447,0.20510567695361337,0.33326009909746196,0.810649709466226,0.571954904281844,12.213740458015266,20.95766828591256,12.213740458015266,74.73976405274115,99.09784871616932,1.2491325468424705
"Kikuchi, Yusei",579328,2025,3094,89.97201192454875,-0.3139425272149028,-0.2536704324619447,-2.9803851988863244,-3.139425272149028,-0.09632789912366918,-0.1014681729847779,-0.6804147870275301,0.2263906190155467,-0.4615597582683222,-2.0648012726060188,-0.02199142815215029,0.00731708529462012,-0.01491789781087014,-0.06673565845526887,-0.2270120840059917,-1.2631805154371705,-0.00733717142876508,-0.04082677813306951,0.19657949174934844,0.2311235978909712,0.0982499197627704,0.18554288512712516,0.21385154482015983,0.8581035975550522,0.535977571187606,12.144344205412908,2.012491325468425,12.144344205412908,7.425399028452463,20.8882720333102,25.88480222068008
"Ramírez, Yohan",670990,2023,711,89.94969720963056,-0.0723044086695429,-0.2542349109336951,-0.686496739542946,-0.723044086695429,-0.09655369051236934,-0.10169396437347805,0.6842736115463595,-0.9337648493210507,-1.7471720455153277,1.3101665437470729,0.09624101428218838,-0.13133120243615343,-0.2457344649107352,0.1842709625523309,-0.1247456188873457,-0.2185027508841273,-0.01754509407698251,-0.03073175117920215,0.309441959111598,0.11623955551895249,0.20153208064107475,0.04133504876332628,0.21284075731527524,0.8785664352977995,0.5457035963065374,12.074947952810549,24.70506592643997,12.074947952810549,19.98612074947953,20.263705759888968,53.78209576682858
"Miller, Bobby",676272,2024,1098,89.94456704842294,-0.11171696953912216,-0.2543646847429922,-1.060729488396248,-1.1171696953912216,-0.09660560003608816,-0.10174587389719687,-0.9881888136645784,-0.04316076441227778,0.1096723147958869,-0.13905222511527882,-0.08999898120806726,-0.00393085286086318,0.00998837111073651,-0.01266413707789424,-0.5156747890384281,-0.01468995515969595,-0.04696491703446522,-0.00133788298357886,0.15601318591299848,0.22533359041131704,0.08949770152529726,0.14225146764041963,0.19067338816215776,0.8841254154171415,0.5373994017896496,12.005551700208189,14.642609299097847,12.005551700208189,8.95211658570437,9.021512838306732,62.04024982650937
"Lamet, Dinelson",659275,2023,603,89.9088871496324,-0.06157046122246758,-0.25526725216611756,-0.5847087608421901,-0.6157046122246758,-0.09696662700533833,-0.10210690086644704,-0.14183810689519305,0.17848957672322285,-0.4632672675516005,-0.15809296311861942,-0.02352207411197231,0.02960026147980478,-0.07682707587920407,-0.02621773849396673,0.018325734914014902,-0.31068011533511,0.00303909368391623,-0.0515224071865854,0.20136820018786095,0.32411638990131486,0.14069834807797318,0.1656697951374188,0.2627422950445879,0.846815928392304,0.554779111718446,11.93615544760583,27.82789729354615,11.93615544760583,39.48646773074254,66.82859125607217,15.058986814712005
"Vásquez, Randy",681190,2025,2147,89.88984392937236,-0.21963721896651553,-0.2557489741109869,-2.086010509867151,-2.1963721896651554,-0.09715931578328604,-0.10229958964439476,-0.17673947505727483,0.09907739252776082,-2.2109429989114915,0.2025945715738544,-0.00823192711025965,0.00461468991745509,-0.10297824866844396,0.00943617007796248,-0.038831041264757,-1.0041742136688183,-0.00180861859640228,-0.04677103929524073,0.2270913729676872,0.24740961942082304,0.16692481593782538,0.11635829629420737,0.23725049619425512,0.8583584438839836,0.5478044700391194,11.86675919500347,4.788341429562804,11.86675919500347,23.59472588480222,41.63775156141568,26.301179736294237
"Blalock, Bradley",687134,2025,1033,89.85867530082173,-0.10600126332479028,-0.2565374233416996,-1.0069136042626496,-1.0600126332479027,-0.09747469547557112,-0.10261496933667984,-0.7138068339439769,0.41254731862045446,-0.07296236837373726,-0.6326917205653899,-0.06910037114656117,0.03993681690420662,-0.00706315279513429,-0.06124798843808227,-0.15062975766176123,-0.3528270444695636,-0.01458177712117727,-0.03415557061660829,0.16189325481270234,0.33927692242668833,0.0919787488184129,0.2241590822036723,0.2505850886196953,0.8419310844889574,0.5462580865543263,11.79736294240111,15.614156835530881,11.79736294240111,21.09646079111728,54.684247050659266,10.687022900763358
"Thornton, Trent",663423,2025,634,89.83282115943553,-0.06522374817181888,-0.25719143600874944,-0.6196481454387595,-0.6522374817181887,-0.09773630054239107,-0.10287657440349979,-0.5879878752784862,0.06850281557944982,0.05972969947538331,-0.1598927852151064,-0.09274256707862558,0.0108048605014905,0.00942108824532859,-0.0252196822105846,-0.2597425298495182,-0.05008154286986155,-0.04096885328856754,-0.007899296982628,0.1412908694687423,0.2678651591573257,0.09321648933065592,0.15009139651468603,0.20457801431303402,0.878346057077329,0.5414620356951816,11.72796668979875,26.648160999306036,11.72796668979875,13.25468424705066,14.850798056904926,53.15752949340735
"Holderman, Colin",670059,2024,862,89.80485132062901,-0.08892356412289351,-0.25789896787382105,-0.844926480546178,-0.8892356412289352,-0.09801931328841972,-0.10315958714952843,0.2733338093959219,-0.17810764447222027,-0.9829249103827352,0.04277226491285546,0.03170925863061739,-0.02066213972995594,-0.11402841187734748,0.00496197968826629,0.04761308246185081,-0.4700763227349398,0.00552355945033072,-0.05453321609454058,0.2620200858665842,0.20862985562356695,0.2460214463368307,0.1239376522923753,0.23532497074507558,0.815020450685397,0.5251727107152363,11.658570437196392,20.263705759888968,11.658570437196392,1.6655100624566272,40.458015267175576,1.457321304649549
"Peguero, Elvis",665625,2023,937,89.78629751592119,-0.09683644237942354,-0.2583683094434993,-0.9202000577156468,-0.9683644237942355,-0.09820704991629102,-0.10334732377739973,1.4072199757206365,-0.17452653461077716,-3.463062836154677,1.310169337329171,0.15018356197658872,-0.01862609761054185,-0.36959048411469336,0.1398259698323555,0.6163467205549296,-1.076446749412753,0.06577873218302344,-0.11488225714116893,0.33762265037915445,0.23199360829849724,0.2318590986574604,0.04410615763912943,0.2848081293388258,0.862017371851705,0.5734127505952654,11.589174184594032,18.043025676613464,11.589174184594032,77.23802914642609,83.76127689104788,30.11797362942401
"Sánchez, Cristopher",650911,2023,1493,89.7678989866346,-0.15457549945218846,-0.2588337231282459,-1.4690107057755313,-1.5457549945218845,-0.09839321539018964,-0.10353348925129835,0.5411548698925799,0.2375268113059974,-0.9046688743552522,-1.3430235126188563,0.03624613997940924,0.01590936445452092,-0.06059403043236787,-0.08995468939175193,0.38934084059928864,-1.1238461934870545,0.02607775221696508,-0.0752743599120599,0.2575784458196055,0.23879759232065764,0.12090862621160224,0.17619647672013417,0.24818801907013155,0.8514474485341318,0.5498177338021317,11.519777931991673,9.16030534351145,11.519777931991673,28.66065232477446,52.116585704371964,19.222761970853576
"Kauffmann, Karl",666154,2023,581,89.75600398767152,-0.060222886135030095,-0.2591346219235374,-0.5723638702172593,-0.602228861350301,-0.09851357490830626,-0.10365384876941497,0.38808660675931606,0.18513679621719348,-0.887890902122308,-0.2576963710714608,0.06679631785874632,0.03186519728351007,-0.1528211535494506,-0.04435393650111201,0.28661170148825477,-0.5727936365968844,0.04933075757112818,-0.0985875450252813,0.31141743117944,0.2717157585270732,0.17803041364785063,0.17276510131798556,0.2915665948532566,0.8246022425170819,0.5580844186851692,11.450381679389313,28.452463566967385,11.450381679389313,46.63428174878557,88.27203331020125,3.0534351145038165
"Smith-Shawver, AJ",700363,2023,507,89.73452266138462,-0.05266270221125772,-0.2596780187931841,-0.500565833636756,-0.5266270221125772,-0.09873093365616492,-0.10387120751727363,-0.5313912492142663,0.09339564466745288,0.0943451327193543,-0.15691536180929688,-0.10481089728092036,0.01842123168983291,0.01860850743971485,-0.03094977550479228,-0.2189978022734067,-0.03128511454497129,-0.04319483279554373,-0.00617063403253871,0.1332049460076828,0.2609092700666042,0.07660334855273508,0.18385554077961908,0.1970571080371435,0.8697705553338229,0.5334138316854832,11.380985426786953,31.5058986814712,11.380985426786953,5.690492713393477,11.72796668979875,41.360166551006245
"May, Dustin",669160,2023,721,89.72463855322681,-0.07496324950583769,-0.25992804960415283,-0.7125711205197831,-0.7496324950583769,-0.09883094598055243,-0.10397121984166115,-0.1137937103699187,-0.03129700121098722,-0.8269150289612526,0.2594346200223754,-0.01578276149374739,-0.00434077686698851,-0.1146900178864428,0.03598261026662627,-0.07254535579045296,-0.2837402044694386,-0.01006176918036795,-0.03935370380990826,0.22082554834426424,0.21280731136281583,0.17908336418564166,0.11527589526204284,0.21681642985354005,0.8528203702761578,0.5348184000648489,11.311589174184594,24.288688410825817,11.311589174184594,6.800832755031229,23.108952116585705,20.610687022900763
"Kelly, Joe",523260,2024,559,89.70642816765886,-0.05822291420534413,-0.2603887039594997,-0.5534950111698436,-0.5822291420534413,-0.09901520772269116,-0.10415548158379988,0.0495424473492676,-0.4751476614706007,-0.1464073330134852,0.01851753596497474,0.00886269183350046,-0.08499958165842589,-0.02619093613836944,0.00331261824060371,-0.21280260706066656,-0.06394489852425522,-0.03806844491246271,-0.01143915894888286,0.22818105028402977,0.16250237601414885,0.09581206615403257,0.1310322114415435,0.19534171314908932,0.8865778612022119,0.5409597871756506,11.242192921582236,29.493407356002777,11.242192921582236,12.491325468424705,10.895211658570437,65.51006245662734
"Gomber, Austin",596295,2023,2157,89.67362674217541,-0.22537928454404516,-0.26121845681970934,-2.142917138256337,-2.2537928454404517,-0.09934710886677502,-0.10448738272788373,-0.7168550234666213,-0.03554453098649901,0.14537862619567932,-1.5358962099988958,-0.03323389074949565,-0.001647868844993,0.00673985286025402,-0.07120520213254038,-0.3761997772265602,-0.6952587919016082,-0.01744087979724433,-0.03223267463614317,0.16724522692481383,0.2562573909084691,0.08896819817519658,0.19742837141235256,0.21175130891664146,0.8568017152062255,0.5342765120614335,11.172796668979876,4.371963913948647,11.172796668979876,6.2456627342123525,19.222761970853576,24.496877168632896
"Fried, Max",608331,2023,1308,89.63730862205361,-0.13715016673986646,-0.26213716884531046,-1.3042668852953625,-1.3715016673986646,-0.09971459367701548,-0.10485486753812419,-1.1601516896892008,0.1507388161480776,0.23380617201593168,-0.528660183770171,-0.08869661236155969,0.01152437432324752,0.0178750896036645,-0.04041744524236782,-0.5047064367705616,-0.14742700587711963,-0.03858611901915608,-0.01127117781935165,0.1430893689862053,0.26831940966895756,0.09031791177086436,0.1642429412429412,0.20570438932758145,0.8727195734930973,0.5392119814103393,11.103400416377514,10.687022900763358,11.103400416377514,10.617626648161,15.68355308813324,45.80152671755725
"Cisnero, José",542585,2023,986,89.63693639098197,-0.10339061308191613,-0.26214658489329634,-0.9832230305486293,-1.0339061308191613,-0.09971836009620984,-0.10485863395731855,0.03198166899557009,-0.03462970239024798,-0.4862160231366488,-0.4943589740173024,0.00324357697723834,-0.0035121402018507,-0.04931196989215505,-0.05013782697944243,-0.00132401669733894,-0.4902874985769756,-1.342816123061813e-4,-0.04972489843579874,0.2356084558749403,0.23359991672731031,0.11706116772846244,0.16252509876255847,0.2346041863011253,0.8602068667544895,0.5474055265278074,11.034004163775156,16.377515614156835,11.034004163775156,23.247744621790424,39.48646773074254,28.24427480916031
"Woodford, Jake",663765,2023,864,89.61879950118839,-0.09075641935620334,-0.26260538008160683,-0.863152227402054,-0.9075641935620333,-0.09990187817153402,-0.10504215203264274,-0.5329338690498275,-0.32643753919455776,-0.4312489377647353,0.42746811860706657,-0.06168216076965596,-0.0377821225919627,-0.04991307150054807,0.04947547669063271,-0.42968570412219265,-0.00189040957883435,-0.04973214168080933,-2.1879740495767952e-4,0.18432209914815628,0.16956299727485916,0.12120691283439924,0.10290729608580047,0.17694254821150773,0.8879428955399001,0.532442721875704,10.964607911172797,19.63913948646773,10.964607911172797,4.996530187369882,5.065926439972242,67.45315752949341
"Shaw, Bryan",543766,2023,773,89.61613590881632,-0.08121841707166107,-0.2626727589639749,-0.7724498537702402,-0.8121841707166106,-0.09992882972448126,-0.10506910358558998,-0.2702670839089478,0.14329471255587123,-0.4037823181570275,-0.24169516426013615,-0.03496340024695314,0.0185374789852356,-0.0522357462040139,-0.03126716225874983,-0.0634861856765383,-0.3227387412085818,-0.00821296063085877,-0.04175145423138186,0.1926419455620666,0.2594528514748175,0.12287666366081536,0.15750798919489162,0.22604739851844205,0.8598076735721465,0.5429275360452943,10.895211658570437,22.414989590562108,10.895211658570437,15.405968077723802,31.64469118667592,27.61970853573907
"Chapman, Aroldis",547973,2024,1148,89.55919402703245,-0.12128076982007671,-0.26411317469528905,-1.153797354275239,-1.2128076982007672,-0.10050499601700692,-0.10564526987811564,0.01784732880742012,0.06310884549293405,-0.5672463487509276,-0.6675071798246659,0.00155464536650001,0.00549728619276429,-0.04941170285286825,-0.05814522472340296,0.04047808715017709,-0.6173767642877968,0.00352596577963215,-0.0537784637881356,0.21495735027449908,0.25190974215636447,0.14504040576549504,0.1952794067533076,0.23343354621543178,0.8298400937405987,0.5316368199780153,10.82581540596808,12.768910478834142,10.82581540596808,4.6495489243580845,37.820957668285914,4.6495489243580845
"Wainwright, Adam",425794,2023,1712,89.55193118049822,-0.18099051536200167,-0.2642968974328296,-1.7219036651178357,-1.8099051536200168,-0.10057848511202312,-0.10571875897313184,-1.5619277517469072,-1.1799100800194535,0.5935488844337442,0.4263852822147811,-0.09123409764876794,-0.06891998130954753,0.03466991147393366,0.02490568237235871,-1.3709189158831805,0.5099670833242627,-0.08007703947915774,0.02978779692314618,0.12311388096709464,0.15028798051057818,0.0942006957735997,0.11214021870030452,0.1367009307388364,0.8968295427630479,0.5167652367509422,10.756419153365718,6.939625260235947,10.756419153365718,0.4163775156141568,0.7633587786259541,76.26648160999306
"Williams, Trevor",592866,2025,1448,89.53445474424697,-0.1533368204752917,-0.26473898562723014,-1.4589370392440628,-1.5333682047529171,-0.10075532038978335,-0.10589559425089207,-0.9707698744526853,0.560001648047546,-0.6855693464758588,-0.36259946636306495,-0.06704211840142853,0.03867414696460954,-0.04734594934225544,-0.0250413996107089,-0.20538411320256955,-0.5240844064194619,-0.0141839857184095,-0.03619367447648217,0.43857503115795626,0.30397731834971675,0.10779285751833942,0.1300292996938146,0.3712761747538365,0.881088921393923,0.6261825480738797,10.687022900763358,9.299097848716169,10.687022900763358,99.86120749479528,100,57.737682165163086
"Lugo, Seth",607625,2025,2380,89.52429013654864,-0.2522762986458939,-0.2649961120229978,-2.4004244685645517,-2.522762986458939,-0.1008581709480904,-0.10599844480919911,-1.4507467699719427,-0.3236504969549969,-0.6262169185708331,1.897169332210069e-4,-0.06095574663747659,-0.01359876037626037,-0.02631163523406862,7.971299715168357e-6,-0.8871986334634698,-0.313013600818806,-0.03727725350686848,-0.01315183196717672,0.15778516669198225,0.19672170038463835,0.10819143436671153,0.12740242894916376,0.1772534335383103,0.8822030683420623,0.5297282509401863,10.617626648161,3.3310201249132545,10.617626648161,3.3310201249132545,5.135322692574601,59.333795975017345
"Lauer, Eric",641778,2023,842,89.46019618176481,-0.0897967566000728,-0.26661744833750833,-0.8546864600901927,-0.897967566000728,-0.10150670547389462,-0.10664697933500333,-0.1346594848209861,0.01568831448548735,-0.3977515402159497,-0.3379637495387442,-0.01599281292410761,0.00186322024768258,-0.04723890026317692,-0.04013821253429266,-0.05948558516774938,-0.36785764487734696,-0.00706479633821251,-0.0436885563987348,0.20161369924982672,0.33129720947771196,0.11873376142727814,0.1461407811933058,0.26645545436376933,0.8675627286897081,0.5670090915267387,10.54823039555864,19.98612074947953,10.54823039555864,66.20402498265094,69.60444136016655,38.09854267869535
"Woodford, Jake",663765,2024,547,89.44894279424987,-0.058398183149954465,-0.2669021167731009,-0.55586453347928,-0.5839818314995446,-0.10162057284813164,-0.10676084670924035,0.06597494925244973,-0.3607258708893823,-0.4073635025179101,0.1462498906755627,0.01206123386699263,-0.06594622868178837,-0.07447230393380441,0.0267367259004685,-0.1473754608184663,-0.1305568059211737,-0.02694249740739786,-0.02386778901666795,0.26556687568510856,0.15678500880963944,0.14937198921806155,0.11138004745753556,0.21117594224737402,0.8696239816622015,0.5403999619547877,10.47883414295628,29.354614850798054,10.47883414295628,11.93615544760583,18.598195697432338,41.151977793199165
"Houck, Tanner",656557,2024,2734,89.43607119215665,-0.2922402345475922,-0.26722771995939293,-2.781867258113209,-2.9224023454759216,-0.10175081412264846,-0.10689108798375717,0.7633381337223,-2.3929483125066326,-6.003964861302109,4.851707781973232,0.02792019508859912,-0.08752554178883075,-0.219603689147846,0.17745822172542913,-0.8148050893921663,-0.5761285396644382,-0.02980267335011581,-0.02107273371120842,0.30426939576058415,0.1456253305779243,0.2607475992451585,0.0640483475548788,0.22494736316925423,0.8376020265999813,0.5312746948846178,10.40943789035392,2.498265093684941,10.40943789035392,4.302567661346287,30.395558639833446,8.119361554476058
"Beck, Tristan",663941,2025,817,89.41712201513792,-0.08748666817646861,-0.26770706296349023,-0.8328706443194278,-0.8748666817646861,-0.10194255132428738,-0.1070828251853961,-0.6492001547899235,-0.2550414416455169,-0.0727938900074605,0.14416484212347314,-0.0794614632545806,-0.03121682272282948,-0.0089099008577063,0.01764563551082902,-0.4521207982177202,0.03568547605800631,-0.05533914298870504,0.00436786732656136,0.13259681207377458,0.1689091846713998,0.0928724798373556,0.12026475483445098,0.15075299837258718,0.8934313826640967,0.522092190518342,10.340041637751561,20.680083275503122,10.340041637751561,0.9021512838306732,1.2491325468424705,73.07425399028452
"Brito, Jhony",666745,2024,641,89.40327324367003,-0.06872991347929444,-0.2680573848646429,-0.6543499793432375,-0.6872991347929444,-0.10208268008474844,-0.10722295394585715,0.12646986540141825,0.1408595117572986,-0.6237090274971706,-0.2979703290047837,0.01973008820614949,0.02197496283265189,-0.0973025003895742,-0.04648523073397562,0.13366468857935845,-0.4608396782509771,0.02085252551940069,-0.07189386556177492,0.25226528047111196,0.31647703072449357,0.16258779787617722,0.18365965041147225,0.2843711555978028,0.8268762758561753,0.555623715726989,10.270645385149201,25.468424705065928,10.270645385149201,40.874392782789734,83.34489937543373,3.5392088827203327
"Cortes, Nestor",641482,2025,599,89.39833769880705,-0.06425646365249463,-0.2681822356114133,-0.6117743960969051,-0.6425646365249463,-0.1021326203834566,-0.1072728942445653,-0.1284923561890423,-0.08402193452229767,-0.3263041466584582,-0.07295595872710692,-0.02145114460585013,-0.0140270341439562,-0.05447481580274761,-0.01217962583090265,-0.10625714535567,-0.19963005269278256,-0.01773908937490317,-0.03332722081682514,0.19894970098153553,0.34222230156633343,0.13691047290379454,0.1344636804153124,0.2705860012739345,0.8643129233404465,0.5674494623071905,10.201249132546844,27.064538514920194,10.201249132546844,67.59195003469813,73.49063150589869,33.03261623872311
"Bassitt, Chris",605135,2024,3032,89.39171933007094,-0.32545446216780094,-0.2683496554813662,-3.0986915182091934,-3.2545446216780096,-0.10219958833143776,-0.10733986219254647,-1.8884930841692835,-1.406494314252086,-0.8763392380195967,1.0726351182317728,-0.06228539195808982,-0.04638833490277329,-0.02890300916951176,0.0353771476989371,-1.6474936992106848,0.09814794010608809,-0.05433686343043156,0.00323706926471266,0.1758921923331035,0.1676192085110886,0.11365467627012976,0.1140227182449134,0.17175570042209604,0.8861613027424784,0.5289585015822872,10.131852879944484,1.7349063150589867,10.131852879944484,3.0534351145038165,4.02498265093685,64.60791117279668
"Carrasco, Carlos",471911,2024,1691,89.36791333623864,-0.18191903655388894,-0.26895185770829233,-1.7322683345475411,-1.8191903655388895,-0.10244046922220822,-0.10758074308331693,1.1291562248568423,0.39623186447079206,-2.2870497580590836,-0.970606665816092,0.066774466283669,0.02343180747905334,-0.1352483594357826,-0.05739838354914796,0.7626940446638173,-1.628828211937588,0.04510313688136117,-0.09632337149246528,0.2851847982637309,0.26604868720203506,0.15651219098361524,0.17800725584341115,0.27561674273288295,0.8327402765864869,0.554178509659685,10.062456627342122,6.731436502428869,10.062456627342122,37.751561415683554,77.09923664122137,5.551700208188757
"Rocker, Kumar",677958,2025,1090,89.33252821596167,-0.11765327819721402,-0.26984696834223393,-1.1205037968860552,-1.1765327819721403,-0.10279851347578486,-0.10793878733689358,0.1459061858261066,0.03802688729683723,-0.6930998334486276,-0.6113370365603714,0.01338588860789968,0.00348870525659057,-0.06358714068336033,-0.05608596665691481,0.09196653656147193,-0.6522184350044995,0.00843729693224513,-0.05983655367013757,0.2517066483155214,0.23152458869487752,0.12652367113999516,0.1739875246493102,0.24161561850519947,0.8497444021053473,0.5456800103052734,9.993060374739764,13.601665510062459,9.993060374739764,19.91672449687717,46.63428174878557,17.487855655794586
"Chirinos, Yonny",630023,2023,1335,89.32859576490192,-0.14415140140757618,-0.26994644458347594,-1.3728913580299604,-1.4415140140757619,-0.10283830397228168,-0.10797857783339039,0.8926536149308504,-0.0853005493127057,-1.797773775022165,-0.38247064862594016,0.06686543932066294,-0.00638955425563338,-0.1346647022488513,-0.02864948678845993,0.40367653280907234,-1.0901222118240526,0.03023794253251478,-0.08165709451865563,0.2934861858172191,0.2334866848925008,0.2017678208515376,0.15836193773818716,0.26348643535485994,0.8199351207051376,0.5417107780299988,9.923664122137405,10.131852879944484,9.923664122137405,13.671061762664817,67.52255378209576,2.081887578070784
"Ryu, Hyun Jin",547943,2023,830,89.22076357848944,-0.09052783236624659,-0.27267419387423675,-0.8626140506152636,-0.905278323662466,-0.10392940368858598,-0.1090696775496947,-0.28912735689800684,-0.05806623206262884,-0.15790618606206408,-0.357514275592564,-0.03483462131301287,-0.0069959315738107,-0.01902484169422458,-0.04307400910753783,-0.17359679448031784,-0.25771023082731404,-0.02091527644341179,-0.03104942540088121,0.19515776280940744,0.2091083431653065,0.09695936519260022,0.16120865364040252,0.20213305298735695,0.8709159905834987,0.5365245217854278,9.854267869535045,19.84732824427481,9.854267869535045,8.119361554476058,13.879250520471894,42.74809160305343
"Márquez, Germán",608566,2025,2085,89.22012665215016,-0.227423714969045,-0.2726903057182793,-2.167062439686333,-2.27423714969045,-0.103935848426203,-0.10907612228731171,0.24914826347276176,0.40225779034062725,-1.03099995979926,-1.787468533700462,0.01194955700109169,0.01929293958468236,-0.04944843931890936,-0.08572990569306772,0.3257030269066945,-1.409234246749861,0.01562124829288702,-0.06758917250598853,0.2365378932352907,0.26820025930517116,0.1234345823579713,0.19448933974710855,0.2523690762702309,0.8410380389474601,0.5467035576088455,9.784871616932685,4.302567661346287,9.784871616932685,22.137404580152673,57.11311589174185,10.270645385149201
"Vieira, Thyago",600986,2024,737,89.21704577339905,-0.08041207726363464,-0.2727682403786792,-0.7662369542799752,-0.8041207726363464,-0.10396702229036298,-0.10910729615147169,0.1813683186092021,-0.06707693639509671,-0.49784297976259495,-0.3826853567314856,0.02460899845443719,-0.00910134822185844,-0.06754992941147829,-0.05192474311146344,0.0571456911070527,-0.4402641682470403,0.00775382511628937,-0.05973733626147087,0.2501226329752269,0.2271255694783607,0.12930742373609572,0.17043988740793714,0.2386241012267938,0.8501263444279836,0.5443752228273887,9.715475364330327,22.761970853573906,9.715475364330327,18.3206106870229,43.85843164469119,17.90423317140874
"Pallante, Andre",669467,2024,1948,89.21447064872721,-0.21259177075611918,-0.27283338136052254,-2.0257851727467937,-2.1259177075611917,-0.1039930786831003,-0.10913335254420901,-2.6810841129849905,-0.01978147804675245,0.36637204902444864,0.3087083692605006,-0.1376326546706874,-0.00101547628576758,0.01880760005258976,0.01584745222076491,-1.3504327955158717,0.3375402091424746,-0.06932406547822749,0.01732752613667734,0.14747487679919707,0.32094402656867077,0.08615335125221417,0.21889981727288169,0.23420945168393392,0.847473415737452,0.540841433710693,9.646079111727966,5.135322692574601,9.646079111727966,12.213740458015266,38.93129770992366,15.68355308813324
"Anderson, Nick",623433,2024,572,89.13147630432931,-0.06290463071259042,-0.2749328265410421,-0.5996439406403624,-0.6290463071259043,-0.10483285675530812,-0.10997313061641684,-0.3802374740698724,-0.00481346510423463,0.18125412046492784,-0.3958471219311832,-0.06647508287934832,-8.41514878362699e-4,0.0316877832980643,-0.06920404229566139,-0.19252546958705352,-0.10729650073312769,-0.0336582988788555,-0.01875812949879854,0.16058788886921355,0.2640544844944175,0.07363760547902379,0.22671319831929215,0.21232118668181552,0.8498245981008421,0.5310728923913288,9.576682859125608,27.689104788341428,9.576682859125608,4.094378903539209,19.70853573907009,17.626648160999306
"Cameron, Noah",702070,2025,2164,89.12689338588008,-0.23808220420118867,-0.27504875716403493,-2.269586515657494,-2.3808220420118866,-0.10487922900450526,-0.11001950286561397,-0.7063508472119793,0.3976885349211443,0.181662389504595,-2.142586592871254,-0.0326409818489824,0.01837747388729872,0.00839474997710697,-0.09901047101992856,-0.15433115614541748,-0.9804621016833296,-0.00713175398084184,-0.04530786052141079,0.19782115071184028,0.316530549278523,0.09269904903441836,0.23814532791176712,0.2571758499951816,0.8345778115269072,0.5458768307610444,9.507286606523248,4.02498265093685,9.507286606523248,20.333102012491324,61.970853573907014,6.176266481609993
"Slaten, Justin",686580,2024,824,89.12317095596852,-0.09068710664923353,-0.2751429206590823,-0.8645152098767994,-0.9068710664923353,-0.1049168944025242,-0.11005716826363292,-0.4346049520413544,0.06895461177009565,-0.02556950242478706,-0.4732953671807536,-0.05274331942249447,0.00836827812743879,-0.00310309495446444,-0.05743875815300408,-0.18282517013562935,-0.24943243480277033,-0.02218752064752784,-0.03027092655373426,0.1851922457585139,0.36049995126871826,0.0925536093770952,0.15559193814218397,0.2728460985136161,0.8759272262403605,0.5743866623769882,9.437890353920888,19.77793199167245,9.437890353920888,78.69535045107564,75.01734906315059,49.89590562109646
"Chapman, Aroldis",547973,2023,1128,89.11540682598599,-0.12423310298203541,-0.27533932398500754,-1.1843487406670477,-1.242331029820354,-0.1049954557328943,-0.11013572959400302,-0.20138411322704997,-0.2404325869110835,-0.3413549809645531,-0.4011770595643611,-0.01785320152722074,-0.0213149456481457,-0.03026196639756676,-0.03556534215996109,-0.22090835006906673,-0.3712660202644571,-0.01958407358768322,-0.03291365427876393,0.20072489101197785,0.22562430886554985,0.14171591992908755,0.19500029740179609,0.21317459993876386,0.8316418913345582,0.522408245636661,9.368494101318529,12.213740458015266,9.368494101318529,1.040943789035392,20.541290770298403,5.065926439972242
"Brieske, Beau",689225,2024,1284,89.07581677764652,-0.1419286366801255,-0.2763408035049173,-1.3532852504246191,-1.419286366801255,-0.1053960475408582,-0.11053632140196691,-0.05788101123152955,0.07629196927427984,-0.6735527284247382,-0.6981434800426314,-0.00450786691834342,0.00594174215531774,-0.05245737760317275,-0.05437254517465976,0.00920547902137514,-0.6858481042336848,7.169376184871605e-4,-0.05341496138891626,0.2271979245602795,0.29600235343102244,0.1072633747053068,0.21439007922329156,0.261600138995651,0.8391732730357009,0.550386706015676,9.299097848716169,10.340041637751561,9.299097848716169,29.632199861207493,66.13462873004858,8.813324080499653
"Tate, Dillon",622253,2024,590,89.06586121132096,-0.06527586349763426,-0.2765926419391282,-0.6224310191958011,-0.6527586349763426,-0.10549678291454256,-0.11063705677565128,0.04451122174805277,-0.16828275955958816,-1.1394258505633843,0.6407663691791186,0.00754427487255131,-0.02852250162026918,-0.19312302551921767,0.10860446935239296,-0.06188576890576769,-0.24932974069213287,-0.01048911337385893,-0.04225927808341235,0.24097535745181256,0.2024338133134124,0.235070048236424,0.07080171001094737,0.22170458538261248,0.8470641208763143,0.5343843531294634,9.22970159611381,26.578764746703676,9.22970159611381,6.384455239417071,27.689104788341428,15.267175572519085
"Lorenzen, Michael",547179,2025,2318,88.94429955795815,-0.25930788696613366,-0.2796676951748637,-2.4739273215608364,-2.5930788696613365,-0.10672680420883676,-0.11186707806994547,-0.18240048993720848,-0.16743533645512798,-1.3497838266919189,-0.7743076684765811,-0.00786887359522038,-0.00722326731903054,-0.05823053609542358,-0.03340412719916225,-0.17491791319616823,-1.06204574758425,-0.00754607045712546,-0.045817331647292923,0.22090631035219704,0.22016658106278553,0.12751755920132457,0.15569443535044683,0.22053644570749129,0.8583940027241144,0.5394652242158028,9.16030534351145,2.914642609299098,9.16030534351145,11.034004163775156,26.43997224149896,26.3705759888966
"Wilson, Bryse",669060,2024,1607,88.86184926557547,-0.18111107130312598,-0.28175337788289667,-1.7285065120832428,-1.8111107130312598,-0.10756107729204996,-0.11270135115315867,-0.07623380089637521,-0.20937110310796925,-1.5060638036847536,0.06316219560585523,-0.00474385817650125,-0.0130286934105768,-0.09371896724858454,0.00393044154361264,-0.14280245200217223,-0.7214508040394492,-0.00888627579353903,-0.04489426285248595,0.2351298205558146,0.20040388674530787,0.16843419680332214,0.1354255648392331,0.21776685365056125,0.8480701191787223,0.5329184864146418,9.090909090909092,6.870229007633588,9.090909090909092,5.27411519777932,23.87231089521166,16.030534351145036
"Stephenson, Robert",596112,2023,758,88.79203805802302,-0.08596306365090958,-0.28351933921803946,-0.8206673606418917,-0.8596306365090958,-0.10826746182610708,-0.1134077356872158,0.04293687086601494,0.28222840554417417,-0.536058277907614,-0.6097743591444669,0.00566449483720513,0.03723329888445569,-0.07072008943372216,-0.08044516611404576,0.16258263820509455,-0.5729163185260404,0.02144889686083041,-0.07558262777388396,0.21241269932418333,0.3037827460623238,0.12165487662115636,0.2207449491613401,0.2580977226932536,0.8288000871087517,0.5434489049010027,9.021512838306732,21.09646079111728,9.021512838306732,16.655100624566273,62.80360860513532,4.302567661346287
"Suter, Brent",608718,2023,1086,88.78731424332969,-0.12321270948386236,-0.2836388339867918,-1.1763037207069829,-1.2321270948386236,-0.108315259733608,-0.11345553359471672,-0.247240399483303,-0.02850315339401277,-0.7614765383952999,-0.13908362943436714,-0.02276615096531335,-0.002624599760038,-0.0701175449719429,-0.01280696403631373,-0.1378717764386579,-0.45028008391483354,-0.01269537536267568,-0.04146225450412832,0.2125770801800119,0.3160176008607795,0.1635261489632506,0.14767218144763644,0.2642973405203957,0.8444008347945564,0.554349087657476,8.95211658570437,12.421929215822345,8.95211658570437,38.09854267869535,68.07772380291465,12.699514226231784
"Parker, Mitchell",680730,2024,2403,88.75166346993126,-0.27350048685859446,-0.284540664646894,-2.611484087703502,-2.7350048685859445,-0.10867599199764888,-0.11381626585875759,-2.125196546398513,0.2319233513508152,0.8355074595605174,-1.5537183522163218,-0.08843930696623026,0.00965140871206055,0.0347693491286108,-0.06465744287208997,-0.9466365975238488,-0.3591054463279022,-0.03939394912708485,-0.01494404687173958,0.14687524641218488,0.3241677104700265,0.0692199458435866,0.21527278272163555,0.23552147844110571,0.8577536357173889,0.5466375570792473,8.882720333102013,2.70645385149202,8.882720333102013,21.929215822345594,40.59680777238029,25.468424705065928
"Gil, Luis",661563,2025,1018,88.71060644607306,-0.11628787187753362,-0.2855792531373616,-1.1105507308692495,-1.1628787187753362,-0.10909142739383593,-0.11423170125494464,0.01679684713053575,-0.19000584313107535,-0.7170801015670349,-0.22026163330167492,0.00164998498335321,-0.0186646211327186,-0.07044008856257711,-0.02163670268189341,-0.08660449800026981,-0.468670867434355,-0.00850731807468269,-0.04603839562223526,0.220336293902767,0.2343976747386934,0.13835747869926895,0.1654907275108095,0.22736698432073021,0.8480758968949608,0.5377214406078454,8.813324080499653,14.018043025676613,8.813324080499653,9.090909090909092,32.89382373351839,16.0999306037474
"Simpson, Josh",681006,2025,613,88.61278333992955,-0.07063079428363404,-0.2880538102921454,-0.674798064067744,-0.7063079428363405,-0.11008125025574944,-0.11522152411685815,-0.40001151615388153,-0.09960416264175365,-0.5166766982445097,0.34149431297240085,-0.06525473346719111,-0.01624863990893208,-0.08428657393874546,0.05570869705911922,-0.2498078393978176,-0.08759119263605442,-0.04075168668806159,-0.01428893843981312,0.16224280240392902,0.17969828608454255,0.14263127850989546,0.10282536544231612,0.1709705442442358,0.8772716780238943,0.524121111134065,8.743927827897293,25.12144344205413,8.743927827897293,1.2491325468424705,3.95558639833449,51.839000693962525
"Clase, Emmanuel",661403,2024,1106,88.54541942895372,-0.12818887912921262,-0.28975786421612254,-1.2250373623882638,-1.2818887912921262,-0.1107628718253403,-0.11590314568644901,-0.22676980101823577,-0.02695552368368226,-0.34770781448401067,-0.6236042232023351,-0.0205035986454101,-0.00243720828966385,-0.03143831957359951,-0.05638374531666682,-0.126862662350959,-0.4856560188431729,-0.01147040346753698,-0.04391103244513317,0.24782820555567717,0.33138286598459993,0.12547080658485274,0.24027449099345932,0.28960553577013853,0.8171273512108439,0.5533664434904912,8.674531575294935,11.72796668979875,8.674531575294935,36.01665510062457,86.74531575294934,1.6655100624566272
"Liberatore, Matthew",669461,2023,1002,88.51818582352651,-0.11641106627453104,-0.2904467721420435,-1.112605118657001,-1.1641106627453104,-0.11103843499570867,-0.11617870885681739,-0.8683642707834451,0.2547170023271974,0.06302176251114133,-0.5619796127118946,-0.08666310087659133,0.02542085851568836,0.00628959705700013,-0.05608578969180584,-0.30682363422812386,-0.2494789251003766,-0.03062112118045148,-0.02489809631740285,0.14480989031850006,0.2552853685272647,0.09311864705224758,0.15874068782615555,0.20004762942288237,0.8740703325607985,0.5370589809918405,8.605135322692574,13.948646773074255,8.605135322692574,8.605135322692574,12.768910478834142,47.46703678001388
"Avila, Pedro",658648,2023,895,88.50828255739363,-0.10406962895286068,-0.290697287577823,-0.9946908384716836,-1.0406962895286067,-0.1111386411700205,-0.1162789150311292,-0.6640534005564405,-0.01224908114727441,0.26216322645552737,-0.580551583223496,-0.07419591067669726,-0.00136861241868987,0.02929198060955612,-0.0648660986841895,-0.33815124085185744,-0.1591941783839843,-0.03778226154769357,-0.01778705903731668,0.17578270312540337,0.23774889932743432,0.08235334630443909,0.1920363417144525,0.20676580122641885,0.8628051559905542,0.5347854786084865,8.535739070090214,16.0999306037474,8.535739070090214,6.731436502428869,16.238723108952115,31.297709923664126
"Myers, Tobias",668964,2025,853,88.50343304772642,-0.09922777101982909,-0.2908199619572951,-0.9484311741630336,-0.9922777101982909,-0.11118771092180932,-0.11632798478291803,-0.0936899677403744,0.106926411317545,-0.5208034727406812,-0.440864144999523,-0.01098358355690204,0.01253533544168171,-0.06105550676913027,-0.05168395603745873,0.00661822178858528,-0.4808338088701021,7.758759423898343e-4,-0.0563697314032945,0.19553061064610297,0.377738204657983,0.12995646950841777,0.1976745730234833,0.286634407652043,0.8361844787340494,0.5614094431930462,8.466342817487856,17.14087439278279,8.466342817487856,54.54545454545454,84.87161693268564,7.217210270645386
"Kowar, Jackson",663804,2023,568,88.46650505604075,-0.06628653184779068,-0.2917541014427406,-0.6336685629468093,-0.6628653184779068,-0.11156136671598754,-0.11670164057709626,-0.30771602922322927,0.05404562949297542,-0.2064343240673452,-0.17356383914921025,-0.05417535725761079,0.00951507561496046,-0.03634407113861711,-0.03055701393472011,-0.12683519986512692,-0.18999908160827772,-0.02233014082132516,-0.03345054253666861,0.18182148114963637,0.2749961900472177,0.11332546784478437,0.1754869317209832,0.22840883559842703,0.8555938002171162,0.5420013179077716,8.396946564885496,26.023594725884802,8.396946564885496,14.018043025676613,33.795975017349065,23.039555863983345
"Ohtani, Shohei",660271,2023,2077,88.44334019796314,-0.24287614290315132,-0.292340085343225,-2.321997940936285,-2.428761429031513,-0.11179576027618128,-0.11693603413729,-0.5498920020589821,-0.7631858062186438,-1.1560582429794977,0.14713811032083868,-0.02647530101391344,-0.03674462235044024,-0.05566000206930658,0.00708416515747899,-0.656538904138813,-0.5044600663293295,-0.03160996168217684,-0.02428791845591379,0.19063855902175503,0.18706877724016904,0.1315863868321699,0.1377379275264089,0.18885366813096205,0.8653378428207106,0.5270957554758363,8.327550312283137,3.747397640527411,8.327550312283137,2.428868841082582,8.535739070090214,35.04510756419153
"Harris, Hogan",663687,2025,1125,88.419891234718,-0.1318199652167981,-0.292933256037329,-1.2603715712305077,-1.3181996521679809,-0.11203302855382288,-0.1171733024149316,-1.4901284777583896,-0.0820181209483053,0.5344413248344608,-0.22266629735827337,-0.13245586468963463,-0.00729049963984936,0.04750589554084096,-0.01979255976517985,-0.7860732993533475,0.15588751373809373,-0.069873182164742,0.01385666788783055,0.09109896534839124,0.24355034627496264,0.06635404136024564,0.13070010486952366,0.16732465581167694,0.9014729268851154,0.5343987913483962,8.258154059680777,11.172796668979876,8.258154059680777,6.453851492019432,2.9840388619014573,80.36086051353227
"Kelly, Michael",547184,2025,658,88.40958842819884,-0.07716862878018779,-0.2931938783441785,-0.7378632857957825,-0.7716862878018779,-0.11213727747656269,-0.1172775513376714,-0.4407239774907339,-0.4887936386485307,-0.09094392593533485,0.28259825627881696,-0.06697932788612977,-0.07428474751497428,-0.01382126533971654,0.0429480632642579,-0.4647588080696323,0.09582716517174106,-0.07063203770055201,0.01456339896227067,0.13323710041850895,0.15228791888586285,0.0914411128482666,0.09856959084102766,0.1427625096521859,0.9049946481553529,0.5238785789037694,8.188757807078417,23.66412213740458,8.188757807078417,1.179736294240111,0.9021512838306732,82.85912560721721
"Soriano, José",667755,2023,666,88.40520751491555,-0.07813637181232648,-0.2933046989952195,-0.7471294942082807,-0.7813637181232648,-0.11218160573697908,-0.11732187959808779,-0.3202660581580403,-0.6486629235942019,-0.04608947572720012,0.26788896327116163,-0.04808799672042647,-0.0973968353745048,-0.0069203417007808,0.04022356805873298,-0.4844644908761211,0.11089974377198077,-0.07274241604746563,0.01665161317897609,0.1803055764345402,0.1477274856097253,0.0973797446800602,0.10687531351028327,0.16401653102213276,0.8978724709048282,0.5309445009634806,8.119361554476058,23.317140874392784,8.119361554476058,4.02498265093685,2.428868841082582,77.3768216516308
"Rea, Colin",607067,2024,2650,88.39194016329675,-0.3112587319475275,-0.29364031315804484,-2.976370062155894,-3.112587319475275,-0.11231585140210922,-0.11745612526321793,0.994485751368302,-0.698277938087358,-2.3038188975092453,-0.9687589779275924,0.03752776420257742,-0.02635011087122106,-0.0869365621701602,-0.03655694256330538,0.1481039066404719,-1.6362889377184189,0.00558882666567818,-0.06174675236673278,0.27960697409673185,0.20652115874516824,0.1387166890043926,0.15961012979114103,0.24306406642095005,0.8508365906022332,0.5469503285115916,8.0499653018737,2.1512838306731434,8.0499653018737,22.553782095766827,47.814018043025676,18.390006939625263
"Taylor, Grant",691799,2025,610,88.36533301308671,-0.07181246328527564,-0.2943133741199822,-0.6867689622999933,-0.7181246328527564,-0.11258507578688416,-0.11772534964799287,-0.6962787233469498,-0.00998796135809243,0.2857381376521744,-0.2662404152471254,-0.1141440530076967,-0.00163737071444138,0.04684231764789744,-0.0436459697126435,-0.35313334235252114,0.00974886120252449,-0.05789071186106904,0.00159817396762696,0.1397851828188617,0.38145671547336935,0.06640661745871367,0.25787321062108826,0.26062094914611555,0.8378600859600991,0.5492405175531073,7.98056904927134,24.91325468424705,7.98056904927134,27.689104788341428,65.44066620402498,8.258154059680777
"Burnes, Corbin",669203,2025,1009,88.3581627761738,-0.1188580827878356,-0.29449475418195137,-1.136715464619769,-1.188580827878356,-0.11265762781167184,-0.11779790167278055,-0.8737061777687813,0.22823675883137184,-0.04066012193607093,-0.4505859237462886,-0.0865912961118713,0.0226200950278862,-0.00402974449316857,-0.04465668223451819,-0.32273470946870475,-0.24562302284117976,-0.03198560054199254,-0.02434321336384338,0.16715278895172597,0.2866134995939243,0.10467939804192972,0.18470744953899984,0.22688314427282513,0.8553065762095352,0.5410948602411801,7.91117279666898,13.25468424705066,7.91117279666898,12.838306731436502,32.26925746009716,22.761970853573906
"Burnes, Corbin",669203,2023,3148,88.32313725555463,-0.37194346343735746,-0.2953807682952331,-3.557618813225872,-3.7194346343735747,-0.1130120334569845,-0.11815230731809322,-1.765363495528618,0.4634696958482891,-1.0803560129761536,-1.1753690005693898,-0.05607889121755457,0.01472267140560003,-0.03431880600305444,-0.03733700764197553,-0.6509468998401644,-1.1278625067727717,-0.02067810990597727,-0.03582790682251498,0.1910416498577859,0.2511399843095845,0.11383172035438828,0.1660719512733789,0.22109081708368522,0.8600481641861164,0.5405694906349008,7.84177654406662,1.040943789035392,7.84177654406662,12.144344205412908,26.85634975711312,27.966689798750867
"Peralta, Wandy",593974,2025,1160,88.2862095756753,-0.13749011355042132,-0.2963148998931494,-1.315273958715352,-1.3749011355042131,-0.11338568609615104,-0.11852595995725976,0.8066830231364293,0.3776139434758079,-0.8731913127085136,-1.6263796126190757,0.06954163992555425,0.03255292616170758,-0.07527511316452702,-0.14020513901888582,0.5921484833061186,-1.2497854626637943,0.05104728304363091,-0.1077401260917064,0.28173669184687505,0.3022340653960229,0.20463650920099216,0.192053876503844,0.29198537862144897,0.801654807147582,0.5468200928845155,7.772380291464261,10.617626648161,7.772380291464261,22.345593337959752,88.68841082581541,0.8327550312283136
"Ureña, José",570632,2023,771,88.24617412373607,-0.09169584616553926,-0.2973276464511649,-0.8773269501862444,-0.9169584616553926,-0.11379078471935725,-0.11893105858046596,0.8315110707220583,0.37849322604415647,-1.5987973840118457,-0.4885338629406135,0.10784838790169368,0.04909120960365194,-0.20736671647365051,-0.06336366575105234,0.6050021483831074,-1.0436656234762296,0.07846979875267282,-0.13536519111235143,0.3051448747384205,0.27658093375655235,0.2261215040296521,0.1914956283011064,0.2908629042474864,0.7911914338346208,0.5410271690410535,7.702984038861901,19.430950728660655,7.702984038861901,12.560721721027065,87.43927827897294,0.2775850104094379
"Cordero, Jimmy",622772,2023,512,88.22556792633318,-0.06099945591748468,-0.29784890584709317,-0.5836763570059702,-0.6099945591748468,-0.11399928847772856,-0.11913956233883727,-0.7905194262393707,-0.2329355024103279,-0.1396048455158052,0.5793834171595336,-0.15439832543737708,-0.04549521531451717,-0.0272665713898057,0.1131608236639714,-0.5117274643248493,0.21988928582186415,-0.09994677037594712,0.04294712613708285,0.15636667002429724,0.18202051603463837,0.10650423485083076,0.04302831409276725,0.1691935930294678,0.925233725528201,0.5472136592788344,7.633587786259542,27.89729354614851,7.633587786259542,22.831367106176266,3.1922276197085355,93.40735600277586
"Bender, Anthony",669622,2025,783,88.22021820202005,-0.09332866201935261,-0.29798423377826505,-0.8930382758610449,-0.9332866201935262,-0.1140534196501973,-0.11919369351130601,-0.15657694499100216,-0.3889226523742764,-1.8729993344359173,1.525460655940151,-0.0199970555544064,-0.04967083682940949,-0.23920808868913376,0.1948225614227523,-0.27274979868263927,-0.17376933924788318,-0.03483394619190795,-0.0221927636331907,0.20804813759547655,0.1219991667751252,0.27631248505482253,0.05898977816664769,0.16502365218530088,0.8323488683892649,0.4986862602872829,7.564191533657183,18.806384455239417,7.564191533657183,0.06939625260235947,2.498265093684941,5.343511450381679
"Suárez, Andrew",605498,2023,520,88.19197801134895,-0.06212930974225026,-0.29869860453004926,-0.5945636733447373,-0.6212930974225026,-0.114339167950911,-0.11947944181201971,-0.3414472270924307,0.07381689343947073,-0.00453742747640717,-0.3223959122153701,-0.0656629282870059,0.01419555643066744,-8.725822070013796e-4,-0.06199921388757118,-0.13381516682647998,-0.16346666984588865,-0.02573368592816922,-0.03143589804728627,0.17106801540073607,0.2457603869779164,0.0843735264823506,0.1725520440877522,0.20841420118932624,0.8715372147149486,0.5399757079521375,7.494795281054822,27.758501040943788,7.494795281054822,11.311589174184594,17.002081887578072,44.136016655100626
"Blalock, Bradley",687134,2024,552,88.1750553899396,-0.0660471716702374,-0.29912668328911857,-0.6320974049890538,-0.6604717167023739,-0.11451039945453872,-0.11965067331564744,-0.3298235199104056,0.08830660346939112,0.00795130715368941,-0.3985317957017287,-0.05975063766492854,0.015997573092281,0.00144045419450895,-0.07219778907640012,-0.12075845822050724,-0.19529024427401964,-0.02187653228632377,-0.03537866744094559,0.1585408437529717,0.3007799033163941,0.08480358075353343,0.216734718476305,0.22966037353468288,0.8492308503850807,0.5394456119598818,7.425399028452463,26.162387231089525,7.425399028452463,10.964607911172797,35.11450381679389,17.071478140180428
"Fried, Max",608331,2024,2806,88.05909802976446,-0.3390321091577134,-0.3020599689573355,-3.2460850070344236,-3.390321091577134,-0.1156837137218255,-0.12082398758293421,-2.2676493474877475,0.4538627843180621,-0.04467398333423489,-1.3876244605305033,-0.08081430318915707,0.01617472502915403,-0.0015920877881053,-0.04945204777371714,-0.9068932815848428,-0.7161492219323691,-0.03231978908000152,-0.02552206778091123,0.1502930916416626,0.23843097172516944,0.0960535971873582,0.17600459713311362,0.19436203168341604,0.8639709028397641,0.5291664672615901,7.356002775850104,1.457321304649549,7.356002775850104,3.1228313671061763,10.340041637751561,32.54684247050659
"Martin, Chris",455119,2023,721,87.9555635923981,-0.08786942398642296,-0.30467900133988535,-0.8416328653256357,-0.8786942398642296,-0.11673132667484544,-0.12187160053595415,0.38791621221230344,-0.8839619593145471,-0.5874186072345822,0.24183148901119011,0.05380252596564541,-0.12260221349716326,-0.08147276105888795,0.03354112191556035,-0.24802287355112185,-0.17279355911169603,-0.03439984376575892,-0.0239658195716638,0.2947467853513425,0.3817771478465337,0.20133501810832136,0.11671177752408078,0.33826196659893815,0.840976602183799,0.5896192843913686,7.286606523247745,20.541290770298403,7.286606523247745,92.57460097154754,99.23664122137404,10.201249132546844
"Freeland, Kyle",607536,2025,2477,87.94654535351721,-0.3021019833244397,-0.30490712891041555,-2.8936952497047344,-3.0210198332443974,-0.1168225777030575,-0.12196285156416621,-0.3354639589543922,0.4298977900953105,-1.0166791351416578,-1.971449945703995,-0.01354315538774292,0.01735558296710983,-0.04104477735735397,-0.07959022792507044,0.04721691557045915,-1.4940645404228263,0.00190621378968345,-0.0603175026412122,0.19428149056788815,0.30214300076609346,0.11272567785328848,0.1876443678469842,0.2482122456669908,0.8498149771498636,0.5490136114084272,7.217210270645386,2.359472588480222,7.217210270645386,27.064538514920194,52.185981956974324,17.557251908396946
"Sánchez, Cristopher",650911,2025,3083,87.85845260433831,-0.37875955357842084,-0.3071355445819177,-3.629120892646227,-3.7875955357842086,-0.11771394397165837,-0.12285421783276708,2.543270630242489,0.8403958176336346,-1.6471896970954276,-5.3655976434269235,0.08249337107500775,0.02725902749379288,-0.0534281445700755,-0.1740381979703835,1.6918332239380618,-3.5063936702611755,0.05487619928440031,-0.11373317127022951,0.31501829466851494,0.2481911490263106,0.13062836019104326,0.20562992578858144,0.28160472184741275,0.8318708570101876,0.5567377894288001,7.147814018043026,0.9021512838306732,7.147814018043026,43.16446911866759,81.47120055517001,5.20471894517696
"Montgomery, Jordan",656756,2023,3360,87.80698278184727,-0.4145400507582743,-0.3084375377665731,-3.9726873058494903,-4.145400507582743,-0.11823474124552054,-0.12337501510662925,-0.34925243111138116,-0.2732831656098824,-1.295662423463341,-2.0544892856648858,-0.01039441759260063,-0.00813342754791316,-0.03856138165069467,-0.06114551445431207,-0.3112677983606318,-1.6750758545641131,-0.00926392257025689,-0.04985344805250337,0.22045910703493335,0.25510342117889195,0.11555701512575604,0.16484402752800892,0.23778126410691264,0.8597994786731176,0.5487903713900151,7.0784177654406655,0.5551700208188758,7.0784177654406655,26.301179736294237,42.74809160305343,27.480916030534353
"Alexander, Scott",518397,2023,683,87.79140639146912,-0.08437278272121405,-0.3088315619370939,-0.808619756740768,-0.8437278272121406,-0.11839235091372884,-0.12353262477483755,-0.408500931922731,0.04355286863028596,-0.4793712218129258,0.03569952836460288,-0.05980979969586106,0.00637670111717217,-0.07018612325225854,0.00522687091721857,-0.18247403164622256,-0.22183584672416143,-0.02671654928934444,-0.03247962616751997,0.21943566552758717,0.25537367955174123,0.12999940878883445,0.13330094048347452,0.23740467253966419,0.8683498253638455,0.5528772489517548,7.009021512838307,21.790423317140874,7.009021512838307,35.18390006939625,41.91533657182512,39.41707147814018
"Avila, Pedro",658648,2024,1464,87.75967029887596,-0.1813218846573642,-0.30963436587664644,-1.7379652372470105,-1.813218846573642,-0.11871347248954987,-0.12385374635065859,-1.4446012497483025,0.34984443058965553,0.33765529958367324,-0.9808637176720368,-0.09867494875329937,0.0238964774992934,0.02306388658358423,-0.06699888781912819,-0.5473784095793235,-0.32160420904418174,-0.03738923562700297,-0.02196750061777197,0.1648572482731651,0.2926882683686964,0.07839056425806555,0.19167845959735735,0.22877275832093075,0.8649654880722886,0.5468691231966096,6.939625260235947,6.800832755031229,6.939625260235947,22.414989590562108,34.004163775156144,34.35114503816794
"Law, Derek",571882,2023,954,87.74765586302765,-0.11827244992864024,-0.30993828597652057,-1.1336862866514252,-1.1827244992864023,-0.1188350405294995,-0.12397531439060822,-0.15643152631287194,0.389816046418673,-0.6310899851952172,-0.7359808215620092,-0.01639743462399077,0.04086122079860305,-0.06615199006239174,-0.07714683664172003,0.11669226005290056,-0.6835354033786132,0.01223189308730613,-0.0716494133520559,0.21400796262498736,0.3144545119705247,0.11746506290552627,0.20288304793504552,0.26423123729775605,0.839825944579714,0.552028590938735,6.870229007633588,13.532269257460097,6.870229007633588,33.795975017349065,67.93893129770993,9.299097848716169
"Garcia, Rico",670329,2025,586,87.71923270024375,-0.07281806765920178,-0.3106572852355025,-0.6980586717659207,-0.7281806765920178,-0.11912264023309228,-0.124262914094201,-0.30178263789775883,-0.04997022757106606,0.11726983336666308,-0.4635756396637589,-0.05149874366855953,-0.00852734258891912,0.02001191695676844,-0.07910847093238206,-0.17587643273441245,-0.17315290314854792,-0.03001304312873932,-0.02954827698780681,0.1726378122069862,0.32436402582750307,0.07813527395273442,0.22145608274957257,0.24850091901724464,0.8502043216488465,0.5493526203330455,6.800832755031229,24.63566967383761,6.800832755031229,27.966689798750867,52.532963219986115,17.973629424011104
"Erceg, Lucas",668674,2023,1049,87.67616191984159,-0.13080896323946023,-0.3117468142027174,-1.254168159591572,-1.3080896323946023,-0.11955845181997823,-0.12469872568108695,-0.22647813522803517,0.4802006110921866,-1.2193656063406024,-0.2885250291151209,-0.02158990802936464,0.04577698866465077,-0.11624076323551978,-0.0275047692197446,0.1268612379320757,-0.7539453177278617,0.01209354031764306,-0.07187276622763218,0.21778797978419717,0.3202611714752403,0.15123593287657616,0.16006662190370505,0.2690245756297187,0.8443487226098594,0.556686649119789,6.731436502428869,11.311589174184594,6.731436502428869,42.95628036086052,72.03331020124914,12.630117973629423
"Gomber, Austin",596295,2025,999,87.64591918331462,-0.12487973200044218,-0.31251184184294833,-1.1974459841319458,-1.2487973200044218,-0.11986446287607064,-0.12500473673717935,-0.7580333013966083,0.2371212853322504,0.08778312527851995,-0.7643170933461079,-0.07587920934900984,0.02373586439762266,0.00878709962747947,-0.07650821755216294,-0.26045600803217894,-0.33826698403379396,-0.02607167247569358,-0.03386055896234174,0.14613506839439092,0.28416927868938396,0.09028218465894572,0.20669908663409084,0.21515217354188743,0.8515093643534817,0.5333307689476845,6.662040249826509,12.144344205412908,6.662040249826509,5.621096460791118,21.859819569743234,19.29215822345593
"Funderburk, Kody",681892,2025,725,87.63546737408369,-0.09070510767403493,-0.31277623335874116,-0.8697840912473112,-0.9070510767403493,-0.11997021948238774,-0.12511049334349647,0.04830859275989496,-0.5764738651459993,-0.5267887060190333,0.18516988715782645,0.00666325417377861,-0.07951363657186197,-0.07266051117503906,0.02554067409073468,-0.26408263619305217,-0.1708094094306034,-0.03642519119904168,-0.02355991854215219,0.2397153427220808,0.17163809321608675,0.15654801843198957,0.12397279221883648,0.20567671796908377,0.8597395946745869,0.5327081563218353,6.59264399722415,19.70853573907009,6.59264399722415,5.20471894517696,15.544760582928522,27.203331020124917
"Jansen, Kenley",445276,2024,811,87.5653787258379,-0.10203976466519413,-0.3145492129013382,-0.9787100256383496,-1.0203976466519413,-0.12067941129942658,-0.1258196851605353,-0.7194158890281983,0.21926726698893617,-0.3101214477576377,-0.16843995584144977,-0.08870726128584443,0.02703665437594774,-0.03823938936592327,-0.02076941502360663,-0.25007431101963107,-0.23928070179954375,-0.03083530345494834,-0.02950440219476495,0.17809396422898277,0.37079087282081,0.1214674945037092,0.1938312671436992,0.27444241852489637,0.8423506191762958,0.5583965188505962,6.5232477446217905,16.655100624566273,6.5232477446217905,47.53643303261624,75.91950034698127,10.964607911172797
"Jansen, Kenley",445276,2025,869,87.54299347216472,-0.10953413936675167,-0.3151154757386412,-1.0506724138144818,-1.0953413936675167,-0.12090591643434774,-0.12604619029545647,-0.4246000176551661,-0.08075927130721539,-0.2898794533525688,-0.25543367149953156,-0.04886076152533557,-0.00929335688230326,-0.03335781971836235,-0.02939397830834655,-0.25267964448119073,-0.2726565624260502,-0.02907705920381941,-0.03137589901335445,0.1943516967774631,0.3861030219785991,0.11138467162853838,0.1684518567172687,0.2902273593780311,0.8600817358270965,0.5751545476025638,6.453851492019432,14.989590562109644,6.453851492019432,79.80569049271338,87.1616932685635,28.036086051353227
"Muñoz, Roddery",682610,2024,1485,87.53662349621116,-0.1872743076492811,-0.31527661220417696,-1.7964100096553466,-1.872743076492811,-0.12097037102056206,-0.12611064488167079,0.1340353129437517,-0.1280513728470396,-0.9108667090122252,-0.8915272407398334,0.00902594699957924,-0.00862298807050771,-0.06133782552270878,-0.06003550442692481,0.00299197004835605,-0.9011969748760292,2.0147946453576103e-4,-0.06068666497481679,0.2512333315156192,0.2332582844848431,0.12965169643101138,0.17820281727910797,0.24224580800023116,0.8460727431449403,0.5441592755725857,6.384455239417071,6.037473976405274,6.384455239417071,17.90423317140874,47.2588480222068,14.850798056904926
"Feltner, Ryan",663372,2024,2718,87.4480704301084,-0.34520412597764605,-0.31751667216486934,-3.3123286162315253,-3.4520412597764603,-0.12186639500483903,-0.12700666886594775,-0.23663891292051176,0.5299347073819263,-1.6760204793481537,-1.9296039313447864,-0.00870636177043825,0.019497229852168,-0.06166374096203655,-0.07099352212453224,0.14664789723070726,-1.80281220534647,0.00539543404086487,-0.06632863154328439,0.22385790307735756,0.2791470967447858,0.13118471787393782,0.19803207053712096,0.2515024999110717,0.8353916057944706,0.5434470528527712,6.315058986814711,1.31852879944483,6.315058986814711,16.585704371963914,56.07217210270645,6.800832755031229
"Peralta, Wandy",593974,2024,635,87.43423168031588,-0.0807381521010404,-0.3178667405552772,-0.7747407819923637,-0.8073815210104041,-0.12200642236100216,-0.1271466962221109,0.448978802657507,0.36812807087699184,-0.6402668870218804,-0.9515807685049822,0.07070532325315071,0.05797292454755776,-0.10082943102706778,-0.14985523913464285,0.4085534367672494,-0.7959238277634313,0.06433912390035425,-0.12534233508085532,0.2879155622818464,0.319336150664312,0.1854866798394755,0.20878499266025433,0.30362585647307916,0.802864163750135,0.5532450101116071,6.2456627342123525,22.48438584316447,6.2456627342123525,35.80846634281748,93.75433726578764,1.040943789035392
"Pérez, Martín",527048,2025,902,87.29444455684488,-0.1159621409660675,-0.3214028297285685,-1.1132561394334743,-1.159621409660675,-0.12342085803031869,-0.1285611318914274,0.07992534276661445,0.09488431790578034,-0.8735437352952431,-0.414522064810626,0.00886090274574439,0.0105193257101752,-0.09684520346953916,-0.04595588301669912,0.08740483033619739,-0.6440329000529346,0.0096901142279598,-0.07140054324311913,0.2699963635496924,0.26695832794050234,0.1604631998724134,0.16037854951634947,0.2684773457450974,0.8395791253056186,0.5540282355253581,6.176266481609993,14.226231783483692,6.176266481609993,37.196391394864676,71.26995142262318,9.021512838306732
"Ureña, José",570632,2025,934,87.28923328106077,-0.1201253472693871,-0.32153465543197834,-1.1532433148311156,-1.201253472693871,-0.12347358831168262,-0.12861386217279133,0.7608299232133504,0.38401316725048673,-1.7072662206871885,-0.5908201846077645,0.08145930655389191,0.04111490013388508,-0.1827908159193992,-0.06325697908006044,0.5724215452319186,-1.1490432026474764,0.0612871033438885,-0.1230238974997298,0.32405808868490726,0.275177735699363,0.22576057387841517,0.181698741217404,0.2996179121921351,0.7962703424520904,0.5479441273221127,6.106870229007633,13.046495489243581,6.106870229007633,24.219292158223457,92.15822345593338,0.5551700208188758
"Parker, Mitchell",680730,2025,2704,87.26368160956595,-0.34847098771342033,-0.3221810167468754,-3.345716871929824,-3.4847098771342035,-0.12373213283764142,-0.12887240669875014,-2.8956737622024775,-0.29846055232519575,0.9405883596666058,-1.0921709170687564,-0.10708852670867151,-0.01103774231971877,0.03478507247287744,-0.04039093628212856,-1.5970671572638366,-0.07579127870107527,-0.05906313451419515,-0.00280293190462556,0.12850556170603142,0.3688938345119796,0.06867142590724151,0.20700657713441692,0.2486996981090055,0.8621609984791707,0.5554303482940881,6.037473976405274,1.179736294240111,6.037473976405274,40.388619014573216,52.67175572519084,30.395558639833446
"Montgomery, Mason",682254,2025,859,87.24696311047074,-0.11084671102767327,-0.3226039319780945,-1.064312157809809,-1.1084671102767327,-0.12390129893012908,-0.1290415727912378,-0.3645680247932432,-0.5747967998640888,0.870056299110729,-0.995003632263206,-0.04244098076754869,-0.06691464492015003,0.10128711281847835,-0.11583278606090872,-0.469682412328666,-0.06247366657623843,-0.05467781284384936,-0.00727283662121518,0.1867392264622843,0.3876310542421079,0.04627379725612723,0.23419620703330943,0.2871851403521961,0.8597649978552817,0.5734750691037389,5.968077723802915,14.850798056904926,5.968077723802915,77.51561415683554,85.21859819569744,27.27272727272727
"Cobb, Alex",502171,2023,2491,87.23478594203806,-0.321749485514154,-0.32291196860111804,-3.089450633261322,-3.21749485514154,-0.12402451357933848,-0.1291647874404472,-0.821624749885359,-0.9556532211790908,-0.07817517593912271,-1.2339974862577492,-0.03298373142855716,-0.03836424011156527,-0.0031383049353321,-0.04953823710388395,-0.888638985532225,-0.656086331098436,-0.03567398577006122,-0.02633827101960802,0.21636517171742797,0.18810505129062033,0.09705501882217243,0.18711371555985973,0.20223511150402415,0.8579156328089839,0.530075372156504,5.898681471200555,1.8043025676613464,5.898681471200555,3.4698126301179735,14.018043025676613,25.746009715475367
"Kluber, Corey",446372,2023,966,87.18942137554875,-0.12521659920061107,-0.32405952174071184,-1.2025109465078003,-1.2521659920061106,-0.124483534835176,-0.12962380869628473,0.1541003016815239,-0.554518780179933,-1.2436008887252683,0.44150842071587704,0.01595241218235237,-0.057403600432705273,-0.12873715204195324,0.04570480545713013,-0.20020923924920453,-0.4010462340046956,-0.02072559412517645,-0.04151617329241156,0.28036125869999995,0.17954074203250556,0.160061681293164,0.10320143918210584,0.22995100036625277,0.8683684397623651,0.5491597200643089,5.829285218598196,12.074947952810549,5.829285218598196,27.480916030534353,35.32269257460097,39.48646773074254
"Sborz, Josh",622250,2023,1001,87.15649247529883,-0.130086956693177,-0.3248924992337088,-1.2494154255820715,-1.3008695669317698,-0.1248167258323748,-0.1299569996934835,-1.14648570601679,-0.04068186124004569,0.5231794255664681,-0.5854272838917041,-0.1145340365651139,-0.00406412200200256,0.05226567687976704,-0.05848424414502538,-0.5935837836284179,-0.03112392916261797,-0.05929907928355823,-0.00310928363262916,0.1358557748480637,0.2672339263609722,0.0554218773145239,0.1266152050197537,0.20154485060451793,0.9089814588328612,0.5552631547186896,5.759888965995836,11.450381679389313,5.759888965995836,40.11103400416378,13.601665510062459,85.35739070090214
"Glasnow, Tyler",607192,2025,1822,87.14375754915805,-0.23701643329915312,-0.32521464503176883,-2.27650854324213,-2.370164332991531,-0.1249455841515988,-0.13008585801270753,-1.3500416613669586,0.09651813704749657,0.3405281101526043,-1.3635131290752724,-0.07409668832969038,0.00529737305419849,0.01868979748367751,-0.074836066359784445,-0.626761762159731,-0.5114925094613341,-0.03439965763774594,-0.02807313443805346,0.16161770685071342,0.28157653041847747,0.08523232243691926,0.23213753701860496,0.22159711863459544,0.8413150702722378,0.5314560944534167,5.690492713393477,4.094378903539209,5.690492713393477,4.580152671755725,27.411519777931993,10.40943789035392
"Sears, JP",676664,2024,2927,87.11444203449177,-0.3816295393806682,-0.3259562174416366,-3.6658395778920294,-3.8162953938066817,-0.12524221311554593,-0.13038248697665464,-1.262454024985345,0.5997184592019948,-3.681648520094086,0.6785445079854071,-0.04313132985942416,0.02048918548691475,-0.12578232046785398,0.02318225172481746,-0.33136778289167523,-1.5015520060543397,-0.0113210721862547,-0.05130003437151826,0.18384603313647188,0.2272870779986385,0.1640380323234607,0.12190959197694654,0.2055665555675552,0.8570261878497965,0.5312963717086758,5.621096460791118,0.8327550312283136,5.621096460791118,4.371963913948647,15.475364330326164,24.70506592643997
"Peralta, Wandy",593974,2023,877,87.01631346045622,-0.11521622642678472,-0.3284385017867296,-1.107082062505924,-1.1521622642678473,-0.12623512685358315,-0.13137540071469186,0.8505572255562583,0.8673884626405197,-1.4732422081697223,-1.3517855425329799,0.09698486038269764,0.098904043630618,-0.16798656877647916,-0.1541374620904196,0.858972844098389,-1.412513875351351,0.09794445200665784,-0.1610620154334494,0.2779210492533133,0.34981699314205394,0.2006052754076479,0.20972879913194037,0.3138690211976836,0.7948329627302059,0.5543509919639448,5.551700208188757,14.36502428868841,5.551700208188757,38.16793893129771,96.73837612768911,0.4163775156141568
"Syndergaard, Noah",592789,2023,1407,87.00672400514094,-0.18498171125417623,-0.32868107898751997,-1.7774934593159628,-1.8498171125417624,-0.12633215773389928,-0.131472431595008,0.1830878309918944,0.2562427302746073,-1.940195384275853,-0.2766286363066115,0.01301263901861367,0.01821199220146463,-0.13789590506580335,-0.01966088388817423,0.2196652806332509,-1.1084120102912325,0.01561231561003915,-0.07877839447698878,0.2360871518152425,0.29295410081751727,0.16966731546866995,0.15138556681936308,0.2645206263163799,0.8394735588559835,0.5519970925861817,5.482303955586398,6.315058986814711,5.482303955586398,33.726578764746705,68.28591256072171,8.95211658570437
"Cortes, Nestor",641482,2024,2866,87.00415316154458,-0.37687454242334184,-0.32874611167423395,-3.6214251753740423,-3.768745424233418,-0.12635817080858489,-0.1314984446696936,-2.074605773833696,0.15605780232908728,-1.6687679448208428,-0.03410925904859141,-0.07238680299489518,0.0054451431377909,-0.0582263763021927,-0.0011901346492879,-0.9592739857523044,-0.8514386019347171,-0.03347082992855214,-0.0297082554757403,0.1451329845717196,0.29868358089179864,0.12933165453201123,0.10975786975532048,0.2219082827317591,0.8804552378563342,0.5511817602940466,5.41290770298404,0.9715475364330326,5.41290770298404,31.089521165857043,28.036086051353227,56.69673837612768
"Gonzales, Marco",594835,2024,667,86.99634365492103,-0.08776216925071159,-0.3289436628587391,-0.8433360658535207,-0.8776216925071159,-0.12643719128238692,-0.13157746514349564,0.18702750734246365,-0.08545185346929429,-0.43629515272169783,-0.5086165670049922,0.02804010604834537,-0.01281137233422703,-0.06541156712469233,-0.07625435787181292,0.05078782693658468,-0.47245585986334504,0.00761436685705917,-0.07083296249825263,0.24935388040472117,0.2898060342632367,0.12536484272810838,0.19173673649651063,0.26957995733397894,0.8414492103876905,0.5555145838608347,5.343511450381679,20.610687022900763,5.343511450381679,40.59680777238029,72.44968771686328,10.617626648161
"Coulombe, Danny",543056,2023,831,86.97843141091118,-0.10949148812717328,-0.329396775352507,-1.0521992054859195,-1.0949148812717329,-0.12661843627989408,-0.1317587101410028,-0.4629685835942041,0.2766778279619757,-0.13303230551662182,-0.7328761443370695,-0.05571222425923034,0.03329456413501513,-0.01600870102486423,-0.08819207513081462,-0.0931453778161142,-0.43295422492684565,-0.0112088300621076,-0.05210038807783943,0.18305239681558133,0.26191263418318117,0.1059419888651634,0.1847943391856895,0.22248251549938125,0.8546318359745735,0.5385571757369774,5.27411519777932,15.058986814712005,5.27411519777932,9.923664122137405,28.452463566967385,22.068008327550313
"Martin, Chris",455119,2024,673,86.85189489531555,-0.08953529381840022,-0.3325976739167913,-0.8607588950987406,-0.8953529381840023,-0.1278987957056078,-0.13303906956671652,0.17280228028039346,-0.6359455735255324,-0.51862132697687,0.12100572512326836,0.02567641608921151,-0.09449414168284284,-0.077061118421526,0.01798004830954953,-0.23157164662256943,-0.19880780092680084,-0.03440886279681567,-0.02954053505598823,0.25985217917070214,0.3952942823013031,0.21712767915490272,0.12016464245593948,0.32757323073600264,0.831353839194579,0.5794635349652908,5.20471894517696,20.05551700208189,5.20471894517696,84.45523941707148,98.75086745315753,4.996530187369882
"Hall, DL",669084,2025,588,86.83629685410479,-0.0783197762055873,-0.3329922457720549,-0.7529729517525539,-0.7831977620558731,-0.12805662444771324,-0.13319689830882195,-0.1918808203060962,0.0866483832742233,-0.3352244691982378,-0.31251604552244316,-0.03263279256906398,0.01473611960445974,-0.05701096414936017,-0.05314898733374883,-0.05261621851593645,-0.3238702573603405,-0.00894833648230211,-0.0550799757415545,0.20018712964774996,0.2577753029840324,0.1223546516468514,0.17179969923649369,0.2289812163158912,0.8529228245583275,0.5409520204371093,5.135322692574601,23.247744621790424,5.135322692574601,12.421929215822345,34.28174878556558,20.749479528105482
"Coulombe, Danny",543056,2025,719,86.67694412839612,-0.09692789279486105,-0.33702327119214553,-0.9323203588872389,-0.9692789279486105,-0.1296690346157495,-0.1348093084768582,-0.2666661063367428,0.29003799038491707,-0.3128247018066759,-0.6428675411287372,-0.03708847097868467,0.04033908072112894,-0.04350830345016354,-0.08941134090803021,0.01168594202408712,-0.47784612146770655,0.00162530487122213,-0.06645982217909688,0.20155696124583497,0.27299809695824456,0.11913720217544248,0.19514781769958697,0.23727752910203975,0.8428574900624852,0.5400675095822625,5.065926439972242,17.90423317140874,5.065926439972242,11.519777931991673,41.70714781401804,11.450381679389313
"Skubal, Tarik",669373,2024,3161,86.67469901539526,-0.4262040330711286,-0.3370800641182605,-4.099556273961639,-4.262040330711286,-0.1296917517861955,-0.1348320256473042,1.060915481854522,-0.4561882263910775,-1.538703092053311,-3.165580437371773,0.03356265364930471,-0.01443176926260922,-0.04867773147906708,-0.10014490469382388,0.3023636277317223,-2.3521417647125418,0.00956544219334774,-0.07441131808644548,0.25631719238307576,0.2419866807563012,0.12013782728834312,0.2377395771454023,0.24915193656968848,0.8210612977831273,0.5351066171764078,4.996530187369882,0.3469812630117973,4.996530187369882,7.0784177654406655,53.08813324080499,2.2900763358778624
"Woodruff, Brandon",605540,2025,964,86.66239683033068,-0.13009807108702792,-0.33739126319249974,-1.2514284708491914,-1.3009807108702793,-0.1298162314158912,-0.1349565052769999,0.2932515258002013,0.18541123787781544,-1.0510237183689242,-0.679067516158284,0.03042028275935698,0.01923353090018832,-0.1090273566772743,-0.07044268839816223,0.23933138183900837,-0.8650456172636041,0.02482690682977265,-0.08973502253771826,0.2644237397680595,0.3173249785294996,0.18327454987274952,0.19584128333703385,0.29087435914877957,0.8104420833951083,0.550658221271944,4.9271339347675225,11.380985426786953,4.9271339347675225,30.18736988202637,87.5086745315753,1.179736294240111
"McKenzie, Triston",663474,2024,1382,86.63598522699007,-0.18687922391136952,-0.3380593775531286,-1.7977536543531727,-1.868792239113695,-0.13008347716014274,-0.13522375102125145,-2.1874643144799393,0.26985588378192915,0.8494862833043726,-0.7296315069595352,-0.1582825119015875,0.01952647494804118,0.06146789314792855,-0.05279533335452497,-0.9588042153490052,0.05992738817241871,-0.06937801847677316,0.00433627989670178,0.10939372152070792,0.3654899338229319,0.06063264530783806,0.20500785757016743,0.2374418276718199,0.8671797485609972,0.5523107881164085,4.857737682165164,6.176266481609993,4.857737682165164,34.420541290770295,41.98473282442748,37.473976405274115
"Lively, Ben",594902,2025,718,86.61857367340542,-0.09721714958484547,-0.33849982445976823,-0.935264329525694,-0.9721714958484546,-0.1302596559227986,-0.1353999297839073,-9.341483428215724e-5,-0.05131641361822403,-0.6438670941421378,-0.23998740693104992,-1.3010422601971762e-5,-0.00714713281590863,-0.08967508274960137,-0.03342442993468662,-0.02570491422625309,-0.4419272505365939,-0.0035800716192553,-0.06154975634214399,0.23081307413435265,0.25003168793864816,0.14894666231308176,0.16350941988501858,0.2404223810365004,0.8437719589009498,0.5420971699687251,4.788341429562804,17.765440666204025,4.788341429562804,14.226231783483692,45.52394170714781,12.144344205412908
"Houser, Adrian",605288,2024,1101,86.57089737677859,-0.14960645884535462,-0.3397058556888161,-1.4394701732427393,-1.4960645884535462,-0.13074206841441774,-0.13588234227552645,-0.2332043167843381,-0.07139666533748823,-0.8672988413104576,-0.26757034981045535,-0.02118113685597984,-0.0064847107481824,-0.07877373672211241,-0.02430248408814308,-0.15230049106091317,-0.5674345955604565,-0.01383292380208112,-0.05153811040512774,0.21220389345098156,0.21714468368641848,0.1332856766946378,0.1500969544628445,0.21467428856870002,0.8583086844212588,0.5364914864949795,4.718945176960444,9.507286606523248,4.718945176960444,8.0499653018737,21.512838306731435,26.092990978487162
"Alexander, Jason",669920,2025,1252,86.55995870511791,-0.17026326754809185,-0.3399825629953911,-1.6382764467398374,-1.7026326754809185,-0.1308527513370477,-0.13599302519815643,0.5400291498040133,-0.5576603182971667,-1.314647196678834,-0.30599808156785,0.04313331867444196,-0.04454155896942226,-0.10500376970278226,-0.02444074133928514,-0.00881558424657669,-0.810322639123342,-7.041201474901511e-4,-0.06472225552103371,0.29468693282435443,0.22356975559568237,0.1441615327196001,0.1713110268380116,0.2591283442100184,0.8422637202211941,0.5506960322156063,4.6495489243580845,7.91117279666898,4.6495489243580845,30.326162387231086,63.77515614156836,10.895211658570437
"Lambert, Jimmy",669424,2023,675,86.51880315878579,-0.09207638380828567,-0.34102364373439137,-0.8860669895203728,-0.9207638380828567,-0.13126918363264783,-0.13640945749375655,-0.9808695841916232,0.09799504426973726,0.39012270262253423,-0.393315152221021,-0.1453140124728331,0.01451778433625737,0.05779595594407915,-0.05826891144015125,-0.441437269960943,-0.00159622479924337,-0.06539811406828785,-2.364777480360553e-4,0.10839926359100582,0.2500116096008053,0.06484539118237838,0.18955581302347732,0.17920543659590557,0.8727993978970722,0.5260024172464889,4.580152671755725,19.29215822345593,4.580152671755725,1.9430950728660652,5.482303955586398,46.07911172796669
"Rolison, Ryan",669020,2025,676,86.41326701134817,-0.09293467152780285,-0.34369331186317614,-0.8945984639769335,-0.9293467152780285,-0.13233705088416176,-0.13747732474527047,-0.4592661772564952,-0.1463046009603204,0.6717367441365241,-0.960764429896642,-0.06793878361782474,-0.02164269244975153,0.09936934084859823,-0.14212491566518373,-0.3027853891084078,-0.14451384288005897,-0.04479073803378813,-0.02137778740829274,0.1377498860787483,0.2583423192529899,0.04638257667833846,0.2825489884659636,0.19804610266586908,0.835534217427849,0.516790160046859,4.510756419153366,18.945176960444137,4.510756419153366,0.4857737682165163,11.93615544760583,6.939625260235947
"Cortes, Nestor",641482,2023,1066,86.30110349502762,-0.14776065957956966,-0.34653062753182373,-1.4228112764362777,-1.4776065957956965,-0.1334719771516208,-0.1386122510127295,-0.8809406343316368,-0.044247258064388,-0.4761909272951925,-0.02143245674506033,-0.08263983436506912,-0.00415077467770994,-0.04467081869560906,-0.00201054941323267,-0.4625939461980124,-0.24881169202012643,-0.04339530452138953,-0.02334068405442086,0.12971548506263006,0.28807070199481793,0.12221862493711606,0.10621195097351036,0.20889309352872398,0.8857847120446868,0.5473389027867054,4.441360166551006,9.854267869535045,4.441360166551006,23.039555863983345,17.487855655794586,63.98334489937544
"Kershaw, Clayton",477132,2025,1742,86.2956640204902,-0.24155841974201206,-0.3466682258065615,-2.3260406267596068,-2.4155841974201206,-0.13352701646151588,-0.1386672903226246,-1.48437290081813,0.3133968249080681,0.28246654544955163,-1.4375310962990966,-0.08521084390459988,0.01799063288794879,0.01621507149538183,-0.08252187694024665,-0.5854880379550309,-0.5775322754247725,-0.03361010550832554,-0.0331534027224324,0.16736813401946676,0.37855547023318825,0.08050618747786735,0.27968488732458563,0.2729618021263275,0.8199044625987735,0.5464331323625504,4.371963913948647,3.816793893129771,4.371963913948647,21.374045801526716,75.08674531575295,2.012491325468425
"Freeland, Kyle",607536,2023,2402,86.20102444327186,-0.33537901137292825,-0.34906225163710264,-3.230320735585451,-3.3537901137292825,-0.13448462679373235,-0.13962490065484107,0.5274863358532684,0.5577842616658018,-2.784254070155612,-1.5313372629489097,0.02196029707965314,0.02322165951980856,-0.11591399126376402,-0.06375259212943005,0.5426352987595351,-2.1577956665522606,0.02259097829973085,-0.08983329169659704,0.26483747993052853,0.30666166726496064,0.1864756072926388,0.1777621683098852,0.28574957359774456,0.8178811121987379,0.5518153428982413,4.302567661346287,1.5267175572519083,4.302567661346287,33.17140874392783,84.52463566967384,1.7349063150589867
"Darvish, Yu",506433,2023,2214,85.94638473554448,-0.31483405882865273,-0.355503679797485,-3.03453492500158,-3.148340588286527,-0.13706119805788528,-0.142201471918994,-1.2533138341916583,-0.09844314580686842,-1.1108290040926931,-0.5719489409103602,-0.0566085742633992,-0.00444639321620905,-0.05017294508097078,-0.02583328549730624,-0.6758784899992634,-0.8413889725015267,-0.03052748373980413,-0.03800311528913851,0.17553220215721677,0.20111328878147677,0.11762494852879926,0.1512022196702546,0.18832274546934677,0.8655864159004731,0.52695458068491,4.233171408743928,1.9430950728660652,4.233171408743928,2.2900763358778624,8.188757807078417,35.60027758501041
"Sánchez, Sixto",664350,2024,651,85.91539702866743,-0.09277727864220262,-0.35628755238941096,-0.8943096035862084,-0.9277727864220261,-0.13737474709465566,-0.14251502095576438,-0.10673844293501134,-0.09372928163156756,-0.6968957030362901,0.00305382401666065,-0.01639607418356549,-0.01439773911391207,-0.1070500311883702,4.69097391192113e-4,-0.10023386228328944,-0.34692093950981473,-0.01539690664873877,-0.05329046689858905,0.23352645833491564,0.21842526671993057,0.1594892426777079,0.13603613237154588,0.2259758625274231,0.852237312475373,0.5391065875013981,4.163775156141568,19.014573213046496,4.163775156141568,10.340041637751561,31.5058986814712,20.124913254684245
"Chirinos, Yonny",630023,2024,515,85.58740486613674,-0.0751044115606757,-0.3645845221392024,-0.7245717052220471,-0.751044115606757,-0.14069353499457224,-0.14583380885568095,-0.05760353053915423,-0.3560886507966643,-0.32581777265147593,0.0149382487652474,-0.01118515156100082,-0.06914342733915811,-0.06326558692261668,0.00290063082820338,-0.2068460906679093,-0.15543976194311426,-0.04016428945007946,-0.03018247804720665,0.24901347454759873,0.15438735289288508,0.1459417819189666,0.14250369005681404,0.2017004137202419,0.8557772640121097,0.5287388388661758,4.094378903539209,24.219292158223457,4.094378903539209,2.914642609299098,13.740458015267176,23.4559333795975
"Ureña, José",570632,2024,1758,85.51966473373591,-0.2575808190342485,-0.3662980930521167,-2.485442175864194,-2.575808190342485,-0.14137896335973796,-0.14651923722084667,1.441701294175232,0.6945939405086392,-4.086561538385411,-0.5351758721626538,0.08200803721133287,0.03951046305509893,-0.23245515007880604,-0.03044231354736369,1.0681476173419355,-2.310868705274032,0.0607592501332159,-0.13144873181308486,0.3193541785782404,0.2992152907876964,0.2441969362343073,0.16756526648749348,0.30928473468296835,0.7941188986390997,0.551701816661034,4.02498265093685,3.1228313671061763,4.02498265093685,32.89382373351839,95.2116585704372,0.3469812630117973
"Davidson, Tucker",656353,2023,843,85.49807285002828,-0.1236998934446379,-0.3668442866092464,-1.1936664257972325,-1.236998934446379,-0.14159744078258985,-0.14673771464369856,-0.7598044055189348,0.05393878358518123,-0.2888219863247059,-0.198978817538773,-0.09013100895835524,0.00639843221651022,-0.03426120834219524,-0.02360365569854958,-0.3529328109668768,-0.24390040193173945,-0.04186628837092251,-0.02893243202037241,0.15579170059356,0.31194639676675184,0.10522166512087452,0.15936667907356003,0.23386904868015593,0.8677058279027827,0.5507874382914694,3.95558639833449,12.283136710617628,3.95558639833449,30.46495489243581,38.237335183900065,38.16793893129771
"Darvish, Yu",506433,2024,1417,85.47429702501896,-0.20826823731444208,-0.3674457256782676,-2.00984469253251,-2.082682373144421,-0.14183801641019833,-0.14697829027130704,-0.4869865506533415,-0.19051161452762244,-0.56438516190428345,-0.7679613654472632,-0.03436743476734943,-0.01344471521013567,-0.03982958093890497,-0.05419628549380827,-0.338749082590482,-0.6661732636757733,-0.02390607498874255,-0.04701293321635663,0.18513378100553643,0.20263147435899936,0.10771634542113705,0.17404578903974052,0.19388262768226788,0.8591189327695612,0.5265007802259145,3.8861901457321304,5.20471894517696,3.8861901457321304,2.220680083275503,10.131852879944484,26.925746009715475
"Quantrill, Cal",615698,2024,2643,85.46053580217884,-0.38883164017145627,-0.36779383292797607,-3.7524589635654593,-3.8883164017145626,-0.1419772593100817,-0.14711753317119042,-0.2741969366468311,0.9591139981412198,-2.002466961411301,-2.434909063648547,-0.01037445844293723,0.03628883837083692,-0.07576492476017029,-0.09212671447781108,0.34245853074719435,-2.218688012529924,0.01295718996394984,-0.0839458196189907,0.21639886019343915,0.29808457176641323,0.1246937081358226,0.2236575215495848,0.2572417159799262,0.8258243851572963,0.5415330505686112,3.816793893129771,0.6245662734212353,3.816793893129771,13.39347675225538,62.10964607911173,3.2616238723108952
"Seymour, Carson",693313,2025,621,85.45910757453883,-0.09136896249192916,-0.3678299617227422,-0.8817685242418065,-0.9136896249192916,-0.14199171082798817,-0.14713198468909688,-0.0635549618323239,-0.01243142305702349,-0.465246392809604,-0.3405357465428551,-0.01023429337074459,-0.0020018394616785,-0.07491890383407472,-0.05483667416149036,-0.03799319244467369,-0.4028910696762296,-0.00611806641621154,-0.06487778899778254,0.2243831058618126,0.24511566693548373,0.13356913121965802,0.19166768976960108,0.23474938639864817,0.8373815895053704,0.5360654879520093,3.747397640527411,19.56974323386537,3.747397640527411,7.564191533657183,39.76405274115198,7.91117279666898
"Hanifee, Brenan",669724,2024,513,85.24852754466835,-0.07657178470166326,-0.37315684552467476,-0.7393482421091448,-0.7657178470166326,-0.1441224643487612,-0.1492627382098699,0.32554487415836775,-0.06620956074857531,-0.7833393469545626,-0.21534420856437464,0.06345903979695278,-0.01290634712447861,-0.15269772845118182,-0.04197742857005353,0.12966765670489622,-0.49934177775946864,0.02527634633623708,-0.09733757851061768,0.2952105974404517,0.2234463144096675,0.17527912018279138,0.1733639780385243,0.2593284559250596,0.8256784508893422,0.5425034534072009,3.678001387925052,23.87231089521166,3.678001387925052,14.850798056904926,64.1915336571825,3.1922276197085355
"Falter, Bailey",663559,2025,1951,85.19979468491486,-0.29217364683072655,-0.37438960383229947,-2.8214497252770343,-2.9217364683072655,-0.14461556767181108,-0.1497558415329198,-0.8634963937206521,0.29713482450097217,-1.0026160439006162,-1.252472112156738,-0.04425916933473358,0.01522987311640041,-0.05138985360843753,-0.06419641784504039,-0.28318078460984,-1.1275440780286772,-0.01451464810916658,-0.05779313572673897,0.19144394527220032,0.39805581822183633,0.12188965512033471,0.22395930838988296,0.2947498817470183,0.8270755182448912,0.5609126999959548,3.608605135322693,2.5676613462873004,3.608605135322693,53.57390700902152,89.79875086745317,3.747397640527411
"Funderburk, Kody",681892,2024,650,85.08475972809792,-0.0980978846016437,-0.377299556160168,-0.9475670659192303,-0.980978846016437,-0.1457795486029585,-0.1509198224640672,-0.16518249731473134,-0.5556269713824804,-0.31760557263729083,0.09084797541527224,-0.02541269189457404,-0.0854810725203816,-0.04886239579035244,0.01397661160234957,-0.3604047343486058,-0.1133787986110093,-0.05544688220747783,-0.01744289209400143,0.18977825242601207,0.15091578343419176,0.13446444582540704,0.13107798661503295,0.17034701793010193,0.8672287837797801,0.518787900854941,3.5392088827203327,17.34906315058987,3.5392088827203327,0.6245662734212353,3.608605135322693,37.543372657876475
"Thompson, Zack",668868,2023,1168,84.74406893429966,-0.18030077447446977,-0.3859177535840535,-1.742969346046948,-1.8030077447446977,-0.14922682757251268,-0.1543671014336214,-2.062579909002352,-0.13258517659414792,1.0042152822090884,-0.5520195426595365,-0.176590745633763,-0.01135147059881403,0.08597733580557264,-0.04726194714550826,-1.09758254279825,0.22609786977477597,-0.09397110811628852,0.01935769433003219,0.08668266558717928,0.2645620474434558,0.04790476180260477,0.19393469024808416,0.17562235651531755,0.8790802739746555,0.5273513152449865,3.4698126301179735,7.009021512838307,3.4698126301179735,2.498265093684941,4.6495489243580845,54.47605829285218
"Falter, Bailey",663559,2024,2150,84.71340608656465,-0.3325563312754967,-0.38669340845987993,-3.2150474247411296,-3.325563312754967,-0.14953708952284325,-0.15467736338395197,-0.4770146917650777,-0.2424316626156724,-1.0973140574820093,-1.3982870128783702,-0.02218672984953849,-0.01127589128444987,-0.0510378631386981,-0.06503660525015675,-0.35972317719037505,-1.2478005351801895,-0.01673131056699419,-0.05803723419442743,0.19849819703715593,0.4253579711082139,0.11914127399821244,0.22150881199537595,0.3119280840726849,0.8296749570032058,0.5708015205379453,3.4004163775156147,1.5961138098542678,3.4004163775156147,73.00485773768216,95.97501734906315,4.580152671755725
"Ferrer, Jose A.",678606,2023,555,84.70530123383888,-0.08589145163569752,-0.38689843079143016,-0.8303859964278217,-0.8589145163569751,-0.14961909845546337,-0.15475937231657208,0.4823604973782949,0.04424128519258374,-0.24666150635948725,-1.1103262726392131,0.0869118013294225,0.00797140273740247,-0.04444351465936707,-0.20005878786292125,0.2633008912854393,-0.6784938894993502,0.04744160203341249,-0.12225115126114416,0.3178273825798291,0.2885855265205555,0.20789418827661227,0.2368152798224984,0.30320645455019235,0.7776452659504447,0.5404258602503185,3.3310201249132545,21.165857043719637,3.3310201249132545,12.005551700208189,93.68494101318528,0.06939625260235947
"Pressly, Ryan",519151,2023,1099,84.51952607834033,-0.17214641241611028,-0.3915978444406512,-1.664972514427518,-1.7214641241611028,-0.15149886391515177,-0.15663913777626048,-1.1679335666422048,0.09174226192862989,0.02949363515040204,-0.6182748448643451,-0.1062723900493362,0.00834779453399726,0.0026836792675525,-0.05625794766736534,-0.5380956523567875,-0.29439060485697155,-0.04896229775766947,-0.02678713419990642,0.14747321196476,0.29038018833034085,0.07802533372814473,0.18651256468177072,0.21892670014755042,0.8677310507950423,0.5433288754712964,3.2616238723108952,7.633587786259542,3.2616238723108952,16.238723108952115,25.05204718945177,38.237335183900065
"Soriano, José",667755,2024,1737,84.50300965540596,-0.272372472163709,-0.3920156479040141,-2.634438164669632,-2.7237247216370903,-0.15166598530049694,-0.15680625916160565,-0.8166159574860785,-1.277922727438181,-1.1124164270288477,0.572516947283475,-0.0470130084908508,-0.07357068091181238,-0.06404239648985881,0.03296010059202504,-1.0472693424621298,-0.2699497398726862,-0.06029184470133159,-0.01554114794891688,0.20079390790388185,0.18278355590512715,0.1295593685094849,0.12086037481026037,0.19178873190450452,0.8747901283401274,0.5332894301223159,3.1922276197085355,2.8452463566967383,3.1922276197085355,5.482303955586398,9.576682859125608,48.369188063844554
"King, John",667463,2023,527,84.40406537104552,-0.08316451385118177,-0.39451856665646,-0.8045558952637748,-0.8316451385118178,-0.15266715280147528,-0.157807426662584,0.2444370871405681,0.3928102037957615,-0.9609850314841424,-0.480818154715962,0.04638274898303,0.07453704056845568,-0.1823501008508809,-0.09123684150208008,0.3186236454681648,-0.7209015931000522,0.06045989477574284,-0.1367934711764805,0.3231308051176978,0.3180520580722978,0.18406392870522023,0.22142312023029337,0.3205914315949978,0.7972564755322432,0.5589239535636206,3.1228313671061763,22.137404580152673,3.1228313671061763,48.71616932685635,97.91811242192921,0.6245662734212353
"Criswell, Cooper",681867,2023,552,84.35788807619942,-0.08736761867259576,-0.39568667877081415,-0.8453018750126375,-0.8736761867259577,-0.15313439764721695,-0.15827467150832567,0.28126341564984614,-0.5127206711013059,-1.0932882053170945,0.4794435857559165,0.05095351732787068,-0.09288417954733803,-0.19805945748498083,0.08685572205723126,-0.1157286277257299,-0.3069223097805889,-0.02096533110973367,-0.0556018677138748,0.3618519437258597,0.14647292339376336,0.21951568570727584,0.08210405099749436,0.25416243355981155,0.8491901316476149,0.5516762826037133,3.0534351145038165,20.749479528105482,3.0534351145038165,32.82442748091603,59.333795975017345,17.002081887578072
"Winn, Cole",668390,2025,581,84.33687826940023,-0.09208109758787544,-0.39621814796848304,-0.8909459847457128,-0.9208109758787545,-0.1533469853262845,-0.1584872591873932,-0.0221677438196366,-0.06661918180725479,-0.4022052017462556,-0.39995385737256584,-0.00381544644055707,-0.01146629635236743,-0.06922636863102506,-0.06883887390233491,-0.04439346281344569,-0.40107952955941073,-0.00764087139646225,-0.06903262126667999,0.2357440806797184,0.2313924251187296,0.12940320727957835,0.1903956791541541,0.233568252899224,0.8401005567831338,0.5368344048411788,2.9840388619014573,19.222761970853576,2.9840388619014573,8.396946564885496,38.02914642609299,9.576682859125608
"Nastrini, Nick",680897,2024,734,84.22014595076824,-0.1171966165145385,-0.3991710371748586,-1.134236555004847,-1.171966165145385,-0.15452814100883472,-0.15966841486994343,-1.0313298048884008,0.0891426933449111,0.07295738788934614,-0.26500683135070346,-0.14050814780495924,0.01214478110966091,0.00993969862252672,-0.03610447293606314,-0.4710935557717448,-0.09602472173067866,-0.06418168334764916,-0.01308238715676821,0.13524634702277163,0.29699046860225314,0.08246681089684535,0.24717783803998847,0.2161184078125124,0.8351776755315831,0.5256480416720477,2.914642609299098,13.740458015267176,2.914642609299098,1.8736988202637055,22.692574600971547,6.662040249826509
"Fisher, Braydon",680755,2025,965,84.20879688846372,-0.15419083656778057,-0.39945812582326573,-1.4923047229181066,-1.5419083656778056,-0.15464297646819758,-0.1597832503293063,-0.887868266246187,0.067110253701685,0.4413318270253512,-1.1128785373989558,-0.0920070742224028,0.00695443043540777,0.04573386808552863,-0.11532420076673117,-0.410379006272251,-0.3357733551868023,-0.04252632189349751,-0.03479516634060127,0.1371029531366234,0.35787183587700944,0.05692182341948049,0.26837473367812065,0.24748739450681642,0.8373517214511994,0.5424195579790079,2.8452463566967383,9.22970159611381,2.8452463566967383,14.712005551700209,51.35322692574601,7.84177654406662
"Milner, Hoby",571948,2023,1027,84.11959676700164,-0.16502433872328984,-0.40171455385416205,-1.5974527746793117,-1.6502433872328983,-0.15554554768055612,-0.16068582154166483,-1.5517960137344744,-0.6086286165054844,-1.2135098250535066,1.776481680614154,-0.15109990396635584,-0.05926276694308514,-0.11816064508797532,0.17297776831686015,-1.0802123151199794,0.28148592778032366,-0.1051813354547205,0.02740856161444242,0.441457884632265,0.15546391044810254,0.153174789241068,0.10587949361840047,0.2984608975401838,0.8704728585702658,0.5844668780552248,2.7758501040943786,8.119361554476058,2.7758501040943786,89.59056210964607,91.2560721721027,42.19292158223456
"Webb, Logan",657277,2023,3145,84.0573137059645,-0.5073389223492815,-0.40329008135872924,-4.911727610560945,-5.073389223492814,-0.15617575868238298,-0.1613160325434917,1.705488518759125,-1.0095209423507183,-5.420183653765548,-0.1875115332038035,0.05422856975386726,-0.03209923505089725,-0.17234288247267243,-0.00596221091268055,0.3479837882042034,-2.803847593484676,0.011064667351485,-0.0891525466926765,0.4046970591868568,0.21654151138747985,0.18830504660272013,0.16850247528943502,0.3106192852871683,0.8215962390539224,0.5661077621705454,2.70645385149202,0.2775850104094379,2.70645385149202,64.3997224149896,95.55863983344899,2.428868841082582
"Toussaint, Touki",657053,2023,1589,83.91695294765498,-0.25858793705895516,-0.40684068133882184,-2.5042004189365343,-2.5858793705895518,-0.15759599867442003,-0.16273627253552875,-1.2217005460442465,-1.6277938898219872,0.8442945619014495,-0.49900054497175006,-0.0768848675924636,-0.10244140275783432,0.05313370433615163,-0.03140343266027376,-1.4247472179331169,0.1726470084648497,-0.08966313517514896,0.01086513583793893,0.15969755610236114,0.16502217943326394,0.0738081243976639,0.15327894942389897,0.16235986776781253,0.8864564630892185,0.5244081654285155,2.63705759888966,2.9840388619014573,2.63705759888966,1.457321304649549,2.1512838306731434,65.02428868841082
"Harris, Hogan",663687,2023,1108,83.51922892764114,-0.18477079140914904,-0.41690160516504743,-1.7907536797104058,-1.8477079140914903,-0.16162036820491027,-0.16676064206601898,-0.7859251992449572,0.07148278499062144,-0.5231933110371756,-0.5531179544188944,-0.07093187718817304,0.00645151489085031,-0.04721961290949238,-0.04992039299809516,-0.3572212071271679,-0.538155632728035,-0.03224018114866136,-0.04857000295379377,0.16850665698149256,0.26171070349374903,0.1107108703611836,0.17286171203241008,0.2151086802376208,0.8582137088032031,0.5366611945204119,2.5676613462873004,6.453851492019432,2.5676613462873004,8.258154059680777,21.790423317140874,25.954198473282442
"Stratton, Hunter",676702,2024,546,83.43673660592394,-0.09150705587093141,-0.41898835105737825,-0.8870046634276605,-0.9150705587093141,-0.16245506656184258,-0.1675953404229513,0.1777554673190025,0.08122128781269566,-0.5562181261113892,-0.5897632924479694,0.0325559463954217,0.01487569373858895,-0.1018714516687526,-0.10801525502710065,0.12948837756584908,-0.5729907092796793,0.02371582006700532,-0.10494335334792662,0.26583950475053647,0.2972114488088158,0.1513503688313175,0.2104715308593249,0.2815254767796761,0.8190890501546788,0.5503072634671775,2.498265093684941,19.50034698126301,2.498265093684941,29.493407356002777,81.19361554476058,1.9430950728660652
"Waldrep, Hurston",694462,2025,851,82.98508411522033,-0.14651274268021416,-0.4304134626328266,-1.4213836962441064,-1.4651274268021417,-0.16702511119202193,-0.17216538505313064,-0.06803123953977774,0.10895544450067972,-0.7598654303250214,-0.702442470879987,-0.00799427021619009,0.01280322497070267,-0.08929088487955598,-0.0825431810669785,0.02046210248045099,-0.7311539506025042,0.00240447737725628,-0.08591703297326723,0.2018717824755102,0.2731464465419937,0.13676338162977025,0.2014879172554759,0.23750911450875195,0.8308743505573769,0.5341917325330644,2.428868841082582,9.993060374739764,2.428868841082582,6.176266481609993,42.1235253296322,4.718945176960444
"Anderson, Grant",681982,2023,597,82.78561445916819,-0.10398767981519497,-0.4354592957085216,-1.0091893632011306,-1.0398767981519497,-0.16904344442229993,-0.17418371828340865,0.01001428693780326,0.07012227856012032,-1.7207708990742958,0.6314449703752416,0.00167743499795699,0.01174577530320273,-0.28823633150323213,0.10576967677977246,0.04006828274896179,-0.5446629643495271,0.00671160515057986,-0.09123332736172984,0.4173659530583376,0.23830454088919492,0.23805486173737667,0.08330572816048663,0.32783524697376626,0.8393197050510683,0.5835774760124173,2.359472588480222,16.16932685634976,2.359472588480222,89.03539208882721,98.88965995836226,8.882720333102013
"Kuhl, Chad",641771,2024,980,82.50185949565451,-0.17351379434866748,-0.44263723048129455,-1.6847632596478093,-1.7351379434866747,-0.1719146183314091,-0.17705489219251783,0.06159905350028794,-0.3382421329806675,-1.3688330370579251,-0.03928714310950454,0.00628561770411101,-0.03451450336537424,-0.1396768405161148,-0.00400889215403107,-0.1383215397401898,-0.7040600900837148,-0.01411444283063161,-0.07184286633507293,0.2343858372561196,0.1933084120724889,0.19209795586133804,0.1383077694185751,0.21384712466430425,0.8347971373600435,0.5243221310121738,2.2900763358778624,7.494795281054822,2.2900763358778624,1.3879250520471893,20.81887578070784,6.453851492019432
"Teheran, Julio",527054,2023,1080,82.099114665982,-0.19562046995521215,-0.4528251619333615,-1.9006897418521476,-1.9562046995521216,-0.17598979091223588,-0.1811300647733446,0.3619235876876701,0.0758150440724421,-1.9258611103745125,-0.4125672632377473,0.0335114433044139,0.00701991148818908,-0.17832047318282523,-0.03820067252201364,0.2188693158800561,-1.16921418680613,0.02026567739630149,-0.10826057285241944,0.3180560078489025,0.24858454665586016,0.19411463363244977,0.16466651694915735,0.2833202772523813,0.8206094247091964,0.5519648509807888,2.220680083275503,5.690492713393477,2.220680083275503,33.518390006939626,82.85912560721721,2.220680083275503
"Sánchez, Cristopher",650911,2024,2955,81.83445560868932,-0.543152689649136,-0.45952004200434515,-5.279631803895597,-5.43152689649136,-0.17866774294062934,-0.18380801680173806,0.7830328542576126,0.8182268980167464,-1.4511768569890364,-5.42971469918092,0.02649857374814255,0.02768957353694573,-0.04910919989810614,-0.1837466903276115,0.8006298761371795,-3.440445778084978,0.02709407364254414,-0.11642794511285884,0.2492944719139458,0.25457174830580004,0.12513608539609797,0.20954392976399316,0.2519331101098729,0.8326599924199545,0.5422965512649137,2.1512838306731434,0.2081887578070784,2.1512838306731434,14.50381679389313,56.627342123525324,5.482303955586398
"Ferrer, Jose A.",678606,2025,1208,81.7866220046731,-0.22262476137741594,-0.4607300525194867,-2.164153105531966,-2.2262476137741594,-0.17915174714668594,-0.18429202100779465,0.1881861887065952,0.08905667724593513,-0.24560794588131785,-2.1957880256031785,0.01557832687968503,0.0073722414938688,-0.02033178359944684,-0.18177053192079293,0.13862143297626517,-1.2206979857422482,0.01147528418677691,-0.10105115776011989,0.2947016908956323,0.2691948939458107,0.11655754775827304,0.2033793413279773,0.2819482924207215,0.8400315554568748,0.5609899239387981,2.081887578070784,4.510756419153366,2.081887578070784,53.64330326162388,81.74878556557947,9.437890353920888
"Curtiss, John",595928,2025,545,81.67284753277067,-0.10106657001034085,-0.4636081193134901,-0.982651207560366,-1.0106657001034085,-0.1803029738642873,-0.18544324772539603,-0.1503419594478146,-0.24936848086690588,-0.5123519740618576,-0.07058879318378786,-0.02758568063262653,-0.04575568456273502,-0.09400953652511149,-0.01295207214381428,-0.19985522015736024,-0.29147038362282274,-0.03667068259768077,-0.05348080433446289,0.2055852993418346,0.377787301662206,0.14977386285687638,0.13298740359615877,0.29168630050202027,0.8586193667734825,0.5751528336377514,2.012491325468425,16.793893129770993,2.012491325468425,79.73629424011104,88.34142956280361,26.578764746703676
"Hill, Tim",657612,2025,940,81.67121151325301,-0.17433221367781704,-0.46364950446227937,-1.6950035624837485,-1.7433221367781704,-0.180319527923803,-0.18545980178491173,0.3293891683933907,0.956026050868786,-0.757015886126851,-2.223402895619074,0.03504140089291391,0.10170489902859428,-0.08053360490711181,-0.2365322229381994,0.6427076096310884,-1.4902093908729626,0.0683731499607541,-0.1585329139226556,0.4009414619679874,0.28821956432237794,0.11229719360920686,0.24669804497572423,0.3445805131451827,0.8205023807075345,0.5825414469263586,1.9430950728660652,7.425399028452463,1.9430950728660652,87.64746703678001,99.58362248438584,2.1512838306731434
"Kochanowicz, Jack",686799,2025,1859,81.51967104563322,-0.3476202912038798,-0.4674829090961266,-3.380645220960787,-3.476202912038798,-0.18185288977734193,-0.18699316363845064,0.5749965681179674,-0.1143154202372898,-2.5674150718284636,-1.2739112970130009,0.0309304232446459,-0.00614929640867615,-0.1381073196249846,-0.0685266969883271,0.2303405739403388,-1.9206631844207325,0.01239056341798487,-0.10331700830665586,0.262662678926036,0.25101157650876926,0.1648140874213931,0.1893281859182059,0.25683712771740264,0.8229288633302005,0.5398829955238016,1.8736988202637055,1.2491325468424705,1.8736988202637055,11.242192921582236,61.69326856349757,2.7758501040943786
"Cano, Yennier",666974,2024,1028,80.81722415376828,-0.19953569519024777,-0.4852521770190851,-1.94251493661028,-1.9953569519024776,-0.1889605969465253,-0.19410087080763402,0.6860240748951583,0.3954498919074467,-2.692045927231902,-0.3319429761809829,0.06673385942559905,0.03846788831784501,-0.2618721719097181,-0.03229017278025125,0.5407369834013025,-1.5119944517064423,0.05260087387172203,-0.14708117234498466,0.2952684136962257,0.27964805585568064,0.21356560552911863,0.1818626270839236,0.28745823477595317,0.8022858836934789,0.544872059234716,1.8043025676613464,5.343511450381679,1.8043025676613464,18.598195697432338,85.49618320610686,0.9021512838306732
"Darvish, Yu",506433,2025,1179,80.55096854056347,-0.2320212785705301,-0.491987443957867,-2.259608956882829,-2.320212785705301,-0.19165470372203808,-0.1967949775831468,-0.4736714721611861,-0.753560273466519,-0.46066626871947847,-0.5717109425356455,-0.04017569738432452,-0.06391520555271578,-0.03907262669376407,-0.04849117409123371,-0.6136158728138525,-0.516188605627562,-0.05204545146852015,-0.04378190039249889,0.1954153460238069,0.1661567202945687,0.12203099299442524,0.16873978588485536,0.1807860331591878,0.8546146105603597,0.5177003218597738,1.7349063150589867,4.233171408743928,1.7349063150589867,0.5551700208188758,5.759888965995836,21.998612074947953
"Long, Sam",669674,2025,786,80.36171813200015,-0.15618598720266869,-0.4967747684563254,-1.5214573194783725,-1.561859872026687,-0.19356963352142145,-0.19870990738253017,-0.7888933695012383,0.02373306420759036,0.0235875017666558,-0.7798845159513803,-0.10036811316809648,0.00301947381775958,0.00300095442323865,-0.0992219485943232,-0.382580152646824,-0.37814850709236225,-0.04867431967516845,-0.04811049708554227,0.1463677920663493,0.2685992051328539,0.08561521914716941,0.21177535022130972,0.2074834985996016,0.8513047153157605,0.5293941069576811,1.6655100624566272,8.95211658570437,1.6655100624566272,3.1922276197085355,16.585704371963914,18.945176960444137
"Fleming, Josh",676596,2023,752,80.3399287248271,-0.14959564835145742,-0.49732595861521744,-1.4573016240790366,-1.4959564835145742,-0.19379010958497828,-0.198930383446087,0.08753954514600082,-0.19252256285926703,-1.2236654600919792,-0.1286531462737912,0.01164089696090436,-0.02560140463554083,-0.16272147075691212,-0.01710813115342968,-0.05249150885663312,-0.6761593031828852,-0.00698025383731823,-0.0899148009551709,0.3009994502333882,0.21286310411227208,0.17955512693906334,0.1365771777376006,0.25693127717283015,0.841933847661668,0.5494325624172491,1.5961138098542678,9.576682859125608,1.5961138098542678,28.24427480916031,61.762664816099935,10.756419153365718
"Soriano, José",667755,2025,2784,80.25145191892709,-0.5563145700440588,-0.4995640894792194,-5.420040476147321,-5.563145700440588,-0.19468536193057903,-0.19982563579168774,-1.4528744453883746,-2.9190456386950245,-1.469771181533929,0.4216507894700072,-0.05218658209009966,-0.10485077725197645,-0.05279350508383366,0.01514550249533071,-2.1859600420416996,-0.5240601960319609,-0.07851867967103807,-0.01882400129425146,0.19867082425433089,0.15393450805626302,0.1060850461308298,0.1340952660229213,0.17630266615529694,0.8799098439231244,0.5281062550392107,1.5267175572519083,0.13879250520471895,1.5267175572519083,2.70645385149202,4.9271339347675225,55.6557945870923
"Keller, Brad",641745,2023,864,79.18496265990764,-0.18197300572016767,-0.5265422619217814,-1.7753180910416972,-1.8197300572016766,-0.20547663090760387,-0.2106169047687126,-0.4097176861234289,-0.1330537385279058,-0.4523831914063976,-0.780163474983965,-0.04742102848650797,-0.01539973825554465,-0.05235916567203675,-0.09029669849351447,-0.2713857123256673,-0.6162733331951813,-0.03141038337102631,-0.07132793208277562,0.19790898051071476,0.2259320104174344,0.11321666579990436,0.2066042175034785,0.2119204954640746,0.8400895583483086,0.5260050269061916,1.457321304649549,6.662040249826509,1.457321304649549,2.012491325468425,19.430950728660655,9.507286606523248
"Blach, Ty",621389,2024,1133,79.16575091087905,-0.2388492015456068,-0.527028247011489,-2.330252712609706,-2.388492015456068,-0.20567102494348688,-0.2108112988045956,-0.5075770476350954,-0.2018047655137707,0.01894487518097776,-1.6398157746418178,-0.04479938637556005,-0.0178115415281351,0.00167209842727076,-0.14473219546706248,-0.35469090657443303,-0.81043544973042,-0.03130546395184758,-0.07153004851989586,0.3061733550936162,0.2719009515011278,0.09859012378211857,0.1997191059684435,0.289037153297372,0.850845385124719,0.5699412692110455,1.3879250520471893,3.95558639833449,1.3879250520471893,71.54753643303262,86.53712699514227,18.45940319222762
"Thompson, Ryan",657044,2024,1010,78.94066284885886,-0.2152197403315717,-0.5327221295335933,-2.100280637318519,-2.152197403315717,-0.20794857795232863,-0.21308885181343734,0.05770923989348375,-0.01349826243631469,-2.6628092890503012,0.5183176742746127,0.00571378612806769,-0.00133646162735789,-0.2636444840643863,0.0513185816113478,0.02210548872858453,-1.0722458073878445,0.0021886622503549,-0.10616295122651924,0.4382141347912279,0.19562518494830056,0.20165712045977385,0.11240777068806825,0.3169196598697642,0.842967554426079,0.5799436071479216,1.31852879944483,4.996530187369882,1.31852879944483,85.4267869535045,97.22414989590563,11.519777931991673
"Criswell, Cooper",681867,2024,1756,78.432652106276,-0.383210400180818,-0.5455728931959254,-3.7418407928071105,-3.8321040018081796,-0.21308888341726143,-0.21822915727837014,0.4085946087666912,-2.1271051229414297,-2.881212952690703,0.857882674058331,0.02326848569286396,-0.12113354914245043,-0.1640781863719079,0.04885436640423297,-0.8592552570873693,-1.011665139316186,-0.04893253172479324,-0.05761190998383747,0.39998022420122986,0.16311378665818277,0.18463804095175929,0.10400547296399884,0.28154700542970634,0.8556782430421209,0.5686126242359136,1.2491325468424705,0.7633587786259541,1.2491325468424705,69.25746009715475,81.26301179736294,23.178348369188065
"Pallante, Andre",669467,2023,1114,77.74352782651624,-0.2508750944270693,-0.5630051490733153,-2.451488293457942,-2.508750944270693,-0.22006178576821744,-0.22520205962932616,-1.6494778875453449,-0.18389642099737105,0.5333062442623486,-1.1514202291775746,-0.14806803299329846,-0.01650775771969219,0.04787309194455553,-0.10335908699978227,-0.916687154271358,-0.309056992457613,-0.08228789535649533,-0.02774299752761337,0.12669544640049968,0.2623441763229899,0.06362459160031436,0.270228685785027,0.1945198113617448,0.8330733613073293,0.5137965863345371,1.179736294240111,3.4698126301179735,1.179736294240111,0.3469812630117973,10.40943789035392,5.759888965995836
"Kelly, Kevin",687330,2025,571,76.81374670062921,-0.1339623372328726,-0.5865251192332426,-1.3102724085817954,-1.339623372328726,-0.2294697738321883,-0.23461004769329702,0.07432795656018243,-0.51619982802913,-1.5627787614869249,0.694378224374077,0.01301715526448028,-0.0904027719840858,-0.273691551924155,0.12160739481157216,-0.2209359357344738,-0.4342002685564239,-0.03869280835980276,-0.0760420785562914,0.3781974241161248,0.16389587871238945,0.1973941143468015,0.08114215259151426,0.2710466514142571,0.8607318665308421,0.5658892589725496,1.1103400416377516,11.034004163775156,1.1103400416377516,64.05274115197778,73.56002775850105,28.79944482997918
"Cano, Yennier",666974,2023,1030,75.78613330099094,-0.2523581899230458,-0.6125198784539948,-2.4706370784610385,-2.523581899230458,-0.2398676775204892,-0.24500795138159792,0.12557731216929824,0.1905570840654036,-2.444199930963805,-0.34257154373193544,0.01219197205527167,0.01850068777334015,-0.2373009641712432,-0.03325937317785781,0.15806719811735093,-1.3933857373478702,0.01534632991430591,-0.1352801686745505,0.2584351152167444,0.26287384804487063,0.21157793164960956,0.1853010573203715,0.2606544816308075,0.8015605055150095,0.5311074935729085,1.040943789035392,3.2616238723108952,1.040943789035392,4.163775156141568,65.51006245662734,0.7633587786259541
"Blach, Ty",621389,2023,1245,74.01099141973778,-0.3273973016433599,-0.6574243004886745,-3.2099766068627957,-3.273973016433599,-0.2578294463343611,-0.2629697201954698,-0.3531512382046458,-0.5544052475752324,-0.8519848776372783,-1.4504352434456391,-0.02836556130157797,-0.04453054197391424,-0.06843252029215087,-0.116500822766718,-0.45377824288993907,-1.1512100605414588,-0.03644805163774611,-0.09246667152943444,0.3028467040020725,0.27985969332625144,0.12884345792343962,0.18147625567030928,0.291353198664162,0.8448401432031256,0.5680966709336438,0.9715475364330326,1.6655100624566272,0.9715475364330326,68.42470506592645,87.92505204718945,13.532269257460097
"McFarland, T.J.",519008,2024,836,73.82617828264233,-0.22140603223250072,-0.6620993786857079,-2.171087632846138,-2.214060322325007,-0.2596994776131744,-0.2648397514742831,-0.524552049569138,-1.160322396700849,-2.213738564483265,1.7275253779071136,-0.06274546047477728,-0.13879454505991018,-0.2648012636941704,0.20664179161568344,-0.8424372231349935,-0.2431065932880756,-0.10077000276734371,-0.02907973603924349,0.3926570421301889,0.07535425240029826,0.22085297257085948,0.05096664423721112,0.2340056472652436,0.8640901915959647,0.5490479194306042,0.9021512838306732,4.580152671755725,0.9021512838306732,27.203331020124917,38.65371269951422,32.82442748091603
"Lawrence, Justin",664875,2024,1081,73.63914500593823,-0.288337559255991,-0.666830618075835,-2.827809232121325,-2.8833755925599105,-0.2615919733692253,-0.266732247230334,1.0465176521784088,-0.819119833023251,-5.343721123594605,2.2885140723181223,0.09681014358727186,-0.07577426762472257,-0.4943312787784093,0.21170342944663484,0.11369890957757887,-1.5276035256382414,0.01051793798127464,-0.14131392466588727,0.36058404556181867,0.143569901770746,0.28632586524833686,0.03229644169681614,0.25207697366628234,0.8406888465274235,0.5463829100968529,0.8327550312283136,2.63705759888966,0.8327550312283136,21.235253296322,56.76613462873005,10.062456627342122
"Thompson, Ryan",657044,2023,588,73.51198588267057,-0.1575951170280358,-0.6700472662756624,-1.5457263599770386,-1.575951170280358,-0.26287863264915623,-0.26801890651026494,0.02913527682960648,-0.5544603069138248,-1.7153767810070804,0.6949754511142601,0.00495497905265416,-0.09429597056357564,-0.29173074506923136,0.11819310393099659,-0.26266251504210913,-0.5102006649464101,-0.04467049575546073,-0.08676882056911737,0.42009007033114,0.13835541404440788,0.25648529676068016,0.06698636042924111,0.27922274218777393,0.8382641714050394,0.5587434567964067,0.7633587786259541,8.743927827897293,0.7633587786259541,48.299791811242194,79.73629424011104,8.466342817487856
"Rom, Drew",680723,2023,670,72.7256184991266,-0.18490376119034949,-0.689939407426677,-1.8145977770340664,-1.8490376119034948,-0.2708354891095621,-0.27597576297067083,-0.5107719038862797,-0.5819554998106469,-0.2897372163135401,-0.4321331570235998,-0.07623461252034025,-0.08685902982248461,-0.04324436064381196,-0.06449748612292534,-0.5463637018484633,-0.36093518666856994,-0.08154682117141243,-0.05387092338336865,0.12088921829084769,0.1607578088820953,0.12481558585106356,0.17131204393159108,0.1408235135864715,0.8519361851086726,0.49637984934757207,0.6939625260235947,6.384455239417071,0.6939625260235947,0,0.8327550312283136,19.56974323386537
"Cano, Yennier",666974,2025,986,69.03020773209732,-0.3089806190914089,-0.7834194196029637,-3.0391230906435567,-3.089806190914089,-0.30822749398007676,-0.3133677678411855,0.3815948376358165,-0.2126858927244939,-3.574259339461605,0.36622730390672587,0.03870130199146212,-0.02157057735542534,-0.3625009472070594,0.03714272859094583,0.08445447245566129,-1.6040160177774396,0.00856536231801838,-0.16267910930805676,0.281241511106207,0.22838513287780796,0.248447107326346,0.14649135585771986,0.25481332199200746,0.802530768407967,0.5286720451999872,0.6245662734212353,2.220680083275503,0.6245662734212353,2.8452463566967383,60.0971547536433,0.9715475364330326
"Hill, Tim",657612,2024,1079,68.40284369342984,-0.34497329354072687,-0.7992893733566424,-3.3942693804459054,-3.4497329354072686,-0.31457547548154824,-0.31971574934265695,0.10331873651165324,0.6764486520787614,-1.4272621987279308,-2.7467745703083892,0.00957541580274821,0.06269218276911598,-0.13227638542427533,-0.25456668862913706,0.3898836942952073,-2.08701838451816,0.03613379928593209,-0.19342153702670625,0.3287066667146089,0.3145104118388427,0.16872973215591922,0.28117391449817386,0.32160853927672584,0.7750481766729534,0.5483283579748397,0.5551700208188758,1.3879250520471893,0.5551700208188758,25.12144344205413,98.1263011797363,0
"Milner, Hoby",571948,2024,1043,66.43511449078161,-0.35423013963780814,-0.8490655312507386,-3.4886883400067177,-3.5423013963780816,-0.33448593863918674,-0.33962621250029545,-2.865958165991742,-0.5338507371775449,-1.004447084999299,0.9155676481618684,-0.27478026519575666,-0.05118415505057958,-0.0963036514860306,0.08778213309318009,-1.6999044515846435,-0.0444397184187153,-0.16298221012316813,-0.00426075919642524,0.44811401795592104,0.14172925430130665,0.13984027366717636,0.11743458819653135,0.29492163612861383,0.8713625690681461,0.58314210259838,0.4857737682165163,1.1103400416377516,0.4857737682165163,88.20263705759889,89.86814712005553,43.92782789729355
"Hill, Tim",657612,2023,713,64.6007199098452,-0.2553877086133526,-0.8954688240299881,-2.517226933503821,-2.553877086133526,-0.3530472557508865,-0.35818752961199524,0.16563562540045496,0.2712741673394703,-0.7562591540917083,-2.197877572152038,0.02323080300146633,0.03804686778954702,-0.1060672025374065,-0.3082577240044934,0.21845489636996265,-1.477068363121873,0.03063883539550668,-0.20716246327094995,0.3918409580207925,0.33424673269256094,0.13331506195348006,0.274636440524437,0.3630438453566767,0.7960242487610415,0.5795340470588591,0.4163775156141568,3.1922276197085355,0.4163775156141568,84.66342817487855,99.93060374739764,0.4857737682165163
"Kelly, Kevin",687330,2023,1063,64.1305017124001,-0.38581099347269154,-0.9073635782518616,-3.80346882358333,-3.8581099347269157,-0.357805157439636,-0.3629454313007447,-0.19753719100924627,-1.283364197514402,-4.418018677301916,2.095451242242234,-0.01858299068760548,-0.12073040428169352,-0.4156179376577532,0.19712617518741615,-0.7404506942618241,-1.161283717529841,-0.06965669748464949,-0.10924588123516848,0.2819753220207824,0.10789191148759963,0.2703291539305668,0.02903749281505887,0.19493361675419102,0.8503166766271872,0.5226251466906892,0.3469812630117973,0.6939625260235947,0.3469812630117973,1.1103400416377516,10.617626648161,18.043025676613464
"Milner, Hoby",571948,2025,1142,63.84788775196046,-0.4177493784891898,-0.9145126499325522,-4.118791857398037,-4.177493784891898,-0.36066478611191216,-0.3658050599730209,-2.4717521884022062,-1.248647697472734,-1.7762579526802256,1.3778659811571288,-0.21644064697042084,-0.10933867753701698,-0.1555392252784786,0.12065376367400428,-1.86019994293747,-0.1991959857615484,-0.16288966225371893,-0.01744273080223716,0.4406404167311875,0.11697354250865408,0.17250158824258277,0.11262804290603792,0.2788069796199208,0.8574351844256897,0.5681210820228052,0.2775850104094379,0.4857737682165163,0.2775850104094379,68.56349757113117,79.25052047189452,25.260235947258845
"Lee, Chase",695445,2025,580,46.94323220649111,-0.31137577010937584,-1.34213694012662,-3.083944112699328,-3.1137577010937583,-0.5317145021895393,-0.536854776050648,-2.1610775174008268,-0.48294330138242,-1.020323745215137,0.5804004512990559,-0.3725995719656598,-0.08326608644524483,-0.1759178871060581,0.10006904332742345,-1.3220104093916234,-0.21996164695804055,-0.2279328292054523,-0.03792442188931733,0.47778668930558504,0.1552605958551039,0.1984212194497396,0.1104475026606872,0.3165236425803445,0.8455656389447865,0.5810446407625656,0.2081887578070784,2.081887578070784,0.2081887578070784,86.25954198473282,97.01596113809853,14.156835530881331
"Kelly, Kevin",687330,2024,1047,43.89349179558076,-0.5943961046396007,-1.4192839174775567,-5.890142379070198,-5.943961046396007,-0.5625732931299139,-0.5677135669910226,-0.3900845016496533,-1.3608662820142854,-6.166902632667188,2.0277110372609286,-0.03725735450330977,-0.12997767736526125,-0.5890069372174965,0.19366867595615364,-0.8754753918319693,-2.06959579770313,-0.08361751593428551,-0.19766913063067143,0.36398628475020417,0.13141370562003662,0.28246117076531585,0.02964661101766567,0.2476999951851204,0.8439461091085092,0.5458230521468148,0.13879250520471895,0.06939625260235947,0.13879250520471895,20.194309507286608,51.56141568355309,12.283136710617628
"Lawrence, Justin",664875,2023,1163,40.364677413677576,-0.7017773050224345,-1.5085496668582,-6.957991665219652,-7.017773050224346,-0.5982795928821713,-0.60341986674328,-0.01095748892930714,-1.3984113564465588,-9.01598173443881,3.4673589145950245,-9.421744565182412e-4,-0.1202417331424384,-0.775234886882099,0.29813920159888435,-0.704684422687933,-2.774311409921893,-0.06059195379947833,-0.2385478426416073,0.4151014836313197,0.09445080344002732,0.3244050997490762,0.02172103272974067,0.2547761435356735,0.8269369337605915,0.5408565386481325,0.06939625260235947,0,0.06939625260235947,12.283136710617628,60.02775850104094,3.608605135322693
"Anderson, Grant",681982,2024,504,18.080259051638762,-0.41776796870606586,-2.0722617495340567,-4.151772706800671,-4.1776796870606585,-0.823764425952514,-0.8289046998136227,-1.92516416034573,-0.09895313481138146,-2.6009527613873615,0.4732973497438024,-0.3819770159416131,-0.01963355849432171,-0.51606205583082565,0.09390820431424653,-1.0120586475785558,-1.0638277058217795,-0.20080528721796745,-0.21107692575828957,0.4397482826175688,0.1690392541421575,0.2517125797497691,0.08371719739351591,0.30439376837986315,0.8322851114283575,0.5683394399041103,0,0.4163775156141568,0,68.97987508674531,93.96252602359473,5.27411519777932
