player_name,pitcher,game_year,n_pitches,tunneling_plus,tunneling_WAA,tunneling_WAA_per162,total_tunneling_runs_saved,runs_saved_above_avg,tunneling_runs_saved_per100,runs_above_avg_per_100,vra_runs_saved_total,hra_runs_saved_total,vaa_runs_saved_total,haa_runs_saved_total,vra_runs_saved_per100,hra_runs_saved_per100,vaa_runs_saved_per100,haa_runs_saved_per100,release_similarity_runs_saved_total,approach_divergence_runs_saved_total,release_similarity_runs_saved_per100,approach_divergence_runs_saved_per100,avg_VRA_KDE,avg_HRA_KDE,avg_VAA_KDE,avg_HAA_KDE,release_similarity,approach_divergence,tunnel_quality,tunneling_plus_pct,tunneling_WAA_pct,tunneling_WAA_per162_pct,tunnel_quality_pct,release_similarity_pct,approach_divergence_pct
"Burr, Ryan",621114,2024,570,140.76826969557044,0.22859420357815097,1.0026061560445219,2.4236349827302774,2.2859420357815097,0.4251991197772417,0.4010424624178088,0.4285794303474404,0.6041558786791938,1.4648312730842008,-0.0739315993805576,0.07518937374516498,0.10599225941740242,0.256987942646351,-0.012970456031676772,1.0327353090266342,1.3908996737036432,0.1811816331625674,0.24401748661467423,0.2371006084504944,0.38747912625893505,0.004274947715071125,0.2611133964477245,0.31228986735471476,0.8673058279186021,0.5897978476366584,100,94.58333333333333,100,92.98611111111111,96.25,37.361111111111114
"Vesia, Alex",681911,2023,882,137.95007166943748,0.32926780186933746,0.9332987581330429,3.505739736603573,3.292678018693375,0.39747616061265,0.3733195032532171,0.4622627208570975,0.8686581362089782,1.7594311427253615,0.4153877368121357,0.05241073932620153,0.0984873170304964,0.19948198897112943,0.04709611528482264,1.3309208570660758,2.174818879537497,0.15089805635669792,0.24657810425595209,0.2684041666478883,0.3552592560911983,0.011201054351631361,0.07241078156433381,0.3118317113695433,0.9581940820420174,0.6350128967057803,99.93055555555556,98.125,99.93055555555556,100,96.04166666666667,99.23611111111111
"Montero, Rafael",606160,2025,1098,131.1973803206884,0.3369679115990588,0.7672311284131577,3.6349192137971613,3.369679115990588,0.33104910872469595,0.30689245136526305,1.8481707013015694,0.7103337755909251,1.3120230891395295,-0.23560835223486265,0.1683215574955892,0.06469342218496586,0.11949208462108647,-0.021457955576945596,2.5585044768924945,1.0764147369046668,0.23301497968055504,0.09803412904414088,0.3322135626608543,0.3135732059926029,0.05017334969650933,0.19888499611304786,0.3228933843267286,0.8754708270952214,0.599182105710975,99.86111111111111,98.26388888888889,99.86111111111111,96.38888888888889,98.47222222222223,49.02777777777778
"Alvarado, José",621237,2023,855,130.45294744919119,0.25613181479387814,0.7489234350698191,2.767857568361933,2.5613181479387817,0.32372603138736056,0.29956937402792766,0.8332550935137988,0.8142074645700177,0.47936118674351746,0.6410338235345989,0.09745673608348523,0.09522894322456348,0.056065635876434795,0.07497471620287706,1.6474625580838165,1.1203950102781164,0.19268567930804872,0.13104035207931186,0.27346194225438036,0.36697246570195596,0.07817785645632046,0.06577035370506472,0.32021720397816816,0.9280258949193074,0.6241215494487378,99.79166666666667,96.11111111111111,99.79166666666667,99.79166666666667,97.84722222222221,94.79166666666666
"Jiménez, Joe",641729,2024,1103,130.1976371534228,0.3276548144811258,0.7426446384431682,3.542996075485803,3.276548144811258,0.3212145127367002,0.2970578553772673,0.7031811295969419,0.4151371713944627,1.8321303191805782,0.5925474553138201,0.06375168899337642,0.037637096227965794,0.1661042900435701,0.05372143747178786,1.1183183009914046,2.4246777744943984,0.10138878522134222,0.21982572751535795,0.24994483433331566,0.30192989172556794,0.024028709840645104,0.07793760313473566,0.27593736302944183,0.9490168435123096,0.6124771032708758,99.72222222222223,98.05555555555556,99.72222222222223,98.54166666666667,77.56944444444444,98.54166666666667
"Vesia, Alex",681911,2024,1227,129.98744555994293,0.3619529446357921,0.73747543731824,3.9159316321581628,3.619529446357921,0.31914683228672885,0.29499017492729596,0.510086718828461,0.9773616463057806,2.0771829263499058,0.3513003406740154,0.04157185972522095,0.07965457590104161,0.16928956204970708,0.0286308346107592,1.4874483651342416,2.428483267023921,0.12122643562626255,0.19792039666046626,0.26449924940144426,0.3217457809869044,0.017036240016906182,0.09495104025222245,0.2931225151941743,0.9440063598654357,0.618564437529805,99.65277777777779,98.75,99.65277777777779,99.375,89.09722222222223,97.84722222222221
"Nelson, Kyle",669459,2023,961,128.97360779848952,0.27390126847101903,0.7125423217248154,2.9711581619343406,2.7390126847101905,0.309173586049359,0.2850169286899261,0.9477354181362898,1.1566372257102557,1.0126107824526116,-0.14582526436481658,0.09861971052406762,0.12035767177005782,0.1053705288712395,-0.015174325116005888,2.1043726438465455,0.866785518087795,0.21897738229412544,0.09019620375523361,0.2899271596267448,0.3955650921419317,0.052487127123539985,0.19559111041036328,0.3427461258843383,0.8759608812330484,0.6093535035586933,99.58333333333333,96.52777777777779,99.58333333333333,98.05555555555556,99.44444444444444,50
"Brebbia, John",605154,2023,649,128.64902301546246,0.1829037425266249,0.7045598710578771,1.9858141315289686,1.829037425266249,0.30598060578258374,0.28182394842315084,0.394209603422496,-0.3013476548176186,1.4981873208889738,0.3947648620351174,0.06074107910978367,-0.04643261245263769,0.23084550398905607,0.06082663513638173,0.0928619486048774,1.8929521829240912,0.014308466657145979,0.29167213912543777,0.2384812259989152,0.22648891394163656,0.002927229541594726,0.06694724042946573,0.23248506997027588,0.9650627650144697,0.5987739174923729,99.51388888888889,92.22222222222223,99.51388888888889,96.25,36.875,99.58333333333333
"Yates, Kirby",489446,2024,1052,128.50554470054797,0.2949939864682887,0.7010313366641843,3.2040679001041212,2.949939864682887,0.30456919202510657,0.2804125346656737,1.0023656912896968,0.29067790937688187,2.476172802328392,-0.5651485028908496,0.09528190981841224,0.02763097997879105,0.2353776428068814,-0.05372134057897811,1.2930436006665786,1.9110242994375426,0.1229128897972033,0.1816563022279033,0.2913762155662924,0.3035741197886424,0.016826900601213876,0.3019182919157759,0.2974751676774674,0.8406274037415051,0.5690512857094863,99.44444444444444,97.08333333333333,99.44444444444444,70.13888888888889,90.76388888888889,10.13888888888889
"Ginkel, Kevin",656464,2024,1184,128.2972907414436,0.32958287531545966,0.6959097874059538,3.5818435762902823,3.2958287531545967,0.3025205723218144,0.2783639149623815,1.296129403101986,0.11552110302250185,1.8038115252929856,0.3663815448728087,0.10947038877550559,0.009756849917441034,0.15234894639298865,0.03094438723587912,1.411650506124488,2.1701930701657943,0.11922723869294662,0.18329333362886777,0.29724106170251363,0.2983417757744446,0.03456057015961221,0.10451904087946011,0.29779141873847914,0.9304601944804638,0.6141258066094715,99.375,98.19444444444444,99.375,98.95833333333334,90.97222222222221,95.69444444444444
"Díaz, Alexis",664747,2023,1161,127.89441024594794,0.31857924774148105,0.6860018254553856,3.4662512693578265,3.1857924774148105,0.2985573875415871,0.2744007301821542,1.3745750692446563,-0.12715689060837576,2.167342421088506,0.05149066963303994,0.11839578546465601,-0.010952359225527628,0.18667893377161981,0.004435027530838927,1.2474181786362806,2.218833090721546,0.10744342623912838,0.19111396130245872,0.3317066464236647,0.2521421031175664,0.02111855120611717,0.11271971116792032,0.29192437477061556,0.9330808688129812,0.6125026217917984,99.30555555555556,97.77777777777777,99.30555555555556,98.61111111111111,88.54166666666666,96.18055555555556
"Yates, Kirby",489446,2025,721,127.86017960933614,0.19760014343555135,0.6851599980428272,2.1501709339170247,1.9760014343555135,0.29822065657656377,0.27406399921713087,0.7595466237689834,0.23011012141569154,1.6429340005270205,-0.48241981179467075,0.10534627236740408,0.03191541212422906,0.2278687934156755,-0.0669098213307449,0.989656745184675,1.1605141887323498,0.13726168449163315,0.16095897208493062,0.3092317466695251,0.2917631855187519,0.018404136707924193,0.3135869798424826,0.3004974660941385,0.8340044417247966,0.5672509539094676,99.23611111111111,93.40277777777779,99.23611111111111,67.15277777777777,92.70833333333334,5.972222222222222
"Lee, Dylan",669276,2024,876,127.6373073315824,0.23815950173476272,0.6796789433069714,2.5932073358162597,2.3815950173476272,0.29602823468222145,0.27187157732278855,0.7680264853333938,0.9184899946249061,0.6041837815691906,0.3025070742887692,0.08767425631659748,0.10485045600740937,0.06897075132068387,0.03453277103753073,1.6865164799583,0.9066908558579598,0.19252471232400684,0.1035035223582146,0.2557675476166087,0.37837506623521755,0.06451607902724323,0.11068416577908982,0.3170713069259131,0.9123998775968335,0.6147355922613733,99.16666666666667,94.93055555555556,99.16666666666667,99.02777777777779,97.36111111111111,87.5
"De Los Santos, Enyel",660853,2025,1080,127.45523155181345,0.2916869136220826,0.6752011889400061,3.1777610357027015,2.916869136220826,0.29423713293543535,0.27008047557600245,1.4217292850880767,0.5244566018036494,1.2469738058698567,-0.015398657058881327,0.13164160047111823,0.04856079646330087,0.1154605375805423,-0.0014258015795260489,1.9461858868917261,1.2315751488109754,0.18020239693441908,0.11403473600101624,0.3687819159387845,0.3110612686892817,0.051486662186243176,0.15278389797189534,0.33992159231403307,0.8978647199209308,0.618893156117482,99.09722222222223,96.94444444444444,99.09722222222223,99.51388888888889,99.30555555555556,77.36111111111111
"López, Reynaldo",625643,2023,1203,127.45242975878696,0.32487365553577885,0.6751322849870716,3.5393411433917663,3.2487365553577883,0.2942095713542615,0.2700529139948286,0.4430571459924977,0.8850537673952203,1.721180189471852,0.49005004053219636,0.0368293554440979,0.07357055423069163,0.14307399746233185,0.040735664217140186,1.328110913387718,2.2112302300040483,0.11039990967478953,0.18380966167947202,0.24860641641621856,0.3362293301073163,0.02757743871258974,0.08001479654187924,0.29241787326176744,0.9462038823727655,0.6193108778172665,99.02777777777779,97.98611111111111,99.02777777777779,99.58333333333333,88.75,98.19444444444444
"Green, Chad",643338,2024,862,127.08430811768028,0.22966408775007827,0.6660791408064914,2.504871263939094,2.2966408775007827,0.2905883136820295,0.2664316563225966,0.27883172983092663,0.6597610308608637,1.233807343951412,0.332471159295892,0.03234706842586156,0.07653840265207236,0.1431331025465675,0.03856974005752807,0.9385927606917903,1.5662785032473039,0.1088854710779339,0.18170284260409558,0.23108640898772037,0.3453850180738023,0.026127417479710195,0.10194979412414398,0.28823571353076133,0.9359613941980729,0.6120985538644171,98.95833333333334,94.72222222222221,98.95833333333334,98.47222222222223,86.11111111111111,96.66666666666667
"Romano, Jordan",605447,2023,927,126.72851024966823,0.24373762019030015,0.6573290727893748,2.6613084156249442,2.4373762019030014,0.2870882864751828,0.2629316291157499,0.1664806960770875,0.5706808448958327,2.1987907573411576,-0.27464388268913353,0.017959082640462514,0.06156211919048896,0.2371942564553568,-0.029627171811125515,0.7371615409729202,1.924146874652024,0.07952120183095149,0.2075670846442313,0.20638151139837338,0.31024046922493037,0.005375256885685631,0.2060650723300818,0.2583109903116519,0.8942798353921163,0.5762954128518841,98.88888888888889,95.27777777777777,98.88888888888889,80.90277777777779,63.125,74.09722222222223
"Scott, Tanner",656945,2025,901,126.4748166403001,0.23465284862051033,0.6510900350180642,2.564179969013594,2.3465284862051035,0.28459267136665856,0.26043601400722566,0.3081452555816213,0.5335875377925277,1.4200266608340826,0.3024205148053625,0.03420036132981368,0.059221702307716714,0.15760562273408243,0.03356498499504578,0.841732793374149,1.722447175639445,0.0934220636375304,0.1911706077291282,0.2336714257288583,0.32563552554489383,0.03185782921047998,0.10690359380937885,0.27965347563687604,0.9306192884900706,0.6051363820634733,98.81944444444444,94.86111111111111,98.81944444444444,97.36111111111111,80,95.76388888888889
"Barnes, Jacob",606930,2024,1117,126.32668277431931,0.2892793229774542,0.647447007559208,3.162623092479407,2.892793229774542,0.2831354603831161,0.2589788030236832,1.292639829669497,1.1375754831913127,0.8388084433618133,-0.10640066374321577,0.11572424616557717,0.10184203072437893,0.07509475768682303,-0.009525574193663006,2.4302153128608097,0.7324077796185975,0.21756627688995608,0.06556918349316002,0.31055942782433393,0.3863411297709593,0.066664527096412865,0.1787176194401185,0.3484502787976466,0.8773089267317343,0.6128796027646904,98.75,96.875,98.75,98.68055555555556,99.72222222222223,51.87500000000001
"Enright, Nic",663671,2025,532,126.22253681294029,0.13723169102899618,0.6448857661137039,1.500830327442145,1.372316910289962,0.28211096380491446,0.25795430644548156,-0.021999278498697095,0.7240077915112124,0.8423835122735,-0.043561697843870206,-0.004135202725319003,0.13609169013368655,0.15834276546494358,-0.008188289068396654,0.7020085130125153,0.7988218144296297,0.13195648740836755,0.15015447639654694,0.20351892696351292,0.4172258274150045,0.026832702053663136,0.17499033712109804,0.3103723771892587,0.8990884804126194,0.604730428800939,98.68055555555556,87.56944444444444,98.68055555555556,97.29166666666667,95.625,78.68055555555556
"Strider, Spencer",675911,2023,3287,126.06621668812387,0.8428412532016095,0.6410414155777377,9.222441859420655,8.428412532016095,0.280573223590528,0.2564165662310951,0.33641842719180204,2.926553251129917,4.768767276173094,1.1907029049258426,0.01023481676884095,0.08903417253209361,0.14507962507371747,0.036224609215875954,3.262971678321719,5.959470181098936,0.09926898930093457,0.18130423428959344,0.22486795421037536,0.3679020816412042,0.029961156892175694,0.09144803897718848,0.29638501792578975,0.9392954020653179,0.6178402099955538,98.61111111111111,100,98.61111111111111,99.30555555555556,90.20833333333333,97.22222222222221
"Green, Chad",643338,2025,696,126.04973888401061,0.1783531125494315,0.6406361801344523,1.9516614607159681,1.7835311254943151,0.28041112941321383,0.25625447205378094,0.521179848943575,0.37435181005639606,1.0949447580851484,-0.03881495636915133,0.07488216220453665,0.05378617960580403,0.157319649150165,-0.005576861547291858,0.8955316589999711,1.056129801715997,0.12866834181034068,0.15174278760287313,0.2667885198480032,0.30367963881985316,0.026804554579425897,0.14843037926356956,0.2852340793339282,0.9123825330785023,0.5988083062062153,98.54166666666667,91.875,98.54166666666667,96.31944444444444,84.09722222222223,87.43055555555556
"Megill, Trevor",656730,2024,697,125.99026381010461,0.1782015777015537,0.6391735211676963,1.9503876788107846,1.7820157770155372,0.2798260658265114,0.25566940846707853,-0.46286242614951334,0.6093864315507744,1.6680061644547095,0.13585750895481397,-0.06640780862977236,0.08742990409623737,0.23931221871660108,0.019491751643445333,0.1465240054012611,1.8038636734095235,0.021022095466465007,0.25880397036004643,0.16470794785976586,0.3984004101263891,0.005481411143783769,0.1242692754629372,0.2815541789930775,0.9351246566966395,0.6083394178448585,98.47222222222223,91.80555555555556,98.47222222222223,97.98611111111111,81.18055555555556,96.52777777777779
"Speier, Gabe",642100,2023,782,125.75125131087152,0.1980948427514435,0.63329553309285,2.1698534880652005,1.9809484275144351,0.27747487059657294,0.25331821323714004,0.8752554340280767,0.4759099309173962,0.3361225351577559,0.4825655879619717,0.11192524731816837,0.060858047431892104,0.04298242137567211,0.06170915447084037,1.351165364945473,0.8186881231197276,0.1727832947500605,0.10469157584651248,0.30806798719326356,0.3105605300265057,0.07458976704771507,0.07968663787085245,0.3093142586098846,0.9228617975407163,0.6160880280753005,98.40277777777777,93.47222222222223,98.40277777777777,99.09722222222223,95.34722222222223,92.56944444444444
"Rainey, Tanner",663432,2024,985,125.72652672836062,0.24927886957327816,0.6326874862265944,2.730731770723196,2.4927886957327816,0.27723165185007065,0.25307499449063775,0.5155025110827864,0.526941408023049,1.4181989597552729,0.2700888918620876,0.05233528031297325,0.053496589647010054,0.14397958982287035,0.02742019206721702,1.0424439191058354,1.6882878516173605,0.10583186995998328,0.17139978189008737,0.2535965192648966,0.2947737612686253,0.028233712479841477,0.09563674538831919,0.274185140266761,0.9380647710659197,0.6061249556663404,98.33333333333333,95.69444444444444,98.33333333333333,97.63888888888889,75.69444444444444,96.875
"De Los Santos, Enyel",660853,2024,1127,125.39383420206732,0.28152714404504847,0.6245056434007286,3.0875169688912933,2.8152714404504846,0.27395891471972433,0.24980225736029144,1.5525213077416993,0.17474886497484476,1.2253085541560722,0.1349382420186771,0.13775699270112682,0.015505666812319855,0.10872303053736222,0.011973224668915448,1.727270172716544,1.3602467961747493,0.15326265951344667,0.12069625520627766,0.3422650536381677,0.28533478785369487,0.054276029864723525,0.11893663719256418,0.3137999207459313,0.9133936664713561,0.6135967936086437,98.26388888888889,96.73611111111111,98.26388888888889,98.81944444444444,96.73611111111111,88.05555555555556
"Smith, Cade",671922,2025,1214,125.3042806781049,0.3021904683688079,0.6223032709407084,3.3151665040315947,3.021904683688079,0.27307796573571624,0.24892130837628335,0.49152108365615277,0.8001880302997506,2.451252779602328,-0.4277953895266364,0.0404877334148396,0.06591334681217056,0.201915385469714,-0.03523849996100794,1.2917091139559034,2.0234573900756914,0.10640108022701017,0.16667688550870605,0.25125663747910687,0.29246028878606095,0.01648984436609016,0.22169120724593186,0.2718584631325839,0.880909474193989,0.57638396866328645,98.19444444444444,97.29166666666667,98.19444444444444,81.11111111111111,74.16666666666667,57.291666666666664
"Díaz, Alexis",664747,2024,977,125.12378072294169,0.2414613569203452,0.6178642705228894,2.6506241116051115,2.414613569203452,0.27130236556858867,0.24714570820915577,0.9151295084939193,-0.06720405143346397,1.7721227263300534,0.030575928214602754,0.09366729871995079,-0.006878613248051583,0.18138410709621836,0.003129573000471111,0.8479254570604553,1.8026986545446562,0.0867886854718992,0.18451368009668948,0.32122363170352386,0.2492890991252946,0.025004531582549186,0.12165904601450409,0.28525636541440924,0.9266682112014734,0.6059622883079413,98.125,95.06944444444444,98.125,97.5,84.23611111111111,94.16666666666667
"Strider, Spencer",675911,2025,2110,124.428323584229,0.5070423075347703,0.600761027884799,5.580128545631737,5.070423075347703,0.2644610685133525,0.2403044111539196,1.6443443058142293,0.5717615371252123,2.9833413567798743,0.3806813459124214,0.07793100975422888,0.027097703181289682,0.14139058562937795,0.018041769948455993,2.2161058429394416,3.3640227026922958,0.10502871293551856,0.15943235557783392,0.2572134759767981,0.2816117373876204,0.02723068708290029,0.10981638841540192,0.26941260668220923,0.9314764622508489,0.600444534466529,98.05555555555556,99.79166666666667,98.05555555555556,96.66666666666667,72.15277777777777,95.90277777777779
"Montero, Rafael",606160,2023,1344,124.27372957530757,0.3209252268808479,0.5969591273825297,3.5339177437192575,3.2092522688084792,0.26294030831244475,0.23878365095301185,1.9877264533879497,0.7854604608253339,0.367887031306509,0.3928437981994648,0.14789631349612722,0.05844199857331354,0.02737254697221049,0.029229449270793514,2.7731869142132837,0.7607308295059738,0.20633831206944073,0.056601996243004,0.3555607599804509,0.35664498083653623,0.08467041731708057,0.13400628421529365,0.35610287040849353,0.8906616492338129,0.6233822598211531,97.98611111111111,97.84722222222221,97.98611111111111,99.72222222222223,99.86111111111111,70.69444444444444
"Kittredge, Andrew",552640,2024,1045,124.26545125602283,0.24944381583730543,0.596755540280635,2.746875227779128,2.4944381583730544,0.2628588734716869,0.238702216112254,1.0955492263756241,0.592231096935393,0.099087235405932,0.960007669062179,0.10483724654312193,0.05667283224262134,0.009482032096261436,0.09186676258968221,1.6877803233110171,1.059094904468111,0.16151007878574328,0.10134879468594363,0.3039125161579199,0.28455248621388385,0.10240929499193711,0.062148282126872664,0.2942325011859019,0.9177212114405952,0.6059768563132485,97.91666666666666,95.76388888888889,97.91666666666666,97.56944444444444,89.72222222222223,90.27777777777779
"Graterol, Brusdar",660813,2023,963,124.12330994359492,0.22852370829135366,0.5932598865299938,2.5178656932848753,2.2852370829135364,0.26146061197143045,0.23730395461199755,1.4831321040419425,0.21092752267895776,0.17885473252817974,0.6449513340357953,0.15401164112585072,0.021903169540909425,0.018572661737090313,0.06697313956757998,1.6940596267209003,0.823806066563975,0.17591481066676015,0.08554580130467031,0.3552103422477587,0.2891920418439239,0.1085192948954369,0.0902357084754635,0.3222011920458413,0.9006224983145498,0.6114118451801955,97.84722222222221,94.51388888888889,97.84722222222221,98.26388888888889,98.40277777777777,79.86111111111111
"Jiménez, Joe",641729,2023,958,124.01505117193075,0.22631696182302993,0.5905974995381784,2.494590395733667,2.2631696182302994,0.26039565717470425,0.23623899981527136,0.09569255343285477,0.4305526904522594,1.7898957858478752,0.1784493660006774,0.009988784283178995,0.044942869567041695,0.18683672086094733,0.018627282463536263,0.5262452438851142,1.9683451518485526,0.05493165385022069,0.20546400332448356,0.22577771847545455,0.2974276829576752,0.020265419888263043,0.10976517774310654,0.2616027007165649,0.9349847011843152,0.5982937009504401,97.77777777777777,94.375,97.77777777777777,96.11111111111111,66.25,96.45833333333333
"Richards, Trevor",670950,2023,1350,123.85803492057751,0.3168374558204858,0.5867360292971958,3.4944894325572022,3.168374558204858,0.25885106907831124,0.23469441171887834,0.4282967023063975,0.3421828508176077,2.9171870023433257,-0.19317712291012867,0.03172568165232574,0.02534687783834131,0.21608792609950558,-0.014309416511861382,0.7704795531240052,2.724009879433197,0.05707255949066705,0.20177850958764423,0.22406001992821717,0.33055752837510216,0.011517491037154787,0.23011241792798692,0.27730877415165966,0.8791850455174292,0.5782469098345444,97.70833333333333,97.70833333333333,97.70833333333333,83.54166666666667,78.40277777777777,54.79166666666667
"Hamilton, Ian",641656,2023,970,123.7533903129114,0.2266550595991928,0.5841625247401876,2.500870172378427,2.266550595991928,0.2578216672555079,0.23366500989607503,0.8807781511859503,0.825743525358348,0.43728122938682645,0.35706726644730225,0.09080187125628354,0.08512819849055134,0.04508053911204396,0.0368110583966291,1.7065216765442983,0.7943484958341287,0.1759300697468349,0.08189159750867306,0.2704544971866936,0.3303595565920683,0.08333134847718021,0.10019090445454963,0.3004070268893809,0.9082388735341351,0.604322950211758,97.63888888888889,94.44444444444444,97.63888888888889,97.22222222222221,92.63888888888889,84.93055555555556
"Miller, Shelby",571946,2025,697,123.55728898456331,0.16151994816568654,0.5793398427750593,1.783571383452113,1.6151994816568656,0.25589259446945667,0.23173593711002377,0.4551857943220057,0.4554818561719003,1.0631582560096149,-0.1902545230514079,0.06530642673199508,0.06534890332451941,0.15253346571156598,-0.027296201298623802,0.910667650493906,0.872903732958207,0.13065533005651447,0.12523726441294217,0.2543527787002064,0.2872405278843372,0.03306182364567672,0.22684272015667897,0.27079665329227176,0.8700477280988221,0.5704221906955469,97.56944444444444,89.79166666666667,97.56944444444444,72.36111111111111,73.40277777777777,41.18055555555556
"Tonkin, Michael",543859,2023,1296,123.52013703765004,0.2998561276396488,0.5784261721443844,3.3116315557747384,2.998561276396488,0.25552712621718665,0.23137046885775375,0.871613025782608,-0.7463885546853817,2.808924674359332,0.37748241031818,0.0672540914955716,-0.057591709466464636,0.21673801499686204,0.02912672919121759,0.12522447109722634,3.186407084677512,0.009662382029106971,0.24586474418807963,0.26728104624994276,0.20820392624380776,0.007040515617312631,0.10599928059464644,0.23774248624687527,0.9434801018940204,0.5906112940704479,97.5,97.22222222222221,97.5,93.47222222222223,42.638888888888886,97.70833333333333
"Vest, Will",676684,2025,1226,123.47880444913764,0.2831617108995907,0.577409687805038,3.1277777282225543,2.831617108995907,0.2551205324814481,0.23096387512201522,0.60879576528896,1.2025702618284413,0.48718012590870785,0.8292315751964452,0.049657077103504074,0.09808892837099847,0.03973736752925839,0.06763715947768721,1.8113660271174012,1.316411701105153,0.14774600547450253,0.10737452700694561,0.25215476363928674,0.4284816786086268,0.08615333958436346,0.07870636619415769,0.34031822112395677,0.9175701471107394,0.6289441841173481,97.43055555555556,96.80555555555556,97.43055555555556,99.93055555555556,99.375,90.13888888888889
"Lee, Dylan",669276,2025,1088,123.22348249110627,0.2485560390220911,0.5711306043706138,2.7483848222915412,2.485560390220911,0.2526088991076784,0.22845224174824552,1.0311227063165234,1.211931717384914,0.5263152979578081,-0.0209848993677042,0.09477230756585693,0.11139078284787812,0.04837456782700442,-0.0019287591330610478,2.2430544237014374,0.5053303985901039,0.20616309041373507,0.046445808693943366,0.26202131565260506,0.3919639439878,0.07867866574217322,0.1762864183444967,0.3269926298202025,0.872517457956665,0.5997550438884338,97.36111111111111,95.55555555555556,97.36111111111111,96.52777777777779,98.68055555555556,45.13888888888889
"Alvarado, José",621237,2024,1060,122.93649180133099,0.23916682393231348,0.5640726979535696,2.6477288073331238,2.3916682393231348,0.24978573654086075,0.22562907918142786,1.0068145276827636,0.8019187505665286,0.43891028288544476,0.4000852461983868,0.09498250261158146,0.07565271231759704,0.04140663046089101,0.03774389115079121,1.8087332782492922,0.8389955290838316,0.1706352149291785,0.07915052161168222,0.26976648239461365,0.3395040492138708,0.09107681638511453,0.10229199580222756,0.3046352658042422,0.903315593906329,0.6039754298552856,97.29166666666667,95,97.29166666666667,97.15277777777777,94.16666666666667,81.875
"Sterner, Justin",686993,2025,1079,122.91559673899195,0.24323199091352624,0.5635588297347688,2.6929702420435433,2.4323199091352623,0.2495801892533404,0.22542353189390751,0.8276538195241301,0.35053853977410654,0.7286653804053458,0.7861125023399609,0.0767056366565459,0.03248735308379115,0.06753154591337773,0.07285565359962566,1.1781923592982366,1.5147778827453067,0.10919298974033703,0.1403871995130034,0.2822024263544498,0.2690885378875137,0.0541981882598242,0.0657474479491212,0.2756454821209817,0.9400271818955273,0.6078363320082545,97.22222222222221,95.20833333333333,97.22222222222221,97.84722222222221,77.22222222222223,97.36111111111111
"Ferguson, Caleb",657571,2023,1088,122.70602467313157,0.24301779704455556,0.5584048645325266,2.6930024025161856,2.4301779704455555,0.24751860317244354,0.22336194581301064,0.025026383372505734,0.6321072797536544,1.6672365032682137,0.36863223612181173,0.0023002190599729533,0.058098095565593234,0.15323864919744612,0.033881639349431225,0.6571336631261602,2.0358687393900254,0.06039831462556619,0.18712028854687734,0.21202535296783073,0.2934539430786403,0.02368450809300457,0.10747579290632894,0.2527396480232355,0.9344198495003333,0.5935797487617844,97.15277777777777,95.13888888888889,97.15277777777777,94.72222222222221,57.638888888888886,96.31944444444444
"Dodd, Dylan",689266,2025,536,122.47408868824068,0.11849907463307556,0.552700907803524,1.314470429777316,1.1849907463307556,0.2452370204808425,0.2210803631214096,0.6546763083788392,0.41561284610270377,0.2493165249975391,-0.0051352497017660426,0.12214110230948491,0.07753971009378802,0.04651427705177968,-9.580689742100825e-4,1.070289154481543,0.24418127529577305,0.19968081240327296,0.0455562080775696,0.3006193446065389,0.32559668595565827,0.06752181648434395,0.13722307831013758,0.31310801528109855,0.8976275526027593,0.6053677839419289,97.08333333333333,85.34722222222221,97.08333333333333,97.43055555555556,96.52777777777779,77.08333333333334
"Williams, Devin",642207,2025,1192,122.37452534691022,0.26236032803479936,0.5502523658447974,2.911550636072434,2.623603280347994,0.24425760369735186,0.22010094633791896,-0.10652902239598916,0.11956376416515013,3.4039840327536695,-0.5054681384503965,-0.008936998523153453,0.010030517127948837,0.2855691302645696,-0.04240504517201313,0.013034741769160973,2.898515894303273,0.0010935186047953838,0.24316408509255644,0.2019869374259759,0.3036503566529817,0.0014505130999390415,0.2745870060527329,0.25281864703947876,0.861981240423664,0.5573999437315713,97.01388888888889,96.31944444444444,97.01388888888889,45.13888888888889,57.70833333333333,30.069444444444443
"Wicks, Jordan",696136,2024,851,122.33774156797942,0.18699797392910797,0.549347749497967,2.0755528934198537,1.8699797392910797,0.24389575715861972,0.21973909979918682,0.6955854666218784,0.8328157117903174,0.5377430865062252,0.009408628501432759,0.08173742263476831,0.09786318587430287,0.06318955188087252,0.0011055967686759997,1.5284011784121958,0.5471517150076579,0.17960060850907117,0.06429514864954852,0.26872968773881595,0.3556915670783535,0.0638022573110767,0.15203569885291068,0.31221062740858474,0.8920810219180063,0.6021458246632956,96.94444444444444,92.5,96.94444444444444,97.01388888888889,96.18055555555556,72.22222222222221
"Snell, Blake",605483,2024,1773,122.01065213482089,0.38389258578160235,0.5413037024557281,4.267223392798769,3.8389258578160237,0.24067813834172413,0.21652148098229124,0.12342341095745724,1.2003174909320933,2.6019014708090253,0.3415810201001932,0.006961275293708812,0.06769980208302838,0.14675135199148479,0.019265708973502153,1.3237409018895505,2.9434824909092185,0.0746610773767372,0.16601706096498695,0.20330287187920545,0.25557687229605175,0.030346050957536404,0.11784134049253966,0.22943987208762862,0.925906304274962,0.5776730881812953,96.875,98.95833333333334,96.875,82.70833333333333,34.791666666666664,93.95833333333333
"Bickford, Phil",641360,2023,1218,121.46678702905515,0.25720678142693965,0.5279285333065263,2.8662959009072893,2.5720678142693965,0.23532807068204342,0.21117141332261052,0.6876148588187334,-0.08063785557851588,2.3684891704133406,-0.10917027274626889,0.056454421906299956,-0.006620513594295228,0.19445723895019218,-0.00896307658015344,0.6069770032402175,2.2593188976670717,0.04983390831200472,0.18549416237003874,0.25982655066203886,0.2835433239860574,0.014915417884776972,0.14855890922358636,0.27168493732404814,0.9182628364458183,0.5949738868849332,96.80555555555556,96.18055555555556,96.80555555555556,95.13888888888889,74.02777777777779,90.48611111111111
"deGrom, Jacob",594798,2025,2614,121.37381851936412,0.5496114600247314,0.5256421767642803,6.12756962362289,5.496114600247314,0.23441352806514498,0.21025687070571208,3.0770138522630077,-0.1084785375538786,2.626851189635545,0.5321831192782156,0.1177128482120508,-0.004149905797776534,0.10049162928980661,0.020358956361064103,2.968535314709129,3.1590343089137605,0.11356294241427425,0.12085058565087071,0.29984669756011506,0.26952558005973487,0.04767445971597155,0.1139266901104437,0.284686138809925,0.9191994250867923,0.6019427819483587,96.73611111111111,99.93055555555556,96.73611111111111,96.94444444444444,83.75,90.90277777777777
"Hudson, Daniel",543339,2024,1118,121.30101909587744,0.23426654045567824,0.5238518346504434,2.6127368338352426,2.3426654045567825,0.23369739121961025,0.20954073386017735,0.8932101599202724,1.0280506117962886,0.9170427553531226,-0.22556669323444112,0.0798935742325825,0.09195443754886304,0.08202529117648683,-0.020175911738322103,1.921260771716561,0.6914760621186815,0.17184801178144554,0.061849379438164716,0.28550052765421796,0.3504226596709863,0.060909175896036234,0.16407567898604722,0.3179615936626021,0.8875075725589583,0.6027345831107802,96.66666666666667,94.79166666666666,96.66666666666667,97.08333333333333,97.56944444444444,66.875
"Karinchak, James",675916,2023,732,121.0004386942191,0.15121940574739737,0.5164597190826412,1.6890207893450224,1.5121940574739736,0.2307405449924894,0.2065838876330565,-0.46476061496105103,0.37575097648937117,1.7953101936018356,-0.01727976578513335,-0.06349188728976107,0.05133210061330207,0.24526095541008683,-0.002360623741138436,-0.08900963847167986,1.7780304278167023,-0.012159786676458997,0.2429003316689484,0.1359285277558615,0.397001126999214,0.0015518466733448848,0.3550090406888212,0.26646482737753774,0.8217195563189169,0.5440921918482273,96.59722222222223,88.75,96.59722222222223,17.916666666666668,69.79166666666666,2.5
"Gallegos, Giovanny",606149,2023,869,120.9809279140095,0.17935461123990476,0.5159798942459861,2.0034674648525197,1.7935461123990477,0.23054861505782737,0.20639195769839447,0.37531212515409607,0.5282787169462608,1.252352286722271,-0.15247566397010814,0.043188967221414964,0.06079156696734877,0.14411418719473773,-0.017546106325674125,0.9035908421003569,1.0998766227521628,0.10398053418876373,0.1265680808690636,0.22197369177964205,0.3513755556125085,0.03715993646996574,0.21498912463793352,0.28667462369607527,0.8739254694460503,0.5803000465710628,96.52777777777779,91.94444444444444,96.52777777777779,85.90277777777777,85,46.94444444444444
"Hjelle, Sean",663546,2024,1204,120.73873376959057,0.24562739493901864,0.5100236605876634,2.7471201039977586,2.4562739493901864,0.22816612159449823,0.20400946423506533,1.4577730600674386,-0.27977250757885486,0.6324513352001304,0.9366682163090445,0.12107749668334208,-0.02323691923412416,0.05252918066446266,0.07779636348081766,1.1780005524885837,1.569119551509175,0.09784057744921791,0.1303255441452803,0.3581221697763795,0.25451570712005583,0.07806910866000834,0.06602504206516907,0.30631893844821767,0.9279529246374113,0.6171359315428144,96.45833333333333,95.34722222222223,96.45833333333333,99.23611111111111,94.72222222222221,94.72222222222221
"Swanson, Erik",657024,2024,666,120.69240948566285,0.13556680854236536,0.5088844164503205,1.5165514234374768,1.3556680854236536,0.2277104239395611,0.2035537665801282,0.3192110326835973,0.646052904803355,0.5996669162632315,-0.04837943031270697,0.047929584487026625,0.09700494066116441,0.09004007751700173,-0.007264178725631678,0.9652639374869523,0.5512874859505246,0.14493452514819102,0.08277589879137005,0.23202480369263276,0.37282860147761526,0.056411256995120056,0.2181703433759714,0.302426702585124,0.8627091998144543,0.5825679511997891,96.38888888888889,87.36111111111111,96.38888888888889,87.77777777777777,93.33333333333333,31.041666666666668
"Díaz, Edwin",621242,2024,1104,120.54890655376227,0.22316489017122745,0.5053552766558592,2.4983383989604135,2.2316489017122745,0.2262987680217766,0.2021421106623437,0.6963771492344222,0.16661029686792972,1.5035115784730806,0.13183937438498106,0.0630776403292049,0.015091512397457402,0.1361876429776341,0.011941972317480168,0.8629874461023519,1.6353509528580616,0.0781691527266623,0.1481296152951143,0.29716598007545436,0.2515887134499941,0.03989228050562744,0.10339391963070498,0.27437734676272424,0.9283568999318338,0.601367123347279,96.31944444444444,94.30555555555556,96.31944444444444,96.80555555555556,75.97222222222221,95.06944444444444
"Santillan, Tony",663574,2025,1258,120.49640851632009,0.2536451067456841,0.5040642025947617,2.8403418170385066,2.5364510674568406,0.22578233839733755,0.20162568103790465,0.5517402711245722,-0.5419023215304151,1.6596607307387785,1.170843136705571,0.04385852711642069,-0.04307649614709182,0.13192851595697763,0.09307179147103108,0.00983794959415718,2.8305038674443495,7.820309693288696e-4,0.2250003074280087,0.2437849447616579,0.1909094456563574,0.028286455491745473,0.04409239793929907,0.21734719520900764,0.9638105732844777,0.5905788842467427,96.25,95.90277777777779,96.25,93.40277777777779,23.541666666666668,99.375
"Hernández, Daysbel",678226,2025,703,120.45532665804535,0.14145875229765562,0.5030538844155605,1.5844088242133694,1.414587522976556,0.2253782111256571,0.2012215537662242,0.1000471907100291,0.4223041678087611,0.9561115042477013,0.10594596144687785,0.014231463827884651,0.06007171661575549,0.136004481400811,0.015070549281205953,0.5223513585187902,1.0620574656945792,0.07430318044364015,0.15107503068201694,0.21347646612805274,0.30316116302274476,0.03779192570915585,0.1074018585753556,0.25831881457539874,0.9274031078577443,0.5928609612165715,96.18055555555556,88.125,96.18055555555556,94.44444444444444,63.19444444444444,94.58333333333333
"Hamilton, Ian",641656,2024,655,120.39204566165948,0.13139237830932177,0.5014976271348158,1.472149888797503,1.3139237830932176,0.22475570821335922,0.20059905085392632,0.710200243741383,0.43721348578401376,0.09218243422492378,0.23255372504718252,0.10842751812845541,0.06675015050137614,0.014073654080141036,0.035504385503386644,1.1474137295253968,0.3247361592721063,0.17517766862983158,0.04957803958352768,0.28619480084859067,0.2895301171928389,0.1008434365254774,0.10701988950599467,0.2878624590207148,0.8960683369842639,0.5919653980024894,96.11111111111111,86.875,96.11111111111111,93.81944444444444,85.90277777777777,75.13888888888889
"Ginkel, Kevin",656464,2023,1242,120.29966217213874,0.24801530683490589,0.4992256578802453,2.7801787527532156,2.480153068349059,0.22384692051153104,0.19969026315209815,1.162493376610655,-0.1204593371030569,1.7295891885355559,0.00855552471006149,0.09359850053225886,-0.009698819412484452,0.13925838877097874,6.888506207778978e-4,1.0420340395075982,1.7381447132456174,0.08389968111977442,0.13994723939175663,0.2753324999526769,0.2742425769823369,0.03796904263563397,0.13920237922215348,0.2747875384675069,0.9114142890711063,0.5931009137693066,96.04166666666667,95.48611111111111,96.04166666666667,94.51388888888889,76.52777777777777,86.94444444444444
"Mears, Nick",683232,2025,869,120.28767252523946,0.17342834566898147,0.4989307988175532,1.9442048091432866,1.7342834566898147,0.22372897688645416,0.19957231952702126,-0.34574282023947944,0.687104373399734,1.7338073454948244,-0.13096408951179228,-0.03978628541305863,0.07906839739927893,0.19951753112713747,-0.015070666226903598,0.3413615531602545,1.6028432559830321,0.039282111986220315,0.18444686490023385,0.17972682090996747,0.39720711821688653,0.02092833069020452,0.24322505171153902,0.288466969563427,0.8679233087991283,0.5781951391812776,95.97222222222223,91.45833333333333,95.97222222222223,83.47222222222223,86.38888888888889,38.263888888888886
"Brown, Ben",676962,2025,1737,120.23442984908917,0.34574735705830323,0.4976214120010122,3.877074708916382,3.457473570583032,0.22320522215983776,0.19904856480040486,0.5044992502134846,0.7516554970020479,2.9633929715632803,-0.3424730098624309,0.029044286137794164,0.04327320074853471,0.17060408587007947,-0.019716350596570575,1.2561547472155326,2.6209199617008494,0.07231748688632887,0.15088773527350888,0.21923658680183744,0.32716764339118226,0.025419307965814753,0.18796031761554138,0.2732021150965098,0.8933101872093219,0.5832561511529158,95.90277777777779,98.68055555555556,95.90277777777779,88.61111111111111,75.34722222222221,73.19444444444444
"Ray, Robbie",592662,2024,568,120.16950346448118,0.11269680956949597,0.4960246900065844,1.2641779094965386,1.1269680956949597,0.22256653336206667,0.19840987600263377,0.3460699204733828,0.4410200078982598,0.638690713246433,-0.16160273212153697,0.06092780290024345,0.0776443675877218,0.11244554810676637,-0.02845118523266496,0.7870899283716426,0.47708798112489603,0.13857217048796525,0.0839943628741014,0.26752876884254784,0.3661184802936558,0.039370755595075704,0.18931044467316077,0.3168236245681018,0.8856593998658817,0.6012415122169917,95.83333333333334,84.79166666666667,95.83333333333334,96.73611111111111,97.22222222222221,63.74999999999999
"Chafin, Andrew",605177,2025,614,120.12683847695419,0.12156596763087976,0.49497543823648116,1.3639815524957157,1.2156596763087977,0.22214683265402535,0.19799017529459245,-0.008190433072741143,0.5053184396911092,0.5638816141849929,0.3029719316923547,-0.0013339467545181016,0.0822994201451318,0.09183739644706726,0.049343962816344414,0.4971280066183681,0.8668535458773476,0.08096547339061369,0.1411813592634117,0.22647749584974664,0.3737255855612677,0.057938759554693665,0.08599578882130453,0.3001015407055072,0.9280327258120009,0.6140671332587541,95.76388888888889,85.69444444444444,95.76388888888889,98.88888888888889,92.56944444444444,94.86111111111111
"Kittredge, Andrew",552640,2025,849,120.09935683576629,0.16786413993553861,0.49429958756047876,1.8837314203369715,1.6786413993553861,0.22187649238362442,0.19771983502419152,1.0753644311289463,-0.014686965371765837,-0.1022581355573493,0.9253120901371403,0.12666247716477577,-0.001729913471350511,-0.01204453893490569,0.10898846762510486,1.0606774657571805,0.823053954579791,0.12493256369342526,0.09694392869019917,0.30612923659896774,0.25793152100096833,0.12197333388970305,0.05077753977309176,0.28203037879996806,0.9136245631686026,0.5978274709842853,95.69444444444444,90.97222222222221,95.69444444444444,95.97222222222223,81.59722222222221,88.47222222222221
"Nardi, Andrew",677053,2023,976,120.02996002122765,0.19230827797820926,0.4925929251491016,2.158851755610158,1.9230827797820926,0.22119382741907354,0.19703717005964064,0.36176006774257985,-0.8866204492696852,1.7417126036943955,0.9419995334428677,0.0370655807113299,-0.09084225914648414,0.1784541602145897,0.09651634563963808,-0.5248603815271053,2.683712137137263,-0.053776678435154233,0.2749705058542278,0.24233358137337443,0.18324457239944478,0.013064386079788414,0.04115606890898755,0.2127890768864096,0.972889772505612,0.5928394246960108,95.625,92.98611111111111,95.625,94.375,20.208333333333332,99.93055555555556
"Greene, Hunter",668881,2024,2563,119.9688188567138,0.5034647425058425,0.4910892923389022,5.65378255318069,5.0346474250584246,0.22059237429499376,0.19643571693556086,1.7514043109040358,0.7937064169652785,2.5390967711109624,0.5695750542004134,0.06833415181053593,0.03096786644421688,0.09906737304373635,0.02222298299650462,2.5451107278693144,3.108671825311376,0.0993020182547528,0.12129035604024095,0.24768806809425098,0.2829319985119854,0.0443649320588423,0.1098411067156483,0.2653100333031182,0.9228969806127547,0.5941035069579365,95.55555555555556,99.72222222222223,95.55555555555556,94.93055555555556,68.81944444444444,92.63888888888889
"Brebbia, John",605154,2024,1023,119.8837565835353,0.20009772476113558,0.488997372339041,2.2480998523983544,2.0009772476113556,0.2197556062950493,0.1955989489356164,0.38175505296885603,-1.0942009490263445,2.1937242294297903,0.7668215190260526,0.03731720947887156,-0.1069600145675801,0.2144402961319443,0.07495811525181355,-0.7124458960574884,2.960545748455843,-0.06964280508870854,0.2893984113837579,0.2363255374739769,0.18617892970176378,0.003817174835840006,0.05527667407230826,0.21125223358787032,0.9704530755459259,0.5908526545668981,95.48611111111111,93.61111111111111,95.48611111111111,93.54166666666667,18.61111111111111,99.86111111111111
"Williams, Trevor",592866,2023,2617,119.53400099540646,0.502878429104143,0.4803959009401444,5.6609640141377895,5.02878429104143,0.21631501773549064,0.19215836037605774,3.6711733161309894,1.1554222200427375,0.5468618620116104,0.2875066159524522,0.14028174689075237,0.04415063890113632,0.02089651746318725,0.01098611448041468,4.826595536173727,0.8343684779640625,0.1844323857918887,0.031882631943601934,0.39349282886791515,0.3016023575592226,0.08716656453800146,0.12940383930733587,0.3475475932135689,0.8917147980773313,0.6196311956454501,95.41666666666667,99.65277777777779,95.41666666666667,99.65277777777779,99.65277777777779,71.73611111111111
"Castillo, José",620454,2025,543,119.51978518527507,0.10426605511685542,0.4800462942764983,1.173831200630275,1.0426605511685543,0.21617517507003223,0.19201851771059933,0.5511643962290691,0.1464206973130331,0.06770862412236056,0.40853748296581216,0.10150357204955231,0.02696513762670959,0.012469359875204523,0.07523710551856577,0.6975850935421022,0.4762461070881727,0.1284687096762619,0.0877064653937703,0.3100150032582301,0.2605092031024957,0.10012754479512725,0.07774891062192973,0.28526210318036294,0.9110617722914716,0.5981619377359173,95.34722222222223,83.54166666666667,95.34722222222223,96.04166666666667,84.30555555555556,86.59722222222223
"Yates, Kirby",489446,2023,1083,119.00230870946444,0.20244306540953075,0.4673200955898678,2.2860472532979657,2.0244306540953074,0.21108469559538,0.1869280382359471,0.7013353333304622,-0.11546755171548284,2.29239446997326,-0.5922149982902738,0.06475857186800205,-0.010661823796443474,0.21167077285071653,-0.05468282532689509,0.5858677816149793,1.7001794716829863,0.054096748071558565,0.15698794752382145,0.2579781149822282,0.2549162431661983,0.021040962687644642,0.28348849174997864,0.25644717907421327,0.8477352727811883,0.5520912259277008,95.27777777777777,93.68055555555556,95.27777777777777,34.166666666666664,61.25000000000001,15.694444444444445
"Nardi, Andrew",677053,2024,950,118.88098672974942,0.1764478501085229,0.4643364476540078,1.9939667459998418,1.764478501085229,0.209891236421036,0.1857345790616031,0.40821047572171665,-0.7595998614633572,1.5640182794768407,0.7813378522646417,0.0429695237601807,-0.07995788015403761,0.16463350310282535,0.08224608971206755,-0.3513893857416406,2.3453561317414824,-0.0369883563938569,0.2468795928148929,0.2398346355976316,0.1921739814893496,0.014894599367403063,0.0564977352628458,0.21600430854349062,0.9643038326848755,0.590154070614183,95.20833333333333,91.66666666666666,95.20833333333333,93.125,22.36111111111111,99.44444444444444
"Heaney, Andrew",571760,2023,2770,118.86118861476137,0.5139453085453032,0.4638495564488297,5.808592494309323,5.139453085453032,0.20969647993896476,0.18553982257953186,2.143809488689385,-0.2054221659700488,3.096518898397335,0.7736862731926522,0.07739384435701752,-0.0074159626703988735,0.11178768586271967,0.027930912389626434,1.9383873227193362,3.870205171589987,0.06997788168661863,0.13971859825234612,0.2847127580483599,0.22703275267450823,0.03528150970414101,0.11584781568585507,0.25587275536143406,0.9244353373050019,0.590154046333218,95.13888888888889,99.86111111111111,95.13888888888889,93.05555555555556,60.90277777777777,93.19444444444444
"Ober, Bailey",641927,2023,2407,118.79760117968677,0.44508873259791243,0.46228576298079815,5.032338068620675,4.450887325979124,0.20907096255175214,0.18491430519231924,1.794947357527235,0.038378294771518995,2.4059816002206844,0.7930308161012363,0.07457197164633299,0.0015944451504577896,0.09995769007979578,0.032946855675165615,1.833325652298754,3.1990124163219207,0.07616641679679079,0.13290454575496138,0.2774081116447977,0.241124568572661,0.04884928195362975,0.12010586039370279,0.25926634010872934,0.9155224288263337,0.5873943844675316,95.06944444444444,99.30555555555556,95.06944444444444,91.59722222222221,64.23611111111111,89.30555555555556
"Mahle, Tyler",641816,2025,1381,118.74660807003545,0.25467391070283113,0.4610316993172178,2.8803425451620797,2.546739107028311,0.20856933708632003,0.18441267972688713,1.3349535543973161,1.0864564121825424,1.020581216486562,-0.5616486379043408,0.09666571719024737,0.07867171702987273,0.07390160872458812,-0.04066970585838819,2.4214099665798585,0.45893257858222114,0.1753374342201201,0.03323190286619994,0.2919103954929723,0.3328136854592523,0.06597883577532491,0.19685618592682472,0.31236204047611227,0.8685824891489252,0.5904722648125187,95,95.97222222222223,95,93.33333333333333,96.31944444444444,39.30555555555556
"Ryan, Joe",657746,2023,2700,118.74277309768044,0.49781237751210156,0.46093738658527916,5.630353523825704,4.9781237751210154,0.20853161199354459,0.1843749546341117,2.0116944828776013,1.0724756233205426,3.598533974690838,-1.0523505570632778,0.07450720306954078,0.03972131938224232,0.13327903609966066,-0.03897594655789918,3.084170106198144,2.54618341762756,0.1142285224517831,0.09430308954176149,0.2731211035094557,0.2785451650158393,0.03994976388213108,0.21034221244333073,0.2758331342626475,0.8748540118372691,0.5753435730499583,94.93055555555556,99.51388888888889,94.93055555555556,80.13888888888889,77.29166666666667,48.40277777777778
"Abreu, Bryan",650556,2025,1189,118.69668541420992,0.21868276390730648,0.45980396111712885,2.4740502950767223,2.1868276390730648,0.20807824180628445,0.18392158444685155,-0.626024623412377,-0.07979128612259956,2.6357059897381987,0.5441602148735001,-0.05265135604813936,-0.006710789413170694,0.22167417912011766,0.04576620814747688,-0.7058159095349765,3.1798662046116988,-0.05936214546131005,0.2674403872675945,0.16305356796332462,0.26340905779387763,0.009933480020991599,0.08281731703989856,0.21323131287860114,0.953624601469555,0.583427957174078,94.86111111111111,94.16666666666667,94.86111111111111,88.81944444444444,20.625,98.95833333333334
"Pagán, Emilio",641941,2024,593,118.65042520047076,0.10879564461551669,0.45866629264551734,1.2312054242966042,1.087956446155167,0.20762317441763983,0.18346651705820693,0.36059357354770327,0.4021581576939752,0.6313255107661462,-0.1628718177112205,0.06080835978882011,0.067817564535240335,0.10646298663847323,-0.027465736544893846,0.7627517312416785,0.4684536930549257,0.12862592432406048,0.07899725009357937,0.25577635760914563,0.34816788005046606,0.04356900010624048,0.18011048248631736,0.30197211882980585,0.8881602587037211,0.5950661887667634,94.79166666666666,84.23611111111111,94.79166666666666,95.20833333333333,93.19444444444444,68.05555555555556
"King, Bryan",687911,2025,1015,118.61073687187685,0.1858222395803108,0.45769024527170143,2.103412468001352,1.8582223958031079,0.20723275546811348,0.18307609810868058,0.2310679653801344,-0.20961105656283507,1.1060285674257102,0.9759269917583424,0.02276531678622014,-0.020651335621954196,0.10896833176607983,0.09615044253776772,0.021456908817299336,2.0819555591840526,0.0021139811642659446,0.20511877430384756,0.2320663546931008,0.20590229822155023,0.03976645660955887,0.06670285563535308,0.21898432645732552,0.9467653438775441,0.5828748351674348,94.72222222222221,92.36111111111111,94.72222222222221,87.98611111111111,25.069444444444443,98.26388888888889
"Fernandez, Ryan",681676,2025,523,118.5322002070047,0.0953447426947503,0.4557588082923054,1.079786744937337,0.953447426947503,0.20646018067635505,0.18230352331692215,0.2019734333098313,0.38922450456857405,0.43865446655490814,0.04993434050402357,0.03861824728677463,0.07442151138978471,0.08387274695122526,0.00954767504857047,0.5911979378784054,0.4885888070589317,0.11303975867655934,0.09342042199979574,0.24700981084385518,0.3705268488956579,0.0517367442485521,0.1200990909625338,0.30876832986975655,0.9140820823944571,0.6114252061321068,94.65277777777777,82.08333333333333,94.65277777777777,98.33333333333333,95.20833333333333,88.75
"Fernandez, Ryan",681676,2024,1187,118.3141309805562,0.2138479610067289,0.4503958740664046,2.4252191329237576,2.138479610067289,0.20431500698599472,0.18015834962656183,0.7111250836169347,1.074748797690063,0.8666410951414036,-0.22729584352464371,0.05990944259620343,0.09054328539933133,0.0730110442410618,-0.01914876525060183,1.7858738813069976,0.6393452516167599,0.15045272799553477,0.05386227899045997,0.2489099650183437,0.3699988184881984,0.06166843341161567,0.16022070142230854,0.30945439175327105,0.8890554325830379,0.5992549121681545,94.58333333333333,94.02777777777777,94.58333333333333,96.45833333333333,95.41666666666667,68.88888888888889
"Burns, Chase",695505,2025,778,117.92160421115435,0.13715907822866255,0.44074253929518825,1.5595295765430137,1.3715907822866256,0.2004536730775082,0.1762970157180753,0.3299868299438913,0.30403648789433646,0.7683967486536858,0.1571095100511002,0.04241475963289091,0.039079240089246334,0.09876564892720899,0.02019402442816198,0.6340233178382277,0.925506258704786,0.08149399972213724,0.11895967335537096,0.24502945921149183,0.3480065949644528,0.040054572230927316,0.11478871730335778,0.2965180270879723,0.9225783552328575,0.6095481911604149,94.51388888888889,87.5,94.51388888888889,98.125,90.27777777777779,92.43055555555556
"Ober, Bailey",641927,2024,2692,117.9160704747242,0.4744450244851617,0.44060644918755737,5.394747460967551,4.744450244851617,0.20039923703445583,0.17624257967502294,1.9627290342759807,1.3348733725156308,0.8247253789422757,1.2724196752336638,0.07290969666701266,0.04958667802806949,0.030636158207365365,0.047266704132008314,3.2976024067916114,2.0971450541759395,0.12249637469508215,0.07790286233937369,0.27041779884895667,0.3088933207381625,0.08117136145713036,0.10848448452034688,0.2896555597935596,0.9051720770112613,0.5974138184024105,94.44444444444444,99.44444444444444,94.44444444444444,95.69444444444444,86.94444444444444,83.05555555555556
"Chargois, JT",608638,2024,529,117.87726815849499,0.09303040368841667,0.43965219134412414,1.0580927543155667,0.9303040368841666,0.20001753389708257,0.17586087653764967,0.5791887108789524,-0.16017831555063822,0.31919228979859327,0.31989006918865925,0.10948746897522729,-0.030279454735470362,0.06033880714529173,0.06047071251203389,0.4190103953283142,0.6390823589872525,0.07920801423975693,0.12080951965732561,0.32660591006052864,0.2250848468355906,0.06891195791920103,0.07716345119422205,0.2758453784480596,0.9269622954432885,0.601403836945674,94.375,81.52777777777777,94.375,96.875,77.43055555555556,94.375
"Romano, Jordan",605447,2025,701,117.84223714209138,0.12303690676914547,0.43879068034645324,1.3997072357810794,1.2303690676914547,0.19967292949801418,0.1755162721385813,-0.05074856278815787,0.15097679567668365,1.4782702910029002,-0.1787912881103466,-0.007239452608867028,0.021537346030910648,0.21088021269656207,-0.02550517662059153,0.10022823288852578,1.2994790028925536,0.014297893422043621,0.18537503607597056,0.17917588713498483,0.2913105227847575,0.012116078435252886,0.18664034795364462,0.23524320495987117,0.9006217868055513,0.5679324958827112,94.30555555555556,85.97222222222223,94.30555555555556,68.26388888888889,40.06944444444444,79.79166666666667
"Sewald, Paul",623149,2024,642,117.77427549672795,0.11225223951997214,0.4371193127724772,1.2776081354472808,1.1225223951997214,0.19900438246842378,0.17484772510899088,0.6328832608496668,-1.0169353257520015,1.0875655661429846,0.5740946342066309,0.09857994717284531,-0.15840114108286626,0.1694027361593434,0.08942284021910138,-0.3840520649023347,1.6616602003496155,-0.05982119391002098,0.2588255763784448,0.41599581487292975,0.12311502990193011,0.02120807378136331,0.07286095928884961,0.2695554223874299,0.9529654834648935,0.6112604529261617,94.23611111111111,84.72222222222221,94.23611111111111,98.19444444444444,72.29166666666667,98.81944444444444
"Tonkin, Michael",543859,2024,1422,117.72429006856265,0.24793424953291945,0.43589003082440136,2.8228501629803304,2.4793424953291945,0.19851266968919343,0.17435601232976053,1.4697916086727218,0.08471866590025456,0.5872594833303992,0.6810804050769548,0.10336087262114782,0.005957712088625497,0.041298135255302335,0.04789594972411777,1.5545102745729764,1.268339888407354,0.1093185847097733,0.08919408497942012,0.28558350323938003,0.22884132310288446,0.07782600599858491,0.10387503626651244,0.25721241317113225,0.9091494788674513,0.5831809460192918,94.16666666666667,95.41666666666667,94.16666666666667,88.47222222222221,62.15277777777778,85.625
"Snell, Blake",605483,2025,1565,117.50526694688396,0.2694952771613643,0.4305036376379621,3.073004459288768,2.694952771613643,0.19635811241461776,0.17220145505518486,0.65496223614673,0.8506638920227942,1.3695705779398395,0.19780775317940424,0.04185062211800192,0.054355520257047554,0.087512496992961,0.0126394730466073,1.5056261281695242,1.5673783311192437,0.09620614237504947,0.10015197003956829,0.23364720643761663,0.2709625032765268,0.04889198742735006,0.13687159018396908,0.2523048548570717,0.9071182111943404,0.5797115330257061,94.09722222222221,96.38888888888889,94.09722222222221,85.20833333333333,56.94444444444444,84.58333333333333
"Gausman, Kevin",592332,2024,2918,117.42177154165657,0.5000871333383408,0.42845025131797526,5.7057625951316595,5.000871333383407,0.195536757886623,0.1713801005271901,2.9133525904910584,2.3796314301289385,1.6999992859190343,-1.2872207114073717,0.09984073305315486,0.08155008328063532,0.058259057091125235,-0.04411311553829238,5.292984020619997,0.41277857451166255,0.18139081633379017,0.01414594155283285,0.29667072408949735,0.35318721340975,0.07170357019858332,0.23707862800449325,0.3249289687496237,0.8456089008984617,0.5852689348240427,94.02777777777777,99.58333333333333,94.02777777777777,90.41666666666667,98.61111111111111,13.958333333333334
"Heaney, Andrew",571760,2024,2730,117.37005992529893,0.46647894117356214,0.4271785175582071,5.32426615764814,4.6647894117356214,0.19502806438271575,0.17087140702328285,2.3367458740656275,0.1556851079678836,1.8689598573537296,0.9628753182608989,0.0855950869621109,0.005702751207614784,0.06846006803493515,0.03527015817805491,2.492430982033511,2.8318351756146285,0.09129783816972568,0.10373022621299006,0.2936804000925231,0.2360284630910152,0.05475605304278255,0.11323133459733928,0.26485443159176913,0.9160063061799391,0.5904303688858541,93.95833333333333,99.375,93.95833333333333,93.26388888888889,68.68055555555556,89.51388888888889
"Williams, Devin",642207,2023,978,117.33981596593546,0.16682126783385737,0.4264347337266293,1.9044647873138274,1.6682126783385736,0.19473055085008462,0.17057389349065172,0.2280026972439373,-0.24600980076229462,2.305136576748282,-0.38266468591609737,0.023313159227396452,-0.02515437635606284,0.23569903647732948,-0.03912726849857846,-0.018007103518357326,1.9224718908321847,-0.0018412171286663935,0.19657176797875098,0.21815316466066145,0.2806350807299655,0.010176230155736267,0.22342624730780433,0.24939412269531347,0.8831987612682297,0.5662964419817715,93.88888888888889,90.83333333333333,93.88888888888889,64.79166666666667,53.61111111111111,60.90277777777777
"Greene, Hunter",668881,2025,1813,117.32793685002117,0.3090386083935836,0.42614259293103096,3.5283462818623548,3.090386083935836,0.19461369453184527,0.17045703717241237,0.6399002542148082,0.9186110520067814,1.5117815272802773,0.4580534483604879,0.03529510503115324,0.05066801169370003,0.08338563305462092,0.025264944752371093,1.5585113062215896,1.9698349756407652,0.08596311672485327,0.10865057780699201,0.2300206689884645,0.29006884797790666,0.05536749557747006,0.11258951917341536,0.2600447584831856,0.9160214926245573,0.5880331255538714,93.81944444444444,97.5,93.81944444444444,92.08333333333333,64.86111111111111,89.58333333333334
"Banda, Anthony",607455,2024,923,117.20556882738376,0.1562207847738977,0.42313321986429503,1.7851737951665427,1.562207847738977,0.1934099453051509,0.169253287945718,0.7802932954102744,0.5520360316281767,0.15220207590516566,0.300642392222926,0.08453881857099398,0.059808887500344174,0.01648993238409162,0.03257230684972112,1.332329327038451,0.45284446812809165,0.14434770607133815,0.04906223923381275,0.2791401160261578,0.2858502369297735,0.08583041073866976,0.10498324209324435,0.2824951764779656,0.9045931735840429,0.5935441750310042,93.75,89.16666666666667,93.75,94.65277777777777,81.875,82.63888888888889
"Finnegan, Kyle",640448,2025,967,117.08899600310903,0.16255903075089187,0.42026636698782804,1.8591851841746347,1.6255903075089186,0.1922632041545641,0.1681065467951312,0.23005443607701181,0.7906151271322415,1.4215263795705368,-0.5830107586051554,0.02379053113516151,0.08175957881408909,0.1470037621065705,-0.06029066790125702,1.0206695632092533,0.8385156209653815,0.1055501099492506,0.08671309420531349,0.23166501160339553,0.38254118157469663,0.040069135668714756,0.30070209423689914,0.3071030965890461,0.8296143850471931,0.5683587408181197,93.68055555555556,90.06944444444444,93.68055555555556,69.02777777777777,94.93055555555556,4.444444444444445
"Leasure, Jordan",673929,2025,1130,117.0756142837848,0.18981164737690842,0.419937272957762,2.171086701930676,1.8981164737690843,0.1921315665425377,0.16797490918310481,0.11833727687360351,0.574641374190378,1.5639767550073884,-0.08586870414069381,0.010472325387044559,0.050853218954900706,0.13840502256702553,-0.00759900036643308,0.6929786510639815,1.4781080508666946,0.061325544341945266,0.13080602220059245,0.2180314632690173,0.32698517952801986,0.03313881153168753,0.16313347871548808,0.27250832139851855,0.9018638548764122,0.5871860881374653,93.61111111111111,92.70833333333334,93.61111111111111,91.52777777777777,74.72222222222223,80.83333333333333
"Chafin, Andrew",605177,2024,951,116.90848358796234,0.15818061367879663,0.41582706014405,1.8115359482761733,1.5818061367879663,0.1904874814170529,0.16633082405762,-0.22830437134780368,0.6478761392481829,0.8689752009719314,0.5229889794038627,-0.024006768806288506,0.06812577699770588,0.09137488969210635,0.054993583533529206,0.4195717679003792,1.391964180375794,0.044119008191417376,0.14636847322563554,0.22339880789016472,0.374104383842756,0.05272398231121104,0.06992052688143056,0.2987515958664604,0.9386777454036792,0.6187146706350698,93.54166666666667,89.375,93.54166666666667,99.44444444444444,91.52777777777777,96.94444444444444
"Pomeranz, Drew",519141,2025,886,116.86198866589862,0.1469638747635928,0.41468361953609706,1.6836667318405034,1.4696387476359278,0.1900301051738717,0.1658734478144388,-0.8383762949270022,0.4209985529730602,2.354753944920958,-0.25370947112651265,-0.0946248639872463,0.04751676670124833,0.26577358294818937,-0.028635380488319713,-0.41737774195394195,2.1010444737944454,-0.04710809728599796,0.2371382024598697,0.12146391749139596,0.32161338306617215,0.001032713406566721,0.2373071484674326,0.22153865027878406,0.8808300690630003,0.5511843596708922,93.47222222222223,88.47222222222221,93.47222222222223,31.11111111111111,27.291666666666664,57.22222222222222
"Pepiot, Ryan",686752,2023,654,116.82500773068108,0.10824331883365837,0.4137741545629142,1.2404177274672747,1.0824331883365836,0.1896663191845986,0.1655096618251657,0.4639105662217844,0.3337141204001455,0.4821755894897706,-0.0393825486444257,0.0709343373427805,0.05102662391439533,0.07372715435623403,-0.006021796428811269,0.7976246866219299,0.4427930408453449,0.12196096125717583,0.06770535792742276,0.2813820720865117,0.31799361611899485,0.06601408936977408,0.1871989495784671,0.2996878441027533,0.8733934805258794,0.5865406623143163,93.40277777777779,84.16666666666667,93.40277777777779,90.97222222222221,92.36111111111111,46.111111111111114
"Greene, Hunter",668881,2023,2071,116.67173548724995,0.3396479431700827,0.41000475998319985,3.8967638056146825,3.396479431700827,0.18815856135271283,0.16400190399327993,1.4887755506906615,-0.9734264904006977,2.7661122465055996,0.6153024988191191,0.0718867962670527,-0.047002727687141366,0.13356408722866245,0.02971040554413902,0.5153490602899637,3.3814147453247188,0.024884068579911336,0.16327449277280148,0.25829497979992855,0.21965712264473813,0.03621899560173483,0.10987170692542371,0.23897605122233334,0.9269546487364207,0.582965349979377,93.33333333333333,98.40277777777777,93.33333333333333,88.19444444444444,44.23611111111111,94.30555555555556
"Pagán, Emilio",641941,2023,1088,116.56721123510961,0.17731537050130725,0.40743421530631263,2.0359781370837027,1.7731537050130726,0.18713034348195795,0.16297368612252505,0.5959741998285608,0.6130126261973601,1.1982431827193523,-0.3712518716615705,0.05477704042541919,0.05634307226078677,0.1101326454705287,-0.0341224146747767,1.208986826025921,0.8269913110577818,0.11112011268620597,0.076010230795752,0.2506154638880764,0.3059503330269553,0.04750779235087689,0.18572220412911186,0.27828289845751586,0.8833850017600056,0.5808339501087607,93.26388888888889,91.73611111111111,93.26388888888889,86.18055555555556,78.88888888888889,61.111111111111114
"Imanaga, Shota",684007,2024,2576,116.48047498822143,0.4176222818743132,0.4053011275954127,4.798498312322124,4.176222818743132,0.18627710839759798,0.16212045103816508,1.201438168806078,1.7678558327872906,3.083263295135339,-1.2540589844065835,0.04663968046607445,0.0686279438193824,0.11969189810307992,-0.048682413990938804,2.9692940015933686,1.8292043107287554,0.11526762428545685,0.07100948411214113,0.2443783779895001,0.3219295365766166,0.04542383367576143,0.26187438288411463,0.28315395728305837,0.846350891720062,0.5647524245015602,93.19444444444444,99.16666666666667,93.19444444444444,61.59722222222223,82.56944444444444,14.583333333333334
"López, Pablo",641154,2025,1181,116.38528819454415,0.19035840661708012,0.4029602172249791,2.188874189585704,1.9035840661708012,0.18534074424942454,0.16118408688999164,0.7469764163888613,0.44670134674061046,0.6510029869882601,0.344193439467972,0.06324948487627953,0.03782399210335397,0.05512303022762575,0.02914423704216528,1.1936777631294717,0.9951964264562321,0.10107347697963351,0.08426726726979103,0.25770999549461276,0.2555892437850793,0.0679517175115182,0.11960742659953033,0.256649619639846,0.9062204279444758,0.5814350237921608,93.125,92.77777777777779,93.125,86.52777777777779,61.59722222222223,83.75
"Neris, Héctor",593576,2024,1023,116.33980413284858,0.16443359765995882,0.40184163651016336,1.891458581386587,1.6443359765995882,0.18489331196349823,0.16073665460406533,0.5661132328277745,0.6694746033408592,1.410375511472921,-0.7545047662549678,0.05533853693331129,0.06544228771660401,0.137866618912309,-0.07375413159872607,1.2355878361686337,0.6558707452179533,0.12078082464991532,0.06411248731358292,0.2495493510869895,0.36070041834541444,0.04279305432999477,0.28219228761509907,0.30512488471620197,0.8375073290274531,0.5713161068718275,93.05555555555556,90.41666666666667,93.05555555555556,73.68055555555556,94.30555555555556,8.055555555555555
"Abreu, Bryan",650556,2024,1332,116.27948784662014,0.21331089679040538,0.4003582897717819,2.4548756439317003,2.133108967904054,0.18429997326814565,0.16014331590871275,-1.158000312418494,0.021149829691239574,3.0699988679380112,0.5217272587209436,-0.08693696039177884,0.001587825051894863,0.23048039549084168,0.03916871311718796,-1.1368504827272545,3.591726126658955,-0.08534913533988397,0.26964910860802965,0.1435619383329866,0.2715842086618379,0.0099935033935576,0.09345400070553668,0.20757307349741227,0.9482762479504528,0.5779246607239326,92.98611111111111,93.95833333333333,92.98611111111111,82.98611111111111,16.52777777777778,98.40277777777777
"Gordon, Tanner",685299,2025,1244,116.25475673362662,0.1989156409537899,0.39975008230263254,2.2896652270892446,1.989156409537899,0.1840566902804859,0.159900032921053,0.8944152231078988,0.9821649364150744,0.829650404279846,-0.41656533671357465,0.07189832983182466,0.07895216530667801,0.06669215468487509,-0.03348595954289185,1.8765801595229732,0.4130850675662714,0.15085049513850265,0.03320619514198323,0.2789347689928549,0.3512047096038595,0.06446828790175893,0.1956036642699999,0.31506973929835724,0.8699640239141206,0.5925168816062389,92.91666666666667,93.54166666666667,92.91666666666667,94.09722222222221,97.01388888888889,41.041666666666664
"Sheehan, Emmet",686218,2025,1300,116.11423231479459,0.20607298010148378,0.3962941925028534,2.3747663466874656,2.060729801014838,0.18267433436057426,0.15851767700114136,0.18988460666560059,0.8335361324870973,1.1741768608339953,0.17716874670077232,0.014606508205046198,0.06411816403746902,0.09032129698723042,0.01362836513082864,1.023420739152698,1.3513456075347676,0.07872467224251523,0.10394966211805905,0.21617120960823008,0.30984636708183105,0.04693976804138492,0.12920201101536927,0.26300878834503055,0.911929110471623,0.5874689494083267,92.84722222222223,93.81944444444444,92.84722222222223,91.73611111111111,67.08333333333333,87.15277777777779
"Jax, Griffin",643377,2024,1047,116.04155467452073,0.16521946684513084,0.3945068453799686,1.9051148710045709,1.6521946684513082,0.18195939551142035,0.15780273815198745,0.34654649209096533,0.7328564481431386,-0.12159390036458717,0.9473058311350542,0.0330989963792708,0.06999584031930645,-0.011613553043418068,0.09047811185626115,1.0794029402341039,0.825711930770467,0.10309483669857726,0.07886455881284307,0.23445264201559707,0.29900028697292186,0.08661055491010256,0.06866543928865725,0.26672646449425946,0.9223620029006201,0.5945442336974398,92.77777777777779,90.69444444444444,92.77777777777779,95,69.93055555555556,92.29166666666667
"Hader, Josh",623352,2025,825,115.98562114446447,0.1297333233618791,0.3931312829147851,1.4966256568341123,1.2973332336187908,0.18140917052534694,0.15725251316591404,0.1657748073998846,-0.09269330464258019,1.5527558553330891,-0.12921170125628123,0.02009391604847086,-0.011235552077888507,0.18821283094946534,-0.015662024394700755,0.0730815027573044,1.423544154076808,0.008858363970582353,0.1725508065547646,0.20602841070688693,0.25435742480512896,0.01609035321098217,0.1635066452482113,0.23019291775600795,0.9102015007704033,0.5701972092632056,92.70833333333334,86.80555555555556,92.70833333333334,71.80555555555556,35.34722222222222,85.90277777777777
"Singer, Brady",663903,2023,2603,115.93347667345871,0.40799307889117487,0.3918489040445398,4.708728579977787,4.079930788911748,0.18089621897724883,0.15673956161781594,2.9688872032979816,-0.7996137057725718,1.4493945929432357,1.090060489509142,0.11405636585854712,-0.030718928381581707,0.055681697769621036,0.04187708373066239,2.1692734975254098,2.5394550824523776,0.08333743747696541,0.09755878150028344,0.3400113371121344,0.2519149487047581,0.06614541777532813,0.09602101081968682,0.2959631429084463,0.9189167857024925,0.6074399643054693,92.63888888888889,99.02777777777779,92.63888888888889,97.77777777777777,90.13888888888889,90.76388888888889
"Pagán, Emilio",641941,2025,1061,115.81932743063041,0.1651092778883859,0.38904165383691314,1.9073949134674422,1.651092778883859,0.17977331889419815,0.15561666153476525,0.3992795592030234,0.6212402717001169,1.4273699644263615,-0.5404948818620596,0.037632380697740185,0.05855233475024664,0.13453062812689554,-0.05094202468068422,1.0205198309031402,0.8868750825643019,0.09618471544798683,0.0835886034462113,0.2428413464699725,0.316165475636329,0.033847088145386374,0.20806959114926143,0.27950341105315074,0.8790416603526761,0.5792725357029134,92.56944444444444,90.625,92.56944444444444,84.30555555555556,79.79166666666667,54.58333333333333
"Gray, Jon",592351,2024,1620,115.80803329087342,0.25191900671178846,0.38876389924658716,2.9105279163406976,2.5191900671178846,0.17966221705806776,0.15550555969863486,1.800998600378989,0.6225859711623798,0.8814017343911473,-0.39445838959181856,0.11117275310981414,0.03843123278780122,0.054407514468589345,-0.02434928330813695,2.423584571541369,0.48694334479932877,0.14960398589761537,0.030058231160452396,0.30024548752963875,0.27779542720657363,0.07331187825304272,0.1648084211468745,0.2890204573681062,0.8809398503000414,0.5849801538340738,92.5,95.83333333333334,92.5,89.93055555555556,86.45833333333334,57.36111111111111
"Mayza, Tim",641835,2023,790,115.62778850867453,0.12144865106237716,0.38433117424802904,1.4053241037632915,1.2144865106237717,0.17788912705864451,0.15373246969921162,0.07675253230115686,0.2302579893391794,0.16073778426834906,0.9375757978546062,0.009715510417867957,0.02914658092901005,0.020346554970677097,0.11868048074108939,0.30701052164033626,1.0983135821229553,0.03886209134687801,0.1390270357117665,0.25630625523346495,0.3097034069049328,0.08973177408525636,0.023768401519299435,0.2830048310691989,0.9432499121977221,0.6131273716334605,92.43055555555556,85.625,92.43055555555556,98.75,82.43055555555556,97.63888888888889
"Weaver, Luke",596133,2025,1075,115.60091119660069,0.1649781798599502,0.38367018572081446,1.9094658652134058,1.649781798599502,0.1776247316477587,0.1534680742883258,0.9444047659044372,0.7763660417604115,0.682688710657203,-0.49399365310864596,0.08785160613064533,0.07222009690794526,0.06350592657276308,-0.045952897963594974,1.7207708076648487,0.1886950575485571,0.16007170303859058,0.017553028609168103,0.2928865037929192,0.35350568276160604,0.0710267380957721,0.2181367552754849,0.3231960932772626,0.8554182533143715,0.589307173295817,92.36111111111111,90.55555555555556,92.36111111111111,92.56944444444444,98.54166666666667,22.63888888888889
"Manaea, Sean",640455,2025,1095,115.52432115973217,0.16722254034256148,0.38178662178667006,1.9367408015114052,1.6722254034256148,0.17687130607410093,0.15271464871466803,0.3748812346593695,-1.0672724977434882,1.0756483928757916,1.5534836717197322,0.03423572919263649,-0.09746780801310395,0.09823272994299466,0.14187065495157372,-0.6923912630841187,2.629132064595524,-0.06323207882046745,0.2401033848945684,0.2591710277136468,0.1328990684770949,0.038261616022638965,0.05450333485704127,0.19603504809537087,0.9536175245601599,0.5748262863277653,92.29166666666667,90.90277777777777,92.29166666666667,79.23611111111111,11.38888888888889,98.88888888888889
"Hjelle, Sean",663546,2023,504,115.51764198252383,0.07693506819451325,0.38162236207595857,0.8911002350366743,0.7693506819451325,0.17680560218981634,0.15264894483038344,0.5388373546520597,-0.22494372872142776,0.121333860901359,0.4558727482046834,0.10691217354207536,-0.04463169220663249,0.024074178750269643,0.09045094210410384,0.31389362593063197,0.5772066091060424,0.06228048133544285,0.1145251208543735,0.3055019527332701,0.21884423969107827,0.08552990523069369,0.06533171880999604,0.26217309621217416,0.9245691879796551,0.5933711420959147,92.22222222222223,78.68055555555556,92.22222222222223,94.58333333333333,66.59722222222221,93.33333333333333
"Megill, Trevor",656730,2025,820,115.47326814240775,0.12481419582269662,0.3805310848252946,1.446226548574316,1.2481419582269662,0.17636909128955072,0.15221243393011782,-0.9065793402755844,0.42832196544668477,1.9399035692167672,-0.015419645813551597,-0.11055845613116883,0.05223438603008351,0.23657360600204477,-0.0018804446114087314,-0.47825737482889963,1.9244839234032156,-0.05832407010108531,0.23469316139063606,0.13611538617304,0.40832850016315375,0.002864889864087994,0.20126436350140373,0.2722219431680969,0.8979353733172541,0.5850786582426755,92.15277777777777,86.25,92.15277777777777,90.20833333333333,74.375,77.56944444444444
"Sims, Lucas",608371,2023,1056,115.45323781257359,0.16052825513700425,0.38003848280540786,1.8603768530856541,1.6052825513700426,0.17617205048159604,0.15201539312216314,-0.09378850418829643,-0.42413165902803485,1.2433478354923864,1.134949180809599,-0.008881487139043224,-0.0401639828625033,0.11774127230041538,0.10747624818272718,-0.5179201632163313,2.3782970163019854,-0.04904547000154653,0.22521752048314256,0.18564629897846455,0.1911023508838173,0.034778498004559864,0.05093036234594266,0.18837432493114092,0.9571455698247487,0.5727599473779448,92.08333333333333,89.65277777777779,92.08333333333333,76.25,8.194444444444445,99.09722222222223
"Hader, Josh",623352,2023,1020,115.39661053647951,0.15448751054477033,0.3786458591783587,1.791273010513919,1.5448751054477032,0.17561500103077637,0.15145834367134348,-0.07595961582046584,0.4976578832265659,1.4760740021683887,-0.10649925906056978,-0.0074470211588692,0.04878998855162411,0.1447131374674891,-0.010441103829467625,0.42169826740610006,1.369574743107819,0.041342967392754906,0.13427203363802145,0.2023698947131335,0.2900333864795852,0.029759081007879443,0.1616636174691398,0.24620164059635935,0.9042886507614903,0.5752451456789248,92.01388888888889,89.02777777777777,92.01388888888889,79.93055555555556,50.34722222222222,82.43055555555556
"Poche, Colin",621363,2024,555,115.39457555942538,0.08404827057081055,0.37859581338202947,0.974552154052958,0.8404827057081055,0.1755949827122447,0.1514383253528118,-0.3384411089336936,0.589878431291254,0.792874722311808,-0.0697598906164103,-0.060980379988052905,0.10628440203446017,0.1428603103264519,-0.012569349660614468,0.25143732235756033,0.7231148316953977,0.045304022046407266,0.13029096066583742,0.1878488450079394,0.4102373152410389,0.03691894257742009,0.39613270012251983,0.29904308012448916,0.7834741786500301,0.5412586293872597,91.94444444444444,80.34722222222223,91.94444444444444,13.125,91.80555555555556,0.20833333333333334
"Scott, Tanner",656945,2024,1236,115.36013827523846,0.18675905810086724,0.3777489039257024,2.166166865971263,1.8675905810086724,0.17525621892971385,0.15109956157028095,-0.4745179177580212,-0.1413110566945761,2.767660073949628,0.014335766474232514,-0.03839141729433829,-0.011432933389528811,0.22392071795708962,0.0011598516564913037,-0.6158289744525973,2.7819958404238605,-0.0498243506838671,0.22508056961358094,0.1818174045555352,0.2870589957564155,0.015527417761847958,0.14792032326779395,0.23443820015597536,0.918276129485179,0.5763571648205772,91.875,92.43055555555556,91.875,81.04166666666667,39.23611111111111,90.55555555555556
"Brogdon, Connor",641401,2025,840,115.33676026203709,0.12673045492044718,0.3771739729775214,1.4702204710237083,1.2673045492044719,0.17502624655044147,0.15086958919100857,0.8074351251725602,0.5167734486144582,0.38976768668578643,-0.24375578944909648,0.09612322918720956,0.06152064864457836,0.04640091508164124,-0.029018546362987677,1.3242085737870184,0.14601189723668995,0.1576438778317879,0.017382368718653566,0.2927198129230511,0.30892666860542634,0.08084390068284594,0.1875934298500598,0.3008232407642387,0.8657813347335471,0.5833022877488929,91.80555555555556,86.59722222222223,91.80555555555556,88.68055555555556,92.91666666666667,35.55555555555556
"Leone, Dominic",608678,2023,875,115.32037571910725,0.13186986088095637,0.37677103108844673,1.5300693607046014,1.3186986088095636,0.1748650697948116,0.1507084124353787,0.7643129731391127,0.5958406565819132,0.5014172295677781,-0.33150149858420264,0.08735005407304146,0.06809607503793294,0.057304826236317497,-0.0378858855524803,1.360153629721026,0.16991573098357549,0.15544612911097438,0.019418940683837198,0.27548876303105485,0.3216057791760372,0.07082763434951392,0.17423877959618506,0.29854727110354606,0.8774667930271505,0.5880070320653483,91.73611111111111,87.01388888888889,91.73611111111111,92.01388888888889,91.31944444444444,52.29166666666667
"Shuster, Jared",694363,2024,1290,115.05808601351082,0.19108542505324083,0.3703205911884512,2.2224751304690926,1.9108542505324082,0.17228489383481338,0.14812823647538048,1.3031857059875165,1.5678989312800695,-0.5022970692180024,-0.14631243758049095,0.10102214775097028,0.12154255281240849,-0.03893775730372112,-0.01134204942484426,2.871084637267586,-0.6486095067984934,0.22256470056337876,-0.05027980672856538,0.28187560071506584,0.35836936676499614,0.12245604791514361,0.1597198304565481,0.320122483740031,0.8589120608141542,0.5895172722770926,91.66666666666666,92.84722222222223,91.66666666666666,92.70833333333334,97.77777777777777,26.458333333333332
"Devenski, Chris",606965,2024,545,115.0415846894881,0.08064142145676081,0.36991477732459094,0.9380679971765176,0.8064142145676082,0.17212256828926928,0.14796591092983638,0.5171007581502636,0.15330499527408392,0.37560115684846096,-0.10793891309629089,0.09488087305509423,0.02812935693102457,0.06891764345843321,-0.01980530515528273,0.6704057534243475,0.26766224375217007,0.1230102299861188,0.049112338303150475,0.26514477257384217,0.3058614745283121,0.06817828386883487,0.20243881882080966,0.2855031235510771,0.8646914486551778,0.5750972861031274,91.59722222222221,79.79166666666667,91.59722222222221,79.72222222222223,84.375,33.33333333333333
"Jackson, Luke",592426,2023,524,114.99535978169585,0.07729586400546067,0.3687779771252895,0.8995395246180351,0.7729586400546067,0.1716678482095487,0.1475111908501158,-0.03872961005981779,0.19759229398096068,1.016093874730359,-0.27541703403346673,-0.007391146957980494,0.03770845304980166,0.19391104479587,-0.0525605026781425,0.1588626839211429,0.7406768406968922,0.03031730609182116,0.14135054211772752,0.1866558882915732,0.34255623802853874,0.02249014071286811,0.3113856198458156,0.26460606316005597,0.8330621197206581,0.5488340914403571,91.52777777777777,78.75,91.52777777777777,26.180555555555557,68.54166666666667,5.625
"Chafin, Andrew",605177,2023,920,114.92864143818713,0.13510648438650114,0.3671371858328835,1.5733060915717942,1.3510648438650115,0.17101153169258632,0.14685487433315342,0.026647661040669846,0.7434865367558814,0.23647391980466637,0.5666979739705766,0.0028964848957249833,0.0808137539952045,0.025703686935289825,0.061597605866367026,0.7701341977965512,0.803171893775243,0.08371023889092948,0.08730129280165685,0.2398250490026021,0.3829889982954899,0.08639127509322399,0.0716157937137495,0.311407023649046,0.9209964655965133,0.6162017446227797,91.45833333333333,87.22222222222223,91.45833333333333,99.16666666666667,95.90277777777779,91.59722222222221
"Uceta, Edwin",670955,2024,672,114.78339554867391,0.09772632087311568,0.36356518181962677,1.139595946186546,0.9772632087311568,0.1695827300872836,0.1454260727278507,0.984214905521867,0.06996134236032958,0.3920464173097571,-0.3066267190054077,0.1464605514169445,0.010410914041715711,0.0583402406710948,-0.04562897604247139,1.0541762478821965,0.08541969830434937,0.1568714654586602,0.012711264628623419,0.35257460947921276,0.241414042654793,0.07151728251163485,0.17947926658298652,0.2969943260670029,0.8745017254526893,0.5857480257598461,91.38888888888889,82.56944444444444,91.38888888888889,90.76388888888889,90.55555555555556,47.77777777777778
"Poche, Colin",621363,2023,955,114.74271050353788,0.1384996857526159,0.36256462238904696,1.6156929353087435,1.384996857526159,0.1691825063150517,0.1450258489556188,-0.5454696774493186,1.1461513577439746,1.0616790053186378,-0.04666775030455028,-0.057117243711970536,0.12001584897842665,0.1111705764731558,-0.0048866754245602394,0.600681680294656,1.0150112550140875,0.06289860526645612,0.10628390104859556,0.18794415402224446,0.42769190533894913,0.049763026685906424,0.3909306303185142,0.3078180296805968,0.7796531714977897,0.5437356005891932,91.31944444444444,87.91666666666667,91.31944444444444,17.15277777777778,95,0.1388888888888889
"Abreu, Bryan",650556,2023,1336,114.67859346679901,0.19291188274078866,0.36098780452991897,2.2518517697299103,1.9291188274078865,0.1685517791714005,0.1443951218119676,-0.7054632312260765,-0.34456234788467555,2.632880554347139,0.6689967944935233,-0.05280413407380812,-0.02579059490154757,0.1970718977804745,0.05007461036628169,-1.050025579110752,3.3018773488406623,-0.07859472897535569,0.24714650814675618,0.1650830331603524,0.23303409841183292,0.018214345794095595,0.07748160684708388,0.19905856578609266,0.9521520236794103,0.5756052947327515,91.25,93.05555555555556,91.25,80.27777777777779,12.430555555555555,98.68055555555556
"Vesia, Alex",681911,2025,1086,114.6538147345393,0.15654838824110057,0.3603784259693843,1.8278251813344468,1.5654838824110056,0.16830802774718662,0.14415137038775372,0.24478103352930702,0.18394029886349017,1.5619145910090992,-0.1628107420674496,0.022539690011906723,0.01693741241836926,0.14382270635442904,-0.01499178103751838,0.4287213323927972,1.3991038489416496,0.03947710243027599,0.12883092531691065,0.23879303093653179,0.2662593175193342,0.027324556293498472,0.16812702353163178,0.252526174227933,0.9022742100874349,0.5774001921576839,91.18055555555556,89.23611111111111,91.18055555555556,82.5,57.36111111111111,81.25
"Treinen, Blake",595014,2024,962,114.63439588732206,0.1384898517064484,0.35990086202299476,1.6172855608622285,1.3848985170644839,0.16811700216863082,0.14396034480919792,0.7770336075593605,-0.571450778592407,-0.06456407062842118,1.4762668025236962,0.08077272427851981,-0.059402367837048546,-0.006711441853266235,0.1534580875804258,0.20558282896695346,1.411702731895275,0.021370356441471255,0.14674664572715956,0.32536289178666516,0.1796624328225822,0.09783531423814344,0.054903653464647366,0.25251266230462366,0.9236305161486046,0.5880715892266142,91.11111111111111,87.84722222222221,91.11111111111111,92.15277777777777,57.291666666666664,92.91666666666667
"Treinen, Blake",595014,2025,591,114.58520297355984,0.08479456900191124,0.3586910702280509,0.9907115350133608,0.8479456900191124,0.16763308545065328,0.14347642809122038,0.2881812992536652,-0.27898941536795974,0.025423107887036167,0.9560965432406192,0.048761641159672624,-0.0472063308575228,0.004301710302374986,0.16177606484612847,0.009191883885705465,0.9815196511276554,0.0015553103021498248,0.16607777514850347,0.2665561558931505,0.18192635945521757,0.08927115768734487,0.054363936660730944,0.22424125767418404,0.9281824528259621,0.5762118552500731,91.04166666666667,80.41666666666667,91.04166666666667,80.69444444444444,29.583333333333332,95
"Banda, Anthony",607455,2025,1126,114.52718531853638,0.16091181967795892,0.3572642532814363,1.8811221586468037,1.6091181967795891,0.16706235867200742,0.14290570131257452,0.35193684401065184,0.4095008930039512,0.405993744713669,0.7136906769185316,0.031255492363290574,0.03636775248702942,0.036056282834251246,0.0633828309874362,0.761437737014603,1.1196844216322006,0.06762324485032,0.09943911382168744,0.2294424555656822,0.2416043068755345,0.0754446982549677,0.07349109123921475,0.23552338122060834,0.9255321052529087,0.5805277432367586,90.97222222222221,89.72222222222223,90.97222222222221,86.04166666666667,40.55555555555556,93.61111111111111
"Hader, Josh",623352,2024,1203,114.521332445461,0.17184629543755475,0.3571203147081354,2.0090675424095252,1.7184629543755474,0.16700478324268705,0.14284812588325416,0.07977782809052769,0.1693549381534467,2.1810218331320357,-0.42108705696648485,0.006631573407358911,0.01407771721973788,0.18129857299518168,-0.03500308037959143,0.2491327662439744,1.7599347761655508,0.020709290627096793,0.14629549261559027,0.22269550968643115,0.27860772789478466,0.02127673838072683,0.23664505823358842,0.25065161879060793,0.8710391016928424,0.5608453602417252,90.90277777777777,91.25,90.90277777777777,53.47222222222222,54.861111111111114,42.84722222222222
"Daniel, Davis",669721,2024,508,114.5113636334268,0.07251703122079765,0.35687515364565775,0.8478861315938957,0.7251703122079766,0.166906718817696,0.1427500614582631,0.10738476489996174,0.34304525378774997,0.18031379528929392,0.21714231761689007,0.021138733248023962,0.06752859326530511,0.03549484159238069,0.04274455071198623,0.4504300186877117,0.397456112906184,0.08866732651332908,0.07823939230436693,0.2309529769108899,0.30825177608367926,0.07468465455439373,0.11179795074806978,0.2696023764972846,0.9067586973487682,0.5881805369230264,90.83333333333333,77.70833333333333,90.83333333333333,92.22222222222223,72.5,84.23611111111111
"Rodón, Carlos",607074,2023,1127,114.45664658937753,0.16027270219968243,0.3555295079850985,1.874972550437633,1.6027270219968242,0.1663684605534723,0.1422118031940394,-0.6698982075502045,0.721176393366477,1.35637094433514,0.4673234202862204,-0.05944083474269782,0.06399080686481606,0.120352346436126,0.04146614199522808,0.051278185816272526,1.8236943646213604,0.004549972122118237,0.16181848843135407,0.16937488342597215,0.3333094376368131,0.03303137642412264,0.08834618656374271,0.25134216053139263,0.9393112185060674,0.59532668951873,90.76388888888889,89.58333333333334,90.76388888888889,95.34722222222223,55.76388888888889,97.29166666666667
"Smith, Cade",671922,2024,1325,114.44213879708147,0.18824154195015014,0.35517272066066063,2.2024911295139873,1.8824154195015013,0.16622574562369716,0.14206908826426426,0.46687658648716024,0.2935477749877009,2.0514466188809592,-0.6093798508418331,0.03523596879148379,0.02215454905567554,0.1548261599155441,-0.04599093213900627,0.7604243614748611,1.4420667680391261,0.05739051784715933,0.10883522777653783,0.23882492364477326,0.2568077702786269,0.02975859359040583,0.20890581231141156,0.24781634696170007,0.8806677970490913,0.5642420720053957,90.69444444444444,92.56944444444444,90.69444444444444,60.34722222222222,52.01388888888889,57.08333333333333
"Farmer, Buck",571656,2023,1221,114.30130771622547,0.1717748168360759,0.3517092891811546,2.0127009547194348,1.717748168360759,0.16484037303189475,0.14068371567246185,0.9481308648327058,0.4021716614770412,0.13024935915746028,0.5321490692522275,0.07765199548179409,0.03293789201286169,0.010667433182429178,0.04358305235480978,1.350302526309747,0.6623984284096878,0.11058988749465579,0.05425048553723896,0.26712494644915297,0.2591614908305951,0.08248461025697931,0.1056458010417282,0.263143218639874,0.9059347943506463,0.5845390064952601,90.625,91.18055555555556,90.625,89.72222222222223,67.36111111111111,83.61111111111111
"Neris, Héctor",593576,2025,547,114.25301182408133,0.07669411681710812,0.350521557665028,0.8990780839271793,0.7669411681710813,0.1643652804254441,0.1402086230660112,0.17321398396234144,0.46688208984733137,0.6074379269730343,-0.3484559168555279,0.03166617622711909,0.08535321569421049,0.11104898116508854,-0.06370309266097403,0.6400960738096728,0.25898201011750643,0.1170193919213296,0.04734588850411452,0.23078149072439155,0.3373122534339363,0.04900339817840475,0.275493607918327,0.2840468720791639,0.8377514969516341,0.560899184515399,90.55555555555556,78.61111111111111,90.55555555555556,53.61111111111111,83.19444444444444,8.26388888888889
"Castillo, Luis",622491,2025,2978,114.23852862631455,0.417116994925235,0.3501653751890825,4.890555205416263,4.17116994925235,0.1642228074350659,0.140066150075633,4.30139565873742,0.7863817136756097,0.7409171443480318,-0.9381393113447984,0.14443907517587037,0.026406370506232697,0.02487968919906084,-0.031502327446097995,5.087777372413029,-0.19722216699676665,0.17084544568210308,-0.00662263824703716,0.37218930150654445,0.2934511538256598,0.0783486588640289,0.16200435946554603,0.3328202276661021,0.8798234908352125,0.6063218592506573,90.48611111111111,99.09722222222223,90.48611111111111,97.70833333333333,99.02777777777779,55.486111111111114
"Gausman, Kevin",592332,2023,3130,114.22948962221078,0.4381287370524859,0.3499430807128482,5.137390745875109,4.381287370524859,0.16413388964457218,0.13997723228513928,2.3707295242279542,1.5370099007402587,2.998037210241364,-1.7683858893344677,0.07574215732357681,0.049105747627484306,0.09578393642943654,-0.05649795173592549,3.907739424968213,1.2296513209068962,0.12484790495106111,0.03928598469351106,0.26418670573852754,0.3188964307553919,0.058562741221832484,0.2564634397706715,0.29154156824695976,0.842486909503748,0.5670142388753538,90.41666666666667,99.23611111111111,90.41666666666667,66.31944444444444,88.26388888888889,11.38888888888889
"Uceta, Edwin",670955,2025,1174,114.22113560143268,0.16423679193967539,0.3497376318987977,1.9259670767964963,1.642367919396754,0.16405171011895198,0.13989505275951908,1.5416484330244202,0.26601983160981035,0.8487274183271438,-0.7304286061648781,0.13131588015540208,0.022659270154157612,0.07229364721696285,-0.06221708740757054,1.8076682646342306,0.11829881216226568,0.15397515030955966,0.010076559809392305,0.37488410048495446,0.2646977037956739,0.07237478047478477,0.198151259355124,0.3197909021403142,0.8647369800850456,0.5922639411126799,90.34722222222223,90.34722222222223,90.34722222222223,93.88888888888889,97.70833333333333,33.611111111111114
"Bradford, Cody",674003,2023,1080,114.19028703671749,0.1507589189819883,0.348978979124973,1.7684810893017584,1.507589189819883,0.1637482490094221,0.1395915916499892,0.6571438511832639,1.2274858534710802,0.017212640409525193,-0.1333612557621109,0.060846652887339245,0.11365609754361854,0.0015937630008819622,-0.012348264422417675,1.884629704654344,-0.1161486153525857,0.17450275043095778,-0.010754501421535712,0.26352661528817944,0.40310772257089544,0.10480209436900338,0.1620146910655593,0.33331716892953744,0.8665916072827187,0.599954388106128,90.27777777777779,88.68055555555556,90.27777777777779,96.59722222222223,99.16666666666667,36.31944444444444
"Springs, Jeffrey",605488,2024,564,114.1419813270819,0.07846165099176733,0.34779100616918146,0.9208600574248749,0.7846165099176733,0.16327305982710547,0.13911640246767257,0.30328386590554146,0.4316480627785495,0.40714811456939515,-0.22121998582861124,0.05377373508963501,0.07653334446428184,0.0721893820158502,-0.03922340174266157,0.734931928684091,0.1859281287407839,0.13030707955391682,0.03296598027318863,0.2587062122640576,0.2897314889967875,0.06229618354067384,0.17966107043044968,0.27421885063042256,0.8790213730144383,0.5766201118224304,90.20833333333333,79.09722222222221,90.20833333333333,81.52777777777777,75.76388888888889,54.513888888888886
"Gaddis, Hunter",683769,2025,1085,114.07795667663078,0.1502579437910859,0.34621646034812426,1.764679170260706,1.502579437910859,0.1626432414986826,0.1384865841392497,0.5777831543919092,0.3768121452114883,0.4006751290808097,0.40940874157649887,0.053251903630590715,0.03472922997340906,0.036928583325420254,0.037733524569262565,0.9545952996033975,0.8100838706573086,0.08798113360399977,0.07466210789468282,0.24588687587680558,0.27056824077143943,0.08093151764787604,0.10499549365108887,0.2582275583241225,0.9070364943505176,0.58263202633732,90.13888888888889,88.61111111111111,90.13888888888889,87.91666666666667,63.05555555555556,84.51388888888889
"O'Brien, Riley",676617,2025,758,114.01016959604767,0.10446737377818675,0.34454938581196165,1.227781200566369,1.0446737377818676,0.16197641168421756,0.13781975432478466,0.8086496767054996,-0.356500459023664,-0.236215448663188,1.0118474315477215,0.1066820153965039,-0.047031722826340897,-0.031162987950288653,0.1334891070643432,0.4521492176818356,0.7756319828845335,0.05965029257016301,0.10232611911405456,0.303764667607023,0.18553266710549798,0.12046494522515379,0.05060316229688558,0.24464866735626048,0.9144659462389804,0.5795573067976204,90.06944444444444,83.68055555555556,90.06944444444444,84.86111111111111,49.166666666666664,89.02777777777777
"Martinez, Seth",661527,2023,762,113.86583800111845,0.1039367594214351,0.3409998668682254,1.2234413232932297,1.039367594214351,0.16055660410672307,0.13639994674729017,0.8879961250202086,0.02853617597520497,-0.25366288189923125,0.5605719041970474,0.11653492454333446,0.0037449049836226996,-0.03328909211276,0.0735658666925259,0.9165323009954136,0.30690902229781614,0.12027982952695718,0.040276774579765896,0.3288822630462144,0.23150446599672317,0.12080616123953986,0.098727605312096,0.28019336452146876,0.890233116724182,0.5852132406228254,90,83.47222222222223,90,90.27777777777779,80.41666666666667,70.13888888888889
"Phillips, Evan",623465,2023,941,113.52562890876719,0.12520312541005685,0.3326331705899491,1.479345399852832,1.2520312541005685,0.15720992559541255,0.13305326823597965,0.5648841835992471,-0.23227200807377812,-0.08814596592583257,1.2348791902531957,0.06003020016995187,-0.02468352901953009,-0.009367265241852558,0.13123051968684332,0.33261217552546896,1.1467332243273631,0.03534667115042178,0.12186325444499077,0.2580623769257982,0.21912262423151502,0.11205048290263162,0.05881822563440066,0.2385925005786566,0.9145656457314839,0.5765790731550703,89.93055555555556,86.38888888888889,89.93055555555556,81.38888888888889,43.47222222222222,89.16666666666667
"Miller, Tyson",668338,2024,932,113.51709134053915,0.12392737187866336,0.3324232078290326,1.4644137653765483,1.2392737187866336,0.15712594049104595,0.13296928313161305,1.0264550380125002,0.1411538081601975,-0.6233931136096089,0.9201980328134596,0.11013466073095494,0.015145258386287287,-0.06688767313407822,0.09873369450788194,1.1676088461726977,0.29680491920385066,0.12527991911724226,0.03184602137380372,0.3574889693179461,0.28341840951552305,0.1751227624283828,0.08301152097969108,0.3204536894167346,0.870932858295963,0.5956932738563487,89.86111111111111,86.04166666666667,89.86111111111111,95.55555555555556,97.91666666666666,42.5
"Sousa, Bennett",656986,2025,728,113.42414382952816,0.09613600147518797,0.3301373677032554,1.1372204803285513,0.9613600147518797,0.15621160444073506,0.13205494708130217,-0.025062099160095386,0.056783921767873835,1.4138699845284464,-0.30837132680767354,-0.003442596038474641,0.007799989253828823,0.19421290996269866,-0.0423586987373178,0.03172182260777845,1.1054986577207728,0.004357393215354183,0.15185421122538087,0.18137954042129875,0.31036796855678317,0.025943494531732607,0.3017192739614101,0.24587375448904097,0.8361686157534287,0.5410211851212349,89.79166666666667,82.22222222222221,89.79166666666667,12.708333333333332,50.06944444444444,7.152777777777778
"Brogdon, Connor",641401,2023,544,113.39401083221637,0.07167663765220453,0.32939631273991055,0.8481785925573604,0.7167663765220453,0.15591518245539712,0.13175852509596422,0.4950653509440599,0.2222371809893957,0.1641603830312306,-0.03328432240732582,0.09100466010001101,0.040852422975991856,0.030176540998387975,-0.006118441618993716,0.7173025319334556,0.13087606062390478,0.13185708307600288,0.02405809937939426,0.27936478044585017,0.29604819894639733,0.08436996622899609,0.14255494076760017,0.2877064896961238,0.8865375465017019,0.5871220180989128,89.72222222222223,77.5,89.72222222222223,91.45833333333333,85.76388888888889,65.06944444444444
"Cousins, Jake",664776,2024,760,113.37735562052694,0.10001196116133146,0.3289867143464851,1.1837102075450048,1.0001196116133146,0.15575134309802693,0.13159468573859404,0.6863854973589696,-0.88714320375243,0.14754198843832,1.2369259255001452,0.09031388123144336,-0.11672936891479342,0.019413419531357893,0.1627534112500191,-0.20075770639346047,1.3844679139384652,-0.026415487683350062,0.18216683078137702,0.2842560094352517,0.13916321538872806,0.06728501384825328,0.04917986079406217,0.21170961241198988,0.9417675626788423,0.5767385875454161,89.65277777777779,82.91666666666667,89.65277777777779,81.80555555555556,19.09722222222222,97.43055555555556
"Montero, Rafael",606160,2024,708,113.32657833349016,0.09281538980943224,0.3277379583666393,1.0991830321991074,0.9281538980943225,0.15525184070608863,0.13109518334665574,1.0061823087389712,0.12869133232106833,0.041614832956838654,-0.07730544181777077,0.14211614530211458,0.018176741853258238,0.005877801265090205,-0.010918847714374402,1.1348736410600395,-0.035690608860932116,0.1602928871553728,-0.005041046449284197,0.34661778586688785,0.29726604608086743,0.09959857593242893,0.15406473964149978,0.32194191597387767,0.8731683422130356,0.5975551290934566,89.58333333333334,81.45833333333333,89.58333333333334,95.76388888888889,98.26388888888889,45.90277777777778
"Vest, Will",676684,2023,780,113.2940113558658,0.10200435803911223,0.32693704499715465,1.208465507794699,1.0200435803911223,0.15493147535829477,0.13077481799886187,0.05823293738376378,0.41961152253770706,0.5179549239342123,0.21266612393901596,0.007465761203046639,0.05379634904329577,0.06640447742746311,0.027264887684489227,0.47784445992147084,0.7306210478732282,0.06126211024634242,0.09366936511195234,0.21229750942416295,0.2814981250905401,0.06394563991026585,0.11379854960094091,0.24689781725735155,0.9111279052443966,0.579012861250874,89.51388888888889,83.125,89.51388888888889,84.02777777777779,50.97222222222222,86.66666666666667
"Pruitt, Austin",643493,2023,745,113.28616784088148,0.09736975698404113,0.32674415095315823,1.1536646671681865,0.9736975698404113,0.1548543177406962,0.1306976603812633,0.33556853011236853,0.7282442937334963,0.1571461880876086,-0.06729434476528695,0.04504275571978101,0.09775091191053642,0.02109344806545082,-0.009032797955072074,1.0638128238458648,0.08985184332232166,0.14279366763031742,0.012060650110378745,0.25564842831639284,0.3527469257889301,0.08487803649648536,0.15239141043519414,0.30419767705266143,0.8813652765341602,0.5927814767934108,89.44444444444444,82.36111111111111,89.44444444444444,94.23611111111111,93.88888888888889,58.05555555555556
"Muñoz, Andrés",662253,2024,963,113.20631633284023,0.12510540171750476,0.3247803782905108,1.4836826275463864,1.2510540171750475,0.15406880867563721,0.12991215131620432,1.0070079085533052,-0.5187803062653984,0.6519573162042889,0.34349770905419064,0.1045698762776018,-0.05387126752496348,0.06770065588829584,0.03566954403470308,0.48822760228790685,0.9954550252584795,0.050698608752638305,0.10337019992299891,0.28323016936279777,0.19763495183798419,0.06850533004460875,0.10029130018963456,0.24043256060039098,0.9156016848828783,0.5780171227416346,89.375,86.31944444444444,89.375,83.19444444444444,45.55555555555556,89.375
"Walker, Ryan",676254,2023,1065,113.17150964679959,0.13799178767174863,0.32392438420598274,1.6371862775954469,1.3799178767174864,0.153726411041826,0.1295697536823931,1.0398605262639649,-1.7191306838321907,-0.0627809537727444,2.379237388936417,0.0976394860341751,-0.16142072148659067,-0.005894925236877408,0.22340257173111897,-0.6792701575682258,2.3164564351636727,-0.06378123545241558,0.2175076464942416,0.35630864742180396,0.11898663493562071,0.12367375585086164,0.016113876269487532,0.23764764117871234,0.9301061839398255,0.5838769125592689,89.30555555555556,87.63888888888889,89.30555555555556,89.30555555555556,42.36111111111111,95.55555555555556
"Smith, Will",519293,2023,923,113.07182451256018,0.1186877751189899,0.32147284701784923,1.4098436986174647,1.186877751189899,0.15274579616657258,0.12858913880713968,-0.41909824452113753,0.5242550327484423,1.01879211129949,0.28589479909066995,-0.04540609366426192,0.05679902846678681,0.11037834358607693,0.03097451777797074,0.10515678822730479,1.30468691039016,0.011392934802524896,0.14135286136404765,0.1671640826972802,0.2937794931965057,0.03768152365591608,0.09404480457203804,0.23047178794689294,0.9341368358860229,0.5823043119164579,89.23611111111111,85.48611111111111,89.23611111111111,87.5,35.55555555555556,96.25
"Akin, Keegan",669211,2024,1230,113.03617487293755,0.15773329219090465,0.32059612233923707,1.8744598074300711,1.5773329219090464,0.15239510629512773,0.12823844893569483,0.3036436030793084,0.29096282678938223,1.1946795572771407,0.08517382028423981,0.024686471795065723,0.02365551437312051,0.09712841929082446,0.006924700836117057,0.5946064298686906,1.2798533775613805,0.048341986168186225,0.10405312012694151,0.22729190811444577,0.28077623608494595,0.04946294230983987,0.12487108572102683,0.25403407209969586,0.9128329859845666,0.5834335290421313,89.16666666666667,89.30555555555556,89.16666666666667,88.88888888888889,59.236111111111114,87.91666666666667
"Williams, Trevor",592866,2025,1448,112.82625365848595,0.1826991240876704,0.31543357059335364,2.1767796394412926,1.826991240876704,0.15033008559677435,0.12617342823734146,2.0113802363721334,0.660229986915283,-0.501805976671676,0.006975392825552262,0.13890747488757826,0.04559599357149745,-0.03465510888616547,4.817260238641065e-4,2.6716102232874164,-0.4948305838461238,0.1845034684590757,-0.034173382862301364,0.43892871884085166,0.30443485275324866,0.10890151716729034,0.13030403195860263,0.37168178579705013,0.8803972254370536,0.6260395056170518,89.09722222222223,92.15277777777777,89.09722222222223,99.86111111111111,100,56.52777777777778
"Garcia, Robert",676395,2024,996,112.78451170477598,0.12525975629591007,0.31440701881503536,1.4931978702590527,1.2525975629591009,0.14991946488544705,0.12576280752601415,0.6373400835012148,0.23908383663547284,0.9965213457825257,-0.3797473956601607,0.06398996822301355,0.024004401268621772,0.10005234395406885,-0.03812724856025709,0.8764239201366877,0.616773950122365,0.0879943694916353,0.061925095393811753,0.28059632226432935,0.26429478533796225,0.04897965251039456,0.18364435408882604,0.27244555380114577,0.8836879967003897,0.5780667752507678,89.02777777777777,86.45833333333334,89.02777777777777,83.26388888888889,74.65277777777779,61.59722222222223
"Pop, Zach",647315,2024,781,112.78320587195273,0.0982107202349883,0.3143749047214734,1.1707706963270539,0.9821072023498829,0.14990661924802226,0.12574996188858936,0.44077989008292207,0.4658619471847487,-0.8779246764470372,1.1420535355064203,0.05643788605415135,0.05964941705310483,-0.11241032989078581,0.1462296460315519,0.9066418372676708,0.2641288590593831,0.11608730310725618,0.03381931614076608,0.2899841699287103,0.2966002298846999,0.18105055457244765,0.03110729275877373,0.2932921999067051,0.8939210763343893,0.5936066381205471,88.95833333333333,82.77777777777777,88.95833333333333,94.79166666666666,89.23611111111111,73.61111111111111
"Neris, Héctor",593576,2023,1209,112.75641030989364,0.1517130221310975,0.31371592665652914,1.8091842087865189,1.517130221310975,0.14964302802204457,0.12548637066261167,0.4377081987195197,0.8097231947333512,1.0543761360131612,-0.4926233206795132,0.03620415208598178,0.06697462322029372,0.08721059851225485,-0.04074634579648579,1.247431393452871,0.561752815333648,0.1031787753062755,0.04646425271576906,0.24743501757871517,0.3552686403644484,0.06651382866723936,0.24248116005651207,0.30135182897158175,0.8455025056381242,0.573427167304853,88.88888888888889,88.88888888888889,88.88888888888889,77.22222222222223,93.05555555555556,13.88888888888889
"Weems, Jordan",607179,2024,754,112.63329143838153,0.09370352737365241,0.31068808810892706,1.1191764702266482,0.9370352737365241,0.14843189260300374,0.12427523524357083,-0.24765849019922825,0.2635653163451934,0.798336827730509,0.3049328163501741,-0.0328459536073247,0.03495561224737313,0.10588021587937785,0.04044201808357747,0.01590682614596517,1.103269644080683,0.002109658640048431,0.14632223396295532,0.20326688391318065,0.31831895292439083,0.039406354083602685,0.0881346042251897,0.2607929184187857,0.9362295208456038,0.5985112196321948,88.81944444444444,81.66666666666667,88.81944444444444,96.18055555555556,65.48611111111111,96.73611111111111
"Ober, Bailey",641927,2025,2354,112.62278782498613,0.29230067593304926,0.3104297747802137,3.4916544735715433,2.9230067593304927,0.1483285672715184,0.1241719099120855,1.3524350100556148,1.0955965269326953,0.12380272982682072,0.9198202067564125,0.05745263424195475,0.04654190853579844,0.005259249355429937,0.03907477513833528,2.44803153698831,1.0436229365832332,0.10399454277775319,0.044334024493765216,0.257601176983348,0.2865212066856867,0.08826614815499488,0.11468353905059196,0.2720611918345174,0.8985251563972065,0.585293174115862,88.75,97.01388888888889,88.75,90.55555555555556,74.23611111111111,78.125
"López, Pablo",641154,2024,2985,112.60857969555923,0.3702359462659337,0.31008035700664466,4.4234356848384095,3.702359462659337,0.14818880016209077,0.12403214280265785,0.819515029120339,1.172550034079677,0.8681226532294204,1.563247968408973,0.02745443983652727,0.0392814081768736,0.029082835954084434,0.052370116194605465,1.992065063200016,2.4313706216383935,0.06673584801340088,0.08145295214868989,0.23718309444875812,0.2653836815443439,0.07726468806523946,0.10454158367376083,0.25128338799655103,0.9090968641304998,0.5801901260635254,88.68055555555556,98.81944444444444,88.68055555555556,85.69444444444444,55.69444444444444,85.55555555555556
"Thompson, Ryan",657044,2025,650,112.49093428412539,0.07986865281252845,0.3071871262020324,0.9557048009615983,0.7986865281252844,0.14703150784024588,0.12287485048081297,0.7652613207378636,-0.13807991078010673,-0.6164239574645762,0.9449473484684177,0.11773251088274825,-0.021243063196939495,-0.09483445499455019,0.14537651514898733,0.6271814099577568,0.3285233910038414,0.09648944768580874,0.05054206015443714,0.44978390410950975,0.19185603813095983,0.20382611514718688,0.05566703551492449,0.3208199711202348,0.8702534246689443,0.5955366978945895,88.61111111111111,79.51388888888889,88.61111111111111,95.41666666666667,98.05555555555556,41.388888888888886
"Bowlan, Jonathan",680742,2025,727,112.38314797675122,0.08855917303229922,0.3045363584329409,1.0612106293260695,0.8855917303229922,0.14597120073260927,0.12181454337317636,0.11774517132539586,0.5439478571950076,0.26989609710653895,0.12962150369912706,0.01619603457020576,0.07482088819738757,0.03712463509030797,0.017829642874707986,0.6616930285204035,0.399517600805666,0.09101692276759332,0.054954277965015966,0.21537621868757456,0.3267789846282308,0.06747416628054421,0.11758931817492935,0.2710776016579027,0.9074682577722633,0.5892729297150829,88.54166666666666,81.04166666666667,88.54166666666666,92.5,73.54166666666667,84.72222222222221
"Kopech, Michael",656629,2024,1316,112.37201752696289,0.16016384813631732,0.30426262943829274,1.9195400922133103,1.6016384813631732,0.14586170913475002,0.12170505177531711,-0.2835312781802486,0.6801228531778634,1.0022112319875305,0.5207372852281651,-0.021544929952906428,0.05168106787065831,0.07615586869206159,0.03956970252493656,0.39659157499761477,1.5229485172156956,0.030136137917751882,0.11572557121699814,0.20218138167302635,0.29909090038885894,0.04057404429679805,0.0714115787430771,0.25063614103094267,0.9440071884800624,0.5973216647555025,88.47222222222221,89.51388888888889,88.47222222222221,95.625,54.79166666666667,97.91666666666666
"García, Yimi",554340,2023,1118,112.35237198183198,0.13585018808632865,0.30377949035404433,1.6285733101417463,1.3585018808632865,0.14566845350105065,0.12151179614161774,0.4774371627047458,-0.05044427693314901,0.23571681832800095,0.9658636060421486,0.042704576270549716,-0.004512010459136764,0.021083794125939262,0.08639209356369845,0.4269928857715968,1.2015804243701496,0.03819256581141295,0.1074758876896377,0.24780816912944145,0.22208241602893156,0.08245087484424564,0.08255770245060857,0.2349452925791865,0.9174957113525729,0.5762205019658797,88.40277777777777,87.43055555555556,88.40277777777777,80.76388888888889,39.72222222222222,90
"López, Reynaldo",625643,2024,2109,112.29798114778315,0.2551399590963655,0.30244186711280874,3.060863494674095,2.551399590963655,0.14513340420455642,0.12097674684512351,-1.534376958723442,0.970624811231346,3.3656748189923746,0.25894082317381617,-0.07275376760187018,0.04602298773026771,0.15958628824051088,0.012277895835647992,-0.5637521474920959,3.624615642166191,-0.026730779871602463,0.1718641840761589,0.16817845363158965,0.2959940040174456,0.02622743751740297,0.12030291903519014,0.23208622882451763,0.9267348217237035,0.5794105252741105,88.33333333333333,96.04166666666667,88.33333333333333,84.51388888888889,36.666666666666664,94.23611111111111
"Eisert, Brandon",685126,2025,1216,112.23440266193232,0.14634720207090599,0.30087829373130337,1.757216974199764,1.46347202070906,0.14450797485195427,0.12035131749252136,1.1748600864045784,0.7739629644061097,0.3374693287987611,-0.5290754054096851,0.09661678342142915,0.06364827009918665,0.02775241190779286,-0.04350949057645437,1.948823050810688,-0.191606076610924,0.1602650535206158,-0.015757078668661512,0.30173749715421744,0.30129429593360063,0.08424589619492821,0.1826243145134926,0.30151589654390903,0.8665648946457896,0.5840403955948493,88.26388888888889,88.33333333333333,88.26388888888889,89.44444444444444,93.125,36.18055555555556
"Scott, Tayler",605463,2024,1225,112.16903939716038,0.14664270553755704,0.2992708276276673,1.7623461080286233,1.4664270553755703,0.14386498841049986,0.11970833105106694,1.3101056096918455,-0.8968157909371257,0.7939758112715936,0.55508047800231,0.1069473967095384,-0.07320945232139801,0.06481435194053825,0.045312692081821225,0.4132898187547198,1.3490562892739035,0.033737944388140394,0.11012704402235947,0.33864376007998204,0.1783123429491521,0.05542199505109202,0.13102138126496168,0.25847805151456704,0.9067783118419731,0.5826281816782701,88.19444444444444,88.40277777777777,88.19444444444444,87.84722222222221,63.40277777777777,84.375
"Fairbanks, Pete",664126,2023,732,112.14492765132347,0.087452875105119815,0.2986778521349721,1.0513554829222471,0.8745287510511982,0.14362779821342175,0.11947114085398884,-1.0877897799512084,0.32551118898231834,1.825352825666414,-0.011718751775276814,-0.14860516119552028,0.04446874166425114,0.24936514011836258,-0.001600922373671696,-0.7622785909688901,1.8136340738911372,-0.10413641953126913,0.24776421774469087,0.07694727268157107,0.3841427238334256,0.009258585231084256,0.3330142409423271,0.23054499825749836,0.8288635869132943,0.5297042925853963,88.125,80.90277777777779,88.125,3.194444444444444,35.76388888888889,4.305555555555555
"Morgan, Eli",669212,2024,724,112.08775274314536,0.08608990189820083,0.29727176069820727,1.0357932182643026,0.8608990189820083,0.14306536163871583,0.11890870427928292,0.2827283436795369,0.4002596386785626,0.40860741349888485,-0.0558021775926818,0.03905087619883107,0.05528448048046445,0.05643748805233217,-0.007707483092911851,0.6829879823580995,0.35280523590620305,0.09433535667929552,0.048730004959420314,0.2491192461915189,0.30380712146870803,0.06515123789642088,0.14147801156782014,0.2764631838301135,0.8966853752678795,0.5865742795489965,88.05555555555556,80.55555555555556,88.05555555555556,91.04166666666667,78.05555555555556,76.04166666666666
"Verlander, Justin",434378,2023,2861,112.0671379646104,0.3396176204628959,0.29676478544468365,4.087298171682335,3.396176204628959,0.14286257153730636,0.11870591417787345,-1.5631164448650452,1.3654911147452822,4.055344622938037,0.2295788788640607,-0.05463531789112356,0.047727756544749464,0.141745705100945,0.008024427782735431,-0.19762533011976302,4.284923501802098,-0.006907561346374102,0.14977013288368046,0.14583457448848444,0.31231664821873806,0.03255878651592796,0.12335253128442746,0.22907561135361126,0.9220443410998223,0.5755599762267167,87.98611111111111,98.33333333333333,87.98611111111111,80.20833333333334,34.375,92.22222222222223
"Snell, Blake",605483,2023,3164,111.99283212665878,0.37327276884820354,0.29493739637184224,4.497044327334493,3.7327276884820355,0.1421316159081698,0.1179749585487369,-0.31291605104161135,1.834177216146145,3.2942859396853237,-0.3185027774553646,-0.009889887833173558,0.0579702027859085,0.10411776041989013,-0.010066459464455266,1.5212611651045336,2.975783162229959,0.04808031495273494,0.09405130095543486,0.1984378877116047,0.26641673176407965,0.047227834306781145,0.14673745574924849,0.23242730973784217,0.9030173549719852,0.5677223323549137,87.91666666666667,98.88888888888889,87.91666666666667,68.05555555555556,36.80555555555556,81.73611111111111
"Harvey, Hunter",640451,2024,906,111.65692833084293,0.10389159238069456,0.2866765794169276,1.2577752394834079,1.0389159238069456,0.13882728912620396,0.11467063176677104,-0.26387997770689253,0.66232069774014235,1.5038880949530267,-0.6445535755028686,-0.029125825353961646,0.07310382977264264,0.16599206346059897,-0.07114277875307601,0.3984407200332498,0.859334519450158,0.043978004418680994,0.09484928470752296,0.2005332526607103,0.3019794098825905,0.029085200841692815,0.23641001844199777,0.25125633127165037,0.8672523903581547,0.5592543608149025,87.84722222222221,83.40277777777779,87.84722222222221,49.51388888888889,55.55555555555556,37.291666666666664
"Kimbrel, Craig",518886,2024,963,111.65503505071139,0.1104098830667081,0.28663001834555574,1.3367274410384198,1.104098830667081,0.1388086646976552,0.1146520073382223,-0.007391728213406168,-1.405149287434142,1.9271148013403945,0.8221536553455735,-7.67573023198979e-4,-0.14591373701289118,0.20011576337906484,0.08537421135468053,-1.4125410156475482,2.749268456685968,-0.14668131003609017,0.2854899747337454,0.21067837310504983,0.13037315767850047,0.010819747833191862,0.060135190165742945,0.17052576539177516,0.9645225310005326,0.5675241481961539,87.77777777777777,84.51388888888889,87.77777777777777,67.84722222222223,3.8194444444444446,99.51388888888889
"Marte, Yunior",628708,2023,697,111.57494755905569,0.07936333128079051,0.2846604421836102,0.9620052146031526,0.7936333128079052,0.13802083423287698,0.11386417687344406,0.0024709764341537266,0.27758268996512925,-0.17805993820093136,0.860011486404801,3.545159876834614e-4,0.03982535006673303,-0.02554661954102315,0.12338758771948365,0.280053666399283,0.6819515482038696,0.040179866054416494,0.09784096817846048,0.22769351858095663,0.24798673833601567,0.12101075695753843,0.03624543937068314,0.23784012845848615,0.9213719018358892,0.5796060151471877,87.70833333333333,79.44444444444444,87.70833333333333,85.06944444444444,42.84722222222222,91.80555555555556
"Erceg, Lucas",668674,2025,963,111.56640709293494,0.1095702972214522,0.2844504081553795,1.3283315825858608,1.095702972214522,0.13793682062158472,0.1137801632621518,0.6073069844724159,0.6584658803528782,0.24632535771115727,-0.18376663995059062,0.06306406900025087,0.06837651924744323,0.02557895718703606,-0.019082724813145442,1.2657728648252942,0.06255871776056665,0.13144058824769408,0.006496232373890618,0.2646579523431735,0.33695325124027886,0.0775735731446014,0.1530870659609011,0.3008056017917262,0.8846696804472487,0.5927376411194875,87.63888888888889,84.375,87.63888888888889,94.16666666666667,92.84722222222223,62.638888888888886
"Devenski, Chris",606965,2023,696,111.49446048275408,0.0786984012893109,0.2826810391139041,0.9551143481147619,0.7869840128931089,0.13722907300499454,0.11307241564556163,0.24671043991929764,0.3010225628426042,0.2694468930549192,0.13793445229794088,0.03544690228725541,0.043250368224512094,0.03871363405961483,0.019818168433612195,0.5477330027619018,0.4073813453528601,0.0786972705117675,0.05853180249322702,0.23990290297531983,0.3068522094313413,0.0856237069880028,0.15985957147914018,0.27337755620333054,0.8772583607664285,0.5753179584848795,87.56944444444444,79.16666666666666,87.56944444444444,80.06944444444444,75.48611111111111,51.736111111111114
"Scott, Tayler",605463,2025,521,111.4287865095315,0.05857414019077835,0.28106593181755446,0.711597586750429,0.5857414019077835,0.1365830300864547,0.11242637272702179,0.6225001176308069,-0.12427520285655191,0.322088748268925,-0.10871607629275104,0.11948178841282282,-0.023853205922562747,0.06182125686543666,-0.020866809269242042,0.498224914774255,0.21337267197617393,0.09562858249026009,0.04095444759619461,0.34308616681928117,0.2107180622098481,0.06200307053424116,0.15380969735372854,0.27690211451456465,0.8920936160560151,0.5844978652852899,87.5,74.93055555555556,87.5,89.65277777777779,78.125,72.29166666666667
"Helsley, Ryan",664854,2024,931,111.39608263748177,0.10436943914149036,0.2802616518299955,1.268592871431224,1.0436943914149035,0.13626131809143113,0.11210466073199822,-0.34608973459955905,0.5544892611881096,1.1766682389879861,-0.11647489414531265,-0.037173977937654035,0.059558459848346894,0.12638756594930034,-0.012510729768562046,0.20839952658855054,1.0601933448426735,0.022384481910692863,0.1138768361807383,0.17494810282642465,0.3754113297871127,0.03656256934737356,0.24894517672579072,0.2751797163067687,0.8572461269634178,0.5662129216350933,87.43055555555556,83.61111111111111,87.43055555555556,64.58333333333334,76.875,25
"Weaver, Luke",596133,2024,1660,111.36133273991894,0.18552628407744187,0.27940705433349683,2.256263352941005,1.8552628407744187,0.13591947909283164,0.11176282173339873,1.4171802508476503,1.2573902306853597,0.3376654563280681,-0.7559725849200731,0.08537230426793074,0.0757463994388771,0.02034129254988362,-0.04554051716385983,2.67457048153301,-0.41830712859200503,0.16111870370680784,-0.02519922461397621,0.2855819761401542,0.32343644730442045,0.09505060423998522,0.19520413761140606,0.3045092117222873,0.8548726290743044,0.5796909203982958,87.36111111111111,92.29166666666667,87.36111111111111,85.13888888888889,94.02777777777777,22.15277777777778
"Leclerc, José",600917,2023,1211,111.35412593204646,0.13525892418027255,0.27922981870411345,1.645126362425458,1.3525892418027254,0.13584858484107828,0.11169192748164537,0.854304073071944,0.9316745970290867,-0.38244757760730863,0.24159526993173586,0.07054534046836862,0.0769343184995117,-0.03158113770498007,0.019950063578178023,1.7859786701010307,-0.14085230767557277,0.14747965896788032,-0.011631074126802044,0.25645384109524705,0.3495407592184672,0.10812612946828068,0.11709614133461102,0.3029973001568571,0.8873888645985542,0.5951930823777056,87.29166666666667,87.29166666666667,87.29166666666667,95.27777777777777,93.54166666666667,66.73611111111111
"Puk, A.J.",640462,2023,961,111.34937161778004,0.10729099752019813,0.279112896774709,1.3050554524261315,1.0729099752019813,0.13580181606931652,0.1116451587098836,0.7873483664661762,-0.7658458962469012,0.4374930091985334,0.8460599730083231,0.08193011097462813,-0.07969260106627485,0.045524766826070075,0.08803953933489315,0.021502470219274983,1.2835529822068565,0.0022375099083532758,0.1335643061609632,0.3021863489681004,0.1747388544351651,0.07093754088600808,0.07431944363894558,0.23846260170163275,0.9273715077375232,0.582917054719578,87.22222222222223,84.02777777777779,87.22222222222223,88.05555555555556,43.40277777777778,94.51388888888889
"Sewald, Paul",623149,2023,1190,111.33887596190287,0.13273487487240104,0.2788547791436997,1.6148129713012622,1.3273487487240105,0.1356985690169128,0.11154191165747988,1.027170047188747,-2.160536748298,1.9256738133481122,0.822505859062403,0.08631681068813,-0.1815577099410084,0.16182132885278255,0.06911813941700866,-1.133366701109253,2.748179672410515,-0.0952408992528784,0.2309394682697912,0.3998960565484659,0.14034800554401775,0.030517893869567273,0.07773064697779013,0.27012203104624183,0.9458757295763213,0.6079988803112816,87.15277777777779,87.08333333333333,87.15277777777779,97.91666666666666,72.77777777777777,98.05555555555556
"Javier, Cristian",664299,2023,3052,111.33124081164877,0.34019668504272216,0.27866700937313416,4.139228033037114,3.4019668504272214,0.13562346110868656,0.11146680374925365,-1.6270891186384802,-1.1116053534811954,4.488064949703585,2.3898575554532044,-0.05331222538133946,-0.03642219375757521,0.1470532421265919,0.07830463812100932,-2.7386944721196755,6.877922505156789,-0.08973441913891467,0.22535788024760123,0.1620576388215846,0.19774963575087695,0.019700108205004153,0.0703299044828505,0.17990363728623077,0.9549849936560727,0.5674443154711517,87.08333333333333,98.47222222222223,87.08333333333333,67.63888888888889,5.625,99.02777777777779
"Webb, Jacob",657097,2023,961,111.11238174466129,0.10505061974903931,0.2732846507519232,1.2826516747145433,1.050506197490393,0.1334705176602022,0.1093138603007693,-0.08506727182248142,-0.08262042813976223,0.7693327424194649,0.681006632257322,-0.008851953363421584,-0.008597339036395653,0.08005543625592768,0.07086437380409179,-0.16768769996224364,1.450339374676787,-0.017449292399817237,0.15091981006001948,0.21680454139825067,0.23967490264661812,0.05326909840526453,0.09673398244016419,0.2282397220224344,0.9249984595772857,0.5766190907998601,87.01388888888889,83.75,87.01388888888889,81.45833333333333,33.541666666666664,93.40277777777779
"Morejon, Adrian",670970,2025,1049,111.0353003800751,0.11387482594850587,0.2713890036904334,1.39215159518551,1.1387482594850586,0.13271225883560628,0.10855560147617337,0.4236193992871904,0.29360692566388025,-0.015572173337204731,0.690497443571644,0.0403831648510191,0.02798922074965493,-0.0014844779158441116,0.06582435115077635,0.7172263249510706,0.6749252702344393,0.06837238560067403,0.06433987323493225,0.2540952583216508,0.2606185177416248,0.08126664225341254,0.08293986908058766,0.2573568880316378,0.917896744333,0.5876268161823188,86.94444444444444,84.93055555555556,86.94444444444444,91.80555555555556,62.22222222222222,90.34722222222223
"McHugh, Collin",543521,2023,1014,111.00346721158918,0.10975784906453603,0.27060613674688366,1.34252699627001,1.0975784906453603,0.13239911205818639,0.10824245469875347,0.6461771879905882,-0.607019582974317,1.127990089305797,0.1753793019479417,0.06372556094581738,-0.05986386419865059,0.1112416261642798,0.017295789146739814,0.03915760501627119,1.3033693912537387,0.003861696747166784,0.1285374153110196,0.267850292952273,0.22030023870352322,0.04177279428116976,0.12210998735605325,0.2440752658278981,0.9180586091813885,0.5810669375046433,86.875,84.44444444444444,86.875,86.31944444444444,48.81944444444444,90.41666666666667
"López, Pablo",641154,2023,3209,110.92946829846585,0.3450140893105276,0.26878629581686475,4.2253280277694785,3.450140893105276,0.1316711756861788,0.1075145183267459,1.4185235100117097,0.784554044837023,0.37797192019297654,1.6442785527277692,0.04420453443476815,0.024448552347679117,0.011778495487472002,0.05123959341625956,2.2030775548487327,2.022250472920746,0.06865308678244726,0.06301808890373156,0.24612535057688426,0.252221223320816,0.08510444703959912,0.10173763310186808,0.2491732869488501,0.9065789599292664,0.5778761234390583,86.80555555555556,98.61111111111111,86.80555555555556,82.91666666666667,53.19444444444444,84.16666666666667
"Ryan, Joe",657746,2024,2085,110.79960732944909,0.22150427024336242,0.26559265017189737,2.7187090083778003,2.215042702433624,0.13039371742819186,0.10623706006875895,1.7827130693495974,0.1762193464306847,0.9781308876722505,-0.21835429507473236,0.0855018258680862,0.008451767214900945,0.04691275240634295,-0.010472628061138243,1.958932415780282,0.7597765925975182,0.09395359308298715,0.03644012434520471,0.2903995742983714,0.24715879246755756,0.0715233787889934,0.17157998144438988,0.26877918338296447,0.8784483198833084,0.5736137516331364,86.73611111111111,94.23611111111111,86.73611111111111,77.77777777777779,71.66666666666667,53.541666666666664
"Sale, Chris",519242,2025,1942,110.79822369677385,0.20628593816125176,0.2655586227616526,2.5319816675327047,2.0628593816125176,0.13038010646409395,0.10622344910466104,0.32749513120620577,-2.4848626191445646,2.2726368042353897,2.416712351235674,0.016863806962214508,-0.12795379089312897,0.11702558209245055,0.12444450830255786,-2.157367487938359,4.689349155471064,-0.11108998393091446,0.2414700903950084,0.2155063955943195,0.11308310440067877,0.035512769159955944,0.06790870681655335,0.16429474999749913,0.9482892620117453,0.5562920060046223,86.66666666666667,93.88888888888889,86.66666666666667,42.22222222222222,2.5,98.47222222222223
"Cruz, Fernando",518585,2025,846,110.75525093729135,0.08950740980204228,0.26450180201549134,1.0994394192812251,0.8950740980204227,0.12995737816562944,0.10580072080619653,0.21190679399887813,0.6423527563529206,0.7344814583275365,-0.4893015893981101,0.025048084397030514,0.07592822179112536,0.08681813928221471,-0.05783706730474115,0.8542595503517987,0.24517986892942645,0.10097630618815588,0.028981071977473575,0.20215945183350387,0.3251258109097742,0.05523851047418684,0.21047827271893974,0.263642631371639,0.8671416084034367,0.5653921198875378,86.59722222222223,81.25,86.59722222222223,62.98611111111111,67.63888888888889,37.083333333333336
"Helsley, Ryan",664854,2023,606,110.7122939516045,0.06385915749195403,0.2634453691912294,0.7849809185177037,0.6385915749195403,0.12953480503592468,0.10537814767649177,-0.46674216637256905,0.48688184857792294,0.7748907324639731,-0.010049496151623316,-0.07702015946742063,0.08034353936929421,0.12786975783233878,-0.001658332698287676,0.020139682205353893,0.7648412363123498,0.0033233799018735797,0.12621142513405112,0.1658696940427593,0.3670690248857544,0.03596811517712742,0.19031749901491926,0.26646935946425687,0.8868571929039767,0.5766632761841168,86.52777777777779,76.38888888888889,86.52777777777779,81.59722222222221,69.86111111111111,65.97222222222221
"Doval, Camilo",666808,2023,1126,110.70051005299634,0.11852526875339735,0.26315557005638845,1.457256649401188,1.1852526875339735,0.12941888538198829,0.10526222802255537,1.2881609853543523,0.1793782425579593,0.27354773233855667,-0.28383031084968025,0.11440150846841494,0.015930572163229066,0.0242937595327315,-0.02520695478238723,1.4675392279123116,-0.010282578511123575,0.13033208063164403,-9.13195249655735e-4,0.3122744793665354,0.283073095160764,0.09494001395163595,0.1594142984461968,0.2976737872636497,0.8728228438010837,0.5852483155323667,86.45833333333334,85.41666666666666,86.45833333333334,90.34722222222223,90.90277777777777,45.763888888888886
"Lovelady, Richard",663992,2024,528,110.66040004470956,0.055370124985951674,0.2621691523956045,0.6812484007173225,0.5537012498595167,0.12902431831767472,0.1048676609582418,0.4893356139618845,0.31886343377800586,-0.5097229339526166,0.3827722869300487,0.09267719961399327,0.06039080185189505,-0.09653843446072284,0.07249475131250924,0.8081990477398904,-0.12695064702256786,0.15306800146588834,-0.02404368314821361,0.29493509225038944,0.26507529698947757,0.19102522052292875,0.08561276332084904,0.2800051946199335,0.8616810080781111,0.5708431013490223,86.38888888888889,73.61111111111111,86.38888888888889,72.98611111111111,80.34722222222223,29.930555555555554
"Akin, Keegan",669211,2025,1041,110.64561980925706,0.10901587887660939,0.2618056649294174,1.3416295918777905,1.090158788766094,0.12887892333119988,0.10472226597176697,0.7558919647829043,0.08280558080627998,0.4188347547392368,0.0840972915493694,0.07261210036339139,0.007954426590420748,0.04023388614209768,0.008078510235290048,0.8386975455891843,0.5029320462886062,0.08056652695381213,0.048312396377387726,0.26525360737053016,0.27810126947404,0.0755225677187895,0.12756600048819963,0.2716774384222851,0.8984557158965054,0.5850665771593953,86.31944444444444,84.30555555555556,86.31944444444444,90.06944444444444,73.95833333333334,77.98611111111111
"Clase, Emmanuel",661403,2023,1115,110.6450283860952,0.11675883959769831,0.26179112017421147,1.43693512553466,1.167588395976983,0.1288731054291175,0.1047164480696846,0.7604325175989288,0.7725855261915058,0.2988693270208387,-0.3949522452766132,0.0682002257936259,0.06929018172121128,0.02680442394805728,-0.035421726033776975,1.5330180437904346,-0.09608291825577453,0.13749040751483718,-0.008617302085719689,0.28335647531888974,0.3719551281699279,0.09074952281305235,0.2976800173034067,0.3276558017444088,0.8057852299417705,0.5667205158430897,86.25,85.13888888888889,86.25,65.34722222222223,98.81944444444444,1.1111111111111112
"Richards, Trevor",670950,2024,1197,110.58857197932555,0.12468081213916146,0.2604026987033447,1.5359633099840266,1.2468081213916147,0.1283177368407708,0.10416107948133789,-1.0881260369094434,0.06104906654127262,2.8627493783369573,-0.29970909798475986,-0.09090443081950238,0.005100172643381171,0.23916034906741496,-0.025038354050522963,-1.0270769703681708,2.5630402803521974,-0.08580425817612121,0.21412199501689202,0.12980993777223773,0.3288363734320791,0.013470759441072112,0.31850920458473386,0.22932315560215843,0.8340100179870971,0.5316665867946277,86.18055555555556,86.18055555555556,86.18055555555556,4.722222222222222,34.72222222222222,6.041666666666667
"Lopez, Jacob",682052,2025,1666,110.53160425076422,0.17259873447585852,0.2590017023947457,2.1284372563667375,1.7259873447585852,0.1277573383173312,0.10360068095789828,1.0024013640659177,0.45561411641028826,-0.354564913560921,1.0249866894514525,0.0601681491035965,0.02734778609905692,-0.021282407776765967,0.06152381089144373,1.458015480476206,0.6704217758905315,0.08751593520265342,0.04024140311467776,0.28211381055813844,0.24080093326233673,0.10990406838298145,0.10547711237962355,0.2614573719102376,0.8923094096186975,0.5768833907644676,86.11111111111111,91.38888888888889,86.11111111111111,81.94444444444444,65.97222222222221,72.56944444444444
"Peralta, Freddy",642547,2024,3122,110.52643492460358,0.3232825682088262,0.2588745741582529,3.986996524849758,3.2328256820882624,0.12770648702273407,0.10354982966330116,0.6832198497097579,0.5201701150494955,3.2856110579995743,-0.5020044979090699,0.021884043872830168,0.016661438662700048,0.1052405848174111,-0.016079580330207236,1.2033899647592534,2.7836065600905044,0.038545482535530216,0.08916100448720386,0.21899994750190865,0.2581904014205635,0.04523320595708491,0.15032747950603106,0.23859517446123607,0.902219657268442,0.570407415864839,86.04166666666667,97.91666666666666,86.04166666666667,72.29166666666667,43.541666666666664,81.11111111111111
"Fitts, Richard",690916,2025,735,110.40998615281566,0.07526716699168272,0.2560107720805534,0.9302231015086591,0.7526716699168272,0.12656096619165427,0.10240430883222136,0.18196207765174677,0.6107480883001699,0.15898539270074252,-0.021472457144000145,0.024756745258741056,0.08309497800002312,0.02163066567357041,-0.002921422740680292,0.7927101659519167,0.13751293555674238,0.10785172325876419,0.018709242932890117,0.223719363479576,0.3867691374797405,0.07500877659548826,0.16053345439015307,0.30524425047965825,0.8822288845071793,0.5937365674934187,85.97222222222223,78.26388888888889,85.97222222222223,94.86111111111111,94.375,59.166666666666664
"Stewart, Brock",592779,2025,610,110.3849683980099,0.06231650572950705,0.2553955152848649,0.7705206671876113,0.6231650572950705,0.1263148634733789,0.10215820611394598,0.4921707612479622,0.42737928478345566,-0.1928874438153798,0.043858064971573185,0.08068373135212496,0.07006217783335339,-0.03162089242875079,0.007189846716651342,0.9195500460314179,-0.14902937884380663,0.15074590918547834,-0.024431045712099447,0.2807525080650065,0.29295203454931373,0.10997208788562426,0.1368289653566442,0.2868522713071601,0.8765994733788658,0.581725872343013,85.90277777777777,75.76388888888889,85.90277777777777,86.94444444444444,85.20833333333333,50.763888888888886
"Okert, Steven",595345,2025,1037,110.37722447982645,0.1058590632872407,0.2552050706056912,1.3090951696897264,1.058590632872407,0.1262386856017094,0.10208202824227648,0.20971607140199922,-0.34839287305408106,1.0024664533975738,0.44530551794423445,0.020223343433172537,-0.03359622690974745,0.09666986050121251,0.04294170857707179,-0.13867680165208185,1.4477719713418082,-0.013372883476574912,0.13961156907828431,0.21892533684187007,0.20640769270822334,0.0602916164830499,0.09573998435518856,0.21266651477504672,0.9219841995808807,0.5673253571779637,85.83333333333333,83.88888888888889,85.83333333333333,67.36111111111111,20.069444444444446,92.08333333333333
"Brasier, Ryan",518489,2023,924,110.27411139721596,0.09338654761038472,0.2526692305475777,1.1570729901050072,0.9338654761038472,0.12522434957846398,0.10106769221903107,0.6365662018611147,0.26821963818565564,0.4178437427726749,-0.165556592714438,0.06889244608886523,0.029028099370741953,0.045221184282757024,-0.017917380163900216,0.9047858400467703,0.2522871500582369,0.09792054545960718,0.027303804118856804,0.26470017935319956,0.2727044951545758,0.0815968786178249,0.16942569364015977,0.2687023372538877,0.8744887138710077,0.5715955255624476,85.76388888888889,81.59722222222221,85.76388888888889,73.88888888888889,71.45833333333333,47.708333333333336
"Ray, Robbie",592662,2025,3069,110.25342603155363,0.3095522535645062,0.25216051935850947,3.8368903500060583,3.0955225356450624,0.1250208651028367,0.10086420774340378,0.8693656593446804,2.5376432279790606,1.9287190692168679,-1.4988376065345506,0.028327326795199753,0.08268632218895602,0.06284519612958188,-0.04883798001090096,3.407008887323741,0.4298814626823173,0.11101364898415578,0.014007216118680917,0.24645081336647856,0.3536433878763842,0.06263184836065622,0.20182283179062085,0.30004710062143136,0.8677726599243615,0.5839098802728964,85.69444444444444,97.56944444444444,85.69444444444444,89.375,92.5,37.98611111111111
"Mayza, Tim",641835,2024,782,110.23647477532012,0.07874541071680179,0.25174364039898267,0.9763591677187833,0.7874541071680179,0.12485411351902599,0.10069745615959308,0.24185925281790333,0.26331831831066665,-0.42774660981740453,0.8989282064076178,0.030928293199220375,0.03367241922131287,-0.054699054963862466,0.11495245606235523,0.50517757112857,0.4711815965902133,0.06460071242053324,0.060253401098492754,0.2711413368666735,0.29260409090574213,0.1331836347278644,0.03996125631736419,0.2818727138862078,0.9134275544773857,0.5976501341817968,85.625,79.23611111111111,85.625,95.83333333333334,81.45833333333333,88.125
"Rodríguez, Randy",678495,2025,808,110.22791027612911,0.08129547055469229,0.25153301533011224,1.0081404970111407,0.8129547055469228,0.12476986349147781,0.1006132061320449,-0.24663967543528997,-0.49344078296542193,1.4733357681379857,0.2748851872738669,-0.03052471230634777,-0.0610694038323542,0.1823435356606418,0.03402044396953798,-0.7400804584007119,1.7482209554118526,-0.09159411613870197,0.21636397963017978,0.18114989198372541,0.22243782370751336,0.021104391862980437,0.09393403129660959,0.20179385784561937,0.942480788420205,0.5721373231329122,85.55555555555556,80,85.55555555555556,75.06944444444444,13.680555555555557,97.5
"Latz, Jacob",656641,2025,1349,110.17704083073033,0.1350521633782989,0.25028199291752945,1.676394941561739,1.350521633782989,0.1242694545264447,0.10011279716701178,0.0329789162869929,0.8653078943151513,0.9262805337275495,-0.14817240276795474,0.0024446935720528465,0.06414439542736482,0.06866423526520012,-0.010983869738173072,0.8982868106021442,0.7781081309595947,0.06658908899941766,0.057680365527027044,0.19812615373486392,0.3007250962274706,0.056122848884500434,0.1518150976413852,0.24942562498116727,0.8960310267370571,0.5727283258591123,85.48611111111111,87.15277777777779,85.48611111111111,76.18055555555556,53.75,75.06944444444444
"Speier, Gabe",642100,2025,979,110.1453778289422,0.09770549652909556,0.2495033108506015,1.2135486408398037,0.9770549652909556,0.12395798169967352,0.09980132434024061,0.7355150961866457,0.2595207919098357,0.325742188413642,-0.10722943567031962,0.07512922330813541,0.026508763218573615,0.03327295080833933,-0.010952955635374833,0.9950358880964814,0.21851275274332238,0.10163798652670902,0.022319995172964492,0.2809568284497346,0.2682112069235992,0.08751210344240408,0.13492593785178478,0.27458401768666685,0.8887809793529056,0.5816824985197862,85.41666666666666,82.5,85.41666666666666,86.80555555555556,76.38888888888889,68.47222222222223
"Morgan, Eli",669212,2023,1189,110.1247431716764,0.11842242470160251,0.24899584672330213,1.4714469030196824,1.1842242470160251,0.12375499604875377,0.09959833868932086,0.48841977383801805,0.6006181214700064,0.5770720860468828,-0.19466307833522478,0.041078197967873674,0.0505145602582007,0.048534237682664655,-0.016371999859985262,1.0890378953080244,0.382409007711658,0.09159275822607438,0.03216223782267939,0.22669296503083092,0.29678784766074695,0.06829213756919192,0.1677664527760449,0.26174040634578893,0.8819707048273816,0.5718555555865853,85.34722222222221,85.27777777777777,85.34722222222221,74.375,66.31944444444444,58.958333333333336
"Leasure, Jordan",673929,2024,587,110.10321886788826,0.05833993506676085,0.24846650369148576,0.72519892936747965,0.5833993506676085,0.12354325883602721,0.0993866014765943,-0.2365717057546135,0.028929476937491927,0.9301150420033082,0.002726116181293037,-0.040301823808281685,0.00492836063671072,0.15845230698523138,4.644150223667865e-4,-0.20764222881712158,0.9328411581846012,-0.03537346317157097,0.15891672200759815,0.19024601374531322,0.2887059018869147,0.022921218921299065,0.13511425065216776,0.23947595781611397,0.9209822652132666,0.5802291115146903,85.27777777777777,74.72222222222223,85.27777777777777,85.83333333333333,44.513888888888886,91.52777777777777
"Johnson, Pierce",572955,2024,929,110.09395102823373,0.09224545688796346,0.24823858150689843,1.1468699157487663,0.9224545688796346,0.12345208996219227,0.09929543260275936,0.1406741128946578,-1.3399986735121274,2.0743246373290276,0.2718698390372083,0.015142530989737116,-0.1442409766966768,0.22328575213444862,0.02926478353468335,-1.1993245606174696,2.346194476366236,-0.12909844570693968,0.252550535669132,0.1932970095778472,0.14773437244598828,0.01329431117166995,0.09477291866283602,0.17051569101191774,0.945966385082747,0.5582410380473324,85.20833333333333,81.38888888888889,85.20833333333333,47.013888888888886,3.75,98.125
"McGreevy, Michael",700241,2025,1465,110.04789599281732,0.1448040919423653,0.24710595894601584,1.8019359497393452,1.448040919423653,0.12299904093783925,0.09884238357840634,1.1057537913845863,0.07869019496774854,0.01849332960046013,0.5989986337865503,0.075478074497241393,0.0053713443663992175,0.0012623433174375515,0.04088727875676111,1.1844439863523348,0.6174919633870104,0.08084941886364061,0.042149622074198666,0.3010861980828916,0.23081812627593534,0.08956271172105297,0.11474213568551321,0.2659521621794135,0.8978475762967169,0.5818998692380651,85.13888888888889,88.26388888888889,85.13888888888889,87.22222222222223,69.30555555555556,77.29166666666667
"Wilson, Steven",621051,2025,974,109.99892276776352,0.09580325163806733,0.24590156991290382,1.19331835906155,0.9580325163806733,0.12251728532459444,0.09836062796516153,-0.35451297252416225,-0.9366930303622212,1.4145774096723471,1.0699469522755862,-0.0363976357827682,-0.09616971564293851,0.14523382029490217,0.109850816455399,-1.2912060028863834,2.4845243619479334,-0.13256735142570672,0.2550846367503012,0.15497354485263296,0.17172288069390199,0.028994405261434104,0.05515640617030515,0.16334821277326747,0.9579245942841303,0.5606364035286989,85.06944444444444,82.15277777777777,85.06944444444444,53.19444444444444,2.2916666666666665,99.16666666666667
"Latz, Jacob",656641,2024,825,109.99195238516545,0.08109094905267725,0.2457301486444765,1.010201913742094,0.8109094905267724,0.12244871681722351,0.0982920594577906,-0.5468445446631449,0.5725218354302797,0.7851102422910117,0.19941438068394746,-0.06628418723189636,0.06939658611276117,0.09516487785345595,0.024171440082902722,0.025677290767134764,0.9845246229749591,0.00311239888086482,0.11933631793635867,0.17159114325519106,0.3324204517457013,0.041212289263385084,0.12147248453205695,0.25200579750044616,0.918657613102279,0.5853317053013626,85,79.86111111111111,85,90.625,56.59722222222222,90.625
"Wheeler, Zack",554430,2023,3548,109.86441628899324,0.3442889480259849,0.24259367814683266,4.299967683372529,3.4428894802598493,0.12119412861816597,0.09703747125873306,1.5370075498419737,1.058458475150701,0.3211194210668964,1.3833822373129578,0.04332039317480197,0.029832538758475222,0.009050716490047812,0.03899048019484098,2.5954660249926746,1.7045016583798542,0.07315293193327718,0.048041196684888786,0.24975444191720916,0.27329935555837775,0.09622619247100482,0.11435895841403401,0.26152689873779345,0.8947074245574806,0.578117161647637,84.93055555555556,98.54166666666667,84.93055555555556,83.33333333333334,66.11111111111111,74.44444444444444
"Castillo, Luis",622491,2023,3171,109.84980227596273,0.30724995892101037,0.2422342785564572,3.838507194077721,3.0724995892101035,0.12105036878201579,0.09689371142258288,4.120341211241339,1.1425400967823407,-0.18892742586672284,-1.2354466880792359,0.1299382280429309,0.03603090812937056,-0.005957976217808983,-0.03896079117247669,5.26288130802368,-1.4243741139459587,0.16596913617230147,-0.04491876739028567,0.323963835171792,0.28169724532643925,0.09379809424033343,0.16428828726406564,0.3028305402491156,0.8709568092478005,0.5868936747484581,84.86111111111111,97.43055555555556,84.86111111111111,91.31944444444444,93.47222222222223,42.56944444444444
"Giolito, Lucas",608337,2023,3183,109.80878997963843,0.3071285244455678,0.241225671100823,3.840191648206428,3.0712852444556784,0.1206469257997621,0.0964902684403292,0.5245890935800617,2.3319881306326806,1.6412937025788779,-0.6576792785851922,0.016480964297205834,0.07326384324953442,0.05156436388874891,-0.020662245635727054,2.8565772242127423,0.9836144239936857,0.08974480754674025,0.030902118253021856,0.21954332802593882,0.36296817232904455,0.06994782492272658,0.16742966067540468,0.29125575017749167,0.8813112572009344,0.586283503689213,84.79166666666667,97.36111111111111,84.79166666666667,90.83333333333333,87.98611111111111,57.91666666666667
"Herrin, Tim",682120,2024,1161,109.79537590333535,0.11187200084586553,0.2408957813218465,1.3991788004016712,1.1187200084586553,0.12051496988817151,0.0963583125287386,1.0223234231341394,0.2801884425623484,0.14819563133141855,-0.05152869662623516,0.08805541973592931,0.02413337145239866,0.012764481596160083,-0.004438302896316551,1.3025118656964878,0.0966669347051834,0.11218879118832799,0.00832617869984353,0.2739439392094855,0.25833672120998913,0.09027256927969442,0.1237363396571325,0.2661403302097373,0.8929955455315866,0.579567937870662,84.72222222222221,84.65277777777777,84.72222222222221,84.93055555555556,69.375,72.98611111111111
"Williams, Trevor",592866,2024,1063,109.78940763422936,0.10236647685640657,0.24074900483632772,1.2804500362948374,1.0236647685640656,0.120456259293964,0.09629960193453109,1.5946499465353554,0.248296541196396,-0.7104186364886118,0.14792218505169785,0.15001410597698547,0.023358094185926246,-0.06683148038462952,0.013915539515681832,1.8429464877317514,-0.562496451436914,0.17337220016291172,-0.052915940868947686,0.42315823638881545,0.2763476216097119,0.13106786902859222,0.12033332444964108,0.3497529289992637,0.8742994032608833,0.6120261661300734,84.65277777777777,83.19444444444444,84.65277777777777,98.40277777777777,99.79166666666667,47.5
"Gordon, Tanner",685299,2024,607,109.68092651258222,0.05780610313124945,0.23808114963447058,0.7246919414842523,0.5780610313124945,0.11938911721322114,0.09523245985378823,0.4538482866328195,0.37389810946297075,-0.06317812160295944,-0.03987633300857851,0.0747690752278121,0.061597711608397165,-0.010408257265726431,-0.0065694123572616996,0.8277463960957903,-0.10305445461153795,0.13636678683620929,-0.01697766962298813,0.2716871728645234,0.3220460485075854,0.10376489554356305,0.14884718201884242,0.29686661068605436,0.8736939612187973,0.5852802859524258,84.58333333333333,74.375,84.58333333333333,90.48611111111111,90.48611111111111,46.59722222222222
"Farmer, Buck",571656,2024,1169,109.67015022077325,0.11120282256492849,0.23781613037837568,1.3944195501810555,1.1120282256492848,0.11928310951078319,0.09512645215135028,1.2119981426144477,0.2495188522416356,-0.6740987946227506,0.6070013499477227,0.10367819868387063,0.021344640910319554,-0.05766456754685633,0.05192483746344933,1.4615169948560833,-0.06709744467502787,0.1250228395941902,-0.005739730083407004,0.2955349454357203,0.23546842811376015,0.120919418418397,0.10158202840253913,0.26550168677474023,0.888749276589532,0.5771254816821361,84.51388888888889,84.58333333333333,84.51388888888889,82.22222222222221,68.95833333333333,68.40277777777779
"Ruiz, José",614179,2023,815,109.66548924584983,0.07749069027966249,0.23770150392534503,0.971783660276003,0.7749069027966249,0.11923725892957092,0.09508060157013801,-0.07534627760787771,0.7603558039522795,0.2561636068826374,0.03061052704896383,-0.009244942037776406,0.09329519066899136,0.031431117408912565,0.003755892889443415,0.6850095263444018,0.2867741339316012,0.08405024863121495,0.03518701029835598,0.2096128396088321,0.37389488709899654,0.07895198641309896,0.13946797474835418,0.2917538633539143,0.8907900194192735,0.5912719413865939,84.44444444444444,78.81944444444444,84.44444444444444,93.68055555555556,88.40277777777777,70.76388888888889
"Brasier, Ryan",518489,2024,533,109.66213495396404,0.050660373459677256,0.237619012475034,0.63535871832255,0.5066037345967725,0.11920426234944652,0.0950476049900136,0.427567930353689,-0.045276679370545025,0.37882933418768516,-0.12576186684827917,0.08021912389375029,-0.008494686561077866,0.07107492198643249,-0.02359509696965838,0.382291250983144,0.253067467339406,0.07172443733267242,0.047479825016774106,0.27693505912239813,0.25946461688027594,0.06601415417744426,0.1774835026959286,0.26819983800133707,0.8782511715633136,0.5732255047823254,84.375,71.80555555555556,84.375,76.73611111111111,71.11111111111111,53.125
"Megill, Trevor",656730,2023,614,109.65017227143855,0.058286974942705586,0.23732481654196086,0.7311916256139739,0.5828697494270558,0.11908658397621726,0.09492992661678434,-1.040813739913574,0.24774729037562793,1.5063345825528813,0.017923492599038582,-0.16951363842240616,0.040349721559548524,0.24533136523662563,0.0029191356024492804,-0.793066449537946,1.52425807515192,-0.12916391686285766,0.24825050083907488,0.10757629729511642,0.31434346918097766,0.004837698070689214,0.15466129562764844,0.21095988323804704,0.9202505031508312,0.5656051931944391,84.30555555555556,74.65277777777779,84.30555555555556,63.61111111111111,18.333333333333332,91.04166666666667
"De Los Santos, Enyel",660853,2023,1047,109.64265318301477,0.09931419056287964,0.23713990105749677,1.246062108182059,0.9931419056287965,0.11901261778243162,0.09485596042299871,0.8460718731325869,-0.8365906909025398,1.8463029821778036,-0.6097220562257917,0.08080915693720983,-0.0799035998951805,0.17634221415260778,-0.05823515341220551,0.009481182230047125,1.236580925952012,9.055570420293337e-4,0.1181070607404023,0.27852993518339414,0.20421001121726223,0.025670672733013274,0.20693199085260017,0.2413699732003282,0.8836986682071932,0.5625343207037607,84.23611111111111,82.84722222222223,84.23611111111111,56.458333333333336,46.458333333333336,61.66666666666667
"Peguero, Elvis",665625,2023,937,109.62422315137982,0.08871015824193942,0.2366866548610977,1.1134494618772806,0.8871015824193942,0.11883131930387199,0.09467466194443908,1.629494824098856,-0.35059981176164,-1.2404933788802737,1.0750478284203382,0.1739055308536666,-0.03741726913144504,-0.13238990169479975,0.11473295927645019,1.278895012337216,-0.16544555045993548,0.13648826172222156,-0.017656942418349572,0.33762265037915445,0.23199360829849724,0.2318590986574604,0.04410615763912943,0.2848081293388258,0.862017371851705,0.5734127505952654,84.16666666666667,81.11111111111111,84.16666666666667,77.15277777777779,83.81944444444444,30.138888888888886
"Kimbrel, Craig",518886,2023,1252,109.61420324663055,0.11840927083251813,0.23644023728537963,1.4865340584652813,1.1840927083251813,0.11873275227358476,0.09457609491415185,-0.8490284647517683,-1.9632916767109236,3.22645721910294,1.072396980825033,-0.0678137751399176,-0.15681243424208655,0.25770425072707187,0.08565471092851702,-2.812320141462692,4.298854199927973,-0.22462620938200414,0.34335896165558893,0.1729007619937664,0.14370872328638745,0.0024229597141555816,0.060535318382314046,0.15830474264007693,0.9685208609517652,0.563412801795921,84.09722222222223,85.20833333333333,84.09722222222223,58.47222222222223,1.597222222222222,99.72222222222223
"Peralta, Freddy",642547,2023,2924,109.56298644831406,0.2750673145440766,0.23518067248980556,3.4570138066305844,2.750673145440766,0.11822892635535513,0.09407226899592222,0.7164861973103598,0.7709259742498489,3.1371929022682252,-1.1675912671978494,0.024503631918958955,0.026365457395685663,0.10729113892846188,-0.03993130188775135,1.4874121715602087,1.9696016350703758,0.05086908931464462,0.06735983704071052,0.22553975434981477,0.26091332020690056,0.042790181805853957,0.17629726967746667,0.24322653727835766,0.8904562742583397,0.5668414057683487,84.02777777777779,96.66666666666667,84.02777777777779,65.69444444444444,48.19444444444444,70.41666666666667
"Foley, Jason",671345,2023,1047,109.46764284361603,0.09751167730562216,0.232835905696328,1.2280369756094842,0.9751167730562216,0.11729101963796412,0.09313436227853121,1.1976119137971182,0.11343786346424167,-0.6976729402917954,0.6146601386399198,0.1143850920532109,0.010834561935457657,-0.06663542887218675,0.05870679452148231,1.3110497772613598,-0.08301280165187563,0.12521965398866855,-0.007928634350704454,0.3234255475916265,0.24938175791315983,0.16690114075331175,0.11946767376635925,0.28640365275239316,0.8568155927401645,0.5716096227462788,83.95833333333333,82.43055555555556,83.95833333333333,73.95833333333334,84.79166666666667,24.305555555555554
"Matthews, Zebby",805673,2025,1353,109.46487048100734,0.1259738930513996,0.23276772551995495,1.5865785045871235,1.259738930513996,0.1172637475674149,0.09310709020798198,1.3045664727442272,0.8982246709383617,0.02227942219064971,-0.6384920612861151,0.09642028623386749,0.06638763273749902,0.0016466683067738147,-0.047190839710725435,2.202791143682589,-0.6162126390954654,0.1628079189713665,-0.045544171403951624,0.2815025300160985,0.31779820720160157,0.08870684963120593,0.1779037866775601,0.29965036860885,0.8666946818456169,0.5831725252272335,83.88888888888889,86.52777777777779,83.88888888888889,88.40277777777777,92.29166666666667,36.52777777777778
"Harvey, Hunter",640451,2023,958,109.45440481984903,0.08909796441217488,0.23251034554325384,1.122400421625116,0.8909796441217488,0.11716079557673445,0.09300413821730154,-0.45494636697003443,0.4916897105913449,1.4452096818604332,-0.3595526038566277,-0.04748918235595349,0.051324604445860636,0.15085696052822894,-0.03753158704140164,0.03674334362131049,1.0856570780038055,0.003835422089907149,0.11332537348682728,0.17177336140278376,0.30456607381839407,0.03195766065994622,0.18685662730251054,0.23816971761058892,0.8905928560187716,0.5643812868146802,83.81944444444444,81.18055555555556,83.81944444444444,60.97222222222223,43.125,70.625
"Cease, Dylan",656302,2024,3380,109.38983642727746,0.3122071220849171,0.2309224275776014,3.9385662395980034,3.122071220849171,0.11652562839047348,0.09236897103104057,-1.4226574638443026,2.595448187933016,4.00984855339351,-1.2440730378842204,-0.04209045751018647,0.0767884079270123,0.1186345725856068,-0.036806894611959184,1.1727907240887134,2.76577551550929,0.03469795041682584,0.08182767797364762,0.1723837157649469,0.35950677738616865,0.03846809511278152,0.26640619301749763,0.2659452465755578,0.8475628559348605,0.5567540512552092,83.75,97.63888888888889,83.75,43.19444444444444,69.23611111111111,15.48611111111111
"Alvarado, Elvis",665660,2025,765,109.37482554909406,0.0705492999955856,0.23055326795943007,0.8902914287555177,0.7054929999558559,0.11637796454320494,0.09222130718377203,0.9221773067974937,0.22262845543809817,0.0060261031867412385,-0.26054043666681537,0.12054605317614296,0.02910175888079715,7.877259067635606e-4,-0.03405757342049874,1.1448057622355918,-0.25451433348007413,0.1496478120569401,-0.03326984751373518,0.3272078602937589,0.27180874177025716,0.10352202550445785,0.14574728143726848,0.29950830103200804,0.8753653465291369,0.5874368237805725,83.68055555555556,77.29166666666667,83.68055555555556,91.66666666666666,92.15277777777777,48.81944444444444
"Peguero, Elvis",665625,2024,829,109.27081634795492,0.07560327126829201,0.2279953898320025,0.956291402192619,0.7560327126829202,0.1153548132922339,0.09119815593280099,0.9409226036914333,-0.6767602968611754,-0.4414217414205268,1.133550836782888,0.11350091721247689,-0.08163574147903202,-0.0532474959494001,0.13673713350818914,0.2641623068302579,0.6921290953623611,0.03186517573344486,0.08348963755878903,0.3104197306525088,0.19942123729420433,0.14868117678299264,0.03174000635451898,0.25492048397335654,0.9097894084312442,0.5823549462023003,83.61111111111111,78.33333333333333,83.61111111111111,87.63888888888889,60.20833333333333,85.83333333333333
"Singer, Brady",663903,2024,2973,109.24429952425284,0.27035661278991097,0.22734326672545485,3.42174355119505,2.7035661278991094,0.11509396404961486,0.09093730669018195,1.734232190421153,-0.09221576238701346,0.42986755128549703,1.3498595718754132,0.05833273428930889,-0.0031017747187021007,0.014459049824604676,0.0454039546544034,1.6420164280341396,1.7797271231609102,0.05523095957060678,0.05986300447900808,0.27483544673885113,0.25119402969054866,0.07616452321170648,0.09884655173187867,0.2630147382146999,0.9124944625282074,0.5877546003714537,83.54166666666667,96.45833333333333,83.54166666666667,91.875,67.15277777777777,87.70833333333333
"Llovera, Mauricio",661440,2023,621,109.19663765453066,0.05618090809581087,0.2261711275998827,0.711821923160187,0.5618090809581087,0.11462510839938599,0.09046845103995307,0.3377499818088836,-1.1541976569637882,0.12277894699946046,1.4054906513156311,0.054388080806583514,-0.18586113638708343,0.019771166988640978,0.22632699699124495,-0.8164476751549046,1.5282695983150916,-0.13147305558049993,0.24609816397988593,0.2824745151758925,0.09452186391608611,0.08709349235789038,0.01729459112978679,0.1884981895459893,0.9478059582561614,0.5681520739010754,83.47222222222223,73.75,83.47222222222223,68.61111111111111,8.26388888888889,98.33333333333333
"Smyly, Drew",592767,2024,1052,109.19243822653246,0.09512935207149956,0.22606785188093997,1.2054215561362298,0.9512935207149956,0.11458379811180891,0.090427140752376,-1.3120279260288044,0.24854853384772468,2.260229262284156,0.008671686033153492,-0.12471748346281411,0.0236262864874263,0.21485069033119353,8.243047560031835e-4,-1.0634793921810797,2.2689009483173095,-0.1010911969753878,0.2156749950871967,0.12124587044718495,0.38032779000740846,0.017575174296756767,0.20698144510867744,0.2507868302272967,0.8877216902972829,0.5692542602622898,83.40277777777779,82.01388888888889,83.40277777777779,70.48611111111111,55.13888888888889,67.36111111111111
"Cease, Dylan",656302,2025,3035,109.18660064203274,0.2742720872060939,0.2259242892966177,3.475875422919728,2.7427208720609393,0.11452637307807999,0.09036971571864708,-0.5319950184436948,2.3751484864526446,2.5383197233404644,-0.9055977684296863,-0.017528666176069022,0.07825859922413986,0.08363491674927395,-0.029838476719264786,1.8431534680089499,1.632721954910778,0.06072993304807084,0.05379644003000916,0.1937897140774587,0.3507813863786013,0.0502561964018296,0.25020971617154714,0.27228555022803,0.8497670437133116,0.5610262969706707,83.33333333333334,96.59722222222223,83.33333333333334,53.81944444444444,74.44444444444444,17.36111111111111
"Santillan, Tony",663574,2024,504,109.09289056651353,0.0450817306268453,0.22361969556966912,0.5725668593599949,0.450817306268453,0.11360453558730056,0.08944787822786765,0.027091067785477208,-0.32840654465326224,0.4406017291516946,0.4332806070760853,0.005375211862197859,-0.06516002870104409,0.0874209780062886,0.08596837441985819,-0.30131547686778504,0.8738823362277799,-0.05978481683884623,0.1733893524261468,0.21532643995765294,0.1789044050150365,0.051675100506788495,0.07043933192523888,0.19711542248634473,0.9389427837839863,0.5680291031351655,83.26388888888889,70.48611111111111,83.26388888888889,68.47222222222223,11.805555555555555,97.01388888888889
"Bautista, Félix",642585,2023,977,109.08237252924158,0.08728948955378243,0.22336102751735526,1.1089054379394838,0.8728948955378243,0.11350106836637501,0.0893444110069421,-0.10023240624082064,0.6131870865574456,1.0084403872701841,-0.4124896296473253,-0.010259202276440187,0.06276224017988184,0.10321805396828905,-0.04222002350535571,0.512954680316625,0.5959507576228589,0.05250303790344165,0.06099803046293336,0.18175311906958572,0.3253398921080572,0.05274913913849672,0.269846333473704,0.25354650558882147,0.8387022636938997,0.5461243846413606,83.19444444444444,80.76388888888889,83.19444444444444,20.555555555555554,58.68055555555556,8.88888888888889
"Hatch, Thomas",641672,2025,585,109.05390507162146,0.05210265828663765,0.2226609328488788,0.662343028419059,0.5210265828663765,0.11322103049898444,0.08906437313955153,0.703298190541318,0.43995004449084263,-0.5919415120774829,0.11103630546438126,0.1202219129130458,0.07520513581040045,-0.10118658326110819,0.018980565036646368,1.1432482350321607,-0.48090520661310165,0.19542704872344627,-0.08220601822446182,0.3096450823030202,0.3346060366042233,0.15263042209932381,0.12253775937819797,0.32212555945362176,0.8624159092612391,0.5922707343574305,83.125,72.63888888888889,83.125,94.02777777777777,98.33333333333333,30.486111111111114
"Imanaga, Shota",684007,2025,2220,109.04212918037567,0.19746574160614344,0.22237133063754894,2.510935209440845,1.9746574160614345,0.11310518961445248,0.08894853225501957,0.623372827205003,1.0392429348202086,1.8030542876733762,-0.9547348402577427,0.02807985708130644,0.04681274481172111,0.08121866160690883,-0.0430060738854839,1.6626157620252116,0.8483194474156335,0.07489260189302754,0.03821258772142493,0.22308817402712072,0.28380721883026344,0.056060335771690596,0.1981816515558695,0.2534476964286921,0.87287900633622,0.563163351382456,83.05555555555556,93.33333333333333,83.05555555555556,57.77777777777777,58.54166666666667,45.83333333333333
"Hamilton, Ian",641656,2025,628,108.94759705052824,0.055275685896298984,0.2200465202878144,0.7044606671802285,0.5527568589629899,0.11217526547455867,0.08801860811512575,0.572826971188988,0.20482662925087425,-0.36792223505290167,0.29472930179326795,0.0912144858581191,0.0326157052947252,-0.05858634316129008,0.04693141748300445,0.7776536004398622,-0.07319293325963372,0.1238301911528443,-0.011654925678285624,0.28272908992975093,0.2764186100244976,0.14476901041832396,0.09777274463451574,0.27957384997712426,0.8787291224735801,0.5791514862253522,82.98611111111111,73.47222222222223,82.98611111111111,84.16666666666667,79.86111111111111,54.166666666666664
"Cabrera, Génesis",650893,2023,931,108.93412623792571,0.08182195358997726,0.2197152352040206,1.043118015916093,0.8182195358997727,0.11204275144104114,0.08788609408160823,0.4344964479741975,0.5441388513108905,-0.022847235137305688,0.08732995176831082,0.04666986551817374,0.05844670798183571,-0.0024540531833840695,0.00938023112441577,0.978635299285088,0.06448271663100513,0.10511657350000944,0.006926177941031701,0.23197714956404158,0.3038626473071727,0.09166695372742134,0.12776271774232534,0.26791989843560715,0.8902851642651266,0.5791025313503668,82.91666666666667,80.13888888888889,82.91666666666667,84.09722222222223,70.76388888888889,70.20833333333333
"Pfaadt, Brandon",694297,2023,1941,108.89868352163884,0.16991017053604274,0.21884359935090508,2.16798242470702,1.6991017053604274,0.11169409709979494,0.08753743974036203,1.136136769903942,0.07860876994834598,-0.041314556673569314,0.9945514415283014,0.05853357907799804,0.004049910868024008,-0.0021285191485610156,0.05123912630233392,1.214745539852288,0.9532368848547321,0.06258348994602206,0.049110607153772905,0.2644756264485813,0.24501060558997878,0.09771109863724584,0.1006303344844612,0.25474311601928,0.9008292834391465,0.5777861997292133,82.84722222222223,91.04166666666667,82.84722222222223,82.77777777777777,59.93055555555556,80.20833333333334
"Sheehan, Emmet",686218,2023,1014,108.86411445437487,0.08841814290584286,0.21799344897890252,1.1291299346830783,0.8841814290584287,0.11135403695099393,0.08719737959156101,-0.14655019252677448,0.5478659156391359,0.660380807298452,0.06743340427226485,-0.01445268170875488,0.05403016919518105,0.06512631235684932,0.006650237107718428,0.4013157231123614,0.7278142115707169,0.03957748748642618,0.07177654946456774,0.20350336915600784,0.2910205314656795,0.058487766805880095,0.14916328549339436,0.2472619503108437,0.8961744738503628,0.5717182120806032,82.77777777777777,80.97222222222223,82.77777777777777,74.16666666666667,51.24999999999999,75.27777777777777
"Pepiot, Ryan",686752,2024,2285,108.77792727268209,0.19730871199026065,0.21587386432194816,2.5250667405656486,1.9730871199026065,0.11050620308821218,0.08634954572877927,0.5724782084320168,1.4811385784296363,0.35152070946628555,0.11992924423771001,0.025053750916062004,0.06482006907788343,0.015383838488677705,0.00524854460558906,2.053616786861653,0.47144995370399556,0.08987381999394542,0.020632383094266762,0.24194602647603566,0.3069538935594461,0.08347084293815113,0.13880685670229254,0.27444996001774086,0.8888611501797782,0.5816555550987595,82.70833333333333,93.26388888888889,82.70833333333333,86.73611111111111,76.18055555555556,68.68055555555556
"Corbin, Patrick",571578,2023,2886,108.77386870712724,0.24908956655898856,0.21577405280577663,3.188056796983119,2.4908956655898855,0.11046627848174356,0.08630962112231065,2.068485677025592,0.7820523088452092,0.6510562463212182,-0.3135374352089002,0.07167310038203714,0.027098139599626096,0.022559121494151704,-0.010864082994071387,2.850537985870801,0.33751881111231796,0.09877123998166325,0.011695038500080317,0.27254726134071977,0.2936249707468418,0.0759626872391372,0.1369844632474536,0.28308611604378076,0.8935264247567046,0.5883062704002426,82.63888888888889,95.625,82.63888888888889,92.29166666666667,82.5,73.40277777777777
"Whitlock, Garrett",676477,2025,1226,108.76709548082715,0.1057339082724148,0.21560748016397802,1.3534997019507955,1.057339082724148,0.11039964942502412,0.0862429920655912,0.025958849918083615,0.2596955143692412,1.1182316006593283,-0.05038626299585758,0.0021173613310019263,0.021182342118208908,0.09120975535557327,-0.0041098093797599985,0.2856543642873248,1.0678453376634707,0.023299703449210833,0.08709994597581328,0.19592627046601502,0.243003851920526,0.051516013770058156,0.13729838764109914,0.21946506119327053,0.9055927992944214,0.562528930243846,82.56944444444444,83.81944444444444,82.56944444444444,56.388888888888886,25.208333333333332,83.19444444444444
"Matthews, Zebby",805673,2024,716,108.73561986149873,0.06152828758080762,0.21483340635756848,0.7882445425016158,0.6152828758080762,0.11009001990246031,0.0859333625430274,0.27889976959704654,0.5551333763551156,-0.027666791690990067,-0.018121811759556294,0.038952481787297,0.07753259446300498,-0.003864077051814255,-0.0025309792960274153,0.8340331459521622,-0.04578860345054636,0.11648507625030198,-0.00639505634784167,0.25526905755181484,0.32755946290505955,0.08811893196197419,0.13320418304506682,0.2914142602284372,0.8893384424964795,0.5903763513624584,82.5,75.625,82.5,93.19444444444444,88.05555555555556,69.30555555555556
"Ruiz, José",614179,2024,857,108.69486787016895,0.0733013355424447,0.21383120053221907,0.940035908994787,0.7330133554244469,0.10968913757232054,0.08553248021288763,-0.2467910410832701,0.6946484461159343,0.466697776899764,0.02548072706235871,-0.028797087640988345,0.08105582801819537,0.054457150163333023,0.0029732470317804793,0.44785740503266425,0.4921785039621227,0.05225874037720703,0.0574303971951135,0.20012962577654173,0.36452609563485977,0.06841714289049565,0.13756648642605965,0.28232786070570076,0.8970081853417223,0.5896680230237116,82.43055555555556,77.77777777777779,82.43055555555556,92.84722222222223,81.66666666666667,76.45833333333333
"Gausman, Kevin",592332,2025,3466,108.68403484370492,0.2960862193266861,0.21356478601174705,3.798131937344806,2.9608621932668613,0.10958257176413173,0.08542591440469882,0.4516285374415929,1.1911822450917953,4.33673649605953,-2.181415341248112,0.013030252090063268,0.03436763546139052,0.12512223012289467,-0.06293754591021672,1.6428107825333882,2.1553211548114177,0.047397887551453785,0.06218468421267795,0.2360606031948768,0.3163893016234018,0.047248141879621335,0.2703434050633191,0.2762249524091393,0.8412042265285298,0.5587145894688346,82.36111111111111,97.15277777777777,82.36111111111111,48.19444444444444,77.77777777777779,10.555555555555555
"Ferguson, Tyler",621053,2025,975,108.66112797566227,0.08307056231960838,0.2130014418451497,1.0662330324505547,0.8307056231960839,0.10935723409749279,0.08520057673805988,0.6391252084245025,0.0982959773764378,-0.11543640774289088,0.44424825439250526,0.0655513034281541,0.010081638705275673,-0.011839631563373424,0.045563923527436434,0.7374211858009403,0.3288118466496144,0.07563294213342978,0.03372429196406301,0.284936648662644,0.2268336016682395,0.10415738431964407,0.10449395063299924,0.25588512516544176,0.8956743325236783,0.5757797288445601,82.29166666666666,80.27777777777779,82.29166666666666,80.41666666666667,60.97222222222223,74.86111111111111
"Merryweather, Julian",657240,2023,1213,108.6443477134256,0.10314807028592872,0.21258876810784977,1.3245009566292083,1.0314807028592872,0.10919216460257282,0.08503550724313991,-0.18012176123284007,0.7256631732204823,1.352630855555617,-0.573671310914051,-0.014849279574018142,0.059823839507047186,0.11151119996336498,-0.04729359529382118,0.5455414119876423,0.778959544641566,0.04497455993302904,0.06421760466954378,0.1907523225958028,0.3415848827243452,0.04616758435795901,0.2357076019843126,0.26616860266007397,0.8590624068288641,0.5626155047444691,82.22222222222221,83.26388888888889,82.22222222222221,56.59722222222222,69.44444444444444,26.52777777777778
"Middleton, Keynan",641871,2023,855,108.57815004446014,0.07214858732894565,0.2109607816635838,0.9280252937126079,0.7214858732894565,0.10854097002486643,0.08438431266543352,0.5405077478089879,0.565239279374282,-0.5331512966822629,0.3554295632116009,0.06321728044549565,0.06610985723675812,-0.06235687680494303,0.04157070914755566,1.10574702718327,-0.177721733470662,0.1293271376822538,-0.020786167657387368,0.2592336409245544,0.3373583115463821,0.12722905829151165,0.11063797242211297,0.2982959762354682,0.8810664846431877,0.589681230439328,82.15277777777777,77.56944444444444,82.15277777777777,92.91666666666667,91.04166666666667,57.638888888888886
"Palencia, Daniel",694037,2025,940,108.51860972645076,0.07877069082862513,0.2094965181612371,1.0147794874649207,0.7877069082862513,0.10795526462392775,0.08379860726449484,-0.2932815114609184,0.26742327231659146,0.8069170326989479,0.23372069391029981,-0.031200160793714724,0.028449284288999094,0.08584223752116467,0.024863903607478702,-0.025858239144326944,1.0406377266092477,-0.0027508765047156323,0.11070614112864337,0.20022457719801393,0.3104653960902371,0.05298467156992009,0.10413060951222539,0.2553449866441255,0.9214423594589273,0.5883936730515265,82.08333333333333,79.30555555555556,82.08333333333333,92.36111111111111,60.48611111111111,91.875
"Castillo, Luis",622491,2024,2755,108.46983089278153,0.22954319455306704,0.20829690975777412,2.960947855783047,2.2954319455306704,0.10747542126254256,0.08331876390310965,3.473279205952167,0.39382769986536914,-0.06453038311110504,-0.8416286669233841,0.12607184050643075,0.014295016329051512,-0.0023423006573903824,-0.030549134915549333,3.8671069058175362,-0.9061590500344892,0.14036685683548228,-0.03289143557293971,0.3435700039711605,0.2892563418112426,0.09674700527516493,0.16475564043545923,0.3164131728912015,0.8692486771446879,0.5928309250179447,82.01388888888889,94.65277777777777,82.01388888888889,94.30555555555556,97.08333333333333,39.93055555555556
"Woo, Bryan",693433,2023,1444,108.43228009748962,0.11977889335642293,0.207373430326217,1.5466110658344405,1.1977889335642293,0.10710602948991971,0.0829493721304868,1.384393483209351,0.29724436148649147,-0.5344049356117466,0.3993781567503447,0.09587212487599384,0.020584789576626836,-0.037008652050674974,0.027657767087974013,1.6816378446958424,-0.1350267788614019,0.11645691445262066,-0.009350884962700963,0.2937904587912937,0.2752301180415788,0.11942450003270241,0.12003165691003644,0.2845102884164362,0.8802719215286305,0.5823911049725334,81.94444444444444,85.55555555555556,81.94444444444444,87.70833333333333,83.54166666666667,56.25
"Fluharty, Mason",689254,2025,985,108.42275835112859,0.08161286996210156,0.20713926386320192,1.0540717746114296,0.8161286996210155,0.10701236290471368,0.08285570554528077,0.6517665012408997,-0.49519010124367924,1.2319235604172718,-0.33442818580306266,0.06616918794323855,-0.050273106725246625,0.12506838176825094,-0.0339521000815292,0.1565763999972205,0.8974953746142091,0.01589608121799193,0.09111628168672174,0.290054498212401,0.21919335205784438,0.039127088844766775,0.17236299353324255,0.25462392513512266,0.8942549588109954,0.574439441973059,81.875,80.06944444444444,81.875,78.75,59.86111111111111,74.02777777777779
"Garcia, Robert",676395,2025,957,108.31673240153158,0.07829476853512543,0.2045317882317801,1.0141268962810273,0.7829476853512543,0.10596937265214496,0.08181271529271204,0.8225961416959535,0.16518462738577,0.13652870820578755,-0.11018258100648382,0.08595570968609755,0.017260671618157784,0.014266322696529526,-0.011513331348639898,0.9877807690817235,0.026346127199303737,0.10321638130425533,0.002752991347889628,0.2817822966881882,0.255640091965105,0.0924245028574723,0.15032738421331157,0.2687111943266466,0.8786240564646081,0.5736676253956273,81.80555555555556,79.02777777777777,81.80555555555556,77.84722222222223,71.52777777777779,54.09722222222222
"Helsley, Ryan",664854,2025,979,108.30949909270886,0.08002498758055997,0.20435390086966282,1.0367435513544478,0.8002498758055997,0.10589821770729804,0.08174156034786513,-0.7185399564523323,0.7550110192123611,1.134492305103322,-0.13421981650890302,-0.07339529687970707,0.07712063526173249,0.11588276865202472,-0.013709889326752095,0.03647106276002887,1.000272488594419,0.0037253383820254208,0.10217287932527262,0.16236034663802099,0.38659036605961755,0.0407200987240487,0.24905917882301354,0.27447535634881925,0.8551103612264689,0.5647928587876441,81.73611111111111,79.58333333333333,81.73611111111111,61.736111111111114,76.25,22.36111111111111
"Burke, Brock",656271,2023,937,108.29188742634507,0.07642950855830473,0.20392078057178425,0.9906429650409336,0.7642950855830473,0.1057249695881466,0.08156831222871369,0.667542463826976,0.7446078180116729,0.13238074279479406,-0.5538880595925093,0.07124252548847129,0.079467216436678,0.014128147576819003,-0.0591129199138217,1.4121502818386489,-0.42150731679771525,0.1507097419251493,-0.044984772337002696,0.2831574415286526,0.31384544031138023,0.09623911982116135,0.2019278371074623,0.2985014409200164,0.8509165215356882,0.5747089812278523,81.66666666666667,78.54166666666667,81.66666666666667,79.02777777777777,91.25,18.541666666666668
"Armstrong, Shawn",542888,2023,818,108.28919837918966,0.06670124126935126,0.20385464935620803,0.8646138698936738,0.6670124126935126,0.10569851710191612,0.08154185974248321,0.7782387549655141,0.36868157803564827,-0.6748060747286218,0.3924996116211332,0.0951392120984736,0.04507109755937021,-0.0824946301624232,0.04798283760649551,1.1469203330011624,-0.2823064631074885,0.1402103096578438,-0.03451179255592769,0.3392308726356807,0.2768972321916132,0.1961813837536149,0.10288420920880866,0.308064052413647,0.8504672035187882,0.5792656279662176,81.59722222222221,76.73611111111111,81.59722222222221,84.23611111111111,95.06944444444444,18.125
"Ohl, Pierson",701487,2025,544,108.27663115277757,0.044291519511965305,0.2035455859924876,0.5743274111549681,0.44291519511965305,0.10557489175642795,0.08141823439699504,0.03251572616113663,0.49839221141337475,0.3601094695777647,-0.31668999599730796,0.005977155544326586,0.09161621533334094,0.06619659367238322,-0.058215072793622785,0.5309079375745114,0.043419473580456724,0.09759337087766753,0.007981520878760428,0.20651091987371745,0.35899164389704796,0.06023249799724798,0.24123663055339567,0.2827512818853827,0.8492654357246782,0.5660083588050304,81.52777777777777,70.20833333333333,81.52777777777777,64.02777777777777,82.22222222222221,16.73611111111111
"Pérez, Eury",691587,2023,1533,108.23955187628016,0.1242549863921728,0.20263370253126678,1.6128714212418345,1.242549863921728,0.10521013837193963,0.08105348101250671,0.37559691757132896,1.1274795266101592,0.4497337786187927,-0.33993880155844636,0.02450077740191317,0.07354726200979513,0.029336841397181523,-0.022174742436950185,1.5030764441814881,0.10979497706034635,0.09804803941170828,0.007162098960231334,0.21237241072529628,0.31170649720270094,0.07010330139614589,0.15462688957483947,0.26203945396399864,0.8876349045145073,0.574837179239253,81.45833333333333,86.11111111111111,81.45833333333333,79.30555555555556,66.45833333333333,67.15277777777777
"Herrin, Tim",682120,2025,775,108.21467122780264,0.06262676344513098,0.20202181756493864,0.8134817289869147,0.6262676344513097,0.10496538438540837,0.08080872702597545,0.6376062424365045,-0.21746960646464686,0.28664560431730024,0.1066994886977568,0.08227177321761349,-0.028060594382535078,0.03698652958932906,0.013767675961000878,0.4201366359718577,0.39334509301505705,0.054211178835078415,0.05075420555032994,0.2704732683732666,0.2232542182188513,0.07741173524046838,0.10948150316603976,0.24686374329605892,0.906553380796746,0.5767085620464024,81.38888888888889,75.83333333333333,81.38888888888889,81.73611111111111,50.90277777777777,84.09722222222223
"Fermin, José",820862,2025,645,108.11646604472618,0.05149852254446963,0.199606676528952,0.6707956654130385,0.5149852254446963,0.10399932797101372,0.0798426706115808,0.35917920440806483,-0.2085212163219694,0.8228607947667115,-0.30272311743976843,0.05568669835783951,-0.03232887074759216,0.1275753170180948,-0.04693381665732844,0.15065798808609543,0.520137677326943,0.023357827610247354,0.08064150036076637,0.24445178180977017,0.2540651087636336,0.04151036791528348,0.2609721204939034,0.24925844528670188,0.8487587557954066,0.5490086005410543,81.31944444444444,72.29166666666667,81.31944444444444,26.875,53.40277777777778,16.25
"Yesavage, Trey",702056,2025,679,108.07602424247388,0.05394304612193521,0.1986120991234728,0.7034541646899015,0.5394304612193521,0.10360149700882203,0.07944483964938912,0.48684094299255776,0.4806487866205771,0.07054753868851549,-0.3345831036117488,0.07169969705339585,0.07078774471584347,0.010389917332623783,-0.049275862093041065,0.9674897296131348,-0.2640355649232333,0.1424874417692393,-0.038885944760417276,0.21754101765321573,0.3640436402030886,0.08048977871724285,0.2569183977603975,0.29079232892815216,0.8312959117611798,0.561044120344666,81.25,72.91666666666666,81.25,53.888888888888886,87.56944444444444,4.861111111111112
"Paddack, Chris",663978,2025,2565,108.06074434324701,0.20339046793450963,0.19823632352291387,2.6535229406145504,2.0339046793450963,0.10345118676859846,0.07929452940916555,0.8919030109250343,1.8335620225207094,1.126312318884402,-1.1982544117155953,0.034772047209553,0.07148389951347794,0.04391081165241333,-0.04671557160684582,2.7254650334457438,-0.07194209283119335,0.10625594672303093,-0.002804759954432489,0.22562125377494877,0.32456411562571535,0.07300098840232684,0.1853538311274003,0.27509268470033205,0.8708225902351364,0.5729576374677342,81.18055555555556,93.75,81.18055555555556,76.52777777777777,76.80555555555556,42.15277777777778
"Suarez, José",660761,2023,612,108.0502276285639,0.0484649380216096,0.19797768799677126,0.6324881232558255,0.48464938021609605,0.10334773255814142,0.07919107519870851,0.3393175800752033,0.23495792209860156,0.04827330690386589,0.009939314178154746,0.05544404903189596,0.0383918173363728,0.00788779524572972,0.0016240709441429323,0.5742755021738049,0.05821262108202063,0.09383586636826877,0.009511866189872653,0.24776024033396735,0.2570479430323749,0.08939121821108206,0.1469439772510331,0.25240409168317113,0.8818324022689424,0.5671182469760567,81.11111111111111,71.45833333333333,81.11111111111111,66.66666666666666,57.15277777777777,58.75
"Scott, Tanner",656945,2023,1215,108.04871477677108,0.09619907460474332,0.1979404827258093,1.255494132964543,0.9619907460474332,0.10333285044975664,0.07917619309032373,-0.9324560008562912,0.5169644753605098,1.815227785485149,-0.14424212702482464,-0.07674534986471533,0.04254851649057694,0.1494014638259382,-0.01187178000204318,-0.4154915254957814,1.6709856584603244,-0.03419683337413839,0.137529683823895,0.16239333089701452,0.3095201663485981,0.04146575108881332,0.157526253995391,0.2359567486228063,0.9005039974578979,0.5682303730403521,81.04166666666667,82.29166666666666,81.04166666666667,68.75,40.763888888888886,79.65277777777777
"Vest, Will",676684,2024,1274,108.02460332369722,0.10056829335504609,0.197347514432979,1.3134387483096361,1.005682933550461,0.1030956631326245,0.07893900577319159,0.10192437523664921,0.7487382577921835,0.20508673807489686,0.25768937720590657,0.008000343425168697,0.058770663876937475,0.01609786013146757,0.02022679569905075,0.8506626330288327,0.4627761152808034,0.06677100730210618,0.036324655830518325,0.22211269762868655,0.3358284336715857,0.09466181118443291,0.1291821565133396,0.2789705656501361,0.8880780161511137,0.5835242909006249,80.97222222222223,82.98611111111111,80.97222222222223,89.02777777777777,79.30555555555556,67.77777777777779
"Wilson, Justin",458677,2024,816,107.98511472434228,0.0640972500930765,0.19637637896163143,0.8380908249837375,0.640972500930765,0.10270720894408548,0.07855055158465257,0.5812689972262888,0.670274881842488,-0.21591585040732753,-0.19753720367771166,0.07123394573851578,0.0821415296375598,-0.026460275785211707,-0.02420799064677839,1.2515438790687767,-0.4134530540850392,0.1533754753760756,-0.0506682664319901,0.26571144782161715,0.35561495433346424,0.12417335430681178,0.18391005420555434,0.3106632010775407,0.845958295743817,0.5783107484106789,80.90277777777779,76.45833333333333,80.90277777777779,83.61111111111111,95.76388888888889,14.23611111111111
"Machado, Andrés",600921,2023,768,107.91459674698511,0.05979406663997359,0.1946421440103307,0.7834637949201806,0.5979406663997359,0.10201351496356519,0.07785685760413227,1.0494599667310922,0.38349349526833976,-0.3491316225827177,-0.3003580444965337,0.13664843316811098,0.04993404886306507,-0.045459846690458036,-0.03910912037715282,1.432953461999432,-0.6494896670792514,0.18658248203117606,-0.08456896706761086,0.3260918509835937,0.3015723113586755,0.13238990315459878,0.18641566219183486,0.3138320811711346,0.8405972173267832,0.5772146492489589,80.83333333333333,75.20833333333333,80.83333333333333,82.29166666666666,96.80555555555556,10.069444444444445
"Varland, Louis",686973,2025,1316,107.8661504304956,0.10183245539554293,0.19345071313742956,1.3362261648055664,1.0183245539554293,0.10153694261440474,0.07738028525497183,-0.1934310734641258,0.6944462819092223,1.3392565616688898,-0.5040456053084199,-0.014698409837699529,0.05276947430921142,0.10176721593228646,-0.03830133778939361,0.5010152084450965,0.8352109563604699,0.038071064471511894,0.06346587814289285,0.20951352917533972,0.3089811863069806,0.0514146216268366,0.17575699085087063,0.25924735774116014,0.8864141937611464,0.5728307757511533,80.76388888888889,83.05555555555556,80.76388888888889,76.31944444444444,64.16666666666667,64.79166666666667
"Winn, Keaton",676775,2023,585,107.8618546970286,0.04524274614524089,0.1933450689967559,0.5937439070050914,0.45242746145240886,0.10149468495813528,0.07733802759870237,0.29092087334493044,0.22685582181543396,0.5132648226526726,-0.4372976108079456,0.049730063819646224,0.03877877295990324,0.08773757652182437,-0.07475172834323857,0.5177766951603644,0.07596721184472699,0.08850883677954947,0.012985848178585809,0.25745796843514096,0.31586263406295595,0.0664137017084514,0.28022008099937784,0.28666030124904845,0.8266831086460854,0.5566717049475669,80.69444444444444,70.55555555555556,80.69444444444444,42.916666666666664,84.93055555555556,3.4722222222222223
"Webb, Jacob",657097,2025,924,107.82881922912216,0.07116006157687027,0.19253263413655372,0.9348081297698627,0.7116006157687027,0.1011697110140544,0.0770130536546215,-0.19153483691854944,-0.11716307073402277,0.7904974895069472,0.4530085479154877,-0.02072887845438847,-0.012679986010175623,0.08555167635356573,0.04902689912505278,-0.3086979076525722,1.243506037422435,-0.03340886446456409,0.13457857547861848,0.21129519706469244,0.21830329464098225,0.051546626831374655,0.10610074836731544,0.21479924585283733,0.9211763124006549,0.5679877791267461,80.625,77.43055555555556,80.625,68.40277777777779,21.59722222222222,91.73611111111111
"Hernández, Jonathan",642546,2023,552,107.80800346534532,0.042398174113097195,0.19202071609192567,0.5573264897550416,0.423981741130972,0.10096494379620319,0.07680828643677028,0.5248866617585008,-0.3339348621877889,-0.19398250950962392,0.5603571996939536,0.09508816336204726,-0.06049544604851249,-0.03514175896913477,0.10151398545180318,0.19095179957071196,0.36637469018432967,0.034592717313534777,0.06637222648266841,0.30643174346821556,0.18839874558387962,0.13451976822650077,0.06541594258428407,0.24741524452604757,0.9000321445946076,0.5737236945603276,80.55555555555556,69.86111111111111,80.55555555555556,77.91666666666667,51.45833333333333,79.44444444444444
"Miller, Shelby",571946,2024,872,107.7973495569951,0.06688543685807387,0.19175870658851452,0.8795004207549937,0.6688543685807387,0.10086013999483871,0.0767034826354058,0.2562325888538908,0.45518505077484406,0.36673043655537185,-0.198647655429113,0.029384471198840686,0.0522001205017023,0.04205624272423989,-0.02278069442994415,0.7114176396287348,0.16808278112625885,0.08158459170054298,0.01927554829429574,0.26297857015034776,0.30507802019338925,0.07490639162807833,0.17331159732995188,0.2840282951718685,0.8758910055209849,0.5799596503464267,80.48611111111111,76.80555555555556,80.48611111111111,85.625,83.125,49.791666666666664
"Kerkering, Orion",689147,2024,1126,107.79676651342872,0.08636166330714859,0.1917443679110759,1.1356205949387004,0.8636166330714858,0.10085440452386327,0.07669774716443035,-0.7435334241649798,-0.6889550940736626,0.9421112837758301,1.6259978294015127,-0.06603316378019358,-0.06118606519304286,0.08366885291081973,0.14440478058627998,-1.4324885182386424,2.568109113177343,-0.12721922897323645,0.22807363349709975,0.16230033337969485,0.17654211631633435,0.0534787139159887,0.028206105323565343,0.16942122484801458,0.959157590380223,0.5642894076141187,80.41666666666667,80.625,80.41666666666667,60.62499999999999,3.2638888888888893,99.30555555555556
"Almonte, Yency",622075,2023,784,107.70015667738015,0.059385949349335186,0.18936846093538004,0.7832476871913059,0.5938594934933519,0.09990404173358493,0.07574738437415202,0.23625819924018288,-0.5119847561709321,-0.1401584204163555,1.1991326645384106,0.03013497439288047,-0.06530417808302705,-0.017877349542902488,0.15295059496663402,-0.2757265569307492,1.058974244122055,-0.03516920369014658,0.13507324542373153,0.2674303680058182,0.18360205475823327,0.12425789652605643,0.03806417192549057,0.22551621138202574,0.9188389657742265,0.5721775885781262,80.34722222222223,75.06944444444444,80.34722222222223,75.20833333333333,30.97222222222222,90.69444444444444
"Floro, Dylan",571670,2023,957,107.68297614279302,0.07232850712499694,0.18894594337773493,0.9544642821797424,0.7232850712499694,0.09973503471052689,0.07557837735109398,1.0559816513481337,0.32016991438342757,-0.06337596168987147,-0.35831132186194736,0.11034291027671199,0.033455581440274565,-0.006622357543351252,-0.0374410994631084,1.3761515657315613,-0.42168728355181884,0.14379849171698655,-0.044063457006459646,0.317899271124376,0.32511932413685757,0.09812682091241234,0.175812256873305,0.32150929763061675,0.8630304611071413,0.592269879368879,80.27777777777779,77.63888888888889,80.27777777777779,93.95833333333333,98.125,31.38888888888889
"Abbott, Andrew",671096,2023,1889,107.65631678730368,0.14227216202500517,0.18829031501456478,1.8790408777697394,1.4227216202500517,0.09947278336525883,0.07531612600582592,0.03720419891749316,0.8573147387853624,0.6134199640207498,0.37110197604613404,0.0019695182063257364,0.04538458119562532,0.032473264373782416,0.01964541958952536,0.8945189377028555,0.9845219400668839,0.04735409940195106,0.05211868396330778,0.22715982808165805,0.2483066928990149,0.0721149800277349,0.11911800000086048,0.2377332604903365,0.9043835099857023,0.5710583852380193,80.20833333333334,88.19444444444444,80.20833333333334,73.47222222222223,42.56944444444444,82.5
"Leiter, Jack",683004,2024,669,107.64556477861048,0.05031572895299977,0.18802589294842964,0.6647653272646039,0.5031572895299977,0.09936701453880477,0.07521035717937186,-0.05393612984585161,0.14949523579070956,0.7460833488494245,-0.17687712752967855,-0.008062201770680361,0.022346074109224148,0.111522174715908,-0.02643903251564702,0.09555910594485795,0.569206221319746,0.01428387233854379,0.08508314220026099,0.20202419091004462,0.27117912969416935,0.03833978514260895,0.16581084916849206,0.236601660302107,0.8979246828444495,0.5672631715732782,80.13888888888889,71.73611111111111,80.13888888888889,67.29166666666667,41.18055555555556,77.5
"Rodríguez, Manuel",655889,2024,605,107.54722553430467,0.0449170041028876,0.18560745497060988,0.5953178180534451,0.449170041028876,0.09839963934767687,0.07424298198824396,-0.0072571209407215065,0.20558172222172288,0.12515972577830325,0.27183349099414045,-0.0011995241224333068,0.03398044995400378,0.020687557979884835,0.04493115553622156,0.19832460128100138,0.3969932167724437,0.032780925831570475,0.0656187135161064,0.22310637967021138,0.28272526185379404,0.09003918967373134,0.09842230842248796,0.2529158207620027,0.9057692509518903,0.5793425358569465,80.06944444444444,70.34722222222223,80.06944444444444,84.375,57.84722222222223,83.47222222222223
"Rodón, Carlos",607074,2024,3497,107.53835131062326,0.2593224310148283,0.1853892129073694,3.437982618007652,2.5932243101482833,0.09831234252238068,0.07415568516294777,-1.0224227681842422,2.6499411770109873,1.701651023067825,0.10881318611308188,-0.029237139496260854,0.07577755724938483,0.04866030949579139,0.0031116152734653097,1.6275184088267451,1.810464209180907,0.04654041775312397,0.051771924769256704,0.18299442756334702,0.3110856957793166,0.058495804624664686,0.11985870361668836,0.2470400616713318,0.9108227458793234,0.5789314037753276,80,96.25,80,83.95833333333333,51.11111111111111,86.38888888888889
"Jones, Jared",683003,2024,1885,107.53628525590875,0.13974515572941765,0.18533840282416128,1.8528045485194866,1.3974515572941764,0.09829201848909742,0.07413536112966451,-0.031043738311211655,0.719403497188523,1.5077223428152138,-0.34327755317303854,-0.0016468826690297959,0.03816464176066435,0.07998527017587341,-0.018211010778410534,0.6883597588773114,1.1644447896421752,0.03651775909163455,0.06177425939746288,0.2054016398777671,0.28456148953453175,0.05122345342243466,0.15568706304116248,0.24498156470614943,0.8965447417682014,0.5707631532371754,79.93055555555556,87.98611111111111,79.93055555555556,72.84722222222221,49.375,75.83333333333333
"Velasquez, Vince",592826,2023,635,107.50802068646576,0.04689939762730801,0.18464329774530708,0.622388750505479,0.46899397627308004,0.09801397645755575,0.07385731909812283,0.04873755384232936,0.36473493941753077,0.2044992667333645,0.004416990512254415,0.007675205329500687,0.05743857313661902,0.032204608934388104,6.955890570479393e-4,0.41347249325986013,0.2089162572456189,0.0651137784661197,0.03290019799143605,0.20800662001476206,0.294165334657621,0.07464433839340814,0.1383647029260637,0.25108597733619153,0.8934954793402641,0.5722907283382278,79.86111111111111,71.11111111111111,79.86111111111111,75.41666666666667,55.486111111111114,73.33333333333333
"Weems, Jordan",607179,2023,919,107.49654260088089,0.06777111073544076,0.1843610194108834,0.8997107884875959,0.6777111073544075,0.09790106512378627,0.07374440776435336,-0.2166914368244761,0.29100416277378827,0.895601030929015,-0.07020296839073126,-0.02357904644444789,0.03166530606896499,0.09745386625995811,-0.007639060760688929,0.07431272594931215,0.8253980625382837,0.008086259624517101,0.08981480549926918,0.19796939264218494,0.25248929827621935,0.0483371563654779,0.14112603407868612,0.22522934545920215,0.905268404777918,0.56524887511856,79.79166666666667,77.08333333333334,79.79166666666667,62.5,30.694444444444446,83.125
"García, Luis",472610,2025,857,107.45515081644345,0.06285000757636965,0.18334307927762442,0.8355226293340365,0.6285000757636965,0.09749388907048268,0.07333723171104976,0.4156633796640108,0.11112046452944924,-0.14089265247139338,0.4496314376119699,0.04850214465157652,0.012966215230974241,-0.01644021615768884,0.052465745345620755,0.52678384419346,0.3087387851405765,0.06146835988255076,0.036025529187931914,0.24026079515465246,0.2418055152719491,0.10037679007184219,0.0976875659326879,0.24103315521330076,0.900967821997735,0.5710004886055179,79.72222222222223,76.04166666666666,79.72222222222223,73.125,46.25,80.27777777777779
"Suárez, Albert",544150,2024,2234,107.42201588560044,0.16310719804082258,0.18252819834469847,2.170731705817957,1.6310719804082257,0.0971679366973123,0.07301127933787939,0.2782490568888534,1.233115470266739,1.2293609850735265,-0.569993806411162,0.0124551950263587,0.0551976486242945,0.055029587514481934,-0.025514494467822828,1.5113645271555924,0.6593671786623645,0.0676528436506532,0.02951509304665911,0.21664361358457151,0.2863963677243514,0.06950827588857916,0.1662919661208969,0.25151999065446146,0.882099878995262,0.5668099348248617,79.65277777777777,90.20833333333333,79.65277777777777,65.55555555555556,56.18055555555556,59.02777777777778
"Anderson, Tyler",542881,2025,2339,107.42173774034656,0.17076698251895142,0.18252135797237218,2.27269404082665,1.7076698251895142,0.09716520054838179,0.07300854318894888,0.7970884510045835,1.8045483686037187,-0.3964768730893411,0.06753409430768897,0.034078172338802205,0.07715042191550743,-0.016950700003819628,0.00288730629789179,2.601636819608302,-0.3289427787816521,0.11122859425430963,-0.014063393705927837,0.24886932979554835,0.3630669040070169,0.11635240598690746,0.1501090522190801,0.3059681169012826,0.8667692708970063,0.5863686938991445,79.58333333333333,91.11111111111111,79.58333333333333,90.90277777777777,94.58333333333333,36.59722222222222
"Rodriguez, Grayson",680570,2024,1930,107.38984662213161,0.14030101486118698,0.18173706588236654,1.869233635648925,1.4030101486118698,0.09685148371237953,0.07269482635294662,-0.015319237610924574,0.33485106103353246,1.7456222148128973,-0.19592040258658017,-7.937428813950557e-4,0.017349795908473183,0.09044674688149727,-0.010151316196195864,0.3195318234226079,1.549701812226317,0.01655605302707813,0.0802954306853014,0.1976357017400552,0.24884391950526363,0.04829497687904544,0.1420163648229175,0.2232398106226594,0.9048443291490186,0.564042069885839,79.51388888888889,88.05555555555556,79.51388888888889,59.93055555555556,28.749999999999996,82.91666666666667
"Perkins, Jack",678022,2025,637,107.3720878032738,0.04619532324105012,0.18130032669171947,0.6158311397900889,0.46195323241050124,0.0966767880361207,0.07252013067668779,0.2859467958867299,-0.029243740863421408,-0.22223786912582,0.5813659538926004,0.04488960688959653,-0.004590854138684679,-0.034888205514257455,0.09126624079946631,0.2567030550233085,0.3591280847667804,0.04029875275091185,0.05637803528520885,0.25283824442266395,0.22859755851791586,0.11052479078021074,0.08333636751724065,0.2407179014702899,0.9030694208512743,0.5718936611607821,79.44444444444444,70.83333333333334,79.44444444444444,74.51388888888889,45.97222222222222,81.80555555555556
"Bradford, Cody",674003,2024,1175,107.36113011361758,0.08508449778615461,0.18103084635352046,1.1346857018348828,0.8508449778615461,0.09656899590084109,0.07241233854140817,-0.0034019294178051496,0.6389016193644466,1.0728556596968701,-0.5736696478086287,-2.895259078983106e-4,0.05437460590335715,0.09130686465505278,-0.04882294874967053,0.6354996899466414,0.4991860118882414,0.05408507999545884,0.042483915905382245,0.2069827662496106,0.28811401872108416,0.055995674624497845,0.1898180212694864,0.24754839248534738,0.8770931520530079,0.5623207722691776,79.375,80.48611111111111,79.375,56.18055555555556,51.736111111111114,51.59722222222223
"Wantz, Andrew",681806,2023,642,107.35365812496197,0.04644153250258661,0.18084708918452733,0.6195010652734254,0.46441532502586613,0.09649549303324384,0.07233883567381093,0.4205489027967815,0.39052456736044405,-0.19844677562537072,0.006874370741570601,0.0655060596256669,0.060829371862997514,-0.030910712714232198,0.0010707742588116202,0.8110734701572255,-0.19157240488380012,0.1263354314886644,-0.02983993845542058,0.24881966195146166,0.31634190580383775,0.10516677911832531,0.13191118124793058,0.28258078387764973,0.8814610198168721,0.5820209018472609,79.30555555555556,70.97222222222223,79.30555555555556,87.29166666666667,82.01388888888889,58.26388888888889
"Pivetta, Nick",601713,2024,2387,107.33956340528641,0.17234183966152541,0.18050046047499518,2.3000378077849177,1.723418396615254,0.09635684154943099,0.07220018418999807,-1.9573940246326629,0.7445244804833919,2.966947250118494,0.5459601018156945,-0.08200226328582584,0.031190803539312605,0.12429607248087533,0.022872228815068896,-1.212869544149271,3.5129073519341887,-0.05081145974651323,0.14716830129594421,0.136308284030161,0.3390423130564791,0.03666837498481299,0.11133919165931098,0.23767529854332003,0.925996216677938,0.581835757610629,79.23611111111111,91.31944444444444,79.23611111111111,87.08333333333333,42.43055555555556,94.09722222222221
"Walker, Ryan",676254,2025,1018,107.33483512269902,0.07345243758196232,0.1803841787376285,0.9804391477386503,0.7345243758196233,0.0963103288544843,0.07215367149505139,1.0664084907120355,-2.459192990214433,-0.1004839950664973,2.473707642307545,0.10475525449037677,-0.2415710206497478,-0.009870726430893645,0.24299682144474904,-1.3927844995023975,2.3732236472410477,-0.13681576615937108,0.23312609501385537,0.37221786935149614,0.06832246391294164,0.12857937489622717,0.011772467110420615,0.22027016663221888,0.9298240789966761,0.5750471228144475,79.16666666666666,77.84722222222223,79.16666666666666,79.51388888888889,26.111111111111114,95.41666666666667
"Cruz, Fernando",518585,2024,1138,107.2602836884052,0.08127630129145202,0.17855074976153784,1.0876657736648667,0.8127630129145202,0.09557695726404805,0.07142029990461514,0.39851721039440235,0.6718769560447981,0.6976125067985777,-0.6803408995729114,0.035019087029385096,0.05904015430973622,0.06130162625646552,-0.05978391033153879,1.0703941664392005,0.01727160722566623,0.0940592413391213,0.0015177159249267337,0.22946271452297826,0.3278728749838561,0.07379970008106951,0.2136204968846342,0.2786677947534172,0.8562899015171481,0.5674788481352826,79.09722222222221,79.93055555555556,79.09722222222221,67.77777777777779,79.02777777777777,23.61111111111111
"Abreu, Albert",656061,2023,1044,107.17392860901218,0.07367593024570156,0.17642703602897886,0.9889548052894952,0.7367593024570156,0.09472747177102445,0.07057081441159153,0.6906380541261115,0.5361134003810548,-0.473097627930656,0.23530097871298494,0.06615307031859305,0.051351858274047396,-0.04531586474431571,0.022538407922699708,1.2267514545071663,-0.23779664921767107,0.11750492859264046,-0.022777456821616002,0.2644608515290398,0.29512360945051075,0.11505784065049356,0.10975902214257914,0.2797922304897753,0.8875915686034637,0.5836918995466195,79.02777777777777,77.91666666666667,79.02777777777777,89.23611111111111,80.27777777777779,67.01388888888889
"Woods Richardson, Simeon",680573,2024,2295,107.15878368284837,0.16161810425162887,0.1760545797948027,2.170576328915274,1.6161810425162888,0.094578489277354,0.07042183191792109,0.11988504114287934,1.1757351532568237,0.6410189353179021,0.2339371991976691,0.005223749069406507,0.05123028990225811,0.027931108292719047,0.01019334201297033,1.295620194399703,0.8749561345155712,0.05645403897166462,0.038124450305689374,0.21390882371232883,0.28220450832009636,0.08082260226506055,0.1352050590479454,0.2480566660162126,0.8919861693434971,0.5700214176798548,78.95833333333333,89.93055555555556,78.95833333333333,71.38888888888889,52.15277777777778,72.01388888888889
"Finnegan, Kyle",640448,2023,1102,107.15811430920792,0.07759760242259137,0.17603811801858296,1.0421823883268644,0.7759760242259137,0.0945719045668661,0.07041524720743318,0.24419215226862434,0.6854113381650677,0.7372075208977549,-0.6246286230045826,0.02215899748354123,0.06219703613113137,0.06689723420124817,-0.05668136324905468,0.9296034904336921,0.11257889789317232,0.0843560336146726,0.010215870952193496,0.24559174528131517,0.3797620521629062,0.06941603705278453,0.2756682565248305,0.3126768987221107,0.8274578532111925,0.5700673759666516,78.88888888888889,78.95833333333333,78.88888888888889,71.52777777777779,96.38888888888889,3.888888888888889
"Wentz, Joey",666214,2025,1815,107.1293619813382,0.12729031877125785,0.17533101759126424,1.7113465187862857,1.2729031877125785,0.09428906439593861,0.0701324070365057,0.20536322782720617,0.8344646395280506,1.2992083431884112,-0.6276896917573822,0.011314778392683536,0.045976013197137774,0.07158172689743311,-0.03458345409131582,1.0398278673552568,0.671518651431029,0.057290791589821304,0.0369982728061173,0.20956018866109152,0.29455624122329305,0.056081764450133506,0.20349852607357696,0.25205821494219227,0.8702098547381447,0.5611340348401685,78.81944444444444,86.66666666666667,78.81944444444444,54.166666666666664,56.666666666666664,41.31944444444444
"Mears, Nick",683232,2024,1064,107.09536766348909,0.07426507281725381,0.1744950019202392,0.9996775624769043,0.7426507281725381,0.0939546581275286,0.06979800076809568,-1.7265542226123216,1.0653143878480478,1.9129998592993616,-0.2520824620581834,-0.16227013370416557,0.10012353269248571,0.17979321985896254,-0.02369196071975408,-0.6612398347642738,1.6609173972411782,-0.062146601011679875,0.15610125913920847,0.10376962002637595,0.3793583877223478,0.01974979691118128,0.2787865864861463,0.2415640038743619,0.8507318083013362,0.546147906087849,78.75,78.05555555555556,78.75,20.625,46.59722222222222,18.40277777777778
"Doval, Camilo",666808,2024,1112,107.09152623286012,0.07757335590467104,0.17440053036122088,1.0443555888836045,0.7757335590467105,0.09391686950392127,0.06976021214448835,1.263974900381072,-0.3853260967589449,0.7879403363463098,-0.6222335510848325,0.1136668075882259,-0.03465162740637994,0.07085794391603506,-0.05595625459395975,0.8786488036221272,0.1657067852614773,0.07901518018184597,0.014901689322075298,0.285835214208919,0.2370394429574318,0.07107580554113026,0.18334614806724106,0.26143732858317537,0.8727890231958143,0.5671131758894948,78.68055555555556,78.88888888888889,78.68055555555556,66.52777777777777,65.90277777777777,45.55555555555556
"Koch, Matt",571863,2023,562,107.09012129613672,0.039197472084740906,0.17436597902464818,0.527735135207422,0.39197472084740903,0.09390304896929218,0.06974639160985927,0.23204065218669712,0.33502261689909574,-0.3368843325179114,0.2975561986395405,0.04128837227521301,0.05961256528453661,-0.05994383140888103,0.05294594281842358,0.5670632690857929,-0.03932813387837086,0.10090093755974962,-0.006997888590457448,0.24707808647970858,0.3116807714507862,0.15098708402868918,0.08822135373894074,0.27937942896524737,0.880395781116185,0.5798876050407162,78.61111111111111,69.09722222222221,78.61111111111111,85.41666666666666,79.65277777777777,56.458333333333336
"Beeks, Jalen",656222,2023,730,107.07519511529286,0.050807679486706614,0.17399890235173496,0.6844203935909263,0.5080767948670661,0.0937562183001269,0.06959956094069399,0.0420009591816779,0.4462123570192489,-0.06660520206946785,0.2628122794594674,0.005753556052284644,0.061124980413595736,-0.009124000283488747,0.03600168211773526,0.4882133162009268,0.19620707738999954,0.06687853646588038,0.026877681834246513,0.24260154481276447,0.32862973611592206,0.09700749314408862,0.11692678396193464,0.2856156404643433,0.8930328614469883,0.5893242509556658,78.54166666666667,72.01388888888889,78.54166666666667,92.63888888888889,84.51388888888889,73.05555555555556
"Duran, Jhoan",661395,2023,1073,107.07291192593871,0.07465622929506284,0.17394275231841294,1.0057632264173435,0.7465622929506284,0.09373375828679809,0.06957710092736517,0.04185834072268335,0.3300134026876549,1.246719336672868,-0.6128278536658627,0.003901056917305065,0.0307561419093807,0.1161900593357752,-0.05711349987566288,0.37187174341033824,0.6338914830070053,0.03465719882668576,0.059076559460112324,0.2199769242290599,0.27850619040393026,0.04408613540480777,0.18959227999747855,0.24924155731649508,0.8831607922988568,0.566201174807676,78.47222222222221,78.125,78.47222222222221,64.51388888888889,53.333333333333336,60.69444444444444
"Thompson, Mason",666168,2023,875,107.02352796821047,0.060454891775682404,0.17272826221623544,0.815919669651862,0.6045489177568241,0.09324796224592709,0.06909130488649418,0.06572129852315811,-0.24003609291389694,0.12456248379976387,0.865671980242837,0.007511005545503784,-0.027432696333016794,0.014235712434258727,0.09893394059918137,-0.17431479439073883,0.9902344640426008,-0.01992169078751301,0.11316965303344009,0.2331657699492516,0.21927687696826778,0.07742432460973928,0.06465747261803621,0.22622132345875967,0.9289591013861123,0.5775902124224359,78.40277777777777,75.34722222222221,78.40277777777777,82.63888888888889,31.666666666666664,95.20833333333333
"García, Luis",472610,2024,908,107.01695379639932,0.06267618362947211,0.17256658488290783,0.846104285118372,0.6267618362947212,0.09318329131259603,0.06902663395316312,0.2648194637785082,0.41922851559752417,-0.038567316050830414,0.20062362179317006,0.029165139182655085,0.0461705413653661,-0.004247501767712601,0.02209511253228745,0.6840479793760323,0.16205630574233965,0.07533568054802119,0.01784761076457485,0.24168516681081129,0.26015894264720785,0.08391894761515836,0.12362699593377223,0.2509220547290096,0.8962270282255347,0.5735745414772722,78.33333333333333,75.97222222222221,78.33333333333333,77.70833333333333,55.27777777777778,75.41666666666667
"Molina, Anthony",683627,2025,608,107.00604888131971,0.04190297146845753,0.1722984024196444,0.5659021914299274,0.4190297146845753,0.09307601832729068,0.06891936096785777,0.3317062970572806,0.6295421892191371,-0.11227537346758254,-0.28307092137890777,0.0545569567528422,0.10354312322683175,-0.018466344320326074,-0.0465577173320572,0.9612484862764177,-0.3953462948464903,0.15810007997967396,-0.06502406165238327,0.2478987078640491,0.3380489525552448,0.09572361444551351,0.20463818266001843,0.29297383020964696,0.849819101447234,0.5713964658284405,78.26388888888889,69.58333333333333,78.26388888888889,73.81944444444444,88.95833333333333,17.5
"Duran, Jhoan",661395,2024,881,106.9406526627286,0.06015120036332573,0.17069012588911955,0.8143321549698612,0.6015120036332573,0.09243270771508073,0.06827605035564782,0.22816838812332207,0.23806584906674289,0.7800892971858957,-0.43199137940609944,0.025898795473702843,0.02702223031404573,0.08854589071349554,-0.04903420878616338,0.46623423719006496,0.34809791777979626,0.05292102578774858,0.039511681927332155,0.23671535527923127,0.26221680248114565,0.05197232952432633,0.16898949975556654,0.24946607888018846,0.8895190853600535,0.569492582120121,78.19444444444444,75.27777777777777,78.19444444444444,70.76388888888889,53.95833333333333,69.51388888888889
"Martinez, Seth",661527,2024,810,106.93391111616953,0.05524988367850101,0.1705243323410525,0.7481677613964166,0.5524988367850101,0.0923663902958539,0.06820973293642099,0.8691379068222886,-0.3293951308278338,-0.33806277505300386,0.5464877604549656,0.10730097615089984,-0.040666065534300466,-0.041736145068272085,0.06746762474752663,0.5397427759944549,0.20842498540196175,0.06663491061659936,0.025731479679254536,0.38476449658651823,0.20191009396129003,0.14306636831777494,0.10330310406699045,0.2933372952739041,0.8768152638076173,0.5850762795407607,78.125,73.40277777777777,78.125,90.13888888888889,89.30555555555556,51.18055555555555
"Cueto, Johnny",456501,2023,860,106.9062135180531,0.0584260507132862,0.16984317067815755,0.792007760423985,0.584260507132862,0.09209392563069593,0.06793726827126302,0.9585680731606772,0.3755306647917678,-0.10464493896097338,-0.43744603856748654,0.1114614038558927,0.043666356371135785,-0.012168016158252718,-0.05086581843807983,1.334098737952445,-0.5420909775284599,0.15512776022702848,-0.06303383459633255,0.3939409274373661,0.2951310121745791,0.11037629403601909,0.18753897248698576,0.34453596980597256,0.8510423667384976,0.5977891682722352,78.05555555555556,74.86111111111111,78.05555555555556,95.90277777777779,99.51388888888889,18.61111111111111
"Ross, Joe",605452,2024,1181,106.88829924791963,0.08002579225748509,0.16940260850441383,1.0855480459897535,0.8002579225748508,0.09191770076119844,0.06776104340176553,1.4793308735663686,0.2705662663020121,-0.4559423203991173,-0.20840677347950987,0.1252608699040109,0.022909929407452335,-0.0386064623538626,-0.01764663619640219,1.7498971398683807,-0.6643490938786272,0.14817079931146324,-0.05625309855026479,0.33031822786076565,0.2677910971428255,0.10990914617428203,0.14171599518109226,0.2990546625017956,0.8741874293223129,0.5866210459120542,77.98611111111111,79.65277777777777,77.98611111111111,91.25,91.875,47.36111111111111
"Wheeler, Zack",554430,2025,2289,106.86927921775084,0.15467675102994724,0.16893485258840896,2.0997133972568918,1.5467675102994725,0.0917305983947965,0.06757394103536359,1.7074816079953052,-0.3834073371795057,0.1065068889054146,0.6691322375356776,0.07459508990805178,-0.016749992886828557,0.004652987719764726,0.02923251365380855,1.3240742708157995,0.7756391264410922,0.057845097021223216,0.033885501373573275,0.27860630273558795,0.22572663055572306,0.09180179474667025,0.11545260038453042,0.2521664666456555,0.8963728024343997,0.5742696345400276,77.91666666666667,89.09722222222223,77.91666666666667,78.40277777777777,56.80555555555556,75.69444444444444
"Blanco, Ronel",669854,2023,905,106.83578578104135,0.06085623810644671,0.1681111549901843,0.8271801301673349,0.6085623810644671,0.09140111935550663,0.067244461996073715,0.07073471150988553,0.769013149921193,-0.2564734296483948,0.24390569838465126,0.007815990222086799,0.08497382872057381,-0.02833960548601048,0.026950905898856493,0.8397478614310785,-0.012567731263743553,0.0927898189426606,-0.0013886995871539838,0.21798287624604626,0.3546450715378944,0.10970338346634173,0.12374860048259803,0.28631397389197033,0.8832740080255301,0.5847939909587503,77.84722222222223,75.55555555555556,77.84722222222223,89.86111111111111,84.72222222222221,60.97222222222223
"Rogers, Trevor",669432,2024,2242,106.76469678984427,0.1491942282784992,0.16636287720617662,2.033534540783478,1.4919422827849922,0.09070180824190356,0.06654515088247065,2.762106816811638,1.466571281479446,-0.7369778649558612,-1.458165692551745,0.1231983415170222,0.06541352727383791,-0.03287144803549782,-0.06503861251345874,4.228678098291084,-2.195143557507606,0.18861186879086014,-0.09791006054895657,0.3310039243668157,0.29466718079655124,0.11474733378130603,0.18703023459388735,0.3128355525816835,0.8491112158124033,0.5809733841970435,77.77777777777779,88.54166666666666,77.77777777777779,86.25,96.45833333333333,16.52777777777778
"Hernández, Carlos",672578,2024,560,106.72115817532935,0.03702543947129706,0.16529214049686183,0.5055316759257948,0.37025439471297056,0.09027351355817764,0.06611685619874473,-0.1695467799927428,0.28993147530491115,0.4226336779356643,-0.0374866973220378,-0.030276210712989787,0.05177347773301985,0.07547029963136863,-0.006694053093221035,0.12038469531216833,0.3851469806136265,0.02149726702003006,0.0687762465381476,0.19930847598450388,0.31819773493742337,0.05094611161844808,0.13897332246865426,0.25875310546096364,0.9050402829564488,0.5818966942087063,77.70833333333333,68.40277777777779,77.70833333333333,87.15277777777779,63.541666666666664,82.98611111111111
"Junis, Jakob",596001,2023,1361,106.71494901590566,0.08990191105022571,0.16513943984244253,1.227791217164139,0.8990191105022571,0.09021243329640992,0.06605577593697701,0.6270753006135692,-0.8534865966999234,-1.0284856966000007,2.482688209850494,0.04607459960422992,-0.06271025692137572,-0.07556838329169732,0.18241647390525303,-0.22641129608635424,1.4542025132504932,-0.016635657317145794,0.10684809061355571,0.2652328835798812,0.1588838020446298,0.14898681216634335,0.03437544213230833,0.2120583428122555,0.9083188728506741,0.5601886078314648,77.63888888888889,81.31944444444444,77.63888888888889,52.15277777777778,19.51388888888889,85
"Foley, Jason",671345,2024,906,106.6570207947309,0.05933025161062975,0.1637148223251373,0.8121618317827597,0.5933025161062975,0.08964258628948782,0.0654859289300549,0.8305877102561681,-0.3082319245550025,-0.12701558877506613,0.41682163485666024,0.09167634771039383,-0.03402118372571771,-0.014019380659499573,0.04600680296431128,0.5223557857011656,0.2898060460815941,0.05765516398467611,0.03198742230481171,0.30712169367704045,0.21674695248313242,0.10142580214167037,0.10164120580999227,0.26193432308008646,0.8984664960241687,0.5802004095521276,77.56944444444444,75,77.56944444444444,85.76388888888889,66.38888888888889,78.05555555555556
"Anderson, Tyler",542881,2024,2913,106.60730284976255,0.18933581652221126,0.1624921185394878,2.597041594102393,1.8933581652221125,0.08915350477522804,0.06499684741579513,-0.055798884944920246,2.0848116650549855,0.18789623392467547,0.38013258006765227,-0.001915512699791289,0.07156922983367613,0.006450265496899261,0.01304952214444395,2.0290127801100653,0.5680288139923277,0.06965371713388484,0.019499787641343212,0.2335208380385963,0.3656116616008764,0.09632882426513585,0.14793831680094696,0.29956624981973634,0.8778664294669586,0.5887163396433475,77.5,92.63888888888889,77.5,92.43055555555556,92.22222222222223,52.56944444444444
"Anderson, Grant",681982,2023,597,106.58859410589997,0.03869324590491614,0.162032018027287,0.5311477034849759,0.3869324590491614,0.08896946457034771,0.0648128072109148,0.6152800478641893,0.0623852141225143,-0.7191099723386287,0.572592413836901,0.10306198456686588,0.010449784610136398,-0.12045393171501317,0.09591162710835863,0.6776652619867036,-0.14651755850172776,0.11351176917700229,-0.024542304606654568,0.4173659530583376,0.23830454088919492,0.23805486173737667,0.08330572816048663,0.32783524697376626,0.8393197050510683,0.5835774760124173,77.43055555555556,68.75,77.43055555555556,89.16666666666667,98.88888888888889,9.027777777777777
"Santos, Gregory",666619,2023,1043,106.58643425778355,0.06757759762282808,0.16197890130112197,0.9277299124871661,0.6757759762282809,0.08894821787988169,0.06479156052044878,0.5941981291547336,0.17364476758302771,-1.037392630614704,1.1972796463641089,0.05697009867255355,0.016648587495975812,-0.09946238069172618,0.11479191240307851,0.7678428967377613,0.15988701574940478,0.07361868616852936,0.015329531711352328,0.27616661855131985,0.2704237266543566,0.22099070844515173,0.04958195958753277,0.2732951726028382,0.8647136659836577,0.569004419293248,77.36111111111111,76.94444444444444,77.36111111111111,70.06944444444444,75.41666666666667,33.40277777777778
"Miller, Mason",695243,2025,1011,106.57545045579256,0.06539503014159796,0.16170877878733422,0.8981741073198464,0.6539503014159797,0.0888401688743666,0.06468351151493369,-0.5488122191645743,-0.5911085793304665,1.64975597648845,0.3883389293264372,-0.05428409685109539,-0.05846771308906691,0.16318061092863007,0.038411367885898835,-1.1399207984950408,2.038094905814887,-0.11275180994016229,0.20159197881452892,0.1551422702971818,0.21001569919097615,0.022285185183256936,0.09122590183917101,0.18257898474407896,0.9432444564887861,0.5629117206164325,77.29166666666667,76.59722222222223,77.29166666666667,57.22222222222222,6.527777777777779,97.56944444444444
"Wheeler, Zack",554430,2024,3311,106.57008813779353,0.21399245210784373,0.16157690433996053,2.939751446249261,2.1399245210784374,0.08878741909541712,0.06463076173598421,2.710755927395212,0.7332130330796645,-0.7921879614891623,0.2879704472635467,0.08187121496210244,0.022144760890355313,-0.02392594266050022,0.00869738590345958,3.4439689604748764,-0.5042175142256156,0.10401597585245777,-0.01522855675704064,0.29085169511147596,0.27180399163113483,0.11057621780581361,0.12698525514179979,0.2813278433713054,0.8812192635261933,0.5812735534487493,77.22222222222223,94.09722222222221,77.22222222222223,86.38888888888889,80.97222222222223,57.77777777777777
"Leclerc, José",600917,2024,1223,106.56033098105935,0.0789260351940966,0.16133694847525878,1.0846962714468305,0.789260351940966,0.08869143674953643,0.06453477939010352,0.39456755088917816,0.6950930295543003,-0.23500673752050716,0.23004242852385914,0.03226226908333427,0.05683508009438269,-0.019215595872486276,0.018809683444305735,1.0896605804434785,-0.004964308996648015,0.08909734917771696,-4.059124281805409e-4,0.24584419637842764,0.3093062117572448,0.10188239326266614,0.11933493179218577,0.2775752040678362,0.889391337472574,0.5834832707702051,77.15277777777779,79.375,77.15277777777779,88.95833333333333,78.54166666666667,69.375
"Faedo, Alex",656412,2024,1064,106.55014432958274,0.06855838466315337,0.1610864301295897,0.9426106809358998,0.6855838466315336,0.08859122941126879,0.06443457205183588,0.3393573188212713,0.38113127411452297,0.27601763218990527,-0.05389554418979969,0.031894484851623245,0.035820608469410056,0.025941506784765533,-0.005065370694530046,0.7204885929357943,0.22212208800010558,0.0677150933210333,0.020876136090235486,0.22122519678750036,0.26193995459738373,0.07275868847619144,0.1335686404669244,0.24158257569244204,0.8968363355284421,0.5692094556104421,77.08333333333334,77.15277777777779,77.08333333333334,70.34722222222223,46.666666666666664,76.31944444444444
"Steele, Justin",657006,2024,2046,106.53589314429239,0.1315463043374556,0.16073595349151468,1.8097082529485533,1.315463043374556,0.08845103875603878,0.06429438139660587,0.3140122098388929,-0.08068658576507914,1.430554147926614,0.14582848094812562,0.015347615339144326,-0.003943625892721366,0.06991955757217078,0.007127491737445045,0.23332562407381374,1.5763826288747396,0.01140398944642296,0.07704704930961581,0.2365117713560844,0.26214784614235426,0.06271196413187546,0.1429583945832393,0.24932980874921934,0.8971648206424426,0.573247314695831,77.01388888888889,86.94444444444444,77.01388888888889,76.875,53.541666666666664,76.52777777777777
"Gray, Jon",592351,2023,2462,106.53243929689194,0.15820911828361037,0.16065101369172458,2.176828087025342,1.5820911828361037,0.08841706283612275,0.06426040547668983,1.5596732738258652,0.6598134846858557,0.1476815280093433,-0.19034019949572212,0.06334984865255341,0.026799897834518912,0.005998437368373002,-0.007731121019322588,2.219486758511721,-0.04265867148637881,0.09014974648707233,-0.0017326836509495862,0.26342613868507747,0.25229092654433377,0.08668050014860536,0.13713569186324698,0.2578585326147056,0.8880919039940738,0.5729752183043897,76.94444444444444,89.44444444444444,76.94444444444444,76.59722222222223,62.708333333333336,67.91666666666667
"Agnos, Zach",688642,2025,527,106.52029948886951,0.03380229893597897,0.16035246174563078,0.46532857364400115,0.3380229893597897,0.08829764205768523,0.06414098469825232,0.4040145328071958,0.19046629086551548,-0.09752873305023968,-0.031623516978470434,0.07666309920440148,0.036141611169927035,-0.018506400958299748,-0.006000667358343536,0.5944808236727113,-0.12915225002871011,0.11280471037432852,-0.024507068316643284,0.26809024454769775,0.3033137544276422,0.1064650548015624,0.1363325562626627,0.28570199948766994,0.8786011944678874,0.5821515969777786,76.875,67.43055555555556,76.875,87.43055555555556,84.58333333333333,54.02777777777777
"Littell, Zack",641793,2024,2553,106.51869511964529,0.16371164152726353,0.1603130058042142,2.2538358776589575,1.6371164152726354,0.0882818596811186,0.06412520232168568,1.6405263032836501,1.7835004297544401,-0.6845878425774572,-0.4856030128016755,0.06425876628608108,0.06985900625751822,-0.026815034961905883,-0.019020877900574835,3.4240267330380902,-1.1701908553791327,0.1341177725435993,-0.04583591286248072,0.2657741504440639,0.3212507422035231,0.10628528785753295,0.16265122992216188,0.2935124463237935,0.8655317411101526,0.579522093716973,76.80555555555556,90.27777777777779,76.80555555555556,84.72222222222221,89.375,35.06944444444444
"Crochet, Garrett",676979,2024,2365,106.50144668173253,0.15125482212432595,0.15988881831324095,2.0838531677938477,1.5125482212432595,0.0881121846847293,0.06395552732529639,1.5562196305359066,0.43931816427607373,-0.15866612250829348,0.2469814954901608,0.06580209854274446,0.018575820899622567,-0.006708926955953213,0.010443192198315467,1.9955377948119803,0.08831537298186731,0.08437791944236703,0.003734265242362254,0.2743186469321433,0.26149905846421895,0.09507030361012268,0.12940577307947662,0.2679088526981811,0.8877619616552004,0.5778354071766907,76.73611111111111,88.81944444444444,76.73611111111111,82.84722222222223,70.625,67.5
"Smyly, Drew",592767,2023,2399,106.47120428767855,0.1527156120287445,0.15914507297701594,2.1066743303402404,1.527156120287445,0.08781468655023929,0.06365802919080638,-0.39046758020595007,0.09916087727742706,3.8880836538758103,-1.490102620607047,-0.016276264285366823,0.004133425480509673,0.16207101516781203,-0.06211348981271558,-0.291306702928523,2.3979810332687634,-0.01214283880485715,0.09995752535509643,0.1764456369359224,0.292056568895025,0.03157487394870853,0.3115917350241219,0.2342511029154737,0.8284166955135848,0.5313338992145292,76.66666666666667,88.95833333333333,76.66666666666667,4.444444444444445,38.958333333333336,4.166666666666666
"Woo, Bryan",693433,2025,2753,106.4449956690219,0.1745407830825621,0.15850052949742294,2.410440607930809,1.7454078308256211,0.08755686915840208,0.06340021179896917,3.0833761933963615,0.8273453089343548,-0.8639864643114379,-0.6362944300884692,0.11200058820909414,0.03005249941643134,-0.03138345311701554,-0.023112765350107853,3.9107215023307162,-1.500280894399907,0.14205308762552546,-0.0544962184671234,0.31147315052537705,0.27499248580222585,0.11629260578617495,0.16487762015004714,0.2932328181638014,0.859414887031889,0.5763238525978451,76.59722222222223,91.59722222222221,76.59722222222223,80.97222222222223,89.16666666666667,26.73611111111111
"Bergert, Ryan",686701,2025,1312,106.40838468471061,0.0827085653614403,0.15760016265518353,1.1440209981701628,0.8270856536144031,0.08719672242150632,0.06304006506207341,0.2070955230774416,0.52160025254215725,-0.1065221916437622,0.5218474141943261,0.015784719746756222,0.039756116809615646,-0.008119069485042851,0.0397749553501773,0.7286957756195989,0.4153252225505639,0.05554083655637187,0.031655885865134445,0.21601337893457417,0.28012137303243206,0.08549965127412254,0.10997837853425702,0.24806737598350312,0.9022609850958102,0.5751641805396567,76.52777777777777,80.20833333333334,76.52777777777777,79.86111111111111,52.22222222222223,81.18055555555556
"Luzardo, Jesús",666200,2025,3124,106.3759751254412,0.19594117955773643,0.15680312064479546,2.714065771486048,1.9594117955773642,0.08687790561735109,0.06272124825791818,2.10023624665223,0.3019212895912915,-0.7555347205669705,1.067442955809497,0.06722907319629418,0.009664573930579115,-0.024184850210210322,0.03416910870068813,2.4021575362435215,0.31190823524252664,0.07689364712687329,0.009984258490477805,0.25425124944874145,0.2167169606777482,0.10787107192775103,0.11794279789085506,0.23548410506324483,0.887093065090697,0.5612885850769709,76.45833333333333,93.125,76.45833333333333,54.44444444444444,40.416666666666664,66.45833333333333
"Verlander, Justin",434378,2025,2608,106.33783112892954,0.1625984230085607,0.15586505273059886,2.2559898540196173,1.625984230085607,0.08650267845167245,0.06234602109223954,-0.49625521063819633,1.0673204325248662,1.6014574748904806,0.08346715724246678,-0.01902819059195538,0.04092486321030929,0.061405578024941745,0.003200427808376794,0.5710652218866699,1.6849246321329474,0.021896672618353905,0.06460600583331853,0.16449707423379503,0.2843430313776939,0.057389465045085505,0.12992467923259413,0.22442005280574445,0.9063429278611602,0.5653814903334523,76.38888888888889,90.13888888888889,76.38888888888889,62.84722222222222,29.86111111111111,83.88888888888889
"Verlander, Justin",434378,2024,1580,106.31564938237095,0.09816195012443811,0.15531954133613624,1.363294687523421,0.9816195012443811,0.08628447389388741,0.0621278165344545,-1.1533932948968868,0.7495768827252505,1.8448151313709786,-0.07770403167592121,-0.07299957562638525,0.04744157485602851,0.11676045135259358,-0.004917976688349444,-0.40381641217163633,1.7671110996950574,-0.02555800077035673,0.11184247466424414,0.13800470495491818,0.29774194214374744,0.04065342335079875,0.1378530655671993,0.2178733235493328,0.9107467555410009,0.5643100395451669,76.31944444444444,82.63888888888889,76.31944444444444,60.69444444444444,23.958333333333336,86.25
"Tinoco, Jesus",622786,2024,664,106.30869521627727,0.04120744661374672,0.15514851887705844,0.5724746710041018,0.41207446613746723,0.08621606491025628,0.06205940755082337,0.7539911474764267,-0.28031346327247775,-0.6277565835198402,0.726553570319993,0.11355288365608836,-0.042215883022963516,-0.09454165414455425,0.10942071842168569,0.47367768420394896,0.09879698680015281,0.07133700063312484,0.014879064277131447,0.30426421512116153,0.20208288668558363,0.1743886739687841,0.06452015579839915,0.25317355090337257,0.8805455851164083,0.5668595680098905,76.25,69.44444444444444,76.25,65.83333333333333,58.40277777777778,56.875
"Urías, Julio",628711,2023,1845,106.25532177911053,0.11353090621477324,0.15383591628018056,1.5809993904292696,1.1353090621477324,0.08569102387150514,0.061534366512072225,-0.6133977788601896,-0.148814505036853,0.86011105227999,1.4831006220463223,-0.03324649207914307,-0.008065826831265745,0.04661848521842764,0.0803848575634863,-0.7622122838970427,2.3432116743263123,-0.04131231891040882,0.12700334278191394,0.16566323171511388,0.19061263887145025,0.0636360639477646,0.08466398631424635,0.17813793529328206,0.9258499748689946,0.5519939550811384,76.18055555555556,84.86111111111111,76.18055555555556,33.75,5.416666666666667,93.88888888888889
"Paddack, Chris",663978,2024,1451,106.11855452223759,0.08733419583933866,0.1504724256363519,1.223855056678758,0.8733419583933866,0.08434562761397367,0.06018897025454076,-0.1620574163434867,0.9421230456816829,0.9816192612152008,-0.537829833874639,-0.011168671009199634,0.06492922437502983,0.06765122406720889,-0.037066149819065405,0.7800656293381962,0.4437894273405618,0.0537605533658302,0.03058507424814348,0.19243144301811207,0.30031400224605953,0.06260626353070131,0.17271289672207144,0.24637272263208582,0.8823404198736137,0.5643565712528498,76.11111111111111,80.83333333333333,76.11111111111111,60.83333333333333,50.48611111111111,59.375
"Stephan, Trevor",663986,2023,1127,106.10316207300652,0.06766232205760016,0.15009388211535085,0.9488687490168104,0.6766232205760015,0.08419421020557324,0.06003755284614033,0.716346787279349,-0.09255363694649077,0.6205751537481774,-0.2954995550642252,0.06356227038858465,-0.008212390146095011,0.0550643437221098,-0.026220013759026193,0.6237931503328582,0.3250755986839522,0.055349880242489644,0.028844329963083604,0.2785443365128823,0.23564575690084746,0.06651270252518249,0.1759406305850124,0.2570950467068649,0.8787733334449026,0.5679341900758837,76.04166666666666,77.01388888888889,76.04166666666666,68.33333333333333,62.01388888888889,54.23611111111111
"Peralta, Freddy",642547,2025,3279,106.0960231163891,0.19663286213596365,0.1499183151387341,2.7584254161754416,1.9663286213596365,0.08412398341492655,0.05996732605549364,0.29012213972703194,0.08866875663011342,3.7307873177800275,-1.3511527979617313,0.008847884712626776,0.002704140183900989,0.11377820426288587,-0.04120624574448708,0.37879089635714536,2.379634519818296,0.011552024896527764,0.07257195851839879,0.21061926052915705,0.243461420372447,0.04584597479076613,0.1709512198954424,0.22704034045080201,0.8916014026568957,0.5593208715538489,75.97222222222221,93.19444444444444,75.97222222222221,49.861111111111114,32.361111111111114,71.59722222222223
"Ginn, J.T.",669372,2025,1575,106.09198776230049,0.0943860169083218,0.14981907445765366,1.3243275224942863,0.943860169083218,0.08408428714249437,0.05992762978306146,0.9930297949697433,0.6231306998940909,-1.6119038677079516,1.3200708953384037,0.06304951079172973,0.039563853961529574,-0.10234310271161598,0.08381402510085104,1.6161604948638342,-0.29183297236954786,0.10261336475325931,-0.018529077610764944,0.29339788051116816,0.31288281233963955,0.16100521929436903,0.08117226087061351,0.3031403464254039,0.8789112599175087,0.5910258031714564,75.90277777777777,81.73611111111111,75.90277777777777,93.61111111111111,93.61111111111111,54.37499999999999
"Svanson, Matt",694335,2025,956,106.03833076443236,0.056786208152749,0.14849949830739798,0.7987997258836685,0.56786208152749,0.0835564566823921,0.05939979932295919,0.39328519976322696,-0.24522288576372375,-0.38828848320554243,1.0390258950897078,0.04113861922209487,-0.025650929473192863,-0.040615950126102765,0.10868471705959286,0.1480623139995032,0.6507374118841653,0.015487689748902009,0.0680687669334901,0.26367555969160583,0.20168829626185503,0.13579060348539204,0.06026453771337413,0.23268192797673043,0.901972429400617,0.5673271786886737,75.83333333333333,73.95833333333334,75.83333333333333,67.43055555555556,37.083333333333336,80.97222222222223
"Lynch IV, Daniel",663738,2023,807,106.01671064680644,0.04776400549926437,0.14796779894443735,0.6725842798832673,0.4776400549926437,0.08334377693720785,0.059187119577774935,0.3034416466962284,0.5886029951652745,0.07851018522114828,-0.2979705471993839,0.037601195377475645,0.07293717412209101,0.0097286474871311375,-0.03692324004948995,0.8920446418615029,-0.2194603619782356,0.11053836949956666,-0.02719459256235881,0.25620777099244774,0.32943630319782974,0.09049574752275215,0.18245912755755972,0.29282203709513877,0.863522562459844,0.5781722997774914,75.76388888888889,71.38888888888889,75.76388888888889,83.40277777777779,88.81944444444444,31.805555555555554
"Corbin, Patrick",571578,2024,2974,105.94977570197491,0.17406427150070689,0.14632168081767558,2.4590617048766035,1.740642715007069,0.08268532968650315,0.058528672327070236,1.4327398742789228,1.9274038961345923,-1.0663125155301714,0.16523044999325975,0.04817551695625161,0.06480846994400108,-0.03585448942603132,0.005555832212281767,3.360143770413515,-0.9010820655369116,0.1129839869002527,-0.030298657213749552,0.25076085588541086,0.3107685284572581,0.10177160330127273,0.12762086777162665,0.2807646921713345,0.8853037644635503,0.5830342283174423,75.69444444444444,91.52777777777777,75.69444444444444,88.26388888888889,80.69444444444444,63.263888888888886
"Sale, Chris",519242,2024,2813,105.94426920183231,0.16448878034473968,0.14618626052678607,2.3244145749682446,1.6448878034473968,0.08263116157014734,0.05847450421071443,0.3102560359054678,-2.4836975682899265,2.4056018659150595,2.0922542414376437,0.011029364945093061,-0.0882935502413767,0.08551730771116457,0.0743780391552664,-2.1734415323844587,4.497856107352703,-0.07726418529628364,0.15989534686643098,0.2074946924965213,0.14847819682693197,0.04870162691849739,0.09507338676211433,0.17798644466172664,0.9281124931596941,0.5530494689107104,75.625,90.48611111111111,75.625,35.625,5.347222222222222,94.93055555555556
"Erceg, Lucas",668674,2024,1073,105.93475385321395,0.06264270630183122,0.14595225140221627,0.8856279964850273,0.6264270630183122,0.08253755792031942,0.0583809005608865,0.3780810356861366,0.5111166721737845,0.17120929867223822,-0.17477901004713203,0.03523588403412271,0.04763435900967237,0.015956132215492844,-0.016288817338968503,0.8891977078599211,-0.0035697113748938136,0.08287024304379507,-3.3268512347565834e-4,0.2402818602943983,0.31039882255113943,0.08714815823841915,0.1495221227394033,0.27534034142276886,0.8816648595110887,0.5785026004669288,75.55555555555556,75.90277777777777,75.55555555555556,83.68055555555556,76.94444444444444,58.611111111111114
"Cole, Gerrit",543037,2023,3279,105.93217933139961,0.19134792935756623,0.14588893668615904,2.7055760883914672,1.9134792935756622,0.08251223203389653,0.05835557467446362,-0.3989917186632965,1.9270009058805044,1.0278650158459186,0.14970188532834072,-0.012168091450542743,0.0587679446746113,0.03134690502732292,0.004565473782505054,1.528009187217208,1.1775669011742593,0.04659985322406856,0.03591237880982798,0.20584490570103436,0.29301539030071755,0.06541037581883605,0.12548984265561317,0.24943014800087596,0.9045498907627754,0.5769900193818257,75.48611111111111,92.91666666666667,75.48611111111111,82.08333333333333,53.81944444444444,82.56944444444444
"Hendricks, Kyle",543294,2023,2108,105.92638488833548,0.12289339405169972,0.14574643507080137,1.738156277653843,1.2289339405169972,0.08245523138775346,0.058298574028320546,1.4361112274301604,1.0074114857643508,-1.0269707496321416,0.3216043140914735,0.06812671856879318,0.04778991867952328,-0.04871777749678091,0.01525637163621791,2.443522713194511,-0.7053664355406681,0.11591663724831647,-0.03346140586056301,0.290963177963252,0.31849260410892355,0.15420276621779785,0.15572712335792643,0.3047278910360878,0.8450350552121378,0.5748814731241128,75.41666666666667,85.90277777777777,75.41666666666667,79.375,94.23611111111111,13.472222222222221
"McGough, Scott",543518,2023,1225,105.89308219119931,0.07101443986403044,0.14492742829393965,1.0060634512933575,0.7101443986403044,0.08212762867700878,0.057970971317575865,0.48649616261855044,0.9477671505337639,0.5084670031255882,-0.9366668649845451,0.03971397245865718,0.07736874698234808,0.04150751045923169,-0.07646260122322818,1.4342633131523144,-0.42819986185895687,0.11708271944100525,-0.03495509076399648,0.2271511974395147,0.32923072234545,0.0768095314568146,0.25844422414188006,0.2781909598924823,0.8323731222006527,0.5552820410465675,75.34722222222221,77.36111111111111,75.34722222222221,40,78.81944444444444,5.416666666666667
"Chargois, JT",608638,2023,710,105.88915122645443,0.04113193437449173,0.14483075483975957,0.582831610996891,0.4113193437449173,0.08208895929533674,0.05793230193590383,0.44505959615662505,-0.5998656189913163,-0.06426204395302193,0.8018996777846041,0.06268445016290494,-0.08448811535088961,-0.009050992106059428,0.11294361658938086,-0.15480602283469125,0.7376376338315822,-0.021803665187984683,0.10389262448332144,0.2761318418399006,0.17930356659689528,0.11207182331358374,0.06348832325940072,0.22771770421839793,0.9122199267135078,0.5699688154659529,75.27777777777777,69.375,75.27777777777777,71.25,33.125,87.36111111111111
"Blanco, Ronel",669854,2024,2865,105.88567286297132,0.16587801309032182,0.14474521212069966,2.350868364250971,1.6587801309032182,0.08205474220771278,0.057898084848279865,0.50109600993801,2.1957331577293644,-0.6210795841980143,0.2751187807816109,0.01749026212698115,0.07663990079334605,-0.021678170478115683,0.009602749765501253,2.6968291676673743,-0.34596080341640345,0.0941301629203272,-0.012075420712614431,0.21963625308255563,0.3386026306301543,0.10101878836041658,0.13601341681702633,0.27911944185635496,0.8814838974112785,0.5803016696338168,75.20833333333333,90.76388888888889,75.20833333333333,85.97222222222223,79.44444444444444,58.40277777777778
"Allen, Logan",671106,2023,2121,105.88444839676566,0.1227762900430099,0.14471509906059626,1.740125603023671,1.227762900430099,0.08204269698367142,0.05788603962423851,1.0597550743179909,0.24634129229298196,1.2713429103480394,-0.8373136739353413,0.04996487856284729,0.011614393790333898,0.059940731275249376,-0.03947730664475914,1.3060963666109728,0.4340292364126981,0.06157927235318118,0.020463424630490244,0.23823239617187464,0.2556346734931068,0.062138614788874086,0.17079882597800247,0.24693353483249073,0.8835312796165617,0.5652324072245263,75.13888888888889,85.83333333333333,75.13888888888889,62.43055555555556,51.041666666666664,61.31944444444445
"Orze, Eric",679358,2025,653,105.86751869994498,0.03769083358032699,0.1442987503075306,0.5346513083603668,0.3769083358032699,0.08187615748244514,0.05771950012301223,0.1079845966605717,0.3058751310381922,0.204596481246881,-0.08380490058527812,0.0165366916784949,0.04684152083280125,0.03133177354469847,-0.01283382857354948,0.4138597276987639,0.1207915806616029,0.06337821251129616,0.01849794497114899,0.22415587699748515,0.3362649294085726,0.0868356375165371,0.14680339936286116,0.28021040320302887,0.8831804815603008,0.5816954423816648,75.06944444444444,68.54166666666667,75.06944444444444,86.875,80.48611111111111,60.763888888888886
"Johnson, Pierce",572955,2025,968,105.7944564058911,0.05517675251111045,0.14250194346877698,0.785603968350415,0.5517675251111045,0.0811574347469437,0.05700077738751079,0.16363434296522428,-1.4827934250065482,2.007884681737778,0.09687836865396093,0.01690437427326697,-0.15318113894695745,0.20742610348530766,0.010008095935326542,-1.319159082041324,2.104763050391739,-0.1362767646736905,0.2174341994206342,0.20127978643075023,0.14160270836562017,0.01448220952872087,0.12789364456937694,0.1714412473981852,0.9288120729509511,0.5501266601745681,75,73.33333333333333,75,29.166666666666668,4.097222222222222,95.13888888888889
"Minter, A.J.",621345,2024,540,105.74505027911842,0.030517972164198482,0.14128690816758555,0.4356256713829225,0.3051797216419848,0.08067142062646714,0.056514763267034224,0.1904064199234199,0.25335515704887257,3.0782597423240077e-4,-0.008443731563602341,0.03526044813396664,0.04691762167571714,5.700481004303719e-5,-0.0015636539932596927,0.44376157697229246,-0.00813590558936994,0.08217806980968378,-0.0015066491832166557,0.2503340428902896,0.30479833991682825,0.09183285112624937,0.1350425993543552,0.2775661914035589,0.8865622747596977,0.5820642330816284,74.93055555555556,66.18055555555556,74.93055555555556,87.36111111111111,78.47222222222221,65.34722222222223
"Wells, Tyler",669330,2023,1936,105.67945447199759,0.1081633312422301,0.13967372319502852,1.549306198900922,1.081633312422301,0.08002614663744433,0.055869489278011414,0.4536970596868741,1.2993992518595405,0.17984282468887614,-0.38363293733436876,0.023434765479693913,0.06711772995142255,0.009289402101698147,-0.01981575089537029,1.7530963115464147,-0.20379011264549263,0.09055249543111646,-0.01052634879367214,0.2241655124332133,0.302661563430374,0.0846868136520077,0.16421650023372467,0.2634135379317937,0.8755483430571338,0.5694809404944637,74.86111111111111,84.09722222222223,74.86111111111111,70.69444444444444,67.43055555555556,49.236111111111114
"Alzolay, Adbert",640470,2023,945,105.66646931881658,0.0526759563352445,0.13935438183927112,0.755039975399086,0.526759563352445,0.07989841009514137,0.05574175273570846,0.8706416071881904,0.25531193165261357,-0.48156586591267114,0.11065230247095315,0.0921313870040413,0.02701713562461519,-0.05095935089022975,0.011709238356714618,1.125953538840804,-0.370913563441718,0.1191485226286565,-0.03925011253351513,0.2799424955060721,0.265712950761329,0.12690568977590705,0.13029783651174437,0.2728277231337005,0.8713982368561743,0.5721129799949374,74.79166666666667,72.84722222222221,74.79166666666667,74.93055555555556,75.13888888888889,43.611111111111114
"Skenes, Paul",694973,2025,2899,105.66545929257687,0.16156653743626065,0.13932954245969353,2.3159668712125665,1.6156653743626066,0.07988847434331033,0.055731816983877414,3.3390267331049017,0.6426141604174518,-1.4056780999475507,-0.25999592236223634,0.11517856961382895,0.022166752687735488,-0.04848837874948433,-0.008968469208769795,3.9816408935223535,-1.665674022309787,0.13734532230156446,-0.05745684795825412,0.30485560352187935,0.2346505454149507,0.1320794080124811,0.15773316860967676,0.269753074468415,0.855093711688921,0.562423393078668,74.72222222222223,89.86111111111111,74.72222222222223,56.25,72.56944444444444,22.291666666666668
"Floro, Dylan",571670,2024,1014,105.66200226270584,0.056477579094214914,0.13924452439402096,0.8097242965667988,0.5647757909421491,0.07985446711704129,0.05569780975760838,1.0603513395167283,0.20991557423803897,-0.6512593281688623,0.19071671098089382,0.10457113801940121,0.02070173315956992,-0.06422675820205742,0.018808354140127596,1.2702669137547673,-0.4605426171879685,0.12527287117897115,-0.04541840406192983,0.34120984782956487,0.3163494500225185,0.1442868579560825,0.13360270895357484,0.3287796489260417,0.8610552165451713,0.5949174327356065,74.65277777777779,73.88888888888889,74.65277777777779,95.06944444444444,98.95833333333334,29.236111111111114
"Smith, Will",519293,2024,671,105.65893697212923,0.037352997255688025,0.1391691402969002,0.5356211434386751,0.37352997255688025,0.079824313478192993,0.05566765611876008,-0.5935389146543457,0.48418295797637256,0.43673668675683075,0.20824041335981747,-0.0884558740170411,0.07215841400542064,0.06508743468805228,0.031034338801761173,-0.10935595667797315,0.6449771001166482,-0.01629746001162044,0.09612177348981345,0.1612881674189846,0.31453077074910446,0.055319264506978,0.10261398056562923,0.23790946908404453,0.9210333774636964,0.5794714232738705,74.58333333333333,68.47222222222223,74.58333333333333,84.65277777777777,42.916666666666664,91.66666666666666
"Cease, Dylan",656302,2023,3260,105.63457770460515,0.1806953811269218,0.1385700775513204,2.5944608411867307,1.8069538112692178,0.07958468837996106,0.05542803102052815,-2.914936776945524,2.30184073762166,3.9797104847276046,-0.7721536042170101,-0.08941523855661117,0.0706086115834865,0.1220770087339756,-0.02368569338088988,-0.6130960393238638,3.2075568805105945,-0.018806626973124657,0.09839131535308572,0.1503152313931967,0.3400227641833517,0.037496056352484326,0.22638727768297895,0.2451689977882742,0.8680583329822684,0.55661366538527135,74.51388888888889,92.01388888888889,74.51388888888889,42.84722222222222,49.583333333333336,38.54166666666667
"Swanson, Erik",657024,2023,1084,105.59890409366061,0.05970358218883483,0.1376927633506338,0.8588939876646009,0.5970358218883483,0.07923376269968643,0.05507710534025352,0.6281809420052014,0.3648985568243006,0.35948926797800596,-0.493674779142907,0.057950271402693855,0.03366222848932662,0.033163216603137084,-0.04554195379547113,0.993079498829502,-0.13418551116490107,0.09161249989202047,-0.012378737192334047,0.2552429056955268,0.32099429546245445,0.08754879021854546,0.21575380523071663,0.28811860057899064,0.848348702275369,0.5682336514271797,74.44444444444444,75.13888888888889,74.44444444444444,68.81944444444444,86.04166666666667,16.041666666666668
"Peterson, David",656849,2024,2070,105.59820482772473,0.11399536901147973,0.13767556643898518,1.6399964974550585,1.1399536901147973,0.07922688393502698,0.05507022657559407,1.1762522417718628,1.0012411083989718,-0.12885293973658918,-0.408643912979187,0.05682377979574217,0.04836913567144791,-0.0062247796974197675,-0.019741251834743335,2.1774933501708347,-0.5374968527157762,0.10519291546719008,-0.0259660315321631,0.27346444458914815,0.2999247590892952,0.09545630777908298,0.15063219780962422,0.2866946018392217,0.8769557472056464,0.5818251745224341,74.375,85,74.375,87.01388888888889,85.06944444444444,51.31944444444444
"Buttó, José",676130,2023,731,105.59244753540257,0.04021493530305649,0.1375339784646255,0.5787345183280195,0.4021493530305649,0.07917024874528311,0.0550135913858502,0.4072991036227904,0.46766696915437933,0.20602646190764062,-0.5022580163567909,0.05571807163102468,0.06397632956968254,0.028184194515409114,-0.06870834697083322,0.8749660727771698,-0.2962315544491503,0.1196944012007072,-0.040524152455424116,0.24806675893431146,0.29729056878995946,0.07494303305854144,0.21148417875026373,0.27267866386213546,0.8567863940955974,0.5647325289788665,74.30555555555556,69.23611111111111,74.30555555555556,61.52777777777778,74.86111111111111,24.09722222222222
"Maton, Phil",664208,2024,1231,105.5803008132047,0.06757464029053298,0.13723525647955517,0.9731148549999489,0.6757464029053297,0.07905075995125498,0.054894102591822064,-0.3221739889327182,0.04356529704409695,0.9191055340895673,0.3326180127990028,-0.02617172940152057,0.0035390168191792807,0.07466332527128898,0.0270201472623073,-0.27860869188862125,1.2517235468885701,-0.02263271258234129,0.10168347253359629,0.19097409584241679,0.23457004473626766,0.06524311377343503,0.11761397253003335,0.21277207028934222,0.9085714568482658,0.560671763568804,74.23611111111111,76.875,74.23611111111111,53.263888888888886,20.13888888888889,85.34722222222221
"Bernardino, Brennan",657514,2023,863,105.5625409315482,0.04722283914556896,0.13679849115170611,0.6807003444675956,0.4722283914556896,0.07887605382011537,0.054719396460682454,-0.5356672580314807,-1.621803401716761,0.9169837630361144,1.921187241179723,-0.062070365936440414,-0.18792623426613686,0.10625536072260885,0.22261729330008379,-2.157470659748242,2.8381710042158375,-0.24999660020257725,0.3288726540226926,0.17547864217084808,0.06822774194374909,0.03935120234937146,0.0219863612241269,0.12185319205729858,0.9693312182132509,0.5455922051352747,74.16666666666667,71.18055555555556,74.16666666666667,19.72222222222222,0.3472222222222222,99.79166666666667
"Gibaut, Ian",664139,2023,1212,105.5179457319132,0.06578821811989623,0.13570177004929088,0.9506608683952891,0.6578821811989622,0.07843736537914926,0.05428070801971635,0.538113820000035,0.5467477541424159,-0.7305141753795397,0.5963134696323777,0.04439883003300619,0.045111200836833,-0.06027344681349338,0.04920078132280344,1.084861574142451,-0.13420070574716192,0.08951003086983919,-0.011072665490689927,0.25169375878955835,0.3134974584439156,0.12805168453422996,0.10303923676406132,0.28259560861673694,0.8844545393508544,0.5835250739837956,74.09722222222223,76.66666666666667,74.09722222222223,89.09722222222223,82.08333333333333,62.22222222222222
"Topa, Justin",623437,2023,1042,105.47612337316596,0.0561318068010652,0.1346732408854731,0.813030437695943,0.561318068010652,0.07802595371362216,0.053869296354189244,0.9043944290260697,-0.5596913099057019,-1.2519482628013066,1.7202755813768817,0.08679409107735794,-0.05371317753413646,-0.12014858568150735,0.16509362585190804,0.3447031191203678,0.4683273185755752,0.03308091354322148,0.04494504017040069,0.34251482056560506,0.17039204114025686,0.23889944154538648,0.05575696276069568,0.25645343085293093,0.8526717978469589,0.5545626143499449,74.02777777777779,73.68055555555556,74.02777777777779,38.68055555555556,61.31944444444445,20.416666666666668
"Steele, Justin",657006,2023,2581,105.45037489850702,0.13838291007991566,0.13404001363804305,2.00731242724612,1.3838291007991566,0.07777266281465013,0.05361600545521722,0.3728186339844797,-0.871986846014579,2.8207739743202183,-0.3142933350439989,0.014444735915710178,-0.03378484486689574,0.1092899641348399,-0.01217719236900422,-0.4991682120300993,2.5064806392762193,-0.019340108951185563,0.0971127717658357,0.23953310029767388,0.2404934216688721,0.045315870948093626,0.16208995483466945,0.240013260983273,0.8962970871086184,0.5681551740459457,73.95833333333334,87.77777777777777,73.95833333333334,68.68055555555556,45.208333333333336,75.55555555555556
"Kerkering, Orion",689147,2025,1090,105.44863587109698,0.058422799288245716,0.13399724607395808,0.8475355581002759,0.5842279928824572,0.07775555578901613,0.05359889842958322,-0.19245365955805482,-0.7092835307612404,0.3645805549713259,1.3846921934482452,-0.017656299042023378,-0.0650718835560771,0.03344775733681889,0.12703598105029773,-0.9017371903192952,1.7492727484195711,-0.08272818259810047,0.16048373838711663,0.19600848180656252,0.18350169928262494,0.0861201418570794,0.04265638988022969,0.18975509054459372,0.9356117341313455,0.5626834123379696,73.88888888888889,74.79166666666667,73.88888888888889,56.80555555555556,8.541666666666666,96.59722222222223
"Fairbanks, Pete",664126,2025,956,105.43326968149215,0.051096038809367486,0.13361934835085637,0.7418980324498534,0.5109603880936748,0.07760439669977545,0.05344773934034254,-0.6097670370475043,0.34858516139547646,1.4030462614659882,-0.3999663533641069,-0.06378316287107785,0.03646288299115863,0.14676216124121216,-0.04183748466151746,-0.2611818756520279,1.0030799081018813,-0.02732027987991923,0.10492467657969469,0.14044481027207673,0.3051168807984859,0.035539787612243946,0.29017028811386136,0.22278084553528132,0.8371449621369473,0.5299629038361143,73.81944444444444,72.08333333333333,73.81944444444444,3.4027777777777777,28.541666666666664,7.847222222222222
"Blewett, Scott",656240,2025,711,105.42169473574307,0.0379203852538859,0.13333468795318532,0.550957686364427,0.379203852538859,0.07749053254070704,0.053333875181274124,0.5608786679306377,0.39000223732637096,0.07450503309519263,-0.4744282519877743,0.07888588859783933,0.054852635348294085,0.010478907608325264,-0.06672689901375164,0.9508809052570086,-0.39992321889258164,0.13373852394613342,-0.056247991405426384,0.2384899592792095,0.34331686128639255,0.08113213101601252,0.24241241871238245,0.29090341028280103,0.8382277251358026,0.5645655677093018,73.75,68.61111111111111,73.75,61.18055555555556,87.77777777777777,8.472222222222223
"Mantiply, Joe",573009,2023,691,105.40192021852656,0.03671929142585992,0.13284837708342948,0.5341154166122806,0.3671929142585992,0.0772960081928047,0.05313935083337179,0.7673762706793923,-0.10891682746023434,0.07769479256307932,-0.2020388191699567,0.11105300588703218,-0.01576220368454911,0.01124381947367284,-0.029238613483351186,0.658459443219158,-0.12434402660687738,0.09529080220248305,-0.017994794009678346,0.34863093937756956,0.22242536140594846,0.0879416203455317,0.14300057271268346,0.285528150391759,0.8845289034708924,0.5850285269313257,73.68055555555556,68.26388888888889,73.68055555555556,90,84.44444444444444,62.361111111111114
"Wesneski, Hayden",669713,2024,1075,105.40086824402135,0.057113677613663684,0.13282250607828763,0.8308208427505406,0.5711367761366368,0.07728565979074796,0.05312900243131505,-0.3443795473476712,-0.09127312681403055,0.1715291976925073,1.094944319219735,-0.03203530673001593,-0.00849052342456098,0.015956204436512307,0.10185528550881255,-0.4356526741617017,1.2664735169122423,-0.040525830154576906,0.11781148994532487,0.19357993638374063,0.23684843884881057,0.085621503254221007,0.06853422126214712,0.2152141876162756,0.922922137741816,0.5690681626790458,73.61111111111111,74.09722222222223,73.61111111111111,70.20833333333333,21.875,92.77777777777779
"Wicks, Jordan",696136,2023,583,105.36770481079577,0.030784014721525595,0.1320069241917907,0.4486734596207498,0.30784014721525593,0.07695942703614919,0.05280276967671628,0.4155563886879463,0.523159307007063,-0.08469557324679045,-0.4053466628274691,0.07127896890016232,0.08973573018989074,-0.014527542580924604,-0.06952772947297926,0.9387156956950093,-0.49004223607425956,0.16101469909005306,-0.08405527205390388,0.25539813793655153,0.3275872143197032,0.10096499317873978,0.20692550543566357,0.29149267612812735,0.8460547506927983,0.5687737134104629,73.54166666666667,66.31944444444444,73.54166666666667,69.72222222222221,88.19444444444444,14.444444444444443
"Shreve, Chasen",592741,2023,741,105.35805036720855,0.039056478119888376,0.13176949433160723,0.5695656122322816,0.39056478119888377,0.0768644550920758,0.05270779773264289,0.8197429653828294,0.24468189412414176,-0.07213065780797479,-0.42272858946671477,0.1106265810233238,0.03302049853227284,-0.009734231822938567,-0.05704839264058229,1.0644248595069712,-0.49485924727468955,0.14364707955559666,-0.06678262446352085,0.27355368729097845,0.2486889155073064,0.09132663314378288,0.19823886105139732,0.2611213013991424,0.8552172529024099,0.5581692771507761,73.47222222222223,69.02777777777777,73.47222222222223,46.94444444444444,65.69444444444444,22.5
"Nelson, Ryne",669194,2025,2466,105.31673508991652,0.12897518899790597,0.13075343572374892,1.8854550604626752,1.2897518899790597,0.07645803164893249,0.052301374289499575,-1.4108252140267723,1.618906275951531,2.018104502438973,-0.34073050390105664,-0.05721107923871745,0.0656490785057393,0.08183716554902569,-0.013817133167115029,0.20808106192475861,1.6773739985379166,0.008437999267021842,0.06802003238191065,0.18131817802498149,0.35259836466880695,0.05387592805284339,0.1548033700723856,0.2669582713468942,0.8956603509373855,0.5813093111421399,73.40277777777777,86.73611111111111,73.40277777777777,86.45833333333334,70,74.79166666666667
"Walker, Ryan",676254,2024,1219,105.2990800427433,0.06354366560274716,0.13031924857003108,0.9299063092389588,0.6354366560274716,0.07628435678744534,0.05212769942801243,1.0127409238466498,-2.6512112829418584,-0.3515127056125493,2.9198893739467167,0.08307964920809269,-0.21749067128317132,-0.02883615304450774,0.23953153190703175,-1.6384703590952086,2.5683766683341673,-0.13441102207507863,0.21069537886252399,0.395377306162769,0.07866738785245758,0.13886275855062258,0.016114086719514843,0.2370223470076133,0.9225115773649313,0.5797669621862723,73.33333333333333,76.31944444444444,73.33333333333333,85.27777777777777,41.52777777777778,92.36111111111111
"Crochet, Garrett",676979,2025,3140,105.23832744132126,0.16180441555050984,0.12882517161664792,2.3765631965912917,1.6180441555050984,0.07568672600609208,0.05153006864665917,2.4566694549183694,0.09872262444037005,-0.28273788406454514,0.10390900129709735,0.07823788072988438,0.0031440326254894924,-0.00900439121224666,0.0033092038629648837,2.5553920793587395,-0.1788288827674478,0.08138191335537387,-0.005695187349281777,0.2880950763156899,0.23047887436890505,0.10349320899028296,0.13459007364016026,0.2592869753422975,0.8809583586847785,0.570122667013538,73.26388888888889,90,73.26388888888889,71.66666666666667,64.30555555555556,57.43055555555555
"Montgomery, Mason",682254,2025,859,105.23504639884639,0.04423660386913715,0.12874448157490437,0.6498717254089001,0.4423660386913715,0.07565444998939466,0.05149779262996175,-0.46145056631104353,0.3537091964690262,0.8136905123519682,-0.05607741710105074,-0.05371950713749052,0.041176856399188146,0.09472532157764472,-0.0065282208499477,-0.10774136984201732,0.7576130952509175,-0.012542650738302366,0.08819710072769703,0.1867392264622843,0.3876310542421079,0.04627379725612723,0.23419620703330946,0.2871851403521961,0.8597649978552817,0.5734750691037389,73.19444444444444,70.13888888888889,73.19444444444444,77.36111111111111,85.41666666666666,27.013888888888886
"Moll, Sam",594580,2023,1005,105.2303401469117,0.051708754136510236,0.12862874163311006,0.7598619478274031,0.5170875413651024,0.07560815401267693,0.051451496653244014,0.11769649927623504,-0.6811231136766764,-0.38882403850584524,1.7121126007336898,0.01171109445534677,-0.06777344414693298,-0.03868895905530798,0.17035946275957112,-0.5634266144004414,1.3232885622278445,-0.05606234969158621,0.13167050370426314,0.2363959477027796,0.1469354210816754,0.1253854365703362,0.06755638695578643,0.1916656843922275,0.9035290882369387,0.5475973863145831,73.125,72.36111111111111,73.125,23.333333333333332,9.305555555555555,82.01388888888889
"Englert, Mason",669438,2023,958,105.17600956522998,0.04877852438386505,0.12729260016666244,0.7192060213420177,0.48778524383865046,0.07507369742609789,0.050917040066664976,1.0232983635728488,0.38749356482117037,-0.2569266431119104,-0.434659263940091,0.10681611310781303,0.0404481800439635,-0.026819065042996908,-0.04537153068268174,1.4107919283940191,-0.6915859070520014,0.14726429315177653,-0.07219059572567864,0.2791238908371563,0.28347705770748943,0.09732506229191627,0.19093355592797628,0.28130047427232285,0.8558706908900537,0.5685855825811883,73.05555555555556,71.52777777777779,73.05555555555556,69.375,80.83333333333333,23.333333333333332
"Francis, Bowden",670102,2025,1141,105.11874422312752,0.05745358753978265,0.12588428470592167,0.850163335868956,0.5745358753978265,0.07451037124180157,0.05035371388236866,-0.39402305924636494,0.209750322732134,1.597875313386794,-0.5634392410036071,-0.034533134026850563,0.01838302565575232,0.1400416576149688,-0.04938117800206898,-0.18427273651423093,1.034436072383187,-0.016150108371098242,0.09066047961289982,0.18242192571851018,0.2299832662243012,0.03156780676015881,0.19227764963647972,0.2062025959714057,0.8880772718016807,0.5471399338865433,72.98611111111111,74.23611111111111,72.98611111111111,22.5,15.833333333333332,67.70833333333334
"Graveman, Kendall",608665,2023,1101,105.07074763706552,0.054919603710745356,0.12470391396627005,0.8151608346348098,0.5491960371074536,0.07403822294594094,0.049881565586508025,0.1652181510667674,0.5572821007010589,-0.19562154886716598,0.2882821317341495,0.015006189924320382,0.050615994614083455,-0.017767624783575475,0.02618366319111258,0.7225002517678263,0.09266058286698353,0.06562218453840384,0.008416038407537105,0.24773679568159032,0.28497375333087055,0.10062903312549244,0.11654456720374905,0.2663552745062304,0.8914131998353793,0.5788842371708048,72.91666666666666,73.05555555555556,72.91666666666666,83.81944444444444,69.58333333333333,71.31944444444444
"Miller, Mason",695243,2024,1037,104.97123506095177,0.05071204616957892,0.12225662046668015,0.7576249985131085,0.5071204616957892,0.07305930554610497,0.04890264818667206,-0.9631203898079548,-0.18050709136127807,1.505448190406696,0.39580428927564526,-0.09287564029006315,-0.01740666261921679,0.145173403125043,0.038168205330341876,-1.1436274811692329,1.9012524796823413,-0.11028230290927993,0.18334160845538489,0.12660413199007645,0.23742685253884552,0.0268483395156632,0.09522608962509578,0.18201549226446098,0.9389627854296205,0.5604891388470408,72.84722222222221,71.94444444444444,72.84722222222221,52.84722222222222,6.319444444444445,97.08333333333333
"Gaddis, Hunter",683769,2024,1244,104.95636671664887,0.06065294475952935,0.12189096615661044,0.9070382651466389,0.6065294475952935,0.07291304382207708,0.04875638646264417,0.6382810155876086,0.005566776382693206,0.02604234543309758,0.23714812774323946,0.051308763310901014,4.474900629174603e-4,0.0020934361280625065,0.019063354320196096,0.6438477919703018,0.26319047317633704,0.05175625337381848,0.021156790448258606,0.2509530105149177,0.2480516324251744,0.09469496236053401,0.12339106719785962,0.24950232147004603,0.8909569852208032,0.5702296533454246,72.77777777777777,75.41666666666667,72.77777777777777,71.94444444444444,54.02777777777777,70.90277777777779
"Hoffman, Jeff",656546,2025,1335,104.94780576079256,0.06497734867390344,0.12168042822828358,0.9722648624874637,0.6497734867390343,0.07282882865074634,0.04867217129131343,0.5019863030506713,0.618097234236302,-0.07879534010544376,-0.06902333469406585,0.037601970265967885,0.04629941829485409,-0.005902272667074439,-0.005170287243001188,1.1200835372869733,-0.1478186747995096,0.08390138856082197,-0.011072559910075627,0.2241709043276583,0.27490223084447024,0.08842118778130742,0.14592173791172736,0.24953656758606427,0.8828285371534826,0.5661825523697734,72.70833333333333,76.52777777777777,72.70833333333333,64.375,54.09722222222222,60.27777777777777
"Díaz, Edwin",621242,2025,1067,104.94486456960888,0.05190233540843085,0.1216080960834837,0.7767748881094576,0.5190233540843086,0.07279989579282639,0.04864323843339348,0.8611935702338087,-0.8809603688878269,1.14065378659825,-0.3441120998347742,0.08071167481104112,-0.08256423326033992,0.1069028853419166,-0.0322504310997914,-0.019766798654018203,0.7965416867634758,-0.0018525584492988007,0.07465245424212519,0.3128236708438586,0.19306922059279205,0.040127300436417795,0.15022503007954618,0.2529464457183253,0.904823834742018,0.5788851402301717,72.63888888888889,72.56944444444444,72.63888888888889,83.88888888888889,57.91666666666667,82.84722222222223
"Whitlock, Garrett",676477,2023,1194,104.9336204600194,0.05794795872767762,0.12133157187537189,0.8679100761484051,0.5794795872767762,0.07268928610958167,0.04853262875014876,-0.010694842088014411,0.22322842638482143,0.5897042839324058,0.06567220791919226,-8.957154177566509e-4,0.018695848105931445,0.04938896850355158,0.005500184917855298,0.21253358429680702,0.6553764918515981,0.01780013268817479,0.05488915342140687,0.2148229137019814,0.2786022642437644,0.059666652890496594,0.14119347324571685,0.2467125889728729,0.8995699369318932,0.5731412629523831,72.56944444444444,74.44444444444444,72.56944444444444,76.66666666666667,50.69444444444444,79.09722222222221
"Henriquez, Ronny",678692,2025,1140,104.93155728592919,0.05530405968146827,0.1212808326347988,0.8284264907122179,0.5530405968146828,0.07266899041335244,0.048512333053919526,1.0700259789664415,-0.03403747634570209,-0.5386065523421166,0.3310445404335951,0.0938619279795124,-0.0029857435390966743,-0.04724618880194006,0.029038994774876765,1.0359885026207394,-0.20756201190852153,0.09087618444041574,-0.018207194027063292,0.25915021912113223,0.25363716188468755,0.10935872187747012,0.11052159564069855,0.2563936905029099,0.8900598412409156,0.5732267658719128,72.5,73.54166666666667,72.5,76.80555555555556,61.18055555555556,70.06944444444444
"Howard, Spencer",675921,2024,562,104.9292861100804,0.02725137506502987,0.1212249780472859,0.40827416501031166,0.2725137506502987,0.07264664857834727,0.048489991218914355,0.05341557626786653,0.1017133085167643,0.41694693849171927,-0.16380165826603843,0.009504550937342798,0.01809845347273386,0.07418984670671161,-0.029146202538441,0.15512888478463083,0.25314528022568084,0.027603004410076657,0.045043644168270613,0.2100105767375091,0.27032554567499945,0.0566769640030015,0.16260206199676733,0.24016806120625428,0.8903604870001156,0.5652642741031849,72.43055555555556,65.48611111111111,72.43055555555556,62.638888888888886,45.34722222222222,70.27777777777777
"Keller, Brad",641745,2025,1204,104.90385767588671,0.05808077771102722,0.1205996214929967,0.8716539317178444,0.5808077771102722,0.0723965059566316,0.04823984859719868,0.25278159905428765,0.7682821000516924,-0.3607063689219103,0.21129660153377472,0.02099514942311359,0.06381080565213393,-0.02995900074102245,0.01754955162240654,1.02106369910598,-0.1494097673881356,0.08480595507524752,-0.012409449118615915,0.23272266150806778,0.3039586694922979,0.10656322790171452,0.12494493566372948,0.2683406655001828,0.8842459182172779,0.5762932918587303,72.36111111111111,74.51388888888889,72.36111111111111,80.83333333333333,71.25,62.01388888888889
"Gallen, Zac",668678,2023,3788,104.88005405960041,0.18184555185725298,0.12001422377062632,2.7335096993478487,1.81845551857253,0.07216234686768344,0.04800568950825053,-1.0938684426607779,1.9154216198828635,3.620083152060033,-1.7081266299342701,-0.02887720281575443,0.05056551266850221,0.09556713706599877,-0.0450931000510631,0.8215531772220857,1.911956522125763,0.02168830985274777,0.05047403701493566,0.19881934355231873,0.3364338984912553,0.05561397020420568,0.19123603972180953,0.267626621021787,0.8765749950369924,0.5721008080293897,72.29166666666667,92.08333333333333,72.29166666666667,74.86111111111111,70.41666666666667,50.69444444444444
"Warren, Will",701542,2024,529,104.82178213943013,0.025091772129380296,0.11858115373053071,0.37870643872520304,0.25091772129380296,0.07158911885164519,0.04743246149221228,0.47408901616654475,-0.2770718124611449,-0.13787691478046327,0.31956614980026643,0.08961985182732414,-0.05237652409473438,-0.0260636889944165,0.060409480113471914,0.19701720370539988,0.18168923501980316,0.037243327732589766,0.03434579111905542,0.3004965992197157,0.20234170667548695,0.10675431494091658,0.10940637609425338,0.2514191529476013,0.8919196544824151,0.5716694037150082,72.22222222222221,64.58333333333334,72.22222222222221,74.09722222222223,55.97222222222222,71.94444444444444
"Topa, Justin",623437,2025,980,104.81232438835184,0.04639263594771208,0.11834856109110221,0.7006616015995633,0.46392635947712074,0.0714960817958738,0.04733942443644089,1.009159167689404,-0.29415656073899754,-1.1353921072150115,1.1210511018641682,0.10297542527442899,-0.030015975585611993,-0.11585633747091953,0.11439296957797636,0.7150026069504065,-0.014341005350843261,0.07295944968881699,-0.0014633678929431898,0.4018863146635072,0.19559859474643945,0.2092947909188115,0.07924190351370902,0.29874245470497335,0.8557316527837397,0.5772370537443565,72.15277777777777,70.90277777777779,72.15277777777777,82.36111111111111,91.45833333333333,23.125
"Dodd, Dylan",689266,2023,568,104.8033932611858,0.026838890535730943,0.11812891961149183,0.40559871915888834,0.2683889053573094,0.07140822520402965,0.047251567844596734,0.29297276745728595,0.45026009418415924,-0.15914072904683962,-0.17849341343571723,0.051579712580508086,0.07927114334228155,-0.02801773398711965,-0.03142489673164035,0.7432328616414452,-0.33763414248255685,0.13085085592278967,-0.05944263071876001,0.244738346528409,0.3592493575879762,0.10432988951029071,0.16244450671936697,0.3019938520581926,0.8666128018851711,0.5843033269716819,72.08333333333333,65.34722222222223,72.08333333333333,89.51388888888889,93.26388888888889,36.388888888888886
"Hoffman, Jeff",656546,2024,1053,104.78091083852769,0.04952301699065018,0.11757601374798236,0.7495997719013303,0.4952301699065018,0.07118706285862586,0.04703040549919295,-0.05993571285671351,0.03789719300880279,0.41829812950936685,0.3533401622398742,-0.005691900556193116,0.003598973695043,0.03972441875682496,0.03355557096295102,-0.02203851984791072,0.771638291749241,-0.002092926861150116,0.07327998971977598,0.19749079752092785,0.2452084739718434,0.0726653937393894,0.10388123309582083,0.2213496357463856,0.9117266865823949,0.5665381611643903,72.01388888888889,71.59722222222223,72.01388888888889,65.06944444444444,27.152777777777775,87.08333333333333
"Ferguson, Tyler",621053,2024,830,104.77378610368868,0.03897706444623541,0.11740079652480546,0.5902709005456472,0.3897706444623541,0.0711169759693551,0.04696031860992218,0.7171591584756243,0.14968069091628422,-0.498480115984421,0.22191116713815973,0.08640471788862943,0.018033818182684846,-0.06005784529932784,0.02673628519736864,0.8668398493919085,-0.27656894884626126,0.10443853607131429,-0.03332156010195919,0.2957718072925908,0.23311567763545488,0.1375263704220082,0.12011416738121836,0.2644437424640228,0.8711797310983868,0.5678117367812048,71.94444444444444,68.95833333333333,71.94444444444444,68.19444444444444,68.33333333333333,43.05555555555556
"Rucker, Michael",621074,2023,715,104.7166524947675,0.03317477613526173,0.11599572075266337,0.5044678614725626,0.3317477613526173,0.07055494566049826,0.04639828830106535,0.253791675231696,0.32944663699436205,0.12352001929593825,-0.20229047004943368,0.03549533919324419,0.0460764527264842,0.017275527174257097,-0.028292373433487228,0.583238312226058,-0.07877045075349542,0.08157179191972841,-0.011016846259230129,0.23578968206826098,0.3051548725985952,0.07363335097895217,0.1637952302399357,0.2704722773334281,0.8812857093905561,0.5758789933619921,71.875,67.08333333333333,71.875,80.48611111111111,73.125,57.84722222222223
"Payamps, Joel",606303,2023,1135,104.683850406108,0.05229581750574639,0.11518902534305371,0.7971362360870273,0.5229581750574639,0.0702322674966544,0.04607561013722149,0.7454711887347116,0.0044169408774905605,-0.5569162250889406,0.6041643315637657,0.06568028094578958,3.8915778656304506e-4,-0.04906750881840886,0.05323033758271063,0.7498881296122022,0.047248106474825136,0.06606943873235262,0.004162828764301774,0.26168393648698174,0.21990707566175732,0.10481221237611799,0.10733771563856837,0.24079550607436953,0.8939250359926568,0.5673602710335132,71.80555555555556,72.70833333333333,71.80555555555556,67.5,46.111111111111114,73.68055555555556
"Dreyer, Jack",676263,2025,1199,104.66979064264603,0.055078825723833956,0.11484325630490817,0.8404265789779402,0.5507882572383396,0.07009395988139618,0.045937302521963264,-1.022237287174221,0.8551454607968481,0.747403794062393,0.26011461129292,-0.0852574885049392,0.07132155636337348,0.06233559583506197,0.02169429618789992,-0.16709182637737285,1.007518405355313,-0.013935932141565709,0.08402989202296188,0.16434109810465622,0.3937638240728725,0.059162734206320955,0.11649458364104527,0.27905246108876436,0.9121713410763169,0.5956119010825407,71.73611111111111,73.19444444444444,71.73611111111111,95.48611111111111,79.375,87.29166666666667
"Varland, Louis",686973,2023,1093,104.66914410515207,0.05020252010161576,0.11482735613361332,0.7660574659547592,0.5020252010161576,0.07008759981287824,0.045930942453445325,0.8253945107651361,0.2486261366641429,-0.04894487321359975,-0.2590183082609201,0.07551642367476086,0.022747130527368976,-0.004478030486148193,-0.023697923903103393,1.074020647429279,-0.30796318147451984,0.09826355420212982,-0.028175954389251585,0.27175577147217556,0.28071630597196395,0.09414030450003888,0.15238534916510021,0.27623603872206975,0.8767371731674305,0.5764866059447501,71.66666666666667,71.66666666666667,71.66666666666667,81.25,77.84722222222223,50.97222222222222
"Duran, Jhoan",661395,2025,1139,104.6675013378078,0.052296937096500296,0.11478695587467143,0.7981136982889439,0.522969370965003,0.07007143970930148,0.045914782349868566,0.2477302228771805,0.5405566586637178,0.30532444032041894,-0.2954976235723734,0.021749800077013215,0.047458881357657405,0.026806359993013076,-0.02594360171838221,0.7882868815408983,0.00982681674804553,0.06920868143467061,8.627582746308632e-4,0.23439988685444946,0.2973308471341002,0.07560081762588051,0.17548912605134864,0.2658653669942748,0.8744550281613854,0.5701601975778301,71.59722222222223,72.77777777777777,71.59722222222223,71.73611111111111,69.16666666666667,47.638888888888886
"Moll, Sam",594580,2024,624,104.62296736132893,0.02837745840919903,0.1136917404214705,0.4345121260148517,0.2837745840919903,0.06963335352802111,0.045476696168588196,0.15891184150405024,-0.09340156678263156,-0.03747291774561745,0.40647476903905044,0.02546664126667472,-0.014968199804908905,-0.006005275279746387,0.06514018734600167,0.06551027472141868,0.369001851293433,0.010498441461765814,0.05913491206625529,0.2407613040668675,0.19148551403250005,0.09990548401423929,0.11476241871139385,0.21612340904968377,0.8926660486371835,0.5543947288434337,71.52777777777779,65.69444444444444,71.52777777777779,38.333333333333336,22.63888888888889,72.70833333333333
"Kinley, Tyler",641755,2025,1215,104.61041442586958,0.05510415185701726,0.1133830285123812,0.8445449054872824,0.5510415185701726,0.06950986876438539,0.04535321140495248,0.6726804272230993,0.9686073310931533,0.055077227216315805,-0.851820080045286,0.05536464421589295,0.07972076799120603,0.0045331051206844285,-0.07010864856339803,1.6412877583162526,-0.7967428528289702,0.135085412207099,-0.06557554344271359,0.2409247763923429,0.3272735324795953,0.07812325387346272,0.2976882531230398,0.2840991544359691,0.8120942465017487,0.5480967004688588,71.45833333333333,73.26388888888889,71.45833333333333,24.375,83.26388888888889,1.3888888888888888
"Luzardo, Jesús",666200,2023,3073,104.56562008646694,0.13801630917722696,0.11228141000425229,2.122497172427643,1.3801630917722696,0.06906922136113383,0.04491256400170092,2.4045603713605033,0.9255592521690232,0.1059416406856144,-1.313564091787498,0.07824797824147424,0.030119077519330403,0.0034474988833587505,-0.04274533328302955,3.3301196235295265,-1.2076224511018836,0.10836705576080465,-0.03929783439967079,0.26773513431626467,0.2755707132297562,0.0892134807832192,0.16440537463141705,0.2716529237730104,0.8731905722926818,0.5724217480328462,71.38888888888889,87.70833333333333,71.38888888888889,75.76388888888889,73.88888888888889,45.97222222222222
"Thielbar, Caleb",573204,2024,870,104.52374068841023,0.03871551437314517,0.11125147808375047,0.597318062758518,0.38715514373145166,0.0686572485929331,0.044500591233500184,-1.074205946224538,-0.24201785204195403,1.8381682112412818,0.07537364978372807,-0.12347194784190091,-0.02781814391286828,0.21128370244152664,0.00866363790617564,-1.316223798266492,1.91354186102501,-0.15129009175476918,0.2199473403477023,0.08454075831290922,0.23619292710540646,0.013021951425018066,0.1290047615238916,0.16036684270915785,0.9289866435255452,0.5446767431173515,71.31944444444444,68.81944444444444,71.31944444444444,18.40277777777778,1.8055555555555554,95.27777777777777
"Moore, Matt",519043,2023,824,104.49658375994773,0.03644835884640746,0.110583613004877,0.5635344451058018,0.3644835884640746,0.06839010256138371,0.0442334452019508,-0.23210304036342677,0.15007618789900334,0.9097301300503204,-0.26416883248009526,-0.028167844704299366,0.01821312959939361,0.11040414199639811,-0.03205932433010865,-0.08202685246442343,0.6455612975702252,-0.009954715104905755,0.07834481766628947,0.1880962307490513,0.28014517933444005,0.042799282705509915,0.17444596368727627,0.23412070504174567,0.8913773768036068,0.5627490409226763,71.25,67.98611111111111,71.25,57.013888888888886,38.68055555555556,71.25
"Kinley, Tyler",641755,2024,1171,104.49225170411282,0.051747462208814266,0.11047707559524822,0.800349079767102,0.5174746220881427,0.0683474875975322,0.04419083023809929,0.6124370391871707,0.9002990844912802,-0.23580018159873362,-0.47658686231261527,0.052300344934856594,0.07688292779601026,-0.02013665086240253,-0.04069913427093213,1.512736123678451,-0.7123870439113489,0.12918327273086685,-0.06083578513333466,0.23644603338904127,0.3516722862598193,0.11485050091804948,0.2402195381825798,0.29405915982443026,0.8224649804496853,0.5582620701370578,71.18055555555556,72.43055555555556,71.18055555555556,47.15277777777778,89.58333333333334,2.638888888888889
"Mazur, Adam",800049,2024,584,104.44727120279553,0.02554903729777839,0.10937087884322941,0.3965652519568721,0.2554903729777839,0.06790500889672467,0.04374835153729176,0.029567377323701294,0.40319690635715233,0.37112379515770044,-0.407322826881682,0.005062907075976249,0.06904056615704664,0.06354859506125007,-0.06974705939754827,0.4327642836808536,-0.036199031723981534,0.07410347323302288,-0.006198464336298208,0.20853918823161932,0.2989490977360011,0.061298220942508676,0.2277284888506589,0.2537441429838102,0.8554866451034162,0.5546153940436132,71.11111111111111,64.86111111111111,71.11111111111111,38.958333333333336,58.958333333333336,22.708333333333332
"Wentz, Joey",666214,2024,1294,104.43543983749072,0.056459762642254475,0.10907991236911603,0.8771847726536066,0.5645976264225447,0.06778862230707933,0.043631964947646415,0.02439769806210279,0.9069957845904355,0.4200414064425786,-0.47425011644151027,0.0018854480728054707,0.07009240993743705,0.032460696015655224,-0.03664993171881841,0.9313934826525383,-0.05420870999893168,0.07197785801024253,-0.00418923570316319,0.20629083065426368,0.30190032980700093,0.07776286268735494,0.1748126217029275,0.2540955802306323,0.8737122578048588,0.5639039190177455,71.04166666666667,73.81944444444444,71.04166666666667,59.65277777777778,59.30555555555556,46.666666666666664
"Cabrera, Génesis",650893,2024,1045,104.41550349084866,0.0453904618537376,0.10858962165965931,0.7063416879434499,0.453904618537376,0.06759250602329664,0.04343584866386373,0.3857735307256007,0.2893362354566307,-0.3626038562717895,0.39383577803300795,0.03691612734216275,0.027687678034127337,-0.03469893361452531,0.03768763426153186,0.6751097661822314,0.031231921761218473,0.06460380537629008,0.0029887006470065525,0.22570217866205114,0.2922889678192705,0.1082601668138751,0.1072444314257183,0.2589955732406608,0.8922477008802033,0.5756216370604321,70.97222222222223,70.625,70.97222222222223,80.34722222222223,63.81944444444444,72.5
"Woo, Bryan",693433,2024,1711,104.39154463853892,0.0739154780360272,0.10800040624784804,1.152475187780169,0.739154780360272,0.06735681985857213,0.043200162499139216,1.6293819858586858,0.4062847851744209,-0.4038106534549115,-0.47938092979802605,0.09522980630383902,0.023745457929539502,-0.023600856426353685,-0.028017587948452723,2.0356667710331067,-0.8831915832529376,0.11897526423337854,-0.05161844437480641,0.29907276585773185,0.27775478787351054,0.10604007473244113,0.18036046313638168,0.2884137768656212,0.8567997310655886,0.5726067539656049,70.90277777777779,77.98611111111111,70.90277777777779,75.97222222222221,86.25,24.166666666666668
"Rogers, Taylor",573124,2024,1064,104.35684006413534,0.0456017305884092,0.10714692337502159,0.7130441401884582,0.456017305884092,0.06701542670944155,0.04285876935000864,-0.11767441303095438,-2.288892317402315,0.8358713489187721,2.2837395217029552,-0.011059625284864134,-0.2151214584024732,0.07855933730439588,0.214637173092383,-2.406566730433269,3.1196108706217274,-0.22618108368733736,0.29319651039677885,0.2141918971007348,0.053463463719487195,0.056620513429845636,0.009036445362631549,0.133827680410111,0.9671715206037614,0.5504996005069362,70.83333333333334,70.69444444444444,70.83333333333334,29.791666666666668,0.4861111111111111,99.65277777777779
"McArthur, James",663704,2024,903,104.34741475623669,0.03861774445191746,0.10691512860442262,0.6043120604748538,0.3861774445191746,0.06692270880120196,0.04276605144176905,0.07284219896519062,-0.7222057983030936,0.40092860058712176,0.852747059225635,0.008066688700464078,-0.07997849372127282,0.04439962354231692,0.09443489027969379,-0.649363599337903,1.2536756598127567,-0.07191180502080875,0.1388345138220107,0.22189492333871896,0.16500491890627664,0.07999075920148752,0.07482578646552852,0.19344992112249781,0.922591727166492,0.5580208241444948,70.76388888888889,68.68055555555556,70.76388888888889,46.52777777777778,10.069444444444445,92.5
"Paxton, James",572020,2024,1788,104.34407154047283,0.07640689690803708,0.10683290954703169,1.1959900026670311,0.7640689690803708,0.06688982117824559,0.042733163818812675,0.5641397613198933,-0.23987667677670288,1.905599472834183,-1.0338725547103422,0.031551440789703206,-0.013415921519949827,0.10657715172450687,-0.05782284981601467,0.3242630845431904,0.8717269181238407,0.01813551926975338,0.04875430190849221,0.2294860512778289,0.25592312520945926,0.041002292068056355,0.206641531831125,0.24270458824364408,0.8761780880504093,0.5594413381470267,70.69444444444444,78.47222222222221,70.69444444444444,50.138888888888886,47.638888888888886,50.27777777777778
"Skubal, Tarik",669373,2023,1217,104.33530856907089,0.051901352018708304,0.10661740348954045,0.8130000402513815,0.519013520187083,0.0668036187552491,0.04264696139581618,0.7788802033333013,0.7484495279040857,-0.06010379538383859,-0.6542258956021669,0.06400001670774867,0.0614995503618805,-0.004938684912394296,-0.053757263401985785,1.527329731237387,-0.7143296909860055,0.12549956706962917,-0.058695948314380075,0.24650545888099443,0.3111845433949112,0.09351179352006118,0.18398489787161768,0.2788450011379528,0.8612516543041606,0.5700483277210567,70.625,72.5,70.625,71.45833333333333,79.16666666666666,29.583333333333332
"Buttó, José",676130,2024,1356,104.32849747808112,0.05773842556949098,0.10644989964876654,0.90494852948882,0.5773842556949098,0.06673661721893953,0.04257995985950662,0.8418636510775741,1.0263687588451376,-0.6362720880413235,-0.32701179239256817,0.06208434004996859,0.07569091141925793,-0.046922720357029754,-0.024115913893257238,1.8682324099227117,-0.9632838804338917,0.13777525146922653,-0.07103863425028699,0.2527073758651364,0.298058223694964,0.10779736497351866,0.1525462677209928,0.2753827997800502,0.8698281836527443,0.5726054917163972,70.55555555555556,74.30555555555556,70.55555555555556,75.90277777777777,77.01388888888889,40.90277777777778
"Brown, Ben",676962,2024,849,104.32727882598519,0.03614020808330888,0.10641992957393664,0.5664921018146742,0.36140208083308883,0.06672462918900757,0.042567971829574655,-0.7138129221166309,0.29270773197640665,1.0782883970996409,-0.09069110514474232,-0.08407690484294829,0.034476764661531996,0.1270068783391803,-0.010682108968756458,-0.4211051901402243,0.9875972919548985,-0.04960014018141629,0.11632476937042387,0.15757441577206674,0.3052539510036186,0.03552254612819769,0.1653377663542533,0.23141418338784264,0.8995698437587745,0.5654920135733086,70.48611111111111,67.77777777777779,70.48611111111111,63.19444444444444,36.25,79.02777777777777
"De los Santos, Yerry",660787,2025,590,104.31619658031464,0.025050783108700368,0.10614738605381516,0.3930321095076579,0.2505078310870037,0.06661561178095897,0.04245895442152606,0.5965070195934459,0.27421311598300235,-0.058915255842293845,-0.4187727702264965,0.10110288467685524,0.04647679931915294,-0.009985636583439634,-0.07097843563160958,0.8707201355764482,-0.47768802606879035,0.14757968399600815,-0.08096407221504921,0.2918513569774052,0.2786593529776564,0.0963415157612157,0.2174498405503268,0.28525535497753085,0.8431043218442288,0.5641798384108798,70.41666666666667,64.51388888888889,70.41666666666667,60.20833333333333,84.16666666666667,11.805555555555555
"Graceffo, Gordon",700669,2025,756,104.31006107269485,0.03205334060327027,0.10599649670393604,0.5031577356700154,0.32053340603270264,0.06655525604100733,0.04239859868157442,-0.4526362371016148,0.3188335395325339,0.9105520203634114,-0.2735915871243151,-0.05987251813513424,0.042173748615414536,0.12044338893695919,-0.03618936337623216,-0.13380269756908092,0.6369604332390963,-0.017698769519719697,0.08425402556072703,0.18577746857046276,0.3883865156641484,0.04482137823386591,0.2359838855630756,0.28708199211730556,0.8595973681015292,0.5733396801094174,70.34722222222223,66.66666666666666,70.34722222222223,77.08333333333334,85.27777777777777,26.875
"Grove, Michael",675627,2024,860,104.30837036059755,0.03644849156804725,0.10595491734897453,0.5722321689715955,0.3644849156804725,0.06653862429902273,0.042381966939589816,-0.2684388312554802,0.4952191059094275,0.5227516500099227,-0.17729975569227463,-0.031213817587846533,0.057583616966212496,0.060785075582549156,-0.0206162506618924,0.22678027465394734,0.3454518943176481,0.02636979937836597,0.04016882492065676,0.18878951644070185,0.30681113652229347,0.06663999101150715,0.16050671021858215,0.24780032648149766,0.8864266493849553,0.5671134879332265,70.27777777777777,68.05555555555556,70.27777777777777,66.59722222222221,51.94444444444445,64.86111111111111
"Littell, Zack",641793,2023,1353,104.29867498123184,0.05721375938900258,0.10571648076312376,0.8989771679631531,0.5721375938900258,0.06644324966468242,0.042286592305249504,0.43468150211242573,0.8174779103107994,-0.28218150545797016,-0.07100073900210191,0.03212723592848675,0.0604196533858684,-0.020855987099628246,-0.005247652550044488,1.2521594124232251,-0.35318224446007207,0.09254688931435515,-0.026103639649672734,0.24826413635986455,0.34999829982897923,0.10482369942464428,0.1512548768665529,0.2991312180944219,0.8719607118544014,0.5855459649744117,70.20833333333333,74.16666666666667,70.20833333333333,90.69444444444444,91.94444444444444,44.375
"Jax, Griffin",643377,2025,1081,104.29847394591776,0.04570966848663707,0.10571153674060377,0.7182301509218405,0.45709668486637073,0.06644127205567442,0.04228461469624151,0.1267515481903274,0.05582046482413716,-0.8414699928121081,1.377128130719484,0.011725397612426218,0.00516378027975367,-0.07784181247105533,0.12739390663454989,0.18257201301446457,0.5356581379073759,0.016889177892179887,0.04955209416349453,0.21487709229120974,0.22767033061844502,0.11781325601582544,0.05984918716524001,0.22127371145482738,0.9111687784094673,0.5662212449321473,70.13888888888889,70.76388888888889,70.13888888888889,64.65277777777779,27.083333333333332,86.80555555555556
"Ragans, Cole",666142,2025,983,104.27359247924025,0.04132517516573997,0.10509963165244143,0.6507116935006252,0.4132517516573997,0.06619651002040948,0.04203985266097657,-0.004932019073748961,0.18031047882618623,0.6493138031264607,-0.17398056937827278,-5.017313401575749e-4,0.018342876788014877,0.06605430347166436,-0.017698938899112185,0.17537845975243727,0.4753332337481879,0.0178411454478573,0.04835536457255218,0.2044213999460078,0.2351088944740793,0.052037560506925554,0.1480628247591667,0.21976514721004353,0.8999498073669538,0.5598574772884987,70.06944444444444,69.51388888888889,70.06944444444444,51.24999999999999,25.555555555555554,79.30555555555556
"Wood, Alex",622072,2024,756,104.2346420708498,0.03149245969849311,0.10414173180718622,0.4975489266222439,0.31492459698493114,0.0658133500823074,0.04165669272287449,0.49150486786311376,-0.4787109262717877,0.21497242640987224,0.2697825586210456,0.06501387141046477,-0.0633215510941518,0.028435506138871986,0.035685523627122434,0.012793941591326075,0.48475498503091785,0.001692320316312973,0.06412102976599443,0.27715662896799476,0.18097772290812503,0.07922632792818074,0.11657877363661961,0.2290671759380599,0.9020974492175998,0.5655823125778299,70,66.59722222222221,70,63.47222222222222,34.30555555555556,81.04166666666667
"Kirby, George",669923,2024,2965,104.20548914213911,0.1226617884644883,0.1034247794810188,1.9428627753520686,1.226617884644883,0.06552656915184044,0.041369911792407524,1.5031116638947424,0.3813821944643223,-0.12528046204693055,0.1836493790399345,0.05069516573000817,0.012862805884125542,-0.004225310692982481,0.006193908230689191,1.8844938583590647,0.05836891699300395,0.06355797161413372,0.00196859753770671,0.2441274132708846,0.2707239752288064,0.09181571479868103,0.13380949337847547,0.2574256942498455,0.8871873959114217,0.5723065450806336,69.93055555555556,85.76388888888889,69.93055555555556,75.48611111111111,62.361111111111114,66.52777777777777
"Yarbrough, Ryan",642232,2025,990,104.20310487305785,0.04093299287096834,0.10336614361355641,0.6484808365680692,0.40932992870968343,0.06550311480485548,0.04134645744542256,0.6035480168397953,-0.0688490022082533,-0.4598940256964852,0.5736758476330124,0.06096444614543387,-0.0069544446675003325,-0.04645394198954396,0.05794705531646589,0.534699014631542,0.1137818219365272,0.054010001477933535,0.011493113326921938,0.2837975285946084,0.22479755755786063,0.13316023934722507,0.10798390905249769,0.25429754307623453,0.8794279258001386,0.5668627344381866,69.86111111111111,69.30555555555556,69.86111111111111,65.90277777777777,59.583333333333336,55.00000000000001
"Suarez, Robert",663158,2025,1125,104.19683443202932,0.04644537114262738,0.10321193587250528,0.736216106719894,0.4644537114262738,0.06544143170843503,0.041284774349002115,1.1027737673789488,0.14629106196935027,-0.2011695683340804,-0.3116791542943247,0.0980243348781288,0.013003649952831136,-0.017881739407473812,-0.027704813715051086,1.249064829348299,-0.5128487226284051,0.11102798483095992,-0.045586553122524895,0.29958033478978063,0.2903729626235625,0.12183671784528088,0.22719010097265988,0.29497664870667156,0.8254865905910296,0.5602316196488506,69.79166666666666,71.04166666666667,69.79166666666666,52.29166666666667,89.93055555555556,3.2638888888888893
"Holmes, Grant",656550,2024,1024,104.1638314885816,0.04194316324045331,0.10240030088001295,0.666795803765126,0.4194316324045331,0.06511677771143809,0.04096012035200518,0.5654238775296108,0.7259794778146897,-0.01380048641749454,-0.6108070651616799,0.05521717554000105,0.0708964333803408,-0.0013477037517084511,-0.059649127457195306,1.2914033553443005,-0.6246075515791745,0.12611360892034185,-0.06099683120890376,0.24173571527927826,0.33416508169958864,0.06939076612155941,0.2176557330886288,0.28795039848943343,0.8564767503949059,0.5722135744421697,69.72222222222221,69.65277777777777,69.72222222222221,75.27777777777777,85.97222222222223,23.958333333333336
"Elder, Bryce",693821,2024,864,104.12230463107193,0.03503659585105092,0.10137903892086494,0.5590794780960096,0.3503659585105092,0.06470827292777889,0.04055161556834598,0.35469256887768097,0.6395446766800887,-0.32905677957455737,-0.10610098788720279,0.041052380657139,0.074021374615751,-0.03808527541372192,-0.012280206931389212,0.9942372455577697,-0.43515776746176016,0.11507375527289002,-0.05036548234511113,0.24758624004593494,0.3339870815243684,0.10208062210002217,0.1461477674995268,0.2907866607851517,0.8758858052002255,0.5833362329926886,69.65277777777777,67.56944444444444,69.65277777777777,88.75,87.5,49.72222222222222
"Pfaadt, Brandon",694297,2024,2861,104.1189851289306,0.11592474804812851,0.10129740304799764,1.8503694475346606,1.1592474804812851,0.06467561857863197,0.040518961219199054,2.551684575709885,-0.21094746088169813,-1.507945633198915,1.0175779659053887,0.08918855559978625,-0.007373207301003081,-0.05270694278919661,0.035567213069045395,2.340737114828187,-0.4903676672935262,0.08181534829878317,-0.017139729720151212,0.30282789931662807,0.2300114002248793,0.13633634926796495,0.11218155031184973,0.26641964977075366,0.8757410502100926,0.5710803499904231,69.58333333333333,85.06944444444444,69.58333333333333,73.61111111111111,69.65277777777777,49.375
"Ross, Joe",605452,2025,862,104.07151842464921,0.034524845925242194,0.1001300635882894,0.5534788456907336,0.3452484592524219,0.06420868279474867,0.04005202543531576,1.0144925880049414,0.5005126418764121,-0.7542385896422275,-0.2072877945483924,0.11769055545300944,0.05806411158659073,-0.0874986762926018,-0.0240473079522497,1.5150052298813534,-0.9615263841906199,0.1757546670396002,-0.11154598424485149,0.3325718272226038,0.29618863921433947,0.15288017659649947,0.1441451038240907,0.31438023321847164,0.8514873597897049,0.5829337965040883,69.51388888888889,67.5,69.51388888888889,88.125,96.94444444444444,19.23611111111111
"Peterson, David",656849,2025,2696,104.04516790463659,0.1072814215360697,0.09948203035614775,1.7240776977710084,1.072814215360697,0.06394946950189201,0.0397928121424591,1.710884514956092,1.0202820124477512,-0.5720487317294101,-0.4350400979034248,0.06346010812151677,0.037844288295539735,-0.021218424767411353,-0.016136502147753147,2.7311665274038432,-1.0070888296328349,0.10130439641705649,-0.037354926915164496,0.25937929521149544,0.2849192270463739,0.09844223281920236,0.14544704853088464,0.27214926112893467,0.8780553593249565,0.5751023102269456,69.44444444444444,83.95833333333333,69.44444444444444,79.79166666666667,74.30555555555556,52.84722222222222
"Kirby, George",669923,2025,2385,104.02644054127923,0.09446648422915724,0.09902147193831996,1.5208011203140472,0.9446648422915723,0.0637652461347609,0.03960858877532798,2.5349963780374765,-1.4980986352504715,-0.1427356858453095,0.6266390633723518,0.10628915631184388,-0.06281335996857323,-0.005984724773388238,0.026274174564878478,1.036897742787005,0.48390337752704227,0.043475796343270645,0.020289449791490242,0.2909891245501369,0.18667950716097864,0.08826773327442826,0.11579909846384884,0.23883431585555778,0.8979665841308615,0.5684004499932096,69.375,81.80555555555556,69.375,69.16666666666667,43.958333333333336,77.63888888888889
"Rogers, Trevor",669432,2025,1626,103.97073533389938,0.06351255157933311,0.09765152456847032,1.0279127644577102,0.6351255157933311,0.06321726718682104,0.039060609827388126,1.988440451768838,0.6547286250061006,-0.1779219677786159,-1.4373343445386126,0.12229031068689042,0.04026621310000619,-0.010942310441489293,-0.08839694615858626,2.6431690767749387,-1.6152563123172285,0.1625565237868966,-0.09933925660007556,0.33078971066319446,0.2716699608342987,0.09917665074562278,0.20930795203906533,0.30122983574874657,0.8457576986076559,0.5734937671782012,69.30555555555556,76.25,69.30555555555556,77.5,92.98611111111111,14.027777777777779
"Peterson, David",656849,2023,1959,103.93485746483725,0.07582833500175087,0.09676918708748196,1.2315122676887995,0.7582833500175088,0.06286433219442569,0.03870767483499278,1.2787707810739448,0.936072757490706,-0.46599147785764217,-0.5173397930182091,0.06527671164236573,0.047783193337963555,-0.02378721173341716,-0.026408361052486427,2.2148435385646508,-0.9833312708758513,0.11305990498032929,-0.050195572785903586,0.2687359140441123,0.29715240086985417,0.10120770993142676,0.1502779395067192,0.2829441574569832,0.8742571752809271,0.5786006663689551,69.23611111111111,78.40277777777777,69.23611111111111,83.75,82.36111111111111,47.43055555555556
"Wilson, Steven",621051,2023,938,103.93306511074198,0.03629126054807462,0.09672510807056132,0.5895020515122269,0.3629126054807462,0.06284670058765744,0.03869004322822453,-0.5271956118474463,-0.53582920605254,0.5594928958580567,1.0930339735541565,-0.05620422301145483,-0.05712464883289339,0.05964743026205296,0.11652814216995273,-1.0630248178999864,1.6525268694122133,-0.11332887184434823,0.17617557243200568,0.15101444054126142,0.1980521610423045,0.07381926433134577,0.05137624618297966,0.17453330079178297,0.9374022447428373,0.5559677727673101,69.16666666666667,67.84722222222223,69.16666666666667,41.52777777777778,4.444444444444445,96.80555555555556
"Estrada, Jeremiah",669093,2024,1098,103.92011837081375,0.04234182764885,0.09640671140448545,0.6886583742950734,0.4234182764885,0.06271934192122709,0.03856268456179418,0.2053880705532265,0.42073505792177457,0.5013376009992498,-0.43880235517917754,0.018705653055849408,0.03831831128613612,0.045659162203938966,-0.03996378462469741,0.6261231284750011,0.0625352458200723,0.05702396434198552,0.005695377579241558,0.2216207073818701,0.28691421971799985,0.06767780844147278,0.2020176983500586,0.25426746354993496,0.8651522466042343,0.5597098550770846,69.09722222222221,69.79166666666666,69.09722222222221,50.97222222222222,59.513888888888886,34.375
"Melton, Troy",675512,2025,779,103.91991813067315,0.030038796809728964,0.09640178693751271,0.488568328927272,0.3003879680972896,0.062717372134438,0.038560714775005084,0.10868227445268985,0.3622251455399237,0.12542262866668352,-0.10776171973202509,0.013951511483015384,0.04649873498586954,0.0161004658108708,-0.013833340145317726,0.47090741999261354,0.017660908934658437,0.060450246468884916,0.0022671256655530728,0.22206072365861773,0.28494025937345,0.07972037435155771,0.14411561033457554,0.2535004915160339,0.8880820076569333,0.5707912495864836,69.02777777777777,65.97222222222221,69.02777777777777,72.91666666666666,58.611111111111114,67.84722222222223
"Moore, Matt",519043,2024,867,103.9180773001134,0.033416439661508916,0.09635651574829558,0.5436026159213725,0.3341643966150892,0.06269926365875114,0.03854260629931823,-0.3291493451069982,0.08581260917912914,0.9746478562801713,-0.18770850443092968,-0.037964168985812945,0.009897648117546613,0.11241613105884328,-0.0216503465318258,-0.24333673592786909,0.7869393518492416,-0.02806652086826633,0.09076578452701747,0.18162009109735786,0.2702021922668801,0.039230706764004315,0.16819775209757995,0.22591114168211895,0.8962857705692079,0.5610984561256634,68.95833333333333,67.15277777777777,68.95833333333333,54.02777777777777,31.38888888888889,75.48611111111111
"Waddell, Brandon",663399,2025,512,103.9105329720809,0.019695816612049978,0.09617097955102526,0.32064025180079625,0.19695816612049977,0.06262504917984302,0.038468391820410106,0.26011634353608315,0.17876168511793367,-0.4219512926438256,0.303713515790605,0.05080397334689124,0.03491439162459642,-0.08241236184449718,0.05931904605285254,0.4388780286540168,-0.11823777685322057,0.08571836497148766,-0.023093315791644642,0.24651673138911961,0.236725865390015,0.14116219263979846,0.10269538595254929,0.2416212983895673,0.8780712107038261,0.5598462545466967,68.88888888888889,62.291666666666664,68.88888888888889,51.18055555555555,46.875,52.916666666666664
"Iglesias, Raisel",628452,2024,928,103.88886245583086,0.035500840724346686,0.09563804074446844,0.5791821875390042,0.35500840724346683,0.06241187365722028,0.03825521629778737,0.9294863741979498,0.22309532975168622,-0.5785076228312391,0.005108106420607328,0.10016016963339976,0.0240404450163455,-0.0623391834947456,5.504425022206171e-4,1.152581703949636,-0.5733995164106318,0.12420061464974526,-0.06178874099252498,0.3036472765511449,0.24376766251293067,0.12280362995132019,0.1557641353548568,0.2737074695320378,0.8607161173469116,0.5672117934394747,68.81944444444444,67.63888888888889,68.81944444444444,67.01388888888889,75.625,28.47222222222222
"Brigham, Jeff",656257,2023,677,103.8429197984714,0.025592815651848122,0.09450818187536233,0.419468726841842,0.2559281565184812,0.061959930109577836,0.03780327275014493,-0.02631457859206421,-0.17748901850336551,0.1397613714475483,0.4835109524897234,-0.003886939230733266,-0.02621698943919727,0.020644220302444356,0.07141963847706402,-0.20380359709542972,0.6232723239372717,-0.030103928669930537,0.09206385877950837,0.202377637430123,0.21524106215635075,0.08103785113486298,0.06781925889424958,0.20880934979323687,0.9255714449854437,0.5671903973893403,68.75,64.93055555555556,68.75,66.875,17.291666666666668,93.75
"Cleavinger, Garrett",664076,2025,865,103.82395637022971,0.032538469014015345,0.09404181795958193,0.5343397762992481,0.3253846901401535,0.06177338454326568,0.03761672718383277,-0.06457218649211427,-0.15190350375132766,-0.10995352628469846,0.8607689928273885,-0.007464992658047892,-0.017561098699575454,-0.012711390321930457,0.09951086622281947,-0.21647569024344193,0.75081546654269,-0.025026091357623348,0.08679947590088902,0.21616545025733833,0.19250284582381155,0.1047515448631132,0.06808065060825404,0.20433414804057493,0.9135839022643164,0.5589590251524457,68.68055555555556,66.875,68.68055555555556,48.888888888888886,14.51388888888889,88.40277777777777
"Honeywell, Brent",641703,2024,790,103.80193278642774,0.02954606200904094,0.09350019623114221,0.4862982132299294,0.2954606200904094,0.061556735851889796,0.037400078492456884,-0.33402818730269246,0.36427080680573454,0.7044045110242223,-0.248348917297335,-0.04228204902565727,0.04611022870958665,0.08916512797774966,-0.03143657180978924,0.03024261950304208,0.4560555937268873,0.003828179683929377,0.05772855616796042,0.17664249332529083,0.3096153099178828,0.05197423004225418,0.18256124506713392,0.2431289016215868,0.882732262445306,0.5629305820334464,68.61111111111111,65.90277777777777,68.61111111111111,57.291666666666664,48.125,60.06944444444444
"Scott, Christian",681035,2024,846,103.75051742747854,0.031212577215382675,0.09223574827240742,0.5164910934146292,0.31212577215382675,0.061050956668395884,0.03689429930896297,0.15635487233885215,-0.0031058139120432315,-0.05327130098157795,0.4165133359693982,0.01848166339702744,-3.6711748369305336e-4,-0.006296844087656968,0.04923325484271847,0.15324905842680892,0.36324203498782026,0.018114545913334387,0.042936410755061494,0.2376165314292382,0.251147845515509,0.09580397318683125,0.10648523391613617,0.24438218847237358,0.8988553964485163,0.571618792460445,68.54166666666667,66.38888888888889,68.54166666666667,74.02777777777779,48.95833333333333,78.40277777777777
"Abbott, Andrew",671096,2025,2674,103.73306478825967,0.09819627400560646,0.09180653889828576,1.6279117578473006,0.9819627400560647,0.060879272918747215,0.0367226155593143,0.27921839810915117,0.68337035872878,0.04776068181854498,0.6175623191908244,0.010441974499220312,0.025556109152160805,0.0017861137553681742,0.02309507551199792,0.9625887568379312,0.6653230010093694,0.03599808365138112,0.024881189267366093,0.22536203493057536,0.24865888126439264,0.08691892145776876,0.11987485451246348,0.237010458097484,0.8966031120148839,0.566806785056184,68.47222222222223,82.70833333333333,68.47222222222223,65.48611111111111,41.458333333333336,75.97222222222221
"Maeda, Kenta",628317,2023,1764,103.63809507874484,0.06313071448213818,0.0894709672365904,1.0574305806417783,0.6313071448213818,0.05994504425406907,0.03578838689463616,1.037133326203275,0.8262258846734767,-0.694765844239555,-0.11116278599541829,0.05879440624735119,0.04683820207899528,-0.039385818834441894,-0.006301745237835504,1.8633592108767516,-0.8059286302349733,0.10563260832634647,-0.0456875640722774,0.24969728119072587,0.274926774815536,0.10770407249107673,0.14831668481836002,0.2623120280031309,0.8719896213452816,0.5671508246742063,68.40277777777779,76.11111111111111,68.40277777777779,66.73611111111111,66.66666666666666,44.44444444444444
"Bubic, Kris",663460,2024,544,103.63635728649223,0.019459582858551986,0.08942823004849258,0.3260080446208349,0.19459582858551985,0.05992794937882994,0.035771292019397036,-0.34418468845569805,0.10139265271664044,0.3205620644184819,0.2482380159414106,-0.06326924420141508,0.0186383552787942,0.058926850076926815,0.04563198822452401,-0.2427920357390576,0.5688000803598925,-0.04463088892262088,0.10455883830145082,0.16086350970467514,0.25152496358459087,0.06159450872110009,0.09888991858076196,0.206194236644633,0.919757786349069,0.562976011496851,68.33333333333333,62.15277777777778,68.33333333333333,57.36111111111111,15.76388888888889,90.97222222222221
"Anderson, Tyler",542881,2023,2427,103.61876931888307,0.08639701834646492,0.08899569256949416,1.4502522575780858,0.8639701834646492,0.05975493438723057,0.035598277027797665,0.021778200930384628,1.5520049757892593,-0.9853472932713885,0.8618163741298304,8.973300754175784e-4,0.06394746500985823,-0.040599394036728,0.03550953333868275,1.573783176719644,-0.12353091914155812,0.06484479508527581,-0.005089860698045246,0.23354486777767594,0.3645403376424372,0.12931785045638153,0.1172823220138418,0.29904260271005656,0.8766999137648883,0.5878712582374724,68.26388888888889,80.69444444444444,68.26388888888889,91.94444444444444,91.73611111111111,50.90277777777777
"Leahy, Kyle",681517,2024,695,103.61653193988197,0.024725506021283282,0.08894066914130676,0.4151438288608915,0.2472550602128328,0.05973292501595561,0.035576267656522706,0.11172538330265525,0.3628273397762314,0.02297096847087232,-0.08237986268886743,0.01607559471980651,0.052205372629673584,0.003305175319549974,-0.011853217653074451,0.47455272307888663,-0.05940889421799511,0.06828096734948008,-0.008548042333524476,0.22269750958036405,0.2894255442794455,0.08802304174408522,0.14508562882005335,0.2560615269299048,0.8834456647179307,0.5697535958239177,68.19444444444444,64.44444444444444,68.19444444444444,71.11111111111111,61.04166666666667,61.25000000000001
"Holton, Tyler",663947,2025,1210,103.6053325385834,0.042913978306796184,0.08866524443552931,0.7214353371171001,0.42913978306796186,0.05962275513364463,0.035466097774211724,0.47932671206262967,-0.17802875368101923,-0.4968140083651633,0.9169513871006529,0.03961377785641568,-0.01471312013892721,-0.04105900895579862,0.07578110637195479,0.30129795838161044,0.4201373787354896,0.024900657717488468,0.034722097416156165,0.2595744197794889,0.21095707470638655,0.11613630976488928,0.08577645307851715,0.23526574724293775,0.8990436185782968,0.5671546829106173,68.125,70,68.125,66.80555555555556,40.13888888888889,78.61111111111111
"Flaherty, Jack",656427,2024,2947,103.57770265746112,0.10371759988803939,0.08798574812354884,1.7490726912628816,1.037175998880394,0.059350956608852444,0.03519429924941954,-2.252666891022386,0.8860729720533982,3.4468164689250216,-0.33114985869315205,-0.076439324432385,0.030066948491801773,0.11696017878944764,-0.011236846240011946,-1.366593918968988,3.1156666102318695,-0.04637237594058324,0.10572333254943568,0.16487470181006927,0.2805460559023832,0.04281598531153696,0.14042839266330673,0.22271037885622624,0.9083778110125782,0.5655440949344022,68.05555555555556,83.33333333333334,68.05555555555556,63.40277777777777,28.47222222222222,85.13888888888889
"Jobe, Jackson",695549,2025,877,103.56056877486668,0.030717583756557077,0.0875643778693189,0.5190297226077973,0.30717583756557076,0.05918240850716047,0.03502575114772756,0.3623473265716939,0.20857739504958772,-0.14521538184544625,0.09332038283196198,0.04131668489985107,0.02378305530782072,-0.01655819633357426,0.01064086463306294,0.5709247216212816,-0.051894999013484266,0.06509974020767179,-0.005917331700511319,0.2305570252178634,0.2544786684166789,0.09653026396426832,0.12046829246317865,0.24251784681727112,0.8915007217862765,0.5670092843017738,67.98611111111111,66.25,67.98611111111111,66.25,47.56944444444444,71.52777777777779
"Severino, Luis",622663,2023,1630,103.55813732465738,0.057052987258957834,0.08750458168551814,0.9642833875483348,0.5705298725895783,0.05915849003364017,0.035001832674207256,0.7310804034159446,0.6903185011951791,-0.6330511129681327,0.1759355959053437,0.044851558491775745,0.04235082829418277,-0.03883749159313697,0.010793594840818632,1.4213989046111237,-0.45711551706278897,0.08720238678595851,-0.028043896752318342,0.23864989688043325,0.3024607771233199,0.10378192134158831,0.12910025000407263,0.2705553370018766,0.8835589143271695,0.577057125664523,67.91666666666667,74.02777777777779,67.91666666666667,82.15277777777777,73.19444444444444,61.458333333333336
"Messick, Parker",800048,2025,625,103.52738425325491,0.021687069340056743,0.08674827736022697,0.3678498018970231,0.21687069340056742,0.0588559683035237,0.03469931094409079,0.23533835689795524,0.04989479642154038,0.14448840207035119,-0.0618717534928237,0.03765413710367284,0.007983167427446461,0.02311814433125619,-0.009899480558851793,0.2852331533194956,0.08261664857752749,0.0456373045311193,0.013218663772404396,0.24638743322355922,0.2410803302368216,0.0765554811621985,0.149863721431937,0.2437338817301904,0.8867903987029322,0.5652621402165613,67.84722222222223,63.05555555555556,67.84722222222223,62.56944444444444,48.541666666666664,65.83333333333333
"Rasmussen, Drew",656876,2025,2316,103.52413386156346,0.08028955120176592,0.08666834110726031,1.3623636964621255,0.8028955120176593,0.05882399380233703,0.03466733644290412,0.7787652262034044,0.9404603150110233,-1.0385254466007154,0.6816636018484132,0.03362544154591556,0.040607094775950925,-0.044841340526801186,0.02943279800727173,1.7192255412144277,-0.3568618447523022,0.07423253632186648,-0.015408542519529457,0.2448928186625402,0.3336823726354556,0.11421423886795004,0.11624942834789626,0.28928759564899786,0.8847681663920769,0.5870278810205374,67.77777777777779,79.72222222222223,67.77777777777779,91.38888888888889,86.59722222222223,62.708333333333336
"DeSclafani, Anthony",543101,2023,1508,103.45955191884075,0.05132031023091719,0.08508008990536671,0.8774854952894202,0.5132031023091719,0.05818869332157959,0.034032035962146684,1.4851186503447025,-0.10033724150707712,-1.2172564962411343,0.7099605826929292,0.09848266912100148,-0.006653663229912276,-0.08071992680644127,0.04707961423693164,1.3847814088376253,-0.5072959135482051,0.09182900589108921,-0.033640312569509626,0.3023779267923744,0.23818215625688757,0.16674970874684777,0.10724732475132408,0.270280041524631,0.8630014832509141,0.5666407623877725,67.70833333333334,72.22222222222221,67.70833333333334,65.20833333333333,72.98611111111111,31.25
"Ryan, Joe",657746,2025,2795,103.43873721185167,0.09454724519642915,0.08456819785011553,1.6206510251604413,0.9454724519642915,0.05798393649947912,0.03382727914004621,1.6085068785505428,0.2700329295978463,-0.04849998016970858,-0.20938880281823913,0.05754944109304267,0.009661285495450672,-0.00173524079319172,-0.007491549295822509,1.878539808148389,-0.2578887829879477,0.06721072658849335,-0.009226790089014229,0.26265450952836455,0.246555506820624,0.08635608354110122,0.14865876789646615,0.2546050081744943,0.8824925742812163,0.5685487912278553,67.63888888888889,81.875,67.63888888888889,69.30555555555556,59.791666666666664,59.65277777777778
"King, John",667463,2025,782,103.4104646968355,0.026235442296497612,0.08387289736731973,0.4512594835157415,0.26235442296497613,0.057705816306360805,0.03354915894692789,0.7368213560384902,0.17646060178617518,-0.33120249663124923,-0.13081997767767461,0.09422267980031844,0.022565294346058206,-0.04235326043877868,-0.01672889740123716,0.9132819578246654,-0.46202247430892385,0.11678797414637664,-0.05908215784001583,0.2983000490937096,0.2657257492550449,0.1254589095096307,0.1416997929020612,0.2820128991743772,0.866420648794154,0.5742167739842656,67.56944444444444,65.13888888888889,67.56944444444444,78.33333333333333,81.52777777777777,36.041666666666664
"Bednar, David",670280,2023,1098,103.40998471483752,0.036831792161135954,0.08386109326306003,0.6335580194179329,0.3683179216113595,0.057701094664656914,0.03354443730522401,-1.2308735958713442,0.24432115073773275,2.0174187164229807,-0.39730825187143637,-0.11210142038901132,0.02225147092329078,0.18373576652304013,-0.03618472239266269,-0.9865524451336114,1.6201104645515443,-0.08984994946572053,0.14755104413037742,0.1368121988740384,0.27189308893337066,0.020353539302545035,0.18110792684863844,0.20435264390370453,0.8992692669244082,0.5518109554140563,67.5,68.33333333333333,67.5,33.125,14.583333333333334,78.81944444444444
"García, Luis",472610,2023,1010,103.38939084565041,0.03367527142054665,0.08335463222907587,0.5807349535357389,0.33675271420546654,0.057498510251063256,0.033341852891630344,0.1274961875228655,-0.46169968802905714,0.011837418934646848,0.9031010351072837,0.012623384903254011,-0.04571284039891655,0.0011720216766977077,0.08941594407002809,-0.33420350050619163,0.9149384540419305,-0.03308945549566254,0.0905879657467258,0.22519919306810254,0.19811066300584884,0.08376447223505598,0.07503789298447157,0.2116549280369757,0.9205988173902362,0.566126872713606,67.43055555555556,67.29166666666667,67.43055555555556,64.16666666666667,18.958333333333332,91.18055555555556
"Martinez, Adrián",661309,2023,943,103.3778097655423,0.03133393646999773,0.0830698209703015,0.5411366435994296,0.31333936469997725,0.05738458574755351,0.033227928388120595,0.11180799165458666,0.22157810436601721,0.37628324094930576,-0.16853269337048005,0.011856626898683633,0.023497147864901084,0.03990278270936434,-0.01787197172539555,0.3333860960206039,0.20775054757882572,0.03535377476358472,0.022030810983968793,0.2319593379129494,0.2753156967730364,0.07640559013347958,0.17008028370039918,0.2536375173429929,0.8767570630830606,0.5651972902130267,67.36111111111111,66.45833333333333,67.36111111111111,62.291666666666664,58.75,51.041666666666664
"Wilson, Justin",458677,2025,839,103.37034146948845,0.027816593488038298,0.08288615461274823,0.48084029012602514,0.278165934880383,0.0573111192045322,0.03315446184509929,0.40942234985470805,0.6428939655424983,-0.10796336816974872,-0.4635126571014325,0.04879884980389846,0.07662621758551827,-0.012868101092937869,-0.055245847091946666,1.0523163153972064,-0.5714760252711812,0.12542506738941675,-0.06811394818488453,0.24621232937690524,0.3366348063535086,0.09487675289370012,0.23416827468867069,0.29142356786520696,0.8354774862088146,0.5634505270370107,67.29166666666667,65.625,67.29166666666667,58.611111111111114,88.125,6.875000000000001
"Bradish, Kyle",680694,2024,674,103.34980292883803,0.0222099322292359,0.08238105426274442,0.3849151928949368,0.22209932229235899,0.05710907906453068,0.03295242170509777,-0.041884761331630216,0.1435080932906203,-0.029209465237727272,0.312501326173674,-0.006214356280657303,0.021292001971902123,-0.004333748551591583,0.04636518192487745,0.10162333195899009,0.2832918609359467,0.01507764569124482,0.04203143337328587,0.21082678645495342,0.2965646440627991,0.08082821542429751,0.09371347574429251,0.25369571525887624,0.912729154415705,0.5832124348372907,67.22222222222223,63.263888888888886,67.22222222222223,88.54166666666666,58.81944444444444,87.77777777777777
"García, Yimi",554340,2024,632,103.34377588525815,0.020788460017569142,0.08223283234797919,0.3605546746873074,0.2078846001756914,0.057049790298624586,0.032893132939191674,0.31823346368287275,-0.16810203256068235,-0.15000580356354476,0.36042904712866175,0.05035339615235328,-0.02659842287352569,-0.02373509550056088,0.05702991252035788,0.1501314311221904,0.210423243565117,0.023754973278827595,0.033294817019796995,0.26412648401071637,0.21501851899207364,0.10814924588746086,0.09710797680031108,0.239572501501395,0.897371388656114,0.5684719450787545,67.15277777777777,62.77777777777778,67.15277777777777,69.23611111111111,44.72222222222222,76.66666666666667
"Adam, Jason",592094,2024,1219,103.27354135897146,0.039254515080613464,0.08050556825392426,0.6870148040176218,0.39254515080613467,0.056358884661002605,0.0322022273015697,-0.11957938406612811,0.20112718989093992,0.3529067036197375,0.2525602945730725,-0.009809629537828393,0.016499359301963896,0.028950508910560915,0.020718645986306194,0.0815478058248118,0.60546699819281,0.006689729764135505,0.0496691548968671,0.19269683673595148,0.2475291739530481,0.07110817001899304,0.12112470348336783,0.2201130053444998,0.9038835632488196,0.5619982842966597,67.08333333333333,69.16666666666667,67.08333333333333,55.486111111111114,25.90277777777778,82.22222222222221
"Lodolo, Nick",666157,2023,638,103.25770878239955,0.020445654435616786,0.08011620076652348,0.3585760183093498,0.20445654435616786,0.0562031376660423,0.03204648030660939,0.2135735048909737,-0.6605217304561393,0.18731929356590626,0.6182049503086091,0.03347547098604604,-0.10353005179563311,0.02936039084105114,0.09689732763457823,-0.44694822556516556,0.8055242438745154,-0.07005458080958708,0.1262577184756294,0.23778401460944168,0.15346120887987844,0.07438760679647524,0.08770107140033588,0.19562261174466006,0.9189556609015944,0.5572891363231273,67.01388888888889,62.708333333333336,67.01388888888889,44.861111111111114,11.11111111111111,90.83333333333333
"Wood, Alex",622072,2023,1690,103.25168422003975,0.05405839495341983,0.07996803987192283,0.9488314589086144,0.5405839495341983,0.05614387330820204,0.03198721594876913,1.5024485052364867,-0.6914131994469699,0.12504374163745524,0.012752411481642412,0.08890227841636016,-0.040912023635915375,0.007399037966713328,7.545805610439298e-4,0.8110353057895168,0.13779615311909765,0.04799025478044478,0.008153618527757256,0.29413317983074294,0.19790501476169323,0.08743049605395786,0.1399142967275649,0.24601909729621807,0.8863276036092387,0.5661733504527284,66.94444444444444,72.98611111111111,66.94444444444444,64.30555555555556,50.208333333333336,64.65277777777779
"Junis, Jakob",596001,2024,941,103.24696838089592,0.030056316947472413,0.07985206415375243,0.5278773152269878,0.3005631694747241,0.056097483020933876,0.03194082566150097,0.6337088499553829,-0.7369739697156774,-0.5828040261409342,1.2139464611282165,0.0673441923438239,-0.07831816893896679,-0.06193454050381872,0.12900600011989546,-0.10326511976029451,0.6311424349872823,-0.010973976595142881,0.06707145961607676,0.30347106924646156,0.16312769048781262,0.12340108080462509,0.06737138729143874,0.23329937986713709,0.9046137659519681,0.5689565729095526,66.875,66.04166666666667,66.875,69.86111111111111,37.43055555555556,82.70833333333333
"Montas, Frankie",593423,2025,708,103.24334837895557,0.02258889240338959,0.07976303814756207,0.39691805813868086,0.22588892403389588,0.05606187261845774,0.03190521525902483,0.6713621487306227,0.37967501921048097,-0.49636947884027904,-0.15774963096214378,0.09482516225008795,0.0536264151427233,-0.0701086834520168,-0.022281021322336694,1.0510371679411037,-0.6541191098024228,0.14845157739281126,-0.0923897047743535,0.2848659759164134,0.29642406243304953,0.12054104711594964,0.1530141036618143,0.29064501917473146,0.863222424611118,0.5769337218929247,66.80555555555556,63.47222222222222,66.80555555555556,82.01388888888889,87.43055555555556,31.59722222222222
"Lucchesi, Joey",664192,2023,686,103.22879571617504,0.021788772427899443,0.07940514733199504,0.3836023937647042,0.21788772427899442,0.05591871629223093,0.031762058932798015,0.08763225975781097,0.11385060998600238,-0.0059645694946084404,0.18808409351549926,0.012774381888893727,0.016596298831778773,-8.694707718088106e-4,0.027417506343367242,0.20148286974381335,0.18211952402089082,0.029370680720672497,0.026548035571558427,0.23994705131212138,0.2777667958515434,0.10426738265384189,0.12186638400894603,0.2588569235818324,0.8869331166686061,0.5728950201252192,66.73611111111111,63.125,66.73611111111111,76.38888888888889,63.68055555555555,66.11111111111111
"Cuas, Jose",621016,2023,1166,103.19165555607471,0.03660855992923976,0.0784917665721264,0.6477522241033853,0.3660855992923976,0.05555336398828348,0.031396706628850565,1.4412634245716731,-0.07309891801685353,-0.799992566837318,0.079580284385883715,0.12360749781918294,-0.006269203946556907,-0.06860999715585918,0.006825067271516613,1.3681645065548196,-0.7204122824514343,0.11733829387262602,-0.06178492988434257,0.3874395276415963,0.23173030623661572,0.12508384181603968,0.12707565017661243,0.309584916939106,0.8739202540036739,0.59175258547139,66.66666666666666,68.125,66.66666666666666,93.75,95.48611111111111,46.875
"Woodruff, Brandon",605540,2023,1043,103.18022916561029,0.03262952889084409,0.0782107595657816,0.5782492251673261,0.3262952889084409,0.05544096118574555,0.03128430382631264,0.6261375746993849,0.6023030773176288,-0.2952995116756938,-0.35489191517399377,0.06003236574298992,0.0577471790333297,-0.028312513104093363,-0.0340260704864807,1.2284406520170137,-0.6501914268496876,0.11777954477631962,-0.06233858359057407,0.2631334676806018,0.33479904460731774,0.10427061558571567,0.17615554055044408,0.2989662561439598,0.8597869219319201,0.5793765890379399,66.59722222222221,66.94444444444444,66.59722222222221,84.44444444444444,91.66666666666666,27.083333333333332
"Kaprielian, James",621076,2023,1090,103.14715041129303,0.03374520543467232,0.07739726017126677,0.6007596195645419,0.3374520543467232,0.05511556142793962,0.030958904068506713,0.1658482236252894,0.22925389338820423,-0.1539608732216493,0.3596183757726976,0.015215433360118293,0.021032467283321487,-0.014124850754279751,0.03299251153877959,0.3951021170134936,0.2056575025510483,0.03624790064343978,0.018867660784499845,0.2092010905792203,0.23987926974803817,0.09329514245485694,0.1178923477097274,0.22454018016362923,0.8944062549177079,0.5594732175406686,66.52777777777777,67.36111111111111,66.52777777777777,50.34722222222222,29.930555555555554,74.23611111111111
"Harrison, Kyle",690986,2025,588,103.14301195256665,0.018179897803357076,0.07729548385781071,0.32384012330703627,0.18179897803357076,0.05507485090255719,0.03091819354312428,-0.1616840814367606,-0.09885482568188309,0.2944271567885153,0.2899518736371647,-0.027497292761353844,-0.01681204518399372,0.050072645712332525,0.04931154313557222,-0.2605389071186437,0.58437903042568,-0.04430933794534757,0.09938418884790476,0.19294801585219415,0.19572859134707124,0.060904922212536565,0.09817328038747673,0.1943383035996327,0.9204608986999934,0.557399601149813,66.45833333333333,61.52777777777778,66.45833333333333,45.06944444444444,10.347222222222221,91.11111111111111
"Mattson, Isaac",676755,2025,754,103.10448673012169,0.023026569023279566,0.07634804052811527,0.4124068867229198,0.23026569023279567,0.05469587357067902,0.03053921621124611,-0.10658620201274971,0.4620155478723973,0.38108379851496466,-0.32410625765169243,-0.014136101062698902,0.06127527160111371,0.05054161784018099,-0.04298491480791677,0.3554293458596476,0.056977540863272225,0.0471391705384148,0.007556703032264221,0.22775167788055706,0.3737411548549071,0.06629742433367204,0.2160423741668182,0.3007464163677321,0.8588301007497549,0.5797882585587435,66.38888888888889,63.888888888888886,66.38888888888889,85.34722222222221,92.77777777777779,26.25
"Luzardo, Jesús",666200,2024,1083,103.07923194424998,0.032804916677857926,0.07572695447335626,0.5896657659812377,0.32804916677857926,0.05444743914877541,0.0302907817893425,0.9210094059815788,0.6705903981710435,-0.30180588098392036,-0.7001281571874642,0.08504241975822519,0.06191970435559035,-0.027867579038219792,-0.06464710592682034,1.5915998041526223,-1.0019340381713846,0.14696212411381554,-0.09251468496504013,0.2569038800844733,0.3124187344422246,0.09944920335155234,0.17942466584927205,0.28466130726334893,0.8605630653995878,0.5726121863314684,66.31944444444444,67.01388888888889,66.31944444444444,76.04166666666666,83.68055555555556,28.26388888888889
"Cruz, Fernando",518585,2023,1112,103.06698493641623,0.033549380798232824,0.07542576618307739,0.6041158378192222,0.33549380798232825,0.05432696383266387,0.03017030647323096,0.3974992308910714,0.6891853716380183,0.16033709258090312,-0.6429058572907707,0.035746333713225845,0.06197710176600884,0.014418803289649562,-0.057815274936220386,1.0866846025290897,-0.48256876470986754,0.09772343547923468,-0.043396471646570824,0.2277233848314695,0.32095818221319067,0.09080891474102491,0.19588502812390476,0.2743407835223301,0.8566530285675351,0.5654969060449326,66.25,67.22222222222223,66.25,63.263888888888886,75.90277777777777,24.02777777777778
"Brieske, Beau",689225,2023,624,103.05677843651449,0.01876362002335024,0.07517475970893525,0.33837374215636373,0.1876362002335024,0.05422656124300701,0.0300699038835741,0.32525412796167075,0.273345115396296,-0.1918353355868021,-0.06839016561480094,0.05212405896821646,0.04380530695453462,-0.030742842241474694,-0.01095996243826938,0.5985992433579668,-0.26022550120160304,0.09592936592275109,-0.04170280467974408,0.2621201389014241,0.306817200846182,0.10734046720341726,0.16279838522065798,0.28446866987380304,0.8649305737879623,0.5746996218308826,66.18055555555556,61.66666666666667,66.18055555555556,78.95833333333333,83.40277777777779,33.88888888888889
"Cecconi, Slade",677944,2024,1291,103.05628920342959,0.03881403278799349,0.07516272809448779,0.7000027743902137,0.3881403278799349,0.054221748597228024,0.030065091237795116,-0.8269405018936595,-0.228771287543168,1.3953844380121154,0.36033012581492585,-0.06405426041004335,-0.017720471537038575,0.10808554903269678,0.027910931511613158,-1.0557117894368275,1.7557145638270413,-0.08177473194708192,0.13599648054430993,0.1705548855598217,0.2197747145100605,0.043604546488740736,0.1123865955726228,0.1951648000349411,0.9220044289693182,0.5585846145021297,66.11111111111111,68.88888888888889,66.11111111111111,47.986111111111114,10.833333333333334,92.15277777777777
"Beeks, Jalen",656222,2025,916,103.01471761726077,0.027165030150799064,0.07414036613209352,0.49292528292039606,0.27165030150799063,0.05381280381227031,0.029656146452837404,-0.43573648013625643,0.642502657033674,0.2434776980130664,0.04268140800991205,-0.04756948473103236,0.0701422114665583,0.026580534717583666,0.004659542359160704,0.2067661768974176,0.28615910602297845,0.02257272673552594,0.031240077076744373,0.2191176476951278,0.3420227814335488,0.08798352823783745,0.14703007155007303,0.2805702145643383,0.8824932001060448,0.58153170733519155,66.04166666666667,65.41666666666667,66.04166666666667,86.66666666666667,80.625,59.72222222222222
"McGough, Scott",543518,2024,609,102.99492267013608,0.017942005470256504,0.07365355283356528,0.32653409802151145,0.17942005470256506,0.053618078492859024,0.029461421133426115,0.1765906417936094,0.4630427751362731,0.003389708446320583,-0.31648902735469164,0.028996821312579538,0.07603329640989706,5.566023721380268e-4,-0.0519686416017556,0.6396334169298825,-0.31309931890837106,0.10503011772247661,-0.051412039229617575,0.23964212987750086,0.35372687263999564,0.09034798353778964,0.21913630773441797,0.29668450125874823,0.8452578543638962,0.5709711778113222,65.97222222222221,61.458333333333336,65.97222222222221,73.05555555555556,90.34722222222223,13.541666666666666
"Severino, Luis",622663,2024,3252,102.97116909864971,0.09504865711792208,0.07306938585326114,1.7360610685079791,0.9504865711792209,0.053384411700737364,0.029227754341304455,1.8933697519157704,1.0937700214799406,-2.917846427493714,1.6667677226059823,0.058221702088430825,0.033633764498153154,-0.08972467489218063,0.05125362000633402,2.987139773395711,-1.2510787048877319,0.09185546658658399,-0.038471054885846616,0.25495820920613843,0.2897528506426993,0.1522435940881625,0.10946964689377073,0.27235552992441886,0.8691433795090334,0.5707494547167261,65.90277777777777,81.94444444444444,65.90277777777777,72.77777777777777,74.58333333333333,39.791666666666664
"Iglesias, Raisel",628452,2025,949,102.96164090257766,0.02764818906971649,0.0728350607737526,0.5057285690381832,0.2764818906971649,0.05329068166893395,0.02913402430950104,0.9573965198769656,0.20757253355463945,-0.3121253148638061,-0.34711516952961574,0.10088477554024927,0.021872764336632187,-0.032889917266997484,-0.03657694094095003,1.164969053431605,-0.6592404843934219,0.12275753987688147,-0.06946685820794751,0.3094673196345042,0.2573680932625204,0.11594581856093315,0.18501839795412933,0.2834177064485123,0.8495178917424687,0.5664677990954905,65.83333333333333,65.55555555555556,65.83333333333333,65,82.84722222222223,16.875
"Pivetta, Nick",601713,2023,2382,102.94486019961965,0.06900404004133856,0.07242237619787842,1.2654519787150775,0.6900404004133857,0.05312560783858428,0.028968950479151368,-2.9279724976004218,0.883282162063324,3.7421005442419073,-0.431958229989732,-0.12292075976492116,0.03708153493128984,0.15709909925448814,-0.018134266582272542,-2.044690335537098,3.3101423142521753,-0.08583922483363131,0.1389648326722156,0.12082280334466897,0.315944821897165,0.031021354839846537,0.15197534450767455,0.218383812620917,0.9085016503262394,0.5634427314735782,65.76388888888889,77.22222222222223,65.76388888888889,58.54166666666667,24.444444444444443,85.20833333333333
"Gage, Matt",657424,2025,531,102.91463979981343,0.015224656082233065,0.07167917176192592,0.2805184114009194,0.15224656082233065,0.052828326064203276,0.028671668704770368,0.12410652824269164,0.3313318446564608,-0.13693104505438214,-0.03798891644385094,0.02337222754099654,0.06239771085809055,-0.025787390782369517,-0.0071542215525143005,0.45543837289915245,-0.17491996149823308,0.0857699383990871,-0.032941612334883824,0.22846889557816283,0.3087874934102832,0.09540073140902673,0.1486974298998988,0.26862819449422304,0.8779509193455373,0.57328955691988015,65.69444444444444,60.27777777777777,65.69444444444444,77.01388888888889,71.38888888888889,52.63888888888889
"Johnson, Pierce",572955,2023,1123,102.90245200272821,0.03206364428184587,0.07137943963011101,0.5919157049648902,0.32063644281845866,0.052708433211477314,0.028551775852044405,0.4766329368226252,-1.6373978294575409,1.7113467443086847,0.04133385329112116,0.04244282607503341,-0.14580568383415324,0.15239062727592917,0.003680663694667957,-1.1607648926349157,1.7526805975998059,-0.10336285775911984,0.15607129097059716,0.23238512679518572,0.1484073198851849,0.027377755032036592,0.1250874022141502,0.1903962233401853,0.9237674213769066,0.557081822358546,65.625,66.73611111111111,65.625,44.166666666666664,8.819444444444445,92.98611111111111
"Turnbull, Spencer",605513,2024,968,102.78298004286972,0.02650046705203708,0.06844128887406269,0.4988411137596813,0.2650046705203708,0.051533172909057984,0.027376515549625075,0.8887802842432393,0.0449623402053021,-0.6701291214612866,0.2352276107724265,0.09181614506645033,0.004644869855919638,-0.06922821502699242,0.02430037301368042,0.9337426244485414,-0.43490151068886007,0.09646101492236998,-0.04492784201331199,0.30962046435519036,0.23256084783746023,0.14248094871860367,0.11928202716810998,0.2710906560963253,0.8691185120566431,0.5701045840764842,65.55555555555556,65.20833333333333,65.55555555555556,71.59722222222223,73.61111111111111,39.65277777777778
"Mlodzinski, Carmen",669387,2023,614,102.7675330855779,0.016715881030395407,0.06806140484688684,0.31548068649087213,0.16715881030395408,0.05138121929818765,0.02722456193875474,0.1177453313244996,-0.17939756352006953,-0.053714518228616726,0.4308474369150588,0.019176764059364755,-0.029217844221509692,-0.008748292871110216,0.07017059233144281,-0.06165223219556992,0.37713291868644205,-0.010041080162144937,0.06142229946033258,0.233917905634111,0.2299465999390603,0.09069564310415797,0.09652531999799076,0.23193225278658564,0.9063895184489257,0.5691608856177557,65.48611111111111,60.90277777777777,65.48611111111111,70.27777777777777,36.59722222222222,83.95833333333333
"Hollowell, Gavin",668970,2023,570,102.75680071284516,0.015457822175979904,0.0677974656841224,0.2922711687085666,0.15457822175979904,0.05127564363308187,0.02711898627364896,0.2105251326056532,0.0546538640601284,-0.4866133921768778,0.5137055642196628,0.03693423379046547,0.009588397203531298,-0.08537077055734699,0.09012378319643208,0.2651789966657816,0.027092172042785023,0.04652263099399677,0.004753012639085092,0.26390826685778407,0.23154611422004767,0.16607364259213092,0.08915326781263024,0.24772719053891587,0.8723865447976195,0.5600568676682677,65.41666666666667,60.34722222222222,65.41666666666667,51.94444444444445,51.87500000000001,44.861111111111114
"Suarez, José",660761,2024,1015,102.68186103742453,0.026777522440310685,0.06595448876923814,0.5129652966013509,0.26777522440310686,0.050538452867128165,0.026381795507695257,0.39614018578629384,0.3273465751422009,-0.05901010277648311,-0.1515113615506607,0.03902858973263979,0.03225089410267989,-0.005813803229210159,-0.01492722773898135,0.7234867609284947,-0.2105214643271438,0.07127948383531968,-0.02074103096819151,0.2275337688359872,0.24870193229956708,0.08905986275858856,0.1560530729233031,0.23811785056777712,0.8774435321590541,0.5577806913634156,65.34722222222223,65.27777777777779,65.34722222222223,46.041666666666664,43.05555555555556,52.22222222222223
"Warren, Will",701542,2025,2886,102.65065830690533,0.07525201832877818,0.06518712606443015,1.4496813146810155,0.7525201832877817,0.05023150778520497,0.026074850425772064,1.4217470099924867,-2.77099866867934,1.4398510672772318,1.359081906090637,0.04926358315982283,-0.09601519988493902,0.04989088937204546,0.047092235138275707,-1.3492516586868533,2.7989329733678687,-0.046751616725116185,0.09698312451032116,0.2646485085062695,0.1772598644434211,0.06721868107615127,0.1072777823831571,0.22095418647484527,0.9127517682703459,0.5668529773725955,65.27777777777779,78.19444444444444,65.27777777777779,65.76388888888889,26.666666666666668,87.84722222222221
"Sale, Chris",519242,2023,1668,102.6479762447624,0.04344884237547742,0.06512116662991219,0.8374214685101151,0.4344884237547742,0.05020512401139778,0.026048466651964874,-0.2385724554654871,-1.761617369047599,1.6593336601813462,1.178277632841855,-0.014302905003926085,-0.105612552101175,0.09948043526267064,0.07064014585382823,-2.000189824513086,2.837611293023201,-0.11991545710510107,0.17012058111649886,0.19262921704768116,0.14556542921422466,0.042496790980557836,0.09682541203324445,0.1690973231309529,0.9303388984930989,0.5497181108120259,65.20833333333333,70.06944444444444,65.20833333333333,28.40277777777778,3.125,95.625
"Strzelecki, Peter",657265,2023,649,102.63593641701435,0.016828589075234265,0.06482507347933075,0.32506259701506224,0.16828589075234265,0.05008668675116521,0.025930029391732303,0.3452534693230973,-0.23588210462821735,-0.18611435569346213,0.4018055880136444,0.05319776106673302,-0.0363454706669056,-0.028677096408853953,0.06191149276019174,0.10937136469487996,0.21569123232018228,0.01685229039982742,0.03323439635133779,0.2607834438386691,0.21180387854469102,0.1091714078253677,0.10535008121412738,0.23629366119168005,0.8927392554802525,0.5645164583359663,65.13888888888889,60.97222222222223,65.13888888888889,61.04166666666667,40.97222222222222,72.84722222222221
"Beeks, Jalen",656222,2024,1175,102.63373420778233,0.030442330037995662,0.06477091497445885,0.5882640243532933,0.30442330037995663,0.05006502334921645,0.02590836598978354,-0.38556728278308583,0.9839189656520375,0.00166631175807197,-0.011753970273730374,-0.03281423683260305,0.0837377843108117,1.41813766644423e-4,-0.0010003378956366276,0.5983516828689517,-0.010087658515658404,0.05092354747820865,-8.585241289922047e-4,0.21303185870926633,0.34231795976362855,0.0937740494337744,0.1518947469996992,0.27767490923644744,0.8771656017832632,0.5774202555098553,65.06944444444444,66.11111111111111,65.06944444444444,82.56944444444444,78.75,51.66666666666667
"Mlodzinski, Carmen",669387,2024,866,102.63019448814006,0.022406490259336626,0.0646838633352674,0.43326155532605526,0.22406490259336626,0.05003020269353987,0.02587354533410696,0.6877161848588003,0.34866053729638224,-0.5289207114374221,-0.0741944553917051,0.07941295437168594,0.04026103202036746,-0.061076294623258906,-0.008567489075254632,1.0363767221551825,-0.6031151668291272,0.11967398639205341,-0.06964378369851354,0.2723899858260455,0.29320225758333096,0.13647804245805717,0.1303417276323209,0.28279612170468826,0.866590114954811,0.5746931183297497,65,63.40277777777777,65,78.88888888888889,82.29166666666666,36.25
"Stripling, Ross",548389,2023,1429,102.60963435633467,0.03668427741015599,0.0641782319981735,0.7120414077678561,0.36684277410155985,0.04982795015870231,0.025671292799269402,0.44979386752947903,1.4128064703559176,-0.7113447674955751,-0.43921416262196544,0.03147612788869692,0.09886679288704811,-0.04977919996470084,-0.030735770652341877,1.8626003378853966,-1.1505589301175405,0.13034292077574505,-0.08051497061704273,0.2308237716732248,0.37547763579684995,0.11180019916831388,0.1903566116510472,0.3031507037350374,0.8489215945903195,0.5760361491626784,64.93055555555556,68.19444444444444,64.93055555555556,80.625,93.68055555555556,16.319444444444446
"Ort, Kaleb",672391,2025,788,102.59725370597884,0.020133008226335763,0.063873757063248,0.39168454225568894,0.20133008226335763,0.049706160184732104,0.025549502825299195,-0.14532974215194372,0.007444901014423522,0.38399613114324893,0.1455732522499602,-0.018442860679180675,9.447843926933404e-4,0.04873047349533616,0.018473762975883275,-0.1378848411375202,0.5295693833932091,-0.017498076286487335,0.06720423647121944,0.19365384210470155,0.24202313188196012,0.0653238924154336,0.11359754733972213,0.21783848699333083,0.9105392801224221,0.5641888835578764,64.86111111111111,62.56944444444444,64.86111111111111,60.27777777777777,23.88888888888889,86.04166666666667
"Iglesias, Raisel",628452,2023,894,102.56889828533593,0.022591886968962225,0.06317641769844021,0.44187938648295244,0.22591886968962224,0.049427224438808995,0.025270567079376086,0.9127986352532389,0.29120343079011946,-0.5826458091000575,-0.17947687046034844,0.10210275562116766,0.032573090692407096,-0.06517290929530845,-0.020075712579457318,1.2040020660433584,-0.7621226795604059,0.13467584631357477,-0.08524862187476577,0.30429731742189087,0.27607462811615,0.1392133092338735,0.18699180725080028,0.2901859727690205,0.8368974417576631,0.5635417072633417,64.79166666666667,63.541666666666664,64.79166666666667,58.88888888888889,87.29166666666667,7.708333333333334
"Kelly, Merrill",518876,2024,1142,102.56770024172214,0.02884552879002734,0.06314695444401783,0.5643243149449972,0.2884552879002734,0.04941543913704004,0.02525878177760713,1.4440693144370016,0.6945182132105856,-1.1230716176542046,-0.45119159504838535,0.12645090319063063,0.06081595562264323,-0.0983425234373209,-0.039508896238912905,2.138587527647587,-1.57426321270259,0.18726685881327385,-0.1378514196762338,0.31582245555745814,0.3188780930059254,0.1426660167703002,0.1628149381576109,0.31735027428169177,0.8472595225360444,0.5823048984088681,64.72222222222223,65.83333333333333,64.72222222222223,87.56944444444444,97.5,15.138888888888888
"Javier, Cristian",664299,2024,651,102.52026339852775,0.016139682971322095,0.0619803493522354,0.3186566691231292,0.16139682971322095,0.04894879710032707,0.02479213974089416,-0.3629799019472557,-0.03882097415748831,0.3206268848862237,0.3998306603416495,-0.055757281405108404,-0.00596328328072017,0.049251441610787046,0.06141792017536859,-0.401800876104744,0.7204575452278732,-0.061720564685828566,0.11066936178615563,0.16739826006835706,0.21563437031760932,0.05936621791155588,0.09932527127539705,0.19151631519298318,0.9206542554065236,0.5560852852997533,64.65277777777779,60.69444444444444,64.65277777777779,41.875,9.23611111111111,91.25
"Blanco, Ronel",669854,2025,793,102.50796021483926,0.019564191670102943,0.061677779540047106,0.3872042095613324,0.19564191670102943,0.04882776917545175,0.024671111816018842,0.06183186735597701,0.43202499187918875,0.030051525611725083,-0.13670417528555845,0.0077972089982316535,0.05447982243117134,0.003789599698830402,-0.017238861952781646,0.49385685923516576,-0.10665264967383337,0.062277031429402996,-0.013449262253951245,0.20627272660526547,0.27677516264454305,0.08819708894637938,0.1416316294513219,0.24152394462490426,0.8850856408011494,0.5633047927130268,64.58333333333334,62.22222222222222,64.58333333333334,58.26388888888889,46.52777777777778,63.05555555555556
"Thompson, Ryan",657044,2024,1010,102.48175070998701,0.02465741856363262,0.06103321426641737,0.49055642496659857,0.24657418563632622,0.048569943065999856,0.024413285706566947,1.0642128616182163,-0.4147564033692106,-0.7877854297403246,0.6288853964579175,0.10536761006120954,-0.04106499043259511,-0.07799855740003214,0.062265880837417575,0.6494564582490057,-0.1589000332824071,0.06430261962861443,-0.015732676562614564,0.4382141347912279,0.19562518494830056,0.20165712045977383,0.11240777068806825,0.3169196598697642,0.842967554426079,0.5799436071479216,64.51388888888889,64.375,64.51388888888889,85.55555555555556,97.29166666666667,11.666666666666666
"Brash, Matt",666374,2025,953,102.47886592037776,0.023238817016984287,0.06096226919460725,0.46260111480523847,0.23238817016984287,0.04854156503727581,0.0243849076778429,0.38790389056885033,-1.1272864365555506,-0.7448376731940698,1.9468213339860085,0.04070345126640612,-0.11828818851579756,-0.0781571535355792,0.2042834558222464,-0.7393825459867003,1.2019836607919387,-0.07758473724939143,0.12612630228666724,0.25336665038907463,0.1332473652697107,0.13512498741457746,0.03005699415951756,0.19330700782939267,0.9174090092129525,0.5553580085211726,64.44444444444444,64.02777777777777,64.44444444444444,40.27777777777778,10,89.93055555555556
"Romero, JoJo",668941,2024,929,102.47781368377419,0.02264396317197046,0.060936391743731035,0.4508549785888363,0.22643963171970458,0.04853121405692532,0.024374556697492413,0.7028988838383157,-0.3816323290529908,-0.5566812321435464,0.6862696559470578,0.07566188200627724,-0.04107990624897641,-0.059922629940101876,0.07387186823972636,0.32126655478532484,0.12958842380351143,0.03458197575730084,0.01394923829962448,0.29881618117181635,0.18832364444646874,0.14104172978713814,0.10071573530904233,0.24356991280914253,0.8791212674519098,0.5613455901305262,64.375,63.61111111111111,64.375,54.513888888888886,48.40277777777778,54.72222222222223
"Moreta, Dauri",664294,2023,961,102.47322116311125,0.023380533708365257,0.06082344877306258,0.46595081430780283,0.2338053370836526,0.04848603686865794,0.024329379509225032,-0.47083054227221055,0.506939366939605,0.9288286511482511,-0.49898666150784265,-0.04899381293155156,0.05275123485323673,0.09665230501022384,-0.05192369006325106,0.0361088246673944,0.42984198964040843,0.003757421921685161,0.04472861494697278,0.15743316718405248,0.3445017647843364,0.062471584403268665,0.2704146690651668,0.25096746598419445,0.8335568732657823,0.5422621696249884,64.30555555555556,64.09722222222223,64.30555555555556,14.305555555555555,55.41666666666667,5.902777777777778
"Martin, Chris",455119,2023,721,102.44513367412145,0.01734227027608917,0.06013269859947701,0.34759220232240295,0.1734227027608917,0.04820973679922371,0.024053079439790803,0.5128285687223979,0.29461858108516026,-0.7342091084833555,0.2743541609982003,0.07112740204194146,0.04086249390917618,-0.10183205388118663,0.03805189472929269,0.8074471498075582,-0.4598549474851552,0.11198989595111762,-0.06378015915189393,0.2947467853513425,0.3817771478465337,0.20133501810832138,0.11671177752408078,0.33826196659893815,0.8409766021837989,0.5896192843913686,64.23611111111111,61.111111111111114,64.23611111111111,92.77777777777779,99.23611111111111,10.347222222222221
"Horton, Cade",690990,2025,1788,102.4342051683964,0.04281468701006485,0.05986393597604145,0.8600679036873089,0.4281468701006485,0.04810223174984949,0.023945574390416582,-0.6107138061074693,0.8369448220448703,0.7858199410871975,-0.15198305333728968,-0.034156253138001635,0.046808994521525184,0.04394966113463073,-0.008500170768304791,0.22623101593740103,0.6338368877499079,0.012652741383523548,0.03544949036632594,0.19521664024620655,0.3109071095434313,0.06996503390386641,0.15457478101269367,0.2530618748948189,0.88773009254172,0.5703959837182695,64.16666666666667,69.93055555555556,64.16666666666667,72.22222222222221,58.19444444444445,67.43055555555556
"Booser, Cam",592155,2025,571,102.41951428902608,0.01359040435249082,0.05950264602666734,0.2738385570472701,0.1359040435249082,0.04795771577009984,0.023801058410666934,-0.6143624635648166,0.18321574273795704,0.4169954543745007,0.287989823499629,-0.10759412671888208,0.03208682009421314,0.07302897624772342,0.05043604614704536,-0.43114672082685956,0.7049852778741297,-0.07550730662466892,0.12346502239476878,0.13335251728715963,0.26952873815199063,0.05241065144058493,0.08910849752911716,0.20144062771957513,0.929240425515149,0.565340526617362,64.09722222222223,59.791666666666664,64.09722222222223,62.77777777777778,13.472222222222221,95.34722222222223
"Meyer, Max",676974,2024,968,102.41269674661987,0.02297450562183216,0.059334983527459084,0.46358149945763216,0.22974505621832161,0.04789065077041654,0.023733993410983634,0.24266078550090242,0.7048183699098445,-0.12205362623672045,-0.3618440297163943,0.025068262964969258,0.07281181507333104,-0.012608845685611617,-0.037380581582272136,0.9474791554107469,-0.48389765595311474,0.09788007803830029,-0.049989427267883746,0.23249291639439038,0.34443396744603666,0.09589193834190456,0.19251720118226903,0.2884634419202135,0.8557954302379132,0.5721294360790633,64.02777777777777,63.74999999999999,64.02777777777777,75,86.31944444444444,23.26388888888889
"Abbott, Cory",676265,2023,702,102.40639422865215,0.016617740328387927,0.059179986924458416,0.33575713794709827,0.16617740328387925,0.047828652129216276,0.023671994769783367,-0.41330977449229067,-0.21055811619498854,1.1182806902133962,-0.15865566157901867,-0.05887603625246306,-0.029994033646009763,0.15929924362014192,-0.022600521592452804,-0.6238678906872792,0.9596250286343775,-0.08887006989847282,0.1366987220276891,0.16441721295691672,0.2382012299981184,0.024674264126220015,0.17803317130418783,0.20130922147751756,0.898646282284796,0.5499777518811568,63.95833333333333,60.83333333333333,63.95833333333333,28.958333333333336,13.402777777777777,78.26388888888889
"Estes, Joey",683155,2024,2027,102.38285460779682,0.04751375695362726,0.0586010815905615,0.9647930142119776,0.47513756953627256,0.04759708999565751,0.0234404326362246,0.013800217114749103,-0.09991549994833804,0.12827395496378813,0.9226343420817784,6.8081978859147e-4,-0.004929230387189839,0.006328266155095615,0.04551723443916026,-0.08611528283358894,1.0509082970455665,-0.004248410598598369,0.051845500594255876,0.2053484406523545,0.21604911786531056,0.08059085996475633,0.1120561427445156,0.2106987792588325,0.903676498645364,0.5571876389520982,63.888888888888886,71.31944444444444,63.888888888888886,44.44444444444444,18.055555555555554,82.15277777777777
"Buttó, José",676130,2025,1095,102.36123723247061,0.0254344189547795,0.05806944966844635,0.5188595876335853,0.254344189547795,0.047384437226811446,0.023227779867378538,0.6219374813501304,0.8834227015331635,-0.6488214302362394,-0.3376791650134692,0.05679794350229501,0.08067787228613366,-0.05925309865171136,-0.030838279909905862,1.5053601828832939,-0.9865005952497086,0.13747581578842866,-0.09009137856161722,0.24601283628956075,0.3039396522968174,0.10646195535614628,0.16089779099499904,0.27497624429318906,0.8663201268244274,0.5706481855588083,63.81944444444444,64.72222222222223,63.81944444444444,72.63888888888889,76.66666666666667,35.90277777777778
"Corbin, Patrick",571578,2025,2514,102.35634490996385,0.05827364887801516,0.05794913372913202,1.190034854796295,0.5827364887801516,0.047336310851085715,0.023179653491652807,1.5623869272362754,0.38265835895685996,-0.5313797914632232,-0.2236306399336172,0.0621474513618248,0.015221096219445503,-0.021136825436086845,-0.008895411294097742,1.9450452861931353,-0.7550104313968404,0.0773685475812703,-0.030032236730184583,0.2784164729410253,0.2700862002741294,0.10296323310978459,0.14664440575157567,0.27425133660757733,0.8751961805693199,0.5747237585884486,63.74999999999999,74.58333333333333,63.74999999999999,79.09722222222221,75.83333333333333,48.47222222222222
"Kelly, Merrill",518876,2025,2743,102.34660954493334,0.06331909796333964,0.05770971378357605,1.295808091002641,0.6331909796333963,0.04724054287286333,0.023083885513430418,3.543003369158214,1.1017180550775265,-1.816472400506882,-1.5324409327262174,0.12916527047605592,0.04016471217927548,-0.06622210720039672,-0.05586733258207136,4.64472142423574,-3.3489133332330994,0.1693299826553314,-0.12208943978246807,0.31536358396126535,0.2796621900252942,0.1180840601187694,0.17662092255271622,0.29751288699327977,0.8526475086642572,0.5750801978287685,63.68055555555555,76.18055555555556,63.68055555555555,79.58333333333333,90.83333333333333,20.34722222222222
"Spiers, Carson",686730,2024,1553,102.33918526415204,0.03573585308461789,0.057527129885089956,0.7325114196381719,0.35735853084617886,0.04716750931346889,0.023010851954035984,0.7891880906749975,0.25910677641172697,-1.0218776370898013,0.7060941896412487,0.050817005194784125,0.016684274076737088,-0.0658002341976691,0.04546646423961678,1.0482948670867245,-0.3157834474485526,0.06750127927152122,-0.020333769958052323,0.2580403170629252,0.2628933927952332,0.1366106577908064,0.10982502986882013,0.2604668549290792,0.8767821561701867,0.568624505549633,63.61111111111111,67.70833333333334,63.61111111111111,69.51388888888889,65.20833333333333,51.11111111111111
"Minter, A.J.",621345,2023,1088,102.2390808507119,0.02396441048478835,0.05506528144482618,0.5024685369185136,0.2396441048478835,0.04618276993736338,0.02202611257793047,0.2230678180283121,0.19746734087448203,0.22843885938277708,-0.14650548136705766,0.020502556804072803,0.018149571771551656,0.020996218693269952,-0.013465577331531035,0.42053515890279414,0.08193337801571943,0.03865212857562446,0.007530641361738918,0.22961535203919095,0.26517613070829577,0.08675612881446411,0.15220443508957118,0.24739574137374337,0.8805197180479823,0.5639577297108629,63.541666666666664,64.30555555555556,63.541666666666664,59.791666666666664,51.388888888888886,56.80555555555556
"Faedo, Alex",656412,2023,1034,102.23523574441862,0.022735889581439395,0.05497071949090763,0.47713873291093023,0.22735889581439395,0.04614494515579596,0.02198828779636305,0.07124485093754629,-0.5111344592460227,1.3590020502670086,-0.4419737090476019,0.006890217692219177,-0.0494327330025167,0.1314315329078345,-0.042744072441741,-0.43988960830847645,0.9170283412194067,-0.04254251531029753,0.08868746046609349,0.2192770535800428,0.2223880951652843,0.04072963746044074,0.16703149549903587,0.22083257437266354,0.8961194335202617,0.5584760039464626,63.47222222222222,63.68055555555555,63.47222222222222,47.708333333333336,26.59722222222222,75.20833333333333
"Enns, Dietrich",608650,2025,698,102.19928995077402,0.015101009865828042,0.054086711553825384,0.31962356702712214,0.1510100986582804,0.04579134198096306,0.02163468462153015,-0.008292868373246165,0.6130864866481716,0.12020831541434518,-0.40537836666214844,-0.0011880900248203675,0.08783474020747443,0.017221821692599597,-0.058077129894290605,0.6047936182749254,-0.28517005124780326,0.08664665018265406,-0.04085530820169101,0.1906218076682508,0.3581613712902036,0.07580936269648328,0.2113559893547839,0.2743915894792272,0.8564173239743664,0.5654044567267968,63.40277777777777,60.06944444444444,63.40277777777777,63.05555555555556,76.04166666666666,23.75
"Elder, Bryce",693821,2023,2894,102.18269533025381,0.06213835114220624,0.05367860326728252,1.3204771754040507,0.6213835114220624,0.045628098666345915,0.021471441306913006,1.0266274941125175,2.285915423075494,-1.4329750387916533,-0.5590907029923073,0.03547434326580917,0.07898809340274685,-0.04951537798174337,-0.019318960020466736,3.3125429171880114,-1.9920657417839607,0.11446243666855603,-0.06883433800221012,0.24726114220819662,0.36346350934247124,0.10954456211481302,0.154861267223122,0.30536232577533395,0.8677970853310325,0.5865797055531832,63.33333333333333,75.69444444444444,63.33333333333333,91.11111111111111,94.51388888888889,38.125
"Chivilli, Angel",683409,2024,513,102.14594212688594,0.010829376413937783,0.052774738859345915,0.23221741639326865,0.10829376413937783,0.045266552903171275,0.021109895543738367,0.5751972156449483,0.4080760815049871,-0.39173057926700494,-0.3593253014896618,0.1121242135760133,0.07954699444541659,-0.07636073669922123,-0.07004391841903738,0.9832732971499354,-0.7510558807566667,0.1916712080214299,-0.14640465511825862,0.29753761863047157,0.32886303635455083,0.13182526132568034,0.21036032722589343,0.3132003274925112,0.8289072057242131,0.5710537666083622,63.263888888888886,59.30555555555556,63.263888888888886,73.40277777777777,96.59722222222223,4.375
"Matsui, Yuki",673513,2025,1044,102.14262276347078,0.02200464123186508,0.05269310639814434,0.47224191515113034,0.2200464123186508,0.045233899918690645,0.021077242559257737,0.0329113497432445,0.7882810532137228,0.092121761576891,-0.44107224938272793,0.0031524281363261015,0.07550584800897728,0.00882392352269071,-0.04224829974930344,0.8211924029569673,-0.34895048780583693,0.07865827614530338,-0.033424376226612734,0.20351930688427636,0.3241009856471993,0.08234572886306463,0.19258803753751724,0.26381014626573784,0.862533116799709,0.5631716315327234,63.19444444444444,63.19444444444444,63.19444444444444,57.91666666666667,67.77777777777779,30.625000000000004
"Martinez, Nick",607259,2024,2121,102.13629365120423,0.04457277747247359,0.052537455766706265,0.9580904773183079,0.4457277747247359,0.04517163966611541,0.021014982306682504,0.6825471247911992,1.53933148643614,-0.4199781810791592,-0.8438099528298721,0.03218043964126352,0.07257574193475436,-0.019800951488880676,-0.03978359042102179,2.221878611227339,-1.2637881339090313,0.10475618157601788,-0.05958454190990247,0.24166936372455594,0.3777619097214288,0.0938017695034613,0.1791801403267166,0.3097156367229924,0.863509045084911,0.5866123409039516,63.125,70.27777777777777,63.125,91.18055555555556,95.55555555555556,31.73611111111111
"Eovaldi, Nathan",543135,2024,2621,102.13486284136583,0.055043377915491895,0.05250226813763058,1.1835797685456555,0.550433779154919,0.04515756461448514,0.021000907255052232,1.5180246929396617,0.31736106333119096,0.7728582708019758,-1.424664258527173,0.05791776775809468,0.012108396159145019,0.02948715264410438,-0.05435575194685894,1.8353857562708527,-0.6518059877251972,0.0700261639172397,-0.024868599302754566,0.2516274004404288,0.2429259394199704,0.07967369455532139,0.17683058771897414,0.2472766699301996,0.8717478588628522,0.5595122643965259,63.05555555555556,73.125,63.05555555555556,50.48611111111111,51.31944444444444,43.888888888888886
"Phillips, Evan",623465,2024,1030,102.12387403206469,0.021519593261774314,0.052232022480034744,0.4640095034199021,0.21519593261774314,0.045049466351446806,0.020892808992013897,0.04334767009981988,-0.8422618151928418,0.1634234823686711,1.099500166144253,0.0042085116601766875,-0.08177299176629532,0.01586635751152147,0.10674758894604398,-0.7989141450930219,1.262923648512924,-0.07756448010611863,0.12261394645756545,0.2189184448122837,0.17742054307098712,0.09556811585679915,0.07209978902618165,0.1981694939416354,0.9161660475585096,0.5571677707500725,62.98611111111111,62.98611111111111,62.98611111111111,44.375,12.152777777777777,89.72222222222223
"Flaherty, Jack",656427,2025,2924,102.11176882302358,0.06074238233281284,0.05193432141998361,1.3137644845179466,0.6074238233281284,0.044930385927426354,0.020773728567993446,-2.994441650582985,0.228340842627631,4.095291068192182,-0.015425775718881596,-0.10240908517725666,0.0078091943443102255,0.1400578340695001,-5.275573091272777e-4,-2.766100807955354,4.0798652924733005,-0.09459989083294644,0.1395302767603728,0.15310210295727392,0.2568691492070702,0.03689512836744965,0.12856015803736362,0.20498562608217208,0.9172723567975933,0.5611289914398827,62.916666666666664,75.48611111111111,62.916666666666664,54.09722222222222,15,89.86111111111111
"Senzatela, Antonio",622608,2025,2284,102.11006506402778,0.047408916013048266,0.05189242120517543,1.0258272142199303,0.47408916013048263,0.04491362584150308,0.020756968482070173,0.8946372874015651,0.6305565044624473,1.077038781608394,-1.576405359252476,0.039169758642800576,0.027607552734783155,0.04715581355553388,-0.06901949909161453,1.5251937918640124,-0.4993665776440821,0.06677731137758372,-0.021863685536080653,0.24918670182530087,0.2660812097872445,0.06697827826569841,0.21117887059433027,0.2576339558062727,0.8609214255699856,0.5592776906881292,62.84722222222222,71.25,62.84722222222222,49.791666666666664,62.56944444444444,28.888888888888886
"Ferguson, Caleb",657571,2024,954,102.10874041491873,0.019789716610196687,0.05185984436634352,0.4283516773109568,0.19789716610196686,0.04490059510597032,0.02074393774653741,-0.23077890447461868,0.36717926340952545,0.22274757405193668,0.06920374432411336,-0.024190660846396088,0.03848839239093558,0.02334880231152376,0.00725406124990706,0.13640035893490676,0.29195131837605004,0.014297731544539493,0.030602863561430823,0.20989042270270528,0.2793972944017796,0.08486464347986072,0.12733660471338484,0.2446438585522424,0.8938993759033772,0.5692716172278098,62.77777777777778,62.43055555555556,62.77777777777778,70.55555555555556,49.09722222222222,73.54166666666667
"Soriano, George",666277,2024,519,102.09460229254611,0.010693921979335181,0.051512148262693555,0.23231227148880862,0.1069392197933518,0.04476151666451033,0.02060485930507742,0.30278114149405155,-0.3038634063987047,0.08279900483466918,0.15059553155879257,0.05833933362120454,-0.05854786250456738,0.015953565478741653,0.029016480069131514,-0.0010822649046531296,0.23339453639346175,-2.0852888336283813e-4,0.04497004554787317,0.2761664739815125,0.19827871200461797,0.0787693926009127,0.11273155819889209,0.23722259299306525,0.9042495246000977,0.5707360587965815,62.708333333333336,59.166666666666664,62.708333333333336,72.70833333333333,41.66666666666667,82.36111111111111
"Roycroft, Chris",688297,2024,591,102.09135964434233,0.012158619937718662,0.05143240244381837,0.2643520443714351,0.12158619937718662,0.04472961833696026,0.02057296097752735,0.12138382882517362,-0.14516640808142256,-0.37048963793677103,0.6586242615644551,0.020538718921349175,-0.024562844007008894,-0.0626886020197582,0.11144234544237819,-0.023782579256248937,0.28813462362768405,-0.004024125085659718,0.04875374342261997,0.2788945440448489,0.20429210961479696,0.15302413180111263,0.08146598406565941,0.24159332682982293,0.882754942066614,0.5621741344482185,62.638888888888886,59.583333333333336,62.638888888888886,55.69444444444444,46.736111111111114,60.138888888888886
"Stanek, Ryne",592773,2024,1127,102.07767161665713,0.023033975564561292,0.05109577543159115,0.5025852840864218,0.23033975564561293,0.04459496753206937,0.02043831017263646,-0.25179270892431305,0.8198400558003414,0.35865057359001185,-0.4241126363796184,-0.022341855272787314,0.07274534656613499,0.03182347591748109,-0.037631999678759395,0.5680473468760283,-0.06546206278960653,0.050403491293347674,-0.005808523761278308,0.19768358894484717,0.32994735057816577,0.06957478352882536,0.19156113754497467,0.2638154697615065,0.8694320394631,0.5666237546123032,62.56944444444444,63.95833333333333,62.56944444444444,65.13888888888889,67.84722222222223,40.13888888888889
"Armstrong, Shawn",542888,2024,1088,102.07598549131154,0.022218835223586104,0.05105430887772543,0.4850127843064911,0.22218835223586103,0.04457838091052308,0.020421723551090173,1.150667860084468,0.30668906407527174,-0.9371544103546512,-0.035189729498597444,0.10575991361070478,0.028188333095153655,-0.08613551565759661,-0.0032343501377387358,1.4573569241597397,-0.9723441398532486,0.13394824670585842,-0.08936986579533536,0.3471300484147319,0.2648431728219714,0.1766841806942409,0.13404033593239809,0.30598661061835164,0.8446377416866805,0.5753121761525161,62.5,63.33333333333333,62.5,80,94.65277777777777,13.125
"Hoffman, Jeff",656546,2023,972,101.98838801955628,0.01901233603044484,0.048900041230568014,0.4249260698381363,0.1901233603044484,0.043716673851660115,0.019560016492227206,-0.14392400979886588,0.2178055709146065,-0.05448901235723724,0.4055335210796329,-0.014806996892887435,0.022407980546770217,-0.0056058654688515685,0.0417215556666289,0.07388156111574062,0.3510445087223957,0.00760098365388278,0.036115690197777335,0.19312770763129977,0.2688312099828371,0.0832179250068938,0.09449500061931744,0.23097945880706844,0.9111435371868943,0.5710614979969814,62.43055555555556,61.875,62.43055555555556,73.54166666666667,35.97222222222222,86.73611111111111
"Rodriguez, Grayson",680570,2023,2163,101.97859397156233,0.0420999208975399,0.04865917810626432,0.9435077076599327,0.420999208975399,0.04362032860193864,0.01946367124250573,-0.17178114476564588,0.27454661630986266,1.2525867817413427,-0.4118445456256268,-0.007941800497718256,0.012692862520104608,0.05790969864731127,-0.019040432067758982,0.10276547154421678,0.840742236115716,0.004751062022386351,0.03886926657955229,0.19015825788646212,0.23906583467256162,0.05909224692252619,0.1729949937039028,0.21461204627951186,0.8839563796867855,0.5492842129831487,62.361111111111114,69.72222222222221,62.361111111111114,27.569444444444446,21.38888888888889,61.80555555555556
"Finnegan, Kyle",640448,2024,1081,101.9644891874136,0.020890239334249744,0.04831230188309378,0.4700358593979672,0.20890239334249744,0.04348157811267042,0.019324920753237513,-0.12691801088635657,0.7704047311171962,0.5410754397184974,-0.7145263005513698,-0.011740796566730488,0.07126778271204405,0.05005323216637349,-0.06609864019901664,0.6434867202308396,-0.17345086083287242,0.059526986145313564,-0.016045408032643146,0.21770276557697088,0.35879488415087124,0.07419335103638149,0.24904672899947694,0.28824882486392106,0.8383799599820708,0.563314392422996,62.291666666666664,62.84722222222222,62.291666666666664,58.333333333333336,86.18055555555556,8.61111111111111
"Santana, Dennis",642701,2025,987,101.94973380531212,0.018930433238941984,0.04794942563055213,0.42773054052702264,0.18930433238941985,0.04333642761165376,0.01917977025222085,0.8383329971293279,0.2356410278707699,-0.409349835969806,-0.2368936485032691,0.08493748704451144,0.023874470908892595,-0.04147414751467133,-0.024001382827078938,1.0739740250000978,-0.6462434844730751,0.10881195795340404,-0.06547553034175026,0.28297673162396075,0.25671789091795644,0.12223183408008358,0.1501693496146298,0.2698473112709586,0.8637994081526433,0.566823359711801,62.22222222222222,61.736111111111114,62.22222222222222,65.625,72.63888888888889,32.15277777777778
"Hill, Tim",657612,2025,940,101.92276761326606,0.0177796304870723,0.04728625129540506,0.40486888404939236,0.177796304870723,0.04307115787759493,0.018914500518162024,1.205727135817142,0.5717807762948723,0.3226999926582721,-1.695339020720894,0.12826884423586615,0.060827742159028975,0.034329786453007674,-0.18035521497030788,1.7775079121120143,-1.372639028062622,0.18909658639489513,-0.1460254285173002,0.4049072455471481,0.2888563335944393,0.11000981477794024,0.24468288089201076,0.3468817895707937,0.8226536521650245,0.5847677208679091,62.15277777777778,61.38888888888889,62.15277777777778,89.79166666666667,99.58333333333333,2.7777777777777777
"Honeywell, Brent",641703,2023,941,101.90957818709774,0.017676454000932623,0.04696188629365734,0.4040786857615899,0.17676454000932623,0.042941411876895846,0.018784754517462938,0.08532769936283557,0.33368693402053395,0.021258239043618232,-0.036194186665397865,0.00906776826385075,0.03546088565574219,0.0022591114817872722,-0.0038463535244843638,0.41901463338336953,-0.014935947621779633,0.04452865391959294,-0.0015872420426970917,0.21651089128288983,0.28855679192351735,0.08602603019570922,0.16489155660986388,0.2525338416032036,0.8745412065972135,0.5635375241002085,62.083333333333336,61.25000000000001,62.083333333333336,58.81944444444444,57.43055555555555,47.91666666666667
"Springs, Jeffrey",605488,2025,2744,101.89803064857149,0.051233662948356753,0.04667789991650579,1.1751953074264065,0.5123366294835675,0.042827817326035224,0.018671159966602315,0.5565305439832855,1.038475428538277,0.5904311882350157,-1.0102418533301716,0.020281725363822358,0.03784531445110338,0.021517171582908737,-0.036816394071799256,1.5950059725215624,-0.41981066509515585,0.05812703981492574,-0.01529922248889052,0.23673893806594934,0.2630140610289816,0.07929387010021266,0.1716246838076016,0.2498764995474655,0.8745407230460929,0.5622086112967792,62.01388888888889,72.15277777777777,62.01388888888889,55.97222222222222,54.166666666666664,47.84722222222222
"Stanek, Ryne",592773,2023,911,101.88933218240861,0.016931474393573974,0.046463980223858316,0.3893818924801735,0.16931474393573973,0.042742249448976234,0.018585592089543326,-0.7621705665527543,0.7305803084800573,0.6319010805582366,-0.21092893000536606,-0.08366306987406742,0.08019542354336523,0.06936345560463629,-0.023153559824957853,-0.031590258072697,0.4209721505528705,-0.003467646330702195,0.04620989577967843,0.17017370943966276,0.33255261043505185,0.05940450214334259,0.19877076871259106,0.2513631599373573,0.8709123645720331,0.5611377622546952,61.94444444444444,61.04166666666667,61.94444444444444,54.23611111111111,55.833333333333336,42.43055555555556
"Eovaldi, Nathan",543135,2023,2776,101.85531175992587,0.050664578977994514,0.04562732256663772,1.1772345980778027,0.5066457897799451,0.042407586386088,0.01825092902665509,1.1503189268678398,0.32313722794833666,0.7441891839603159,-1.0404107406986896,0.041438001688322755,0.011640390055775815,0.026807967721913396,-0.03747877307992398,1.4734561548161764,-0.2962215567383737,0.05307839174409858,-0.01067080535801058,0.24111549039304253,0.24911029528619968,0.08185806118274222,0.16418840283701616,0.24511289283962112,0.8769767679901208,0.561044830414871,61.875,71.875,61.875,53.95833333333333,49.51388888888889,51.388888888888886
"Mantiply, Joe",573009,2024,887,101.81882938263774,0.01587024605515236,0.0447301185319965,0.3729720113296935,0.1587024605515236,0.04204870477223151,0.0178920474127986,0.7652740991243263,-0.5174705469189576,0.1558692565013189,-0.03070079737699416,0.08627667408391503,-0.05833940776989374,0.01757263320195252,-0.0034611947437422955,0.24780355220536876,0.12516845912432473,0.027937266314021277,0.014111438458210229,0.34485155880702895,0.1842982703343265,0.08070472885213839,0.13640736452573324,0.2645749145706777,0.8914439533110642,0.578009433940871,61.80555555555556,60.48611111111111,61.80555555555556,83.125,68.47222222222223,71.38888888888889
"Stratton, Chris",608717,2024,995,101.81168720846293,0.01773268002579227,0.04455447242661374,0.4176855409842801,0.1773268002579227,0.041978446330078405,0.017821788970645496,0.04804189795822822,-0.19143110477648406,0.3259456137129746,0.23512913408956138,0.004828331453088263,-0.019239307012711968,0.032758353136982374,0.023631068752719735,-0.14338920681825584,0.561074747802536,-0.014410975559623704,0.056389421889702106,0.20993793068736155,0.22104616091101362,0.0735362547107728,0.11821900412721781,0.21549204579918757,0.9041223705810046,0.5598072081900961,61.736111111111114,61.31944444444445,61.736111111111114,51.11111111111111,22.01388888888889,82.29166666666666
"Stratton, Chris",608717,2023,1432,101.80855862793408,0.025476730244804235,0.04447753185196271,0.6006906358351216,0.25476730244804235,0.04194767010021799,0.017791012740785084,-0.4550451641548534,-0.30619915595207203,1.3986018333529273,-0.03666687741088026,-0.03177689693818809,-0.0213826226223514,0.09766772579280218,-0.002560536132044711,-0.7612443201069254,1.361934955942047,-0.05315951956053949,0.09510718966075749,0.1877486139011586,0.22627459540660882,0.0435365582598654,0.14207093810000643,0.2070116046538837,0.907196251820064,0.5571039282369739,61.66666666666667,64.79166666666667,61.66666666666667,44.30555555555556,16.25,84.65277777777777
"Shuster, Jared",694363,2023,862,101.78818333403666,0.015163078648973755,0.0439764461977197,0.3598611729280492,0.15163078648973755,0.04174723583852079,0.01759057847908788,0.45919833355037554,0.5727542091941586,-0.290996523209742,-0.381094846606743,0.05327126839331503,0.06644480385083047,-0.033758297356118565,-0.04421053904950614,1.0319525427445342,-0.672091369816485,0.1197160722441455,-0.07796883640562471,0.2563811238085152,0.31848466796255287,0.11111036080676125,0.17971799523356985,0.287432895885534,0.8545858219798345,0.5710093589326842,61.59722222222223,60.20833333333333,61.59722222222223,73.26388888888889,85.55555555555556,21.73611111111111
"Schreiber, John",670167,2025,1023,101.74243913470218,0.01753482069265392,0.04285146796836246,0.42247081171353784,0.17534820692653919,0.04129724454677789,0.017140587187344982,0.917737795668927,-0.5162341683949307,-0.6647852886862893,0.6857524731258309,0.08971043945932815,-0.05046277305913302,-0.06498389918732056,0.0670334773339033,0.40150362727399624,0.020967184439541597,0.039247666400195134,0.0020495781465827566,0.31988523126996415,0.19693586503175983,0.13981887192018758,0.10401150865211178,0.258410548150862,0.8780848097138503,0.5682476789323562,61.52777777777778,61.18055555555556,61.52777777777778,68.88888888888889,63.263888888888886,52.986111111111114
"Webb, Jacob",657097,2024,949,101.71645488363362,0.016023843103678326,0.04221244231738231,0.38948510937780156,0.16023843103678326,0.04104163428638583,0.016884976926952924,-0.05762613749357115,-0.5905481070979022,0.49217544959901716,0.5454839043702577,-0.006072301105750385,-0.06222846228639644,0.051862534204322144,0.05747986347421051,-0.6481742445914733,1.0376593539692749,-0.06830076339214682,0.10934239767853265,0.21787229316935697,0.18449836277624845,0.06300753051033252,0.10788520842407168,0.2011853279728027,0.9145536305327979,0.5578694792528003,61.458333333333336,60.62499999999999,61.458333333333336,46.18055555555556,13.26388888888889,89.09722222222223
"Eflin, Zach",621107,2025,1127,101.71445227457858,0.019007167197474605,0.04216319254098182,0.4623172004155549,0.19007167197474606,0.04102193437582564,0.01686527701639273,1.1181162692259932,-0.39463086192881747,-0.4648567466640543,0.2036885397824335,0.09921173639982195,-0.03501604808596428,-0.04124727122130029,0.01807351728326828,0.7234854072971757,-0.2611682068816208,0.06419568831385765,-0.023173753938032015,0.3458822145704634,0.20651243812023315,0.11851636109118956,0.1245396678981812,0.27619732634534827,0.8784719855053146,0.5773346559253314,61.38888888888889,61.80555555555556,61.38888888888889,82.43055555555556,77.70833333333333,53.61111111111111
"Doval, Camilo",666808,2025,1147,101.70315684608698,0.0192170243907371,0.041885406257055585,0.4692471038200665,0.19217024390737103,0.04091081986225514,0.016754162502822235,1.2857592178939967,-0.6518208860111372,0.7655223092217511,-0.9302135372845441,0.11209757784603284,-0.05682832484839906,0.06674126497138197,-0.08109969810676061,0.6339383318828595,-0.16469122806279302,0.05526925299763379,-0.014358433135378641,0.31619120168428455,0.220111923097595,0.07138884252761743,0.2164787826256608,0.2681515623909398,0.8560661874233608,0.5621088749071503,61.31944444444445,62.01388888888889,61.31944444444445,55.625,71.04166666666667,23.40277777777778
"Seabold, Connor",657756,2023,1558,101.68457090449276,0.02581813263684145,0.04142832579724237,0.6345420480283792,0.2581813263684145,0.04072798767832986,0.01657133031889695,-0.08611074376040051,0.6119166941227832,0.20410317340611073,-0.09536707574011416,-0.005527005376148942,0.03927578267797068,0.013100332054307492,-0.006121121677799369,0.5258059503623826,0.10873609766599657,0.033748777301821735,0.006979210376508125,0.20631205163246075,0.2997552161705304,0.09054998620867254,0.14320443577930217,0.2530336339014956,0.8831227890060127,0.5680782114537541,61.25000000000001,65.06944444444444,61.25000000000001,68.54166666666667,58.12500000000001,60.62499999999999
"Soroka, Michael",647336,2023,537,101.66965655415645,0.008820018806973367,0.0410615400697084,0.2179214380898884,0.08820018806973368,0.04058127338731627,0.016424616027883362,0.09960402816977876,0.2526140978525291,-0.19248608426960345,0.05818939633718401,0.01854823615824558,0.04704173144367394,-0.03584470843009375,0.010836014215490505,0.35221812602230784,-0.13429668793241945,0.06558996760191951,-0.025008694214603246,0.23657299266176135,0.30609892834603414,0.10565407621042293,0.12521128432356637,0.27133596050389774,0.8845673197330053,0.5779516401184515,61.18055555555556,58.88888888888889,61.18055555555556,83.05555555555556,73.75,62.5
"Scholtens, Jesse",669947,2023,1447,101.61419104194675,0.0229769057515296,0.03969748747672703,0.5793158895062902,0.22976905751529603,0.04003565235012372,0.01587899499069081,-1.5088744403308283,0.8691152090821106,1.743473004940597,-0.5243978841855892,-0.1042760497809833,0.06006324872716728,0.12048880476438129,-0.03624035136044155,-0.6397592312487177,1.219075120755008,-0.04421280105381601,0.08424845340393973,0.15826772255833357,0.313005482202255,0.040890893496480854,0.2042497432093936,0.23563660238029427,0.8774296816470628,0.5565331420136785,61.111111111111114,63.81944444444444,61.111111111111114,42.70833333333333,40.69444444444444,52.15277777777778
"Singer, Brady",663903,2025,2850,101.6076700194817,0.04507231364786374,0.039537117234968194,1.1391878712224752,0.4507231364786374,0.039971504253420186,0.015814846893987277,2.3859510599399982,-0.6331716350599663,-1.1009207448894358,0.4873291912318791,0.08371758105052625,-0.022216548598595308,-0.038628798066295995,0.017099269867785233,1.752779424880032,-0.6135915536575567,0.06150103245193095,-0.02152952819851076,0.2953504117367647,0.22159970722483308,0.1035103950964948,0.12171425952535739,0.25847505948079885,0.8873876726890739,0.5729313660849364,61.04166666666667,70.41666666666667,61.04166666666667,76.45833333333333,63.33333333333333,66.66666666666666
"Bummer, Aaron",607481,2025,932,101.58983755942411,0.014575945777811138,0.03909856700056637,0.3708995043680261,0.1457594577781114,0.039796084159659455,0.015639426800226546,0.7843327495284029,-1.2537065196950152,0.11254071769212715,0.7277325568425113,0.08415587441291877,-0.134517866920066,0.01207518430173038,0.07808289236507632,-0.4693737701666123,0.8402732745346384,-0.05036199250714724,0.0901580766668067,0.3156997620220573,0.14040038058757726,0.07936427673311257,0.08750264362412694,0.22805007130481728,0.9165665398213803,0.5723083055630988,60.97222222222223,60,60.97222222222223,75.55555555555556,33.40277777777778,89.79166666666667
"Yarbrough, Ryan",642232,2024,1542,101.55904558053727,0.02364891743659297,0.03834130583105216,0.6089848308483852,0.2364891743659297,0.03949317969185377,0.015336522332420863,0.4262914114119667,0.11753123165271973,-1.0861796393196528,1.1513418271033515,0.027645357419712496,0.0076219994586718375,-0.07043966532552871,0.07466548813899815,0.5438226430646864,0.06516218778369876,0.03526735687838434,0.00422582281346944,0.24550551295195697,0.23083583977135855,0.1478604328861146,0.102437918716977,0.23817067636165776,0.8748508241984542,0.5565107502800559,60.90277777777777,64.16666666666667,60.90277777777777,42.638888888888886,43.19444444444444,48.333333333333336
"Matz, Steven",571927,2024,754,101.55348174042024,0.01152246977740791,0.038204475389283524,0.29736589426420323,0.1152246977740791,0.039438447515146316,0.015281790155713407,0.3457800491166836,0.04769946176634221,0.4691962876931939,-0.5653099043120164,0.045859422959772356,0.006326188563175359,0.06222762436249255,-0.07497478837029395,0.3934795108830258,-0.09611361661882256,0.05218561152294772,-0.012747164007801402,0.2414604043477234,0.23541354061807565,0.06314637263580934,0.1951840775505144,0.23843697248289952,0.8708347749068381,0.5546358736948689,60.83333333333333,59.375,60.83333333333333,39.02777777777778,43.333333333333336,42.291666666666664
"Brazobán, Huascar",623211,2023,1023,101.5497311497309,0.01559552772384013,0.0381122378392965,0.40307788202539996,0.1559552772384013,0.03940155249515151,0.015244895135718601,1.4020685166767635,0.6454466868663076,-1.2941038807098266,-0.35033344080784445,0.13705459596058295,0.06309351777774268,-0.1265008681045774,-0.03424569313859672,2.047515203543071,-1.644437321517671,0.2001481137383256,-0.1607465612431741,0.3078024618549673,0.30622094777064673,0.16544293467128743,0.16329753325488505,0.30701170481280704,0.8356297660369137,0.5713207354248604,60.763888888888886,60.416666666666664,60.763888888888886,73.75,94.79166666666666,7.013888888888889
"King, John",667463,2024,850,101.44547570774,0.012086423345829106,0.035548303958320905,0.3261958210134708,0.12086423345829106,0.03837597894276127,0.014219321583328361,0.9618799243999092,0.5860760083603509,-0.8260729874896242,-0.3956871242571651,0.11316234404704816,0.06895011863062951,-0.0971850573517205,-0.0465514263831959,1.5479559327602601,-1.2217601117467893,0.18211246267767767,-0.1437364837349164,0.339575974056566,0.32694422413835794,0.17359490411393447,0.20510567695361337,0.33326009909746196,0.810649709466226,0.571954904281844,60.69444444444444,59.513888888888886,60.69444444444444,74.65277777777779,99.09722222222223,1.3194444444444444
"Smith, Shane",681343,2025,2293,101.39036689765528,0.0313618413115667,0.03419302367157294,0.8675305663674635,0.31361841311566696,0.037833866828062085,0.013677209468629176,1.1852622383689777,0.6807039547411478,0.32187162089849153,-1.3203072476411535,0.05169045958870378,0.029686173342396326,0.014037140030461907,-0.057579906133499933,1.8659661931101255,-0.998435626742662,0.0813766329311001,-0.043542766103038026,0.2551469227001661,0.27278619789790265,0.0850421973204514,0.18310440083559887,0.26396656029903437,0.8659267009219749,0.5649466306105047,60.62499999999999,66.52777777777777,60.62499999999999,61.94444444444444,67.91666666666667,35.625
"Hanifee, Brenan",669724,2025,957,101.34916375635038,0.012701197888726173,0.033179722802314994,0.3581911898170347,0.12701197888726173,0.037428546480358905,0.013271889120925997,1.2301415479196294,-0.2322398937660637,-0.8311117118028051,0.19140124746627407,0.1285414365642246,-0.024267491511605403,-0.08684552892401307,0.020000130351752778,0.9979016541535657,-0.639710464336531,0.1042739450526192,-0.0668453985722603,0.3367231392376681,0.24185917078795643,0.1535092015344337,0.14278059144208505,0.2892911550128123,0.8518551035117407,0.5705731292622764,60.55555555555555,59.65277777777778,60.55555555555555,72.56944444444444,86.66666666666667,19.51388888888889
"Fleming, Josh",676596,2024,556,101.34263540065754,0.007343463900817529,0.03301917221590616,0.20774565392662225,0.07343463900817529,0.03736432624579537,0.013207668886362465,0.5648035848528252,0.41737096735505474,-0.9355688131317947,0.16113991485053702,0.10158337857065201,0.07506672074731201,-0.16826777214600624,0.028981999073837597,0.98217455220788,-0.7744288982812577,0.17665009931796402,-0.13928577307216863,0.3043187423452918,0.3229182059381649,0.20021671974437888,0.12034363306033269,0.3136184741417284,0.8397198235976442,0.5766691488696862,60.48611111111111,58.40277777777778,60.48611111111111,81.66666666666667,96.66666666666667,9.444444444444445
"Walker, Taijuan",592836,2023,2824,101.30710519436064,0.03631142659996421,0.03214538473792866,1.0452982698300275,0.36311426599964214,0.037014811254604374,0.012858153895171465,1.733266400609864,1.8668230625326032,-1.3270593599324911,-1.2277318333799485,0.0613762889734371,0.06610563252594205,-0.04699218696644798,-0.04347492327832679,3.600089463142467,-2.5547911933124396,0.12748192149937915,-0.09046711024477477,0.25763307230194454,0.30191255989570687,0.1243197939664105,0.17231294067606243,0.2797728160988257,0.8516836326787636,0.5657282243887947,60.416666666666664,67.91666666666667,60.416666666666664,63.74999999999999,80.20833333333334,19.305555555555557
"Domínguez, Seranthony",622554,2023,946,101.29117687817129,0.01201558598258296,0.03175366274466956,0.3486778384460649,0.1201558598258296,0.03685812245730073,0.012701465097867824,0.5557345335228092,0.5031610444311809,-0.7126396186840793,0.002421879176154107,0.058745722359704995,0.05318827108152019,-0.07533188358182656,2.560125979021255e-4,1.0588955779539901,-0.7102177395079252,0.11193399344122518,-0.07507587098392443,0.27458884608371253,0.27542212126421306,0.1590993560946861,0.13136955667565364,0.2750054836739628,0.8547655436148301,0.5648855136443964,60.34722222222222,59.44444444444444,60.34722222222222,61.80555555555556,76.73611111111111,22.083333333333332
"Cosgrove, Tom",676680,2023,834,101.28228642331774,0.010520083176189257,0.03153502151135869,0.30666735413956303,0.10520083176189257,0.036770665963976386,0.012614008604543477,-0.307041226644742,-0.8001723188549477,-0.24939265637908647,1.6632735560183391,-0.036815494801527814,-0.09594392312409444,-0.02990319620852356,0.1994332800981222,-1.1072135454996896,1.4138808996392527,-0.13275941792562226,0.16953008388959864,0.17334914526775014,0.12201128635757968,0.12729763112903628,0.046586685954954195,0.1476802158126649,0.9130578414580047,0.5303690286353349,60.27777777777777,59.09722222222222,60.27777777777777,3.5416666666666665,1.1805555555555556,87.98611111111111
"Stripling, Ross",548389,2024,1358,101.23047331923117,0.0164376621511391,0.030260791883540323,0.4924240284524899,0.16437662151139099,0.03626097411284904,0.012104316753416128,0.5704682333525284,1.2778612937556773,-0.40658482951801034,-0.9493206691377054,0.04200797005541446,0.09409876979055061,-0.029939972718557462,-0.06990579301455857,1.8483295271082056,-1.3559054986557157,0.13610673984596508,-0.09984576573311603,0.24383066500659356,0.34230093830804903,0.11111303205053964,0.21873101012701043,0.2930658016573213,0.8350779789112249,0.5640718902842732,60.20833333333333,60.763888888888886,60.20833333333333,60,89.02777777777777,6.597222222222222
"Salazar, Eduardo",674285,2025,545,101.12343146401177,0.006022976437480831,0.02762833228202216,0.19188354698371768,0.060229764374808314,0.03520799027224177,0.011051332912808864,0.40922366450877234,-0.05198089755867841,-0.2936102312824005,0.12825101131602423,0.0750869109190408,-0.009537779368564845,-0.053873436932550554,0.023532295654316374,0.35724276695009394,-0.16535921996637626,0.06554913155047595,-0.030341141278234174,0.2805810432462374,0.2330722718627805,0.13080322220487284,0.12420518259190678,0.25682665755450895,0.8724957976016102,0.5646612275780596,60.138888888888886,57.91666666666667,60.138888888888886,61.38888888888889,61.80555555555556,45.06944444444444
"Anderson, Grant",681982,2025,1190,101.09373182075197,0.012803416922387095,0.026897934710897263,0.4154983918011226,0.12803416922387095,0.034915831243791814,0.010759173884358906,0.4422495522760528,-1.272300549431293,-0.040137614597540505,1.2856870035539032,0.037163827922357374,-0.1069160125572515,-0.0033729087897092867,0.10804092466839522,-0.8300509971552401,1.2455493889563627,-0.06975218463489412,0.10466801587868595,0.275651596168047,0.1512600141639135,0.1207474531340074,0.0829766827984185,0.21345580516598026,0.898137932033787,0.5557968685998836,60.06944444444444,59.72222222222222,60.06944444444444,41.388888888888886,20.694444444444443,77.70833333333333
"Flaherty, Jack",656427,2023,2679,101.09205580154003,0.028779657610595442,0.026856716695217848,0.934953426765162,0.28779657610595444,0.03489934403752005,0.01074268667808714,-0.4537779570214866,0.7261699174821388,1.6338541512386655,-0.9712926849341557,-0.0169383335954269,0.02710600662493986,0.06098746365205918,-0.0362557926440521,0.27239196046065217,0.6625614663045098,0.01016767302951296,0.024731671008007088,0.19851305898021598,0.27495724340600924,0.061735918153638145,0.17070550887652994,0.23673515119311261,0.883779286484916,0.5602572188390142,60,65.76388888888889,60,52.43055555555556,41.388888888888886,61.736111111111114
"Barlow, Scott",605130,2025,1304,101.09191001379146,0.014006593320176852,0.02685313136536972,0.4550687451687736,0.14006593320176852,0.034897909905580796,0.010741252546147887,0.8718682894941594,0.030776456889270776,-0.5132276566250766,0.06565165541042006,0.06686106514525762,0.002360157736907268,-0.03935794912768993,0.005034636151105833,0.9026447463834302,-0.44757600121465657,0.0692212228821649,-0.03432331297658409,0.2731558054644247,0.22855890844926638,0.11444626799260128,0.12916692667459734,0.2508573569568455,0.8781934026664007,0.5645253798116231,59.93055555555556,59.86111111111111,59.93055555555556,61.111111111111114,55.208333333333336,53.05555555555556
"Wesneski, Hayden",669713,2025,508,101.08763877891066,0.005435211829819526,0.026748089713678785,0.17706793768411444,0.054352118298195265,0.03485589324490442,0.010699235885471513,0.004524748355834163,-0.059794940779283934,-0.01389720306633535,0.24623533317389956,8.906984952429454e-4,-0.01177065763371731,-0.0027356698949479036,0.048471522278326684,-0.05527019242344977,0.2323381301075642,-0.010879959138474364,0.04573585238337878,0.2139137764558872,0.2109410806670194,0.08798107467095886,0.10947439924279379,0.2124274285614533,0.9012722630431237,0.5568498458022885,59.86111111111111,57.638888888888886,59.86111111111111,43.611111111111114,19.791666666666664,80.41666666666667
"Miley, Wade",489119,2023,1872,101.08626199050636,0.0200036158906994,0.026714230623263075,0.652248784675578,0.200036158906994,0.03484234960873814,0.01068569224930523,1.2896927124174908,1.0184405614952539,-2.028109392539136,0.37222490330196933,0.06889384147529332,0.05440387614825074,-0.10833917695187692,0.01988380893707101,2.3081332739127447,-1.6558844892371667,0.12329771762354406,-0.08845536801480591,0.2767646423619499,0.3176864350967519,0.16948241070269307,0.1260713787732513,0.29722553872935087,0.8522231052620278,0.5747243219956893,59.791666666666664,62.5,59.791666666666664,79.16666666666666,90.625,20.069444444444446
"Fairbanks, Pete",664126,2024,718,101.08279352075317,0.00764782904603529,0.026628931218785824,0.24992309030108117,0.0764782904603529,0.03480822984694724,0.010651572487514329,-1.208366020991889,0.06605995000154508,1.612252170456486,-0.220023009165061,-0.16829610320221294,0.009200550139490957,0.22454765605243537,-0.03064387314276616,-1.1423060709903439,1.392229161291425,-0.159095553062722,0.19390378290966923,0.06850514500779932,0.3121447609363805,0.019397170633988818,0.27658827771390165,0.1903249529720899,0.8520072758260547,0.5211661143990723,59.72222222222222,58.68055555555556,59.72222222222222,0.7638888888888888,8.75,19.791666666666664
"Woods Richardson, Simeon",680573,2025,1872,101.0724205063018,0.01974872366782393,0.026373829684593925,0.6496998624468233,0.1974872366782393,0.03470618923327048,0.01054953187383757,-1.2822088103966962,1.530089912048993,0.9403825075354462,-0.5385637467409197,-0.06849406038443889,0.08173557222483938,0.050234108308517426,-0.02876943091564742,0.24788110165229682,0.4018187607945265,0.01324151184040047,0.021464677392870005,0.17524867688100956,0.32994632787972206,0.06600094859805163,0.17206020005208347,0.2525975023803658,0.8809694256749324,0.5667834640276491,59.65277777777778,62.361111111111114,59.65277777777778,65.41666666666667,57.49999999999999,57.49999999999999
"Gore, MacKenzie",669022,2023,2448,101.0666004810089,0.02568510039268902,0.026230698930442213,0.8482059760858078,0.2568510039268902,0.034648936931609794,0.010492279572176886,-1.7679434211352145,1.6222369608849476,2.2987186777359057,-1.304806241399831,-0.07221991099408556,0.06626784970935243,0.09390190677025759,-0.05330090855391466,-0.1457064602502669,0.9939124363360747,-0.005952061284733125,0.04060099821634292,0.18411938445727438,0.3537622324513669,0.04967580295629214,0.24670604195937074,0.26894080845432067,0.8518090775421685,0.5603749429982445,59.583333333333336,65,59.583333333333336,52.5,71.80555555555556,19.375
"Hartwig, Grant",701643,2023,638,101.05309296028989,0.0066093000304368685,0.025898511091053567,0.22021247425755064,0.06609300030436868,0.034516061795854334,0.010359404436421426,0.17894816397324576,-0.6440398990694121,-0.2875086791134436,0.9728128884671605,0.028048301563204665,-0.10094669264410848,-0.0450640562873736,0.15247850916413175,-0.4650917350961663,0.6853042093537169,-0.0728983910809038,0.10741445287675813,0.25112162406092337,0.15765732635150223,0.12480520685457729,0.05816269066174619,0.2043894752062128,0.9085160512418382,0.5564527632240255,59.513888888888886,58.12500000000001,59.513888888888886,42.43055555555556,14.652777777777779,85.27777777777777
"Bibee, Tanner",676440,2024,3186,101.0303960031207,0.032293715560374615,0.02534032922188842,1.0925682590752785,0.32293715560374614,0.03429278904818828,0.010136131688755368,0.4727902542514357,0.58535933060557,-0.4408952149551624,0.4753138891734352,0.01483961877750897,0.01837286034543534,-0.013838518987920979,0.014918828913164947,1.0581495848570057,0.03441867421827283,0.03321247912294431,0.0010803099252439682,0.22696770243439435,0.2606615253625567,0.09864856739309595,0.12538348777051683,0.24381461389847553,0.8879839724181936,0.5658992931583345,59.44444444444444,66.80555555555556,59.44444444444444,63.95833333333333,48.61111111111111,67.63888888888889
"Hernández, Jonathan",642546,2024,761,101.00299509456129,0.007508471637878078,0.024666463987772926,0.2589168788840652,0.07508471637878078,0.03402324295454208,0.009866585595109171,0.5875079677334725,-0.37876943840501553,-0.8681746502707028,0.9183529998263111,0.07720209825669809,-0.04977259374573135,-0.11408339688182692,0.12067713532540225,0.20873852932845693,0.05017834955560829,0.027429504510966745,0.006593738443575334,0.28449754071052435,0.2023470191313144,0.21292820476818852,0.052141461958468735,0.24342227992091936,0.8674651666366714,0.5554437232787954,59.375,58.54166666666667,59.375,40.416666666666664,48.333333333333336,37.5
"Glasnow, Tyler",607192,2023,1991,100.99035179064386,0.019396743824972633,0.02435552966470698,0.6749264862760356,0.19396743824972634,0.0338988692253157,0.009742211865882793,-1.5893090496164177,1.2010271881322296,1.686318034390979,-0.6231096866307553,-0.07982466346641978,0.06032281206088547,0.08469703839231436,-0.031296317761464354,-0.3882818614841881,1.0632083477602237,-0.019501851405534308,0.05340072063085001,0.16822237916292862,0.37292809872674926,0.05486877378464049,0.27217639172229957,0.2705752389448389,0.8364774172465299,0.5535263280956844,59.30555555555556,62.083333333333336,59.30555555555556,36.25,73.26388888888889,7.5
"Hurter, Brant",676428,2024,797,100.98064334821962,0.00768842685672276,0.02411677182158958,0.2694128277219079,0.0768842685672276,0.03380336608806874,0.009646708728635833,0.7446084683874687,-0.5759871767652385,-0.3715033625712749,0.47229489867095253,0.09342640757684677,-0.0722694073733047,-0.04661271801396172,0.0592590838984884,0.16862129162223027,0.10079153609967761,0.021157000203542067,0.012646365884526677,0.3474527275233939,0.17170395366999877,0.14607354840329403,0.09526275787249201,0.2595783405966963,0.879331846862107,0.5694550937294016,59.236111111111114,58.75,59.236111111111114,70.625,64.72222222222223,54.861111111111114
"Matsui, Yuki",673513,2024,1076,100.9189593578123,0.009726949357496456,0.022599789399387678,0.3571951267624627,0.09726949357496456,0.03319657311918798,0.00903991575975507,0.1271595227533453,0.8761341336007717,0.0968626887542996,-0.742961218345954,0.011817799512392686,0.08142510535323157,0.009002108620288066,-0.06904844036672435,1.003293656354117,-0.6460985295916544,0.09324290486562425,-0.06004633174643628,0.20715375680313128,0.30922013908167584,0.08112532293737611,0.23073308604179843,0.25818694794240354,0.8440707955104128,0.5511288717264081,59.166666666666664,58.958333333333336,59.166666666666664,30.90277777777778,62.98611111111111,12.569444444444445
"Heaney, Andrew",571760,2025,2082,100.90182405937747,0.018470158466417707,0.022178384325669674,0.6876431908875702,0.18470158466417708,0.03302801108970078,0.008871353730267869,0.9305067883914262,0.28661769989696495,-0.04824534714498441,-0.48123595025583654,0.04469292931755169,0.01376646012953722,-0.0023172597091731225,-0.023114118648215012,1.2171244882883911,-0.529481297400821,0.05845938944708891,-0.025431378357388134,0.24369992833933138,0.22711952916832337,0.08833159932704655,0.15147400333186758,0.23540972875382737,0.8800971986705429,0.5577534637121851,59.09722222222222,61.59722222222223,59.09722222222222,45.83333333333333,40.34722222222222,55.833333333333336
"Hernández, Carlos",672578,2023,1233,100.89045184946036,0.010800443659069781,0.021898709771025506,0.4058560218325056,0.1080044365906978,0.03291614126784311,0.008759483908410203,-0.3248384396217716,0.5066796836763388,0.6851225267532755,-0.461107748975337,-0.026345372232098267,0.041093242796134535,0.055565492842925834,-0.03739722213911898,0.18184124405456714,0.22401477777793843,0.014747870564036264,0.01816827070380685,0.1956698683254785,0.27838869579528264,0.06171633073571804,0.17926032196956737,0.23702928206038057,0.8795116736473573,0.558270477853869,59.02777777777778,59.236111111111114,59.02777777777778,47.22222222222222,41.59722222222222,55.06944444444445
"Nelson, Ryne",669194,2023,2463,100.86469410805252,0.020950528859737715,0.021265254628235607,0.8044837593602097,0.20950528859737716,0.03266275921072715,0.008506101851294242,-1.4502898680709677,0.8348877204768996,2.094615797197548,-0.6747298902432703,-0.058883064071090854,0.033897187189480295,0.08504327231821145,-0.027394636225873743,-0.6154021475940681,1.4198859069542777,-0.02498587688161056,0.05764863609233771,0.16119448720978438,0.2876332705217083,0.05081496948059579,0.16091325289270922,0.22441387886574632,0.8941358888133475,0.5592748838395469,58.958333333333336,62.916666666666664,58.958333333333336,49.72222222222222,29.791666666666668,73.95833333333334
"King, Michael",650633,2023,1672,100.86259087990106,0.014187609095335518,0.021213530345896407,0.5457754020030734,0.14187609095335518,0.03264206949779147,0.008485412138358562,1.2410990868274894,-1.161959723153359,-0.616356067871493,1.082992106200436,0.07422841428394075,-0.06949519875319132,-0.036863401188486425,0.06477225515552847,0.07913936367413044,0.46663603832894296,0.004733215530749429,0.02790885396704204,0.2749363510333603,0.17512383403942774,0.11651144535595279,0.09535349442784913,0.225030092536394,0.894067530108099,0.5595488113222465,58.88888888888889,59.93055555555556,58.88888888888889,50.55555555555556,30.486111111111114,73.81944444444444
"Berríos, José",621244,2024,2815,100.86170300202427,0.02386184849944082,0.02119169493733642,0.9186283896624445,0.2386184849944082,0.03263333533436748,0.008476677974934569,0.7987036651090875,-0.5605671193977741,-0.4875682620192947,1.1680601059704259,0.02837313197545604,-0.019913574401341887,-0.017320364547754697,0.04149414230800803,0.23813654571131337,0.6804918439511312,0.008459557574114152,0.024173777760253326,0.2312466647234158,0.20967267187663333,0.09367955733240525,0.11757837650495732,0.22045966830002456,0.8943710330813187,0.5574153506906716,58.81944444444444,64.23611111111111,58.81944444444444,45.27777777777778,26.25,74.16666666666667
"Burke, Brock",656271,2024,603,100.82046325279876,0.0048668114989113805,0.020177493776581186,0.19433275886649426,0.0486681149891138,0.03222765487006538,0.008070997510632474,0.2543094472894154,0.3271522896739043,-0.12909608037443832,-0.25803289772238713,0.04217403769310372,0.05425411105703222,-0.021408968552974847,-0.04279152532709571,0.5814617369633197,-0.38712897809682545,0.09642814875013593,-0.06420049388007056,0.25013699062801265,0.3318117695456259,0.11350428012207413,0.17236313361263841,0.2909743800868193,0.8570662931326437,0.5740203366097315,58.75,57.43055555555555,58.75,78.125,87.84722222222221,24.791666666666668
"Kelly, Merrill",518876,2023,3155,100.8184912903318,0.025402795079457464,0.020128997685782458,1.0161704904846829,0.25402795079457463,0.03220825643374589,0.008051599074312982,3.243526077952538,1.1663079600807578,-1.924919023518214,-1.4687445240303987,0.10280589787488234,0.03696697179336792,-0.06101169646650441,-0.046552916767999955,4.409834038033296,-3.3936635475486128,0.13977286966825025,-0.10756461323450438,0.2921177376095659,0.2917427022276914,0.12006077538576074,0.16703121210389096,0.29193021991862866,0.8564540062551742,0.5741921130869014,58.68055555555556,64.65277777777779,58.68055555555556,78.26388888888889,88.61111111111111,23.88888888888889
"Thompson, Keegan",624522,2024,538,100.80312081724986,0.004250414042215036,0.01975099461995836,0.17246695701589942,0.042504140422150366,0.03205705520741625,0.007900397847983343,0.059677412241399,0.3308616686226742,0.07082976547917497,-0.2889018893273487,0.011092455806951486,0.06149845141685394,0.013165383918062261,-0.05369923593445144,0.3905390808640732,-0.21807212384817376,0.07259090722380543,-0.04053385201638918,0.23294784385305312,0.30497890126755683,0.08285947103431962,0.17907542131270837,0.268963372560305,0.869032553826486,0.5689979631933955,58.611111111111114,57.291666666666664,58.611111111111114,70,71.875,39.58333333333333
"Bender, Anthony",669622,2024,945,100.8025133860297,0.007460229236673677,0.01973605618167639,0.3028827044133777,0.07460229236673677,0.032051079832103466,0.007894422472670557,0.5295694484259457,-0.8959648247168843,-1.3597710064632338,2.02904908716755,0.05603909507152865,-0.09481109256263326,-0.1438911117950512,0.2147141891182593,-0.36639537629093866,0.6692780807043164,-0.03877199749110462,0.07082307732320808,0.3053987098655605,0.13875906178583802,0.2739631392513727,0.037174566662742825,0.22207888582569926,0.8444311470429422,0.5332550164343207,58.54166666666667,58.47222222222223,58.54166666666667,5.208333333333334,27.98611111111111,12.847222222222221
"Taillon, Jameson",592791,2025,2029,100.80200149266767,0.016007566050474133,0.019723467287425012,0.650214238327635,0.1600756605047413,0.03204604427440291,0.007889386914970004,0.024729566808218806,-0.12750581203158617,0.7241478919620477,0.028842591588954747,0.0012188056583646528,-0.006284170134627214,0.03568989117604966,0.0014215175746158082,-0.10277624522336737,0.7529904835510024,-0.005065364476262561,0.03711140875066547,0.20855982936040093,0.22386609388657855,0.06763854913156228,0.1337391793852037,0.21621296162348974,0.899311135741617,0.5577620486825534,58.47222222222223,60.55555555555555,58.47222222222223,45.90277777777778,22.708333333333332,78.88888888888889
"Garrett, Reed",657585,2025,967,100.79989334054251,0.007608983355079946,0.01967162191075477,0.30968471021651567,0.07608983355079946,0.03202530612373482,0.007868648764301909,0.5769684516676534,0.17757914241610706,-1.0161894980742545,0.5713266142070097,0.05966581713212549,0.01836392372451986,-0.10508681469227038,0.059082379959359846,0.7545475940837605,-0.4448628838672448,0.07802974085664535,-0.046004434732910535,0.27222943055145354,0.2338231122625483,0.16756681262924203,0.10422906795429883,0.2530262714070009,0.8641020597082296,0.5585641655576152,58.40277777777778,58.611111111111114,58.40277777777778,47.91666666666667,58.05555555555556,32.56944444444444
"Dubin, Shawn",681869,2025,551,100.76063553259412,0.004122838159402509,0.018706162247742786,0.17433156364450042,0.04122838159402509,0.03163912225853002,0.007482464899097114,-0.21581392549069278,0.1546554666783777,-0.036735672324994084,0.2722256947818096,-0.039167681577258216,0.02806814277284532,-0.006667091166060632,0.049405752229003556,-0.061158458812315075,0.2354900224568155,-0.0110995388044129,0.04273866106294292,0.18593511052032613,0.22104602644445523,0.09116920012232152,0.10778455089343524,0.20349056848239067,0.9005231244921217,0.5520068464872562,58.333333333333336,57.22222222222222,58.333333333333336,33.88888888888889,14.305555555555555,79.72222222222223
"Bradish, Kyle",680694,2023,2714,100.75838870139442,0.02024742394817993,0.018650906363467157,0.8580859202168085,0.20247423948179932,0.03161701990481977,0.007460362545386862,-0.13982288692250222,1.0190328805391573,-0.6237952403786267,0.6026711669787801,-0.005151911824705314,0.03754726899554743,-0.02298434931387718,0.022206012047854832,0.8792099936166551,-0.021124073399846566,0.03239535717084212,-7.783372660223494e-4,0.2144974350855603,0.27230223619636507,0.09346773781801454,0.12319195458141591,0.24339983564096268,0.8916701538002848,0.5675349947206237,58.26388888888889,62.638888888888886,58.26388888888889,67.91666666666667,48.26388888888889,71.66666666666667
"Estévez, Carlos",608032,2024,883,100.75588077717715,0.006565715848524454,0.018589229469208525,0.2789604429690371,0.06565715848524453,0.03159234914711632,0.007435691787683409,-0.04202865813022072,0.12761605652121943,0.4047410481502993,-0.21136800357226093,-0.004759757432641078,0.014452554532414433,0.04583703829561714,-0.02393748624827417,0.08558739839099871,0.1933730445780384,0.009692797099773354,0.021899552047342966,0.21900083684014615,0.2859227506033107,0.07333703082674858,0.17328469023498166,0.2524617937217284,0.8766891394691348,0.5645754665954317,58.19444444444445,58.05555555555556,58.19444444444445,61.25000000000001,57.22222222222222,50.83333333333333
"Herrin, Tim",682120,2023,500,100.74022699600545,0.0036408518124871224,0.018204259062435623,0.15719180492203577,0.036408518124871225,0.03143836098440716,0.00728170362497425,0.3732125584911046,0.021313688293957966,-0.061982527649433905,-0.17535191421359286,0.07464251169822092,0.004262737658791593,-0.01239650552988678,-0.03507038284271857,0.39452624678506254,-0.23733444186302677,0.0789052493570125,-0.047466888372605355,0.26576719668771515,0.2505393003289901,0.09092745757000886,0.15636648878144715,0.25815324850835264,0.876353026824272,0.5672531376663124,58.12500000000001,57.013888888888886,58.12500000000001,67.22222222222223,62.916666666666664,50.34722222222222
"Arrighetti, Spencer",681293,2025,618,100.6641212815442,0.004037420197117672,0.01633260597539511,0.1896623444524721,0.04037420197117672,0.030689699749590953,0.006533042390158044,-0.11364932456467614,-0.17179734140154324,-0.019012639186712477,0.49412164960540395,-0.018389858343798728,-0.027798922556884015,-0.0030764788328013714,0.07995495948307507,-0.28544666596621937,0.47510901041869147,-0.04618878090068275,0.0768784806502737,0.19792250156285912,0.19425331352488526,0.0841648254059093,0.09283118484634677,0.19608790754387218,0.911501994873872,0.553794951208872,58.05555555555556,57.15277777777777,58.05555555555556,36.94444444444444,11.458333333333332,87.01388888888889
"Giolito, Lucas",608337,2025,2367,100.65050620511684,0.015146691513623089,0.015997773039314635,0.7232549948340079,0.1514669151362309,0.030555766575158762,0.006399109215725854,-0.17364177534909686,1.6982969034306734,-0.05397615307356318,-0.7474239801740055,-0.007335943191765816,0.07174891860712604,-0.002280361346580616,-0.03157684749362085,1.5246551280815765,-0.8014001332475686,0.06441297541536022,-0.033857208840201464,0.21288039989303714,0.3522597715589471,0.09340028774933519,0.17558219439924416,0.2825700857259921,0.8655087589257103,0.5740394223258513,57.986111111111114,60.138888888888886,57.986111111111114,78.19444444444444,81.94444444444444,35
"Winn, Keaton",676775,2024,846,100.62522549296385,0.005203255111729954,0.015376049384544788,0.25639787237810197,0.05203255111729954,0.030307077113250824,0.006150419753817915,0.9140974286401615,0.3350487842160419,-0.3875418307216023,-0.6052065097564991,0.1080493414468276,0.03960387520284183,-0.04580872703565039,-0.07153741250076823,1.2491462128562034,-0.9927483404781015,0.14765321664966943,-0.1173461395364186,0.29696831671742857,0.29760062712229296,0.11487429607765677,0.2380361578442587,0.29728447191986074,0.8235447730390423,0.5604146224794515,57.91666666666667,57.49999999999999,57.91666666666667,52.63888888888889,90.69444444444444,2.9166666666666665
"Sands, Cole",663485,2025,1128,100.62488511135844,0.00693389651469351,0.01536767844568597,0.3418260601613383,0.0693389651469351,0.030303728737707297,0.006147071378274388,0.4986996810914661,0.23227995684646885,-0.5714537121139074,0.18230013433731074,0.04421096463576828,0.020592194755892627,-0.05066079008102015,0.016161359427066552,0.730979637937935,-0.38915357777659665,0.0648031593916609,-0.034499430653953604,0.24273357342064858,0.23451909659071152,0.11429460397743657,0.1234796570524576,0.23862633500568003,0.881112869485053,0.5598696022453665,57.84722222222223,58.19444444444445,57.84722222222223,51.31944444444444,43.68055555555556,57.70833333333333
"Ragans, Cole",666142,2024,3285,100.59318937148386,0.019168883312147778,0.014588191257342304,0.9852350273788488,0.19168883312147778,0.02999193386236983,0.005835276502936922,0.1821181980330948,1.5382166974513893,-0.1696708538720486,-0.5654290142335867,0.005543932969043982,0.04682547024205143,-0.0051650183827107645,-0.017212450966014817,1.7203348954844842,-0.7350998681056353,0.05236940321109541,-0.02237746934872558,0.21186359652678013,0.2694295663529565,0.09165560393668234,0.14888805870765068,0.24064658143986833,0.8797281686778335,0.560187375058851,57.77777777777777,61.94444444444444,57.77777777777777,52.083333333333336,45.69444444444444,55.34722222222223
"Boyd, Matthew",571510,2023,1178,100.54973315576387,0.006370379431001438,0.013519480965622744,0.348269218004134,0.06370379431001438,0.029564449745682005,0.005407792386249097,0.0934531038701607,-0.044545326426941756,0.3804648915343023,-0.08110345097338723,0.007933200668095136,-0.0037814368783481963,0.03229752899272515,-0.0068848430367900865,0.04890777744321895,0.29936144056091507,0.004151763789746939,0.025412685955935065,0.20621610140816418,0.22535309388600827,0.06864710964030357,0.13577763312107255,0.21578459764708624,0.8977876286193119,0.556786113133199,57.70833333333333,57.986111111111114,57.70833333333333,43.40277777777778,22.15277777777778,77.22222222222223
"Adam, Jason",592094,2023,902,100.5434636741464,0.004822199092360741,0.013365296819181647,0.2661150403056922,0.048221990923607405,0.029502776087105567,0.005346118727672659,-0.4482956439923669,-0.30870688997492834,0.24380919995928707,0.7793083743137004,-0.049700182260794555,-0.03422471064023596,0.027029844784843354,0.08639782420329273,-0.7570025339672952,1.0231175742729874,-0.08392489290103052,0.11342766898813608,0.16727640775238828,0.19584790542440494,0.06775329500304826,0.08362348097519212,0.1815621565883966,0.9243116120108799,0.5529368842996383,57.638888888888886,57.36111111111111,57.638888888888886,35.27777777777778,6.180555555555555,93.05555555555556
"Rogers, Tyler",643511,2023,1103,100.52862420542012,0.005735755585020275,0.013000352640571786,0.3238054865247477,0.057357555850202746,0.029356798415661623,0.0052001410562287145,-0.32209737312939524,-0.024708671280222916,0.9928758834603286,-0.32226435252596275,-0.02920193772705306,-0.0022401333889594663,0.0900159459166209,-0.029217076384946757,-0.34680604440961815,0.6706115309343659,-0.03144207111601252,0.060798869531674155,0.23120536464724809,0.28960534792191345,0.056587483338589935,0.17673799771237467,0.2604053562845808,0.8833372594745177,0.5718713078795492,57.56944444444444,57.77777777777777,57.56944444444444,74.44444444444444,65.06944444444444,61.04166666666667
"Puk, A.J.",640462,2024,1173,100.51250426558308,0.005913758365050509,0.01260391808408037,0.3424951744766531,0.05913758365050509,0.029198224593065057,0.005041567233632149,1.0734304450743366,-0.7303660977270283,-0.1848638253372883,0.18429465246663312,0.09151154689465785,-0.06226479946521981,-0.015759916908549724,0.015711394072176737,0.3430643473473083,-5.691728706551658e-4,0.029246747429438044,-4.8522836372989346e-5,0.291262711118698,0.18997730439530588,0.09157974845259204,0.12432288473583882,0.24062000775700193,0.8920486834057846,0.5663343455813933,57.49999999999999,57.84722222222223,57.49999999999999,64.93055555555556,45.625,72.08333333333333
"Olson, Reese",681857,2025,1075,100.49567575732135,0.005241724871903486,0.012190057841636008,0.3121013153329386,0.05241724871903486,0.029032680496087312,0.004876023136654403,0.5438498847645405,0.1957709906164382,-0.02226699350103445,-0.4052525665470057,0.05059068695484098,0.01821125494106402,-0.0020713482326543673,-0.037697913167163324,0.7396208753809788,-0.42751956004804015,0.068801941895905,-0.03976926139981769,0.24400263128036867,0.2588471472941462,0.08307645212483124,0.1780447509399668,0.2514248892872574,0.869439398467601,0.5604321438774292,57.43055555555555,57.56944444444444,57.43055555555555,52.77777777777778,56.041666666666664,40.208333333333336
"Pilkington, Konnor",663455,2025,500,100.47710590486476,0.0023466746117732475,0.011733373058866242,0.14425003291489702,0.023466746117732473,0.028850006582979405,0.004693349223546497,-0.17728992691968415,0.14149656058066284,0.4478303546047755,-0.26778695535085717,-0.03545798538393683,0.02829931211613257,0.0895660709209551,-0.053557391070171434,-0.035793366339021304,0.18004339925391832,-0.007158673267804261,0.03600867985078367,0.19616763182867936,0.2578323383002626,0.05160540281760931,0.17011786685516958,0.22699998506447097,0.8891383651636106,0.5580691751140407,57.36111111111111,56.666666666666664,57.36111111111111,46.666666666666664,32.22222222222222,69.09722222222221
"Wright, Kyle",657140,2023,574,100.40820589847208,0.002304937995985734,0.010038928553944828,0.16170859320300224,0.02304937995985734,0.02817222878101084,0.004015571421577931,0.1220491457333992,-0.3643327934901208,0.33061964880334926,0.0733725921563746,0.021262917375156655,-0.06347261210629283,0.057599241951803014,0.012782681560344006,-0.24228364775672162,0.40399224095972386,-0.04220969473113617,0.070381923512147,0.24911382710177224,0.1905357220285855,0.05960441825336874,0.11203527038600651,0.21982477456517888,0.9141801556803124,0.5670024651227457,57.291666666666664,56.59722222222222,57.291666666666664,66.04166666666667,25.624999999999996,88.81944444444444
"Stroman, Marcus",573186,2023,2123,100.39816852071559,0.008315435412740324,0.00979208126794669,0.5960001898681639,0.08315435412740324,0.028073489866611585,0.003916832507178676,2.331135688985796,-0.0648526339775799,-2.6360184018235486,0.9657355366834963,0.1098038478090342,-0.0030547637295138905,-0.1241647857665355,0.04548919155362677,2.2662830550082163,-1.6702828651400523,0.10674908407952031,-0.07867559421290873,0.33791238942275925,0.25053158272242754,0.18093679330484624,0.11021598790317914,0.2942219860725934,0.8544236093959873,0.5743227977342904,57.22222222222222,58.81944444444444,57.22222222222222,78.54166666666667,89.65277777777779,21.59722222222222
"Pepiot, Ryan",686752,2025,2605,100.39607207791958,0.010149625858513566,0.00974052385653893,0.7307771827983629,0.10149625858513567,0.02805286690204848,0.0038962095426155717,0.3061242083331308,1.0583845209757783,-0.1631475412968939,-0.4705840052136523,0.011751409149064522,0.04062896433688208,-0.0062628614701302834,-0.018064645113767843,1.364508729308909,-0.6337315465105462,0.0523803734859466,-0.024327506583898127,0.22412370055714353,0.2821611318173708,0.09514944616893081,0.15775739986198517,0.2531424161872572,0.8735465769845421,0.5633444965858996,57.15277777777777,59.02777777777778,57.15277777777777,58.40277777777778,58.26388888888889,46.31944444444444
"Bieber, Shane",669456,2025,955,100.38705785027044,0.003636196384489451,0.00951883870285197,0.2670580416274788,0.03636196384489451,0.027964192840573696,0.0038075354811407877,-0.14561082022521532,0.5860562885363834,0.18972539395690546,-0.3631128206405947,-0.01524720630630527,0.061367150632082035,0.019866533398628844,-0.03802228488383191,0.44044546831116804,-0.17338742668368923,0.04611994432577676,-0.01815575148520306,0.1954624831887072,0.28196414942447057,0.07473172295582103,0.16034643263399692,0.23871331630658887,0.882460922205091,0.5605871192558399,57.08333333333333,56.94444444444444,57.08333333333333,52.986111111111114,43.81944444444444,59.513888888888886
"Junis, Jakob",596001,2025,1054,100.37606081610062,0.0038991215497511666,0.009248390772654573,0.29360238406593453,0.038991215497511666,0.027856013668494738,0.003699356309061829,0.9095353488501132,-0.43401490793621633,-1.309593357552103,1.1276753007041407,0.08629367636149082,-0.04117788500343608,-0.12424984417002875,0.10699006648046876,0.4755204409138969,-0.18191805684796236,0.045115791358054734,-0.017259777689559996,0.30443023376227724,0.18180596751119765,0.183832439669687,0.07981174328517297,0.24311810063673744,0.86817790852257,0.5556480045796537,57.013888888888886,57.08333333333333,57.013888888888886,40.97222222222222,48.05555555555556,38.81944444444444
"Holmes, Grant",656550,2025,1964,100.3609697092702,0.006973973968792474,0.008877258106915059,0.5441764902271871,0.06973973968792474,0.027707560602198932,0.0035509032427660236,0.4712331034355657,1.119390924338859,0.1803941532114095,-1.226841690758647,0.02399353887146465,0.05699546457937164,0.00918503835088643,-0.06246648119952378,1.5906240277744246,-1.0464475375472375,0.08098900345083627,-0.05328144284863735,0.21905315487437807,0.315320303293262,0.07408313799050831,0.25238279661836227,0.26718672908382,0.8367670326955647,0.5519768808896923,56.94444444444444,58.26388888888889,56.94444444444444,33.611111111111114,70.13888888888889,7.638888888888889
"Skenes, Paul",694973,2024,2125,100.34482866694783,0.007208258893927922,0.008480304581091683,0.5854115578272285,0.07208258893927921,0.02754877919186958,0.003392121832436673,1.9899309126303706,0.06371751449273688,-1.1006563595660737,-0.36758050972980527,0.09364380765319391,0.0029984712702464415,-0.051795593391344645,-0.01729790634022613,2.0536484271231075,-1.468236869295879,0.09664227892344035,-0.06909349973157076,0.28313620604749473,0.23263497761245433,0.12754461218935295,0.15992550144723813,0.2578855918299745,0.8562649431817044,0.5570752675058395,56.875,58.333333333333336,56.875,44.09722222222222,62.77777777777778,23.541666666666668
"Anderson, Justin",605121,2024,945,100.27242924921033,0.002532524298365779,0.006699799731126393,0.25360565503029875,0.025325242983657792,0.026836577251883466,0.0026799198924505573,0.32804962065728205,-0.6082428865947804,0.091046556519359,0.44275236444843813,0.03471424557219916,-0.06436432662378629,0.009634556245434816,0.04685210205803578,-0.2801932659374984,0.5337989209677971,-0.029650081051587132,0.05648665830347059,0.249725140901725,0.20118880844011558,0.09352580530365799,0.10859202110999432,0.2254569746709203,0.8989410867931739,0.562199030732047,56.80555555555556,56.73611111111111,56.80555555555556,55.90277777777778,30.90277777777778,78.54166666666667
"Uribe, Abner",682842,2023,552,100.25277052691833,0.0013725671176387233,0.006216336583508711,0.14707041980045688,0.013725671176387233,0.026643191992836393,0.0024865346334034845,0.30838812848742236,-0.34792365676730697,-0.4361806754081954,0.6227866234885369,0.05586741458105478,-0.06302964796509183,-0.07901823829858612,0.11282366367545958,-0.0395355282798846,0.18660594808034148,-0.007162233384037066,0.033805425376873456,0.2721862902566114,0.22135288698076463,0.15221919949969845,0.05047200963467059,0.24676958861868803,0.8986543954328154,0.5727119920257517,56.73611111111111,56.18055555555556,56.73611111111111,76.11111111111111,50.763888888888886,78.33333333333333
"Taillon, Jameson",592791,2023,2528,100.21953733865902,0.0054595084643051075,0.005399039224985268,0.665275382689515,0.05459508464305107,0.026316273049427016,0.002159615689994107,-0.5939662416608371,0.8806643038188895,-0.050535205032701924,0.42911252556416457,-0.023495500065697672,0.03483640442321556,-0.0019990191864201713,0.016974387878329295,0.2866980621580524,0.37857732053146265,0.011340904357517894,0.014975368691909125,0.19685951269923804,0.25658003580973243,0.09798639825982576,0.12036144892149298,0.22671977425448525,0.8908260764093406,0.5587729253319129,56.666666666666664,57.70833333333333,56.666666666666664,48.47222222222222,31.944444444444443,70.83333333333334
"Lynch IV, Daniel",663738,2024,631,100.17883099488277,0.0011100440946710366,0.004397956001073837,0.16352894888473202,0.011100440946710366,0.025915839759862443,0.0017591824004295348,0.2142496383917205,0.5088224316791639,-0.3336954082660668,-0.22584771292008554,0.03395398389726157,0.0806374693627835,-0.05288358292647651,-0.035792030573706106,0.7230720700708844,-0.5595431211861523,0.11459145326004505,-0.08867561350018263,0.24270890076696447,0.3159327816260135,0.12850144679785913,0.1620566983979722,0.279320841196489,0.8547209274020844,0.5670208842992867,56.59722222222222,56.041666666666664,56.59722222222222,66.38888888888889,79.58333333333333,21.944444444444443
"Chapman, Aroldis",547973,2025,957,100.17708787687721,0.0016671276242967992,0.004355087837765942,0.24785048717274094,0.01667127624296799,0.025898692494539285,0.001742035135106377,0.482694711377917,0.6344923609508442,-0.6821651104580724,-0.18717147469794782,0.05043831884826718,0.06630014221011955,-0.07128162073752062,-0.019558147826326835,1.1171870723287611,-0.8693365851560202,0.11673846105838674,-0.09083976856384746,0.2533785903189456,0.2991559014148978,0.14458435647479267,0.16774114149063798,0.2762672458669217,0.8438372510172847,0.5600522484421032,56.52777777777778,56.31944444444444,56.52777777777778,51.87500000000001,77.91666666666667,12.36111111111111
"Stanek, Ryne",592773,2025,1063,100.15870122318326,0.0016595166630173131,0.003902908426663479,0.27338043436094495,0.01659516663017313,0.0257178207300983,0.0015611633706653916,-0.6860928207958636,0.5247193457962567,0.4769396080455408,-0.04218569868498889,-0.06454306874843496,0.0493621209591963,0.04486731966562002,-0.003968551146283057,-0.16137347499960697,0.4347539093605519,-0.01518094778923866,0.040898768519336964,0.17246180963732943,0.31169769101885736,0.06119106282773048,0.13886326103984697,0.2420797503280934,0.8999728380662113,0.5710262941971523,56.458333333333336,56.25,56.458333333333336,73.33333333333333,47.22222222222222,79.375
"Curry, Xzavion",675540,2023,1495,100.13163351804128,0.0019358680845732446,0.0032372375996208083,0.3805007083692544,0.019358680845732446,0.025451552399281232,0.0012948950398483233,-1.7992597114080127,1.0030033443772481,1.2983470906619914,-0.12159001526197244,-0.12035182016107107,0.06709052470750823,0.08684595924160478,-0.0081331113887607,-0.7962563670307645,1.176757075400019,-0.05326129545356284,0.07871284785284408,0.1360666640904388,0.3745324000601786,0.04762753011235222,0.1568064365967713,0.2552995320753087,0.8977830166454382,0.5765412743603735,56.388888888888886,56.388888888888886,56.388888888888886,81.31944444444444,60.416666666666664,77.15277777777779
"Henry, Cole",669371,2025,965,100.13052176017234,0.0012390199925668948,0.0032098963538002533,0.2455019434441965,0.012390199925668949,0.02544061590095301,0.0012839585415201013,-0.03900084945053095,-0.9851002850573423,0.1978566164402764,1.0717464615117933,-0.00404153880316383,-0.1020829310940251,0.02050327631505455,0.11106180948308739,-1.0241011345078732,1.2696030779520697,-0.10612446989718893,0.13156508579814194,0.212218364567867,0.16044496473127737,0.07808754640596023,0.07176870425172106,0.18633166464957218,0.9250718746711594,0.5557017696603658,56.31944444444444,56.111111111111114,56.31944444444444,41.11111111111111,7.569444444444444,93.47222222222223
"Scherzer, Max",453286,2023,2607,100.11584802778931,0.0029709664995112516,0.002849028096961314,0.6594737223555285,0.029709664995112517,0.025296268598217434,0.0011396112387845256,-0.7102010101102678,-0.22959017061202758,1.2481198731265977,0.3511450299512262,-0.027242079405840728,-0.00880668088270148,0.04787571435084763,0.013469314535912014,-0.9397911807222954,1.5992649030778239,-0.03604876028854221,0.06134502888675964,0.1805068771558858,0.23201359479248349,0.06327271479382746,0.12449534762064288,0.20626023597418464,0.9061159687927648,0.5561881023834747,56.25,56.80555555555556,56.25,42.083333333333336,15.972222222222221,83.68055555555556
"Nola, Aaron",605400,2023,3418,100.10270536313216,0.003453291659376634,0.0025258130919957825,0.8602074651391831,0.03453291659376634,0.02516698259623122,0.001010325236798313,-1.3819595957876913,-1.917375062410315,2.867958626354266,1.2915834969829234,-0.04043181965440876,-0.05609640323026083,0.08390750808526232,0.03778769739563849,-3.2993346581980063,4.159542123337189,-0.09652822288466958,0.1216952054809008,0.18570810969374607,0.1764804767368804,0.06588911875042656,0.11223548144136952,0.18109429321531323,0.9109376999041019,0.5460159965597076,56.18055555555556,56.875,56.18055555555556,20.416666666666668,6.041666666666667,86.45833333333334
"Canning, Griffin",656288,2023,2068,100.09605955045785,0.001954155697362836,0.0023623739088041943,0.5191012311667009,0.01954155697362836,0.025101606922954586,9.449495635216777e-4,-0.2159747802095353,1.0005586189563473,-0.0962754375550503,-0.1692071700250608,-0.010443654749010411,0.048382911941796294,-0.004655485375002433,-0.008182164894828859,0.784583838746812,-0.2654826075801111,0.03793925719278588,-0.012837650269831292,0.2006270111477217,0.26945777577491764,0.08714414061042615,0.1473260064429919,0.23504239346131967,0.882764926473291,0.5589036599673053,56.111111111111114,56.458333333333336,56.111111111111114,48.68055555555556,39.93055555555556,60.20833333333333
"Stone, Gavin",694813,2024,2224,100.09298976439106,0.00203440778521663,0.0022868792549647285,0.5575881375259542,0.020344077852166298,0.0250714090614188,9.147517019858914e-4,1.1923488959189399,1.9551724530074353,-1.905863543470332,-0.684069667930089,0.053612810068297656,0.0879124304409818,-0.08569530321359406,-0.030758528234266592,3.147521348926375,-2.589933211400421,0.14152524050927948,-0.11645383144786065,0.24513260626161706,0.3779908463393787,0.1313132648040313,0.1720721152338033,0.3115617263004979,0.8483073099810827,0.5799345181407903,56.041666666666664,56.52777777777778,56.041666666666664,85.48611111111111,95.97222222222223,15.972222222222221
"Wilson, Bryse",669060,2025,847,100.09187606891464,7.655153332696924e-4,0.002259490357938883,0.21226204116709368,0.0076551533326969234,0.02506045350260846,9.037961431755531e-4,0.4864305559076456,-0.11627789652402498,-0.5066049443623797,0.34871432614585274,0.05742981769865945,-0.013728205020546044,-0.05981168174290197,0.04117052256739702,0.37015265938362063,-0.15789061821652695,0.04370161267811342,-0.018641159175504952,0.28074482678717283,0.2169852853068952,0.12647546761356984,0.1165785173233162,0.24886505604703402,0.878473007531557,0.5636690317892955,55.97222222222222,55.97222222222222,55.97222222222222,59.236111111111114,52.77777777777778,53.68055555555556
"Hodge, Porter",687863,2024,661,100.06531258555964,4.2468450443536586e-4,0.001606219759589132,0.16392235019020518,0.004246845044353659,0.02479914526326856,6.424879038356528e-4,-0.7163740161140595,-0.1202560661604366,0.6197437113132764,0.38080872115142483,-0.10837730954826921,-0.018193050856344418,0.09375850398082851,0.05761100168705368,-0.8366300822744961,1.0005524324647013,-0.1265703604046136,0.15136950566788218,0.13846012630431495,0.2523945261434735,0.04804385417021241,0.08815518592926108,0.19542732622389425,0.9319004799502633,0.5636639030870787,55.90277777777778,55.833333333333336,55.90277777777778,59.166666666666664,10.972222222222221,95.97222222222223
"Priester, Quinn",682990,2023,860,100.06308697601054,5.337111066873485e-4,0.00155148577525392,0.2130843643579965,0.0053371110668734845,0.024777251669534477,6.20594310101568e-4,-0.008497046297179622,0.4021875584589907,-0.23776329201200497,0.0571571442081904,-9.880286392069328e-4,0.046765995169650076,-0.027646894420000578,0.006646179559091907,0.39369051216181106,-0.18060614780381457,0.045777966530443144,-0.02100071486090867,0.22814962438171374,0.2894646924118556,0.09624320502119364,0.13365525435507156,0.25880715839678464,0.8850507703118674,0.571928964354326,55.833333333333336,55.90277777777778,55.833333333333336,74.58333333333333,63.61111111111111,62.84722222222222
"Lord, Brad",695418,2025,2073,100.01259963346598,2.569361973411732e-4,3.0986034411623065e-4,0.503336869034456,0.0025693619734117323,0.0242806014970794,1.2394413764649226e-4,2.3155651387696707,0.32143823296905794,-0.5291259742148213,-1.6045405284894514,0.11170116443654948,0.015505944668068402,-0.025524649021457856,-0.07740185858608063,2.6370033717387287,-2.1336665027042727,0.12720710910461788,-0.10292650760753848,0.32579033955098957,0.27093355927122803,0.12063440345152876,0.19433118581078604,0.29836194941110883,0.8425172053688426,0.5704395773899757,55.76388888888889,55.69444444444444,55.76388888888889,72.43055555555556,91.11111111111111,11.527777777777779
"Brown, Hunter",686613,2023,2829,100.01078280305869,3.000769931949532e-4,2.6517938599765825e-4,0.6863926066303065,0.003000769931949532,0.024262729113831972,1.060717543990633e-4,-2.665167690320459,1.3909869317634502,2.4638784307394417,-0.5033050655521265,-0.09420882609828415,0.049168855841762116,0.08709361720535319,-0.01779091783499917,-1.2741807585570086,1.9605733651873152,-0.045039970256522045,0.06930269937035402,0.17243492441852867,0.3374063199327935,0.05619278964525613,0.1641474523968453,0.2549206221756611,0.8898298789789493,0.5723752505773052,55.69444444444444,55.76388888888889,55.69444444444444,75.69444444444444,60.27777777777777,69.79166666666666
"Boyd, Matthew",571510,2024,849,99.99506217256594,-4.123933726550288e-5,-1.2143503317285469e-4,0.20467762760893038,-4.1239337265502884e-4,0.024108083346163767,-4.8574013269141875e-5,0.14492081617754593,0.02478765076966738,0.23941200100080096,-0.2044428403390839,0.017069589655776905,0.002919629065920775,0.02819929340409905,-0.024080428779632967,0.1697084669472133,0.03496916066171707,0.01998921872169768,0.0041188646244660855,0.21994854834972813,0.22352708025441315,0.06787230528558573,0.1501046978816063,0.22173781430207062,0.8910114984164039,0.5563746563592373,55.625,55.625,55.625,42.36111111111111,27.77777777777778,70.97222222222223
"Thielbar, Caleb",573204,2023,530,99.99193959218027,-4.2024346062588534e-5,-1.982280474650388e-4,0.12761004054436853,-4.2024346062588536e-4,0.024077366140446893,-7.929121898601552e-5,-0.7599769075523,-0.18829889516155163,0.9961702601021898,0.07971558315603033,-0.14339186934949055,-0.03552809342670785,0.18795665284946977,0.015040676067175535,-0.9482758027138516,1.0758858432582201,-0.1789199627761984,0.2029973289166453,0.07572517227853566,0.19363923731838978,0.01994910858089847,0.12018427611281243,0.1346822047984627,0.9299333076531445,0.5323077562258036,55.55555555555556,55.55555555555556,55.55555555555556,4.861111111111112,0.6944444444444444,95.48611111111111
"Kahnle, Tommy",592454,2023,684,99.96909099581129,-2.0797407146316005e-4,-7.601391500846547e-4,0.16315179562388948,-0.0020797407146316005,0.023852601699399047,-3.040556600338619e-4,0.6704417014279898,-0.13793140624966327,0.26813260942572015,-0.6374911089801572,0.09801779260643126,-0.020165410270418606,0.03920067389264914,-0.09320045452926275,0.5325102951783265,-0.369358499554437,0.07785238233601265,-0.05399978063661359,0.25844655632660685,0.2731504207578776,0.0878452847641325,0.23499756470218602,0.2657984885422422,0.8385785752668408,0.5521885319045414,55.486111111111114,55.486111111111114,55.486111111111114,34.236111111111114,69.09722222222221,8.75
"Barria, Jaime",642545,2023,1329,99.9486674670722,-6.710977059090795e-4,-0.001262411034441465,0.3143309992477725,-0.006710977059090795,0.023651692945656323,-5.04964413776586e-4,0.40594285585393663,0.4222543587711698,-0.37630836282960445,-0.13755785254772945,0.03054498539156784,0.031772337003097804,-0.02831515145444729,-0.010350477994562035,0.8281972146251064,-0.5138662153773339,0.06231732239466564,-0.03866562944900932,0.23324667676318,0.30123569494383107,0.11467334762915461,0.15621685510597927,0.26724118585350554,0.8645548986324331,0.5658980422429694,55.41666666666667,55.27777777777778,55.41666666666667,63.81944444444444,70.20833333333333,32.916666666666664
"Scherzer, Max",453286,2024,669,99.93663083610264,-4.170346818011289e-4,-0.001558425567268788,0.15743769091659487,-0.004170346818011289,0.023533287132525393,-6.233702269075152e-4,-0.1293842544969266,-0.031893691889308684,0.31483344346861486,0.003882193834215286,-0.019339948355295455,-0.004767367995412359,0.04706030545121298,5.802980320202221e-4,-0.16127794638623527,0.31871563730283015,-0.024107316350707814,0.04764060348323321,0.1917941977166954,0.2334656796424172,0.06596814352004476,0.13044969026166417,0.21262993867955632,0.9017910831091456,0.5572105108943509,55.34722222222223,55.41666666666667,55.34722222222223,44.583333333333336,20,80.76388888888889
"Morejon, Adrian",670970,2024,1118,99.92977356412736,-7.723435252728727e-4,-0.0017270651280699295,0.26234799402573117,-0.0077234352527287276,0.023465831308204937,-6.908260512279718e-4,-0.32136095166788436,0.4390196045126231,-0.3650990387914135,0.5097883799724059,-0.028744271168862644,0.039268300940306186,-0.032656443541271334,0.04559824507803272,0.11765865284473875,0.14468934118099241,0.010524029771443538,0.012941801536761397,0.20097635296290753,0.28629528635316454,0.09444414916943247,0.10421805702022773,0.24363581965803605,0.9006688969051699,0.572152358281603,55.27777777777778,55.208333333333336,55.27777777777778,75.13888888888889,48.47222222222222,80
"Turnbull, Spencer",605513,2023,555,99.91357986475627,-4.718196277444131e-4,-0.002125313638488349,0.1293512520674085,-0.004718196277444131,0.02330653190403757,-8.501254553953397e-4,0.3933752719528911,-0.1995579704764623,-0.022051693752246138,-0.042414355656774205,0.07087842737889931,-0.03595639107684005,-0.003973278153557863,-0.007642226244463821,0.19381730147642884,-0.06446604940902034,0.03492203630205925,-0.011615504398021684,0.27768008675890826,0.22115373728719115,0.08908265709877738,0.13106569694249942,0.24941691202304972,0.8899258229793616,0.5696713675012057,55.208333333333336,55.34722222222223,55.208333333333336,71.04166666666667,53.68055555555556,69.93055555555556
"Rodón, Carlos",607074,2025,3363,99.89389595609015,-0.0035101597544159426,-0.0026093961897234123,0.7772867894535693,-0.035101597544159424,0.023112898883543544,-0.001043758475889365,-1.48266567715973,2.5089873558961244,-0.18301696134153644,-0.06601792794128869,-0.04408759075705412,0.07460563056485651,-0.005442074378279407,-0.001963066545979444,1.0263216787363945,-0.24903488928282513,0.030518039807802395,-0.007405140924258851,0.17945206617957046,0.30139480736323904,0.09202896449317405,0.1372527612823734,0.24042343677140476,0.8853591371122262,0.5628912869418154,55.13888888888889,54.44444444444444,55.13888888888889,57.15277777777777,45.48611111111111,63.33333333333333
"Yarbrough, Ryan",642232,2023,1420,99.88224046606184,-0.0016449492416349798,-0.0028960373972446857,0.32657504208759747,-0.016449492416349798,0.022998242400535034,-0.0011584149588978743,-0.02174421115137193,-0.22665158011068343,-0.7489413348998823,1.3239121682495352,-0.0015312824754487276,-0.015961378881034043,-0.05274234752816073,0.09323325128517854,-0.24839579126205535,0.5749708333496528,-0.01749266135648277,0.040490903757017804,0.21639215444711613,0.2427994073743064,0.12378775553431788,0.08482113007125368,0.22959578091071126,0.8956955571972143,0.5626456690539627,55.06944444444445,54.93055555555556,55.06944444444445,56.666666666666664,34.86111111111111,74.93055555555556
"Megill, Tylor",656731,2025,1231,99.87066559622994,-0.0015661746748977857,-0.0031806959278996446,0.28170670534564124,-0.015661746748977856,0.02288437898827305,-0.001272278371159858,0.31324868013894047,-0.051391941748306635,0.4856087282232693,-0.4657587612682619,0.025446684008037405,-0.0041748124897080935,0.03944831260952634,-0.0378358051395826,0.26185673839063384,0.019849966955007403,0.02127187151832931,0.001612507469943737,0.22309217197454,0.23768348137024328,0.06475439552007388,0.16038814508675622,0.23038782667239166,0.8874287296965849,0.5589082781844883,55.00000000000001,55.06944444444445,55.00000000000001,48.75,35.486111111111114,66.80555555555556
"Gallen, Zac",668678,2025,3135,99.85164884886137,-0.004575057372735614,-0.003648371110634456,0.7115606344908656,-0.045750573727356136,0.022697308915179126,-0.0014593484442537823,-2.5193699581870987,1.6266317501185767,2.9116367415024342,-1.3073378989430466,-0.08036267809209247,0.05188618022706784,0.09287517516754176,-0.04170136838733801,-0.892738208068522,1.6042988425593876,-0.028476497865024625,0.05117380678020375,0.17202164799245245,0.33578271105988206,0.0575180137806494,0.18150492303183666,0.2539021795261672,0.880488531593757,0.567195355559962,54.93055555555556,54.09722222222222,54.93055555555556,66.94444444444444,59.09722222222222,56.666666666666664
"Weathers, Ryan",677960,2023,1072,99.8444908839146,-0.0016399051021605937,-0.0038244055554118375,0.24256031587151483,-0.016399051021605937,0.022626895137268174,-0.001529762222164735,0.03293664552165865,-0.07735684802901233,0.3215311076028229,-0.034550589223954375,0.0030724482762741275,-0.007216123883303389,0.02999357347041258,-0.0032230027261151467,-0.04442020250735368,0.2869805183788685,-0.004143675607029261,0.026770570744297433,0.2202457679407783,0.2200430265545776,0.07486926014812544,0.14579262741998578,0.22014439724767795,0.8896690562159444,0.5549067267318112,54.861111111111114,55.00000000000001,54.861111111111114,39.513888888888886,25.972222222222225,69.58333333333333
"Soroka, Michael",647336,2025,1572,99.83958890200046,-0.0024805902485396437,-0.00394495904665974,0.3549367512048889,-0.024805902485396436,0.022578673740769013,-0.001577983618663896,-1.2758414223612249,-0.8025966277109546,1.2738531735506058,1.1595216277264626,-0.0811603958245054,-0.051055765121562,0.08103391689253217,0.07376091779430424,-2.0784380500721795,2.4333748012770684,-0.13221616094606742,0.1547948346868364,0.15489478513140578,0.18821107773581494,0.0528359709648436,0.08307195528898514,0.17155293143361036,0.9320460368730856,0.551799484153348,54.79166666666667,54.65277777777777,54.79166666666667,32.98611111111111,4.166666666666666,96.04166666666667
"Brown, Hunter",686613,2025,2962,99.83925987867266,-0.004683574414382663,-0.003953050653597787,0.6686844468425761,-0.04683574414382663,0.022575437097993794,-0.0015812202614391146,-1.1256873377418515,1.787559993995501,0.7141329713597315,-0.7073211807708049,-0.03800429904597743,0.060349763470476055,0.024109823476020645,-0.023879850802525485,0.6618726562536494,0.0068117905889266694,0.022345464424498633,2.299726734951611e-4,0.20559066758911268,0.32440566108228214,0.08764312606284795,0.16085999483127775,0.2649981643356974,0.8757484395529371,0.5703733019443172,54.72222222222223,53.95833333333333,54.72222222222223,72.15277777777777,68.75,49.44444444444444
"Hancock, Emerson",676106,2025,1498,99.80545418344946,-0.0028668289969104588,-0.004784427564937348,0.3331984372752004,-0.028668289969104588,0.02224288633345797,-0.001913771025974939,1.85939794765045,-0.16733182760435739,-0.5293397039195042,-0.8295279788513881,0.12412536366157878,-0.011170348972253497,-0.03533642883307772,-0.0553756995227896,1.6920661200460927,-1.3588676827708923,0.11295501468932528,-0.09071212835586731,0.3251545807660031,0.2398070559423069,0.11131941671821773,0.1890756687740771,0.282480818354155,0.8498024572538526,0.5661416378040038,54.65277777777777,54.513888888888886,54.65277777777777,64.23611111111111,81.80555555555556,17.430555555555554
"Wilson, Steven",621051,2024,623,99.80366515337373,-0.0012032434688543953,-0.004828424834889215,0.13846354066072308,-0.012032434688543953,0.022225287425477223,-0.0019313699339556858,-0.15739344336179784,-0.23124809650471434,0.1782110082649524,0.34889407226228286,-0.025263795082150535,-0.037118474559344194,0.028605298276878396,0.05600225879009356,-0.3886415398665122,0.5271050805272353,-0.06238226964149473,0.08460755706697196,0.18376565640398487,0.21820571732861604,0.08313609434578778,0.08670887030330823,0.20098568686630047,0.915077517675452,0.5580316022708762,54.58333333333333,55.13888888888889,54.58333333333333,46.59722222222222,13.055555555555557,89.23611111111111
"Mejia, Juan",675848,2025,1074,99.79677026546467,-0.0021471362793450298,-0.004997989477060127,0.23797113724685914,-0.0214713627934503,0.022157461568608858,-0.001999195790824051,-0.7517638617396187,-0.76682457887091,1.7698895765151974,-0.013329998657809483,-0.06999663517128667,-0.07139893658015922,0.16479418775746718,-0.0012411544374124285,-1.5185884406105288,1.756559577857388,-0.14139557175144588,0.16355303332005475,0.15538125348039628,0.20953355300429327,0.023117965647053523,0.12787792512522614,0.18245740324234477,0.9245020546138601,0.5534797289281025,54.513888888888886,54.72222222222223,54.513888888888886,36.11111111111111,6.458333333333334,93.26388888888889
"Pérez, Cionel",672335,2024,875,99.77614465905835,-0.0019268308564142189,-0.005505231018326333,0.19210244333089577,-0.01926830856414219,0.021954564952102375,-0.002202092407330533,-0.598157292133692,-0.5310129856452477,0.43049713302912096,0.8907755880807144,-0.06836083338670765,-0.06068719835945688,0.049199672346185254,0.10180292435208166,-1.1291702777789396,1.3212727211098354,-0.12904803174616453,0.1510025966982669,0.18231933948489587,0.17941396941055432,0.0682148026645906,0.06576542194424306,0.1808666544477251,0.9330098876955831,0.5569382710716542,54.44444444444444,54.79166666666667,54.44444444444444,43.81944444444444,5.902777777777778,96.11111111111111
"Alcantara, Sandy",645261,2023,2718,99.75842139778152,-0.0064591592975243636,-0.005941095748274805,0.5919863540541428,-0.06459159297524364,0.021780219060122986,-0.002376438299309922,3.4022074162394347,1.2808469457888805,-2.485895880327007,-1.6051721276471653,0.12517319412212785,0.047124611692011785,-0.09146048124823425,-0.05905710550578239,4.683054362028315,-4.091068007974172,0.17229780581413962,-0.15051758675401666,0.3258664393579267,0.3076568948804123,0.1536283206230304,0.19273166277219542,0.31676166711916953,0.8268200083023871,0.5717908377107783,54.37499999999999,53.263888888888886,54.37499999999999,74.30555555555556,97.15277777777777,3.6111111111111107
"Taillon, Jameson",592791,2024,2483,99.74997893862941,-0.006106908217450069,-0.006148719510118885,0.5387407200602183,-0.06106908217450069,0.021697169555385355,-0.002459487804047554,-0.24136649207969185,0.6948508294826752,-0.02677316868403068,0.11202955134126569,-0.009720760857015379,0.02798432660018829,-0.0010782589079351866,0.004511862720147631,0.45348433740298333,0.08525638265723501,0.01826356574317291,0.003433603812212445,0.20742088097151942,0.26818701432472136,0.09884996239444414,0.12946046812853695,0.2378039476481204,0.8858447847385095,0.5618243661933149,54.30555555555555,53.333333333333336,54.30555555555555,55.27777777777778,42.77777777777778,64.16666666666667
"Abbott, Andrew",671096,2024,2333,99.73592550461132,-0.006060511452460638,-0.006494332889477759,0.5029697016709633,-0.060605114524606374,0.021558924203641805,-0.0025977331557911036,-0.19842834705650603,0.14936486982969654,0.21006635038747845,0.34196682851029436,-0.008505287057715647,0.006402266173583221,0.00900412989230512,0.014657815195469113,-0.04906347722680948,0.5520331788977728,-0.002103020884132425,0.023661945087774233,0.22183981649202142,0.21527102165431758,0.07925497462176041,0.12430824444724636,0.2185554190731695,0.8982183904654966,0.5583869047693331,54.23611111111111,53.40277777777778,54.23611111111111,47.56944444444444,24.583333333333332,77.77777777777779
"Sauer, Matt",669422,2025,512,99.67309457420632,-0.0016464940615217986,-0.008039521784774404,0.10721714506507851,-0.016464940615217985,0.020940848645523147,-0.0032158087139097617,0.042508426829044765,0.3745407123797122,-0.2448893762757507,-0.06494261786792777,0.008302427115047806,0.07315248288666254,-0.04782995630385756,-0.012684105052329642,0.41704913920875697,-0.30983199414367846,0.08145491000171035,-0.0605140613561872,0.22245863068692778,0.289014231924424,0.12125346561862159,0.13945355817111763,0.2557364313056759,0.8696464881051305,0.5626914597054031,54.166666666666664,54.861111111111114,54.166666666666664,56.875,60.763888888888886,40.55555555555556
"Robertson, David",502085,2024,1230,99.63918091044265,-0.004365788541188992,-0.008873553945506086,0.25346900010913487,-0.04365788541188992,0.020607235781230474,-0.0035494215782024344,-1.6360507448762291,0.3666796803113357,2.0358743113622495,-0.5130342466882212,-0.13301225568099423,0.029811356122872817,0.16551823669611784,-0.04171010135676595,-1.2693710645648935,1.5228400646740283,-0.10320089955812141,0.1238081353393519,0.136276258749253,0.3104732545397287,0.028802702549918922,0.24203932183122373,0.22337475664449086,0.8645789878094287,0.5439768722269598,54.09722222222222,54.23611111111111,54.09722222222222,17.708333333333336,28.888888888888886,32.98611111111111
"Littell, Zack",641793,2025,2752,99.60499180243683,-0.010693567546458782,-0.009714360053105723,0.5578555350670058,-0.10693567546458782,0.02027091333819062,-0.003885744021242289,1.51211821983361,1.212173086769326,-0.9464399236251211,-1.219995847910809,0.05494615624395385,0.044046987164583065,-0.03439098559684306,-0.044331244473503235,2.724291306602936,-2.16643577153593,0.0989931434085369,-0.0787222300703463,0.26668859789555027,0.3307472113601468,0.11060962722564979,0.18643995852786052,0.29871790462784853,0.8514752071232449,0.5750965558755468,54.02777777777777,51.31944444444444,54.02777777777777,79.65277777777777,91.38888888888889,19.166666666666668
"Adams, Austin",613534,2024,824,99.50862942218697,-0.003982946188220027,-0.012084181396298625,0.1592213947595269,-0.03982946188220027,0.01932298480091346,-0.00483367255851945,0.24928625585886266,-0.46358903432496845,0.01493422185376403,0.35858995137186866,0.030253186390638672,-0.0562608051365253,0.0018124055647771881,0.043518197982022895,-0.2143027784661058,0.3735241732256327,-0.026007618745886623,0.04533060354680008,0.23710350339411435,0.18639601204728853,0.10490671636103295,0.1068455302144435,0.21174975772070143,0.8941238767122618,0.5529368172164816,53.95833333333333,54.30555555555555,53.95833333333333,35.208333333333336,19.166666666666668,73.88888888888889
"Gilbert, Logan",669302,2025,2353,99.50317213113338,-0.011499950077539355,-0.012218391497598128,0.4534066468920628,-0.11499950077539356,0.019269300760393657,-0.004887356599039251,0.24280812566519216,0.9719770350800445,0.5464133909162001,-1.307791904769374,0.010319087363586579,0.04130799129111962,0.0232219885642244,-0.055579766458536926,1.2147851607452367,-0.7613785138531739,0.0516270786547062,-0.03235777789431254,0.2013869744444396,0.29307169879661354,0.0764165328332588,0.209899606210739,0.24722933662052657,0.8568419304780011,0.5520356335492638,53.888888888888886,50.763888888888886,53.888888888888886,33.958333333333336,51.18055555555555,24.375
"Alcala, Jorge",660896,2024,984,99.5003962468646,-0.004836028699588779,-0.01228665828147556,0.18934122142093202,-0.04836028699588779,0.019241994046842684,-0.004914663312590224,0.2187896751693188,0.17824971411118895,-0.26221505748981144,0.05451688963023571,0.022234723086312885,0.018114808344633023,-0.02664787169611905,0.005540334312015824,0.39703938928050775,-0.20769816785957573,0.040349531430945905,-0.021107537384103228,0.2278939797700426,0.24150337423001877,0.1150500267547845,0.1252351616166808,0.2346986770000307,0.8798574058142674,0.5572780414071491,53.81944444444444,53.888888888888886,53.81944444444444,44.72222222222222,39.58333333333333,55.55555555555556
"Festa, David",701581,2024,1099,99.49369223082819,-0.005473692081876142,-0.012451528848671832,0.21074474356140627,-0.054736920818761414,0.019176045819964176,-0.004980611539468733,-0.4068104853379282,0.5967054155157712,-0.01946244715827561,0.040312260541838896,-0.03701642268770957,0.054295306234374084,-0.0017709233083053329,0.0036680855816049952,0.18989493017784298,0.020849813383563287,0.01727888354666451,0.001897162273299662,0.1994942221865129,0.323549784232886,0.09076009710222445,0.14430395373069313,0.2615220032096994,0.8824679745835412,0.5719949888966203,53.75,53.541666666666664,53.75,74.72222222222223,66.04166666666667,59.583333333333336
"Jackson, Luke",592426,2024,952,99.47160123602504,-0.004948423039786215,-0.012994808402799934,0.18048714766393914,-0.04948423039786215,0.018958733998312934,-0.005197923361119974,-0.08802140770262668,0.4330873168787548,0.5446851902270282,-0.7092639517392172,-0.0092459461872507,0.0454923652183566,0.05721483090620045,-0.0745025159389934,0.3450659091761281,-0.16457876151218898,0.0362464190311059,-0.01728768503279296,0.18262896629422162,0.33063013777154715,0.0578930985462242,0.27050568426712984,0.2566295520328844,0.835800608593323,0.5462150803131036,53.68055555555556,53.81944444444444,53.68055555555556,20.76388888888889,61.52777777777778,7.083333333333333
"Jackson, Andre",656578,2023,1000,99.46060765591713,-0.005306068555168774,-0.013265171387921932,0.18850588804264135,-0.05306068555168775,0.018850588804264136,-0.005306068555168773,-0.17628997298811555,0.6945841824331183,0.020446025578394256,-0.3502343469807556,-0.017628997298811556,0.06945841824331182,0.0020446025578394257,-0.03502343469807556,0.5182942094450027,-0.32978832140236136,0.051829420944500264,-0.032978832140236135,0.21247268081530502,0.3618633505502114,0.09505154765713196,0.1756942227906176,0.2871680156827582,0.8646271147761252,0.5758975652294417,53.61111111111111,53.68055555555556,53.61111111111111,80.55555555555556,85.34722222222221,33.19444444444444
"Sears, JP",676664,2023,2861,99.45414154226984,-0.015362644486832134,-0.013424191267766639,0.5374955221850541,-0.15362644486832133,0.018786980852326253,-0.005369676507106656,-0.3570024755019858,0.8924329569795191,-1.0894359316494047,1.0915009723569256,-0.012478241017196289,0.031193042886386545,-0.03807885115866496,0.03815103014180096,0.5354304814775332,0.002065040707520893,0.018714801869190258,7.217898313599774e-5,0.1993827947689116,0.26232336519688626,0.12621988005606954,0.11107930155761722,0.23085307998289895,0.8813504091931567,0.5561017445880279,53.541666666666664,48.47222222222222,53.541666666666664,41.94444444444444,35.90277777777778,57.986111111111114
"Strahm, Matt",621381,2023,1456,99.44288860512,-0.007979423128977287,-0.013700932570359346,0.2719266998635703,-0.07979423128977287,0.01867628433128917,-0.0054803730281437375,0.4891372433705783,-0.5004154781368015,-0.6294311998017292,0.9126361344315228,0.03359459089083642,-0.03436919492697813,-0.04323016482154734,0.06268105318897821,-0.01127823476622325,0.28320493462979357,-7.746040361417067e-4,0.019450888367430877,0.2563452586863498,0.19996943562263383,0.1391872528063797,0.10517556080979318,0.22815734715449182,0.8778185931919136,0.5529879701732027,53.47222222222222,52.77777777777778,53.47222222222222,35.55555555555556,33.47222222222222,52.5
"Anderson, Grant",681982,2024,504,99.43422367302588,-0.002805067957336334,-0.01391402756615245,0.09369887351817852,-0.028050679573363338,0.018591046332971928,-0.005565611026460981,0.4344012683884557,-0.39214727894068346,-0.4464476817793184,0.49789256584972463,0.08619072785485234,-0.07780699978981814,-0.08858088924192824,0.098788207509866,0.042253989447772256,0.05144488407040626,0.008383728065034178,0.01020731826793775,0.43974828261756876,0.1690392541421575,0.2517125797497691,0.08371719739351591,0.30439376837986315,0.8322851114283575,0.5683394399041103,53.40277777777778,54.58333333333333,53.40277777777778,68.95833333333333,93.95833333333333,5.347222222222222
"Lodolo, Nick",666157,2025,2405,99.42122451461012,-0.01369283224263671,-0.014233713349934216,0.44403928706799434,-0.1369283224263671,0.018463172019459222,-0.005693485339973686,2.21021931777841,-0.38398618212113433,-0.8660055753632605,-0.516188273226021,0.09190101113423743,-0.015966161418758184,-0.0360085478321522,-0.02146312986386782,1.8262331356572759,-1.3821938485892815,0.07593484971547924,-0.057471677696020025,0.3484363141441747,0.2054376073044115,0.11469348524204487,0.14166460144604745,0.2769369607242931,0.8718209566559538,0.5743789586901235,53.333333333333336,49.51388888888889,53.333333333333336,78.61111111111111,78.19444444444444,44.09722222222222
"Morgan, David",688158,2025,777,99.41244042462837,-0.004490978810513385,-0.014449738772565595,0.14278743957765982,-0.04490978810513385,0.01837676185040667,-0.005779895509026238,0.08010636690505635,-0.28450364949594587,0.357933922473876,-0.010749200305326667,0.010309699730380482,-0.03661565630578454,0.04606614188852973,-0.0013834234627190048,-0.20439728259088952,0.34718472216854934,-0.026305956575404056,0.04468271842581072,0.2142310907933117,0.20685089358904188,0.06533096074550546,0.12754211105935856,0.21054099219117678,0.903563464097568,0.5570522281443724,53.263888888888886,54.166666666666664,53.263888888888886,44.02777777777778,17.98611111111111,82.08333333333333
"Keuchel, Dallas",572971,2023,658,99.40838538884415,-0.003829418788402414,-0.014549463481772088,0.1206566175410444,-0.03829418788402414,0.018336871966724073,-0.005819785392708835,0.41213700407752185,0.46306515324477004,-0.9171496916121669,0.16260415183091936,0.06263480305129511,0.070374643350269,-0.1393844516127913,0.02471187717795127,0.8752021573222919,-0.7545455397812475,0.13300944640156412,-0.11467257443484005,0.2804013173482175,0.2981247022218975,0.21411049906927546,0.11638721204498031,0.2892630097850575,0.8347511444428721,0.5620070771139648,53.19444444444444,54.37499999999999,53.19444444444444,55.55555555555556,86.52777777777779,6.388888888888888
"Estrada, Jeremiah",669093,2025,1276,99.3719935827349,-0.007882842235698068,-0.015444440116963304,0.22941052554938324,-0.07882842235698068,0.017978881312647587,-0.0061777760467853216,0.07211550418560364,0.0332795959232044,0.720234371076458,-0.5962189456358828,0.00565168528100342,0.002608118802758965,0.056444699927622105,-0.046725622698736896,0.10539510010880804,0.1240154254405752,0.008259804083762385,0.009719077228885204,0.20590194844252552,0.2922926121088818,0.062235415127496606,0.23851234627661105,0.24909728027570366,0.8496261192979462,0.5493616997868249,53.125,52.916666666666664,53.125,27.84722222222222,52.986111111111114,17.083333333333332
"Soroka, Michael",647336,2024,1442,99.37037269324117,-0.008931345588654688,-0.01548430233816694,0.25902554323647564,-0.08931345588654688,0.01796293642416613,-0.006193720935266777,0.20353816569843275,0.03142705298000692,0.266196231100821,-0.24213590654278505,0.014114990686437779,0.0021794072801669152,0.018460210201166505,-0.016791671743605067,0.23496521867843967,0.024060324558035973,0.016294397966604694,0.0016685384575614406,0.22650581968879088,0.23713083483330474,0.07095037472804541,0.1356068500358066,0.2318183272610478,0.896721387618074,0.5642698574395609,53.05555555555556,52.361111111111114,53.05555555555556,60.48611111111111,36.52777777777778,76.18055555555556
"Francis, Bowden",670102,2024,1558,99.36061112620641,-0.009799425305338704,-0.015724366664535798,0.27836646860657766,-0.09799425305338705,0.01786691069361859,-0.006289746665814319,-0.923528718979469,-0.13036024915436428,1.7095913183818539,-0.37733588164144294,-0.05927655449162189,-0.008367153347520173,0.10972986639164659,-0.02421924785888594,-1.0538889681338333,1.332255436740411,-0.06764370783914206,0.08551061853276065,0.15217326510268414,0.22038540751534025,0.03819418105647488,0.16461737367246526,0.1862793363090122,0.8985942226355299,0.5424367794722711,52.986111111111114,51.87500000000001,52.986111111111114,14.722222222222223,7.430555555555555,78.19444444444444
"Suarez, Robert",663158,2024,1033,99.35443573440742,-0.006560061078115517,-0.01587623687830474,0.18393765974178677,-0.06560061078115517,0.017806162608111013,-0.006350494751321895,0.8579574112427508,0.4414799965297789,-0.7152206062464757,-0.40027914178426727,0.08305492848429341,0.04273765697287307,-0.06923723196964914,-0.038749190879406314,1.2994374077725297,-1.115499748030743,0.12579258545716648,-0.10798642284905546,0.29040028319715183,0.3270939798502555,0.1598736792233703,0.24471086676703244,0.3087471315237037,0.7977077270047986,0.5532274292642512,52.916666666666664,53.19444444444444,52.916666666666664,35.69444444444444,95.13888888888889,0.625
"Urquidy, José",664353,2023,1251,99.35199446733553,-0.007974511752946778,-0.015936274486304518,0.2224546660370379,-0.07974511752946778,0.017782147564911102,-0.006374509794521806,-1.1742031570197469,0.4416688599496865,0.4944535946851829,0.46053536842191534,-0.0938611636306752,0.03530526458430747,0.0395246678405422,0.036813378770736635,-0.7325342970700603,0.9549889631070982,-0.05855589904636774,0.07633804661127884,0.16745521006006175,0.2757075180314804,0.06786400806320066,0.11484206041940191,0.22158136404577108,0.9086469657586987,0.5651141649022349,52.84722222222222,52.84722222222222,52.84722222222222,62.15277777777778,27.361111111111114,85.41666666666666
"Lynn, Lance",458681,2023,3189,99.3263038336976,-0.021134241904967044,-0.016568079260714207,0.559013384142645,-0.21134241904967044,0.017529425655147226,-0.006627231704285683,2.09558246028314,1.0889897520951308,-1.8533472343794983,-0.7722115938561274,0.06571283977055942,0.03414831458435656,-0.05811687784194099,-0.024214850857827763,3.1845722123782707,-2.6255588282356257,0.09986115435491598,-0.08233172869976876,0.2838432331443441,0.29581259669057625,0.13493643313180287,0.15081364095579616,0.2898279149174602,0.8571249629562006,0.5734764389368303,52.77777777777778,46.80555555555556,52.77777777777778,77.43055555555556,87.01388888888889,24.86111111111111
"Fulmer, Carson",608334,2024,1469,99.32183760929536,-0.009799943589627163,-0.016677916251918255,0.2568618607137978,-0.09799943589627164,0.017485490858665607,-0.006671166500767302,1.5314293275450837,0.7266086375716441,-1.3698879244871023,-0.6312881799158276,0.10424978403982871,0.04946280718663336,-0.09325309220470404,-0.04297400816309242,2.2580379651167277,-2.00117610440293,0.15371259122646208,-0.13622710036779645,0.27212756218850476,0.2682718740761184,0.13261191552402757,0.17670354928018484,0.2701997181323116,0.8453422675978938,0.5577709928651027,52.708333333333336,51.80555555555556,52.708333333333336,45.97222222222222,72.84722222222221,13.61111111111111
"Houck, Tanner",656557,2023,1708,99.31434981132884,-0.011520160906129017,-0.01686206221623101,0.29739409863782384,-0.11520160906129018,0.017411832472940505,-0.006744824886492404,1.7292738188831436,-0.7926516851221095,-1.9172358562691443,1.278007821145934,0.10124553974725665,-0.04640817828583779,-0.11225034287290071,0.07482481388442236,0.9366221337610341,-0.6392280351232102,0.054837361461418856,-0.037425528988478354,0.34878269778623866,0.19824114435922038,0.1685648696849893,0.09130704666113074,0.27351192107272954,0.87006404182694,0.5717879814498348,52.63888888888889,50.69444444444444,52.63888888888889,74.23611111111111,75.55555555555556,41.25
"Clase, Emmanuel",661403,2025,737,99.29405062895196,-0.005118104186791891,-0.017361276074599353,0.12685352287110163,-0.051181041867918914,0.017212146929593167,-0.006944510429839741,-0.12150058599581826,0.30350674642068043,0.1965558417482498,-0.25170847930201035,-0.016485832563883075,0.041181376719223936,0.0266697207256784,-0.0341531179514261,0.18200616042486217,-0.05515263755376054,0.02469554415534087,-0.007483397225747699,0.2208682318957421,0.3612389320388486,0.07901367391287813,0.2852516520727723,0.29105358196729536,0.8178673370071747,0.5544604594872351,52.56944444444444,53.75,52.56944444444444,38.47222222222222,87.91666666666667,1.875
"Gusto, Ryan",687473,2025,1744,99.28649737340959,-0.012240809400694308,-0.01754703182438977,0.29888401034156686,-0.12240809400694308,0.017137844629677,-0.007018812729755908,-0.6013731463744989,0.49288454164820905,0.5630023137898661,-0.15562969872200938,-0.03448240518202402,0.028261728305516577,0.0322822427631804,-0.008923721256995951,-0.10848860472628985,0.4073726150678567,-0.006220676876507446,0.023358521506184445,0.1964391133737293,0.2518011830253247,0.07491387953147156,0.14209522910505953,0.22412014819952703,0.8914954456817344,0.5578077969406308,52.5,50.416666666666664,52.5,46.111111111111114,29.51388888888889,71.45833333333333
"Williams, Gavin",668909,2023,1386,99.25226035890067,-0.010194870518819215,-0.018389016087336254,0.23286256581354792,-0.10194870518819216,0.016801050924498406,-0.007355606434934502,-1.5222832443973857,0.0011091514024883509,1.735340634352724,0.018696024455721272,-0.1098328459161173,8.002535371488824e-5,0.125204951973501,0.0013489195133998032,-1.5211740929948974,1.7540366588084453,-0.1097528205624024,0.1265538714869008,0.13793462072410248,0.23466877170689968,0.03495784677166422,0.12992332686880714,0.18630169621550108,0.9175594131797643,0.5519305546976327,52.43055555555556,51.66666666666667,52.43055555555556,33.40277777777778,7.5,90.06944444444444
"Rodríguez, Yariel",684320,2025,1205,99.24589523944668,-0.00893895617802044,-0.018545552236556927,0.20169815940096214,-0.08938956178020441,0.016738436464810137,-0.007418220894622771,0.13495316274293145,0.056712560647383725,0.11738504525510507,-0.10735260924445811,0.011199432592774394,0.004706436568247612,0.00974149753154399,-0.00890893022775586,0.19166572339031518,0.010032436010646961,0.015905869161022004,8.325673037881294e-4,0.22489914812465023,0.24563252031963756,0.08129041805629703,0.14048633377510286,0.2352658342221439,0.8891116240843,0.5621887291532219,52.361111111111114,52.29166666666667,52.361111111111114,55.76388888888889,40.208333333333336,68.95833333333333
"Morillo, Juan",666661,2025,617,99.23514981519916,-0.004642261693581123,-0.018809812372694995,0.1026239589718898,-0.046422616935811234,0.01663273241035491,-0.007523924949077998,-0.03044599305394513,0.35187200136715546,-0.1274097197674564,-0.09139232957386412,-0.004934520754286083,0.0570294977904628,-0.02064987354415825,-0.01481237108166355,0.32142600831321033,-0.21880204934132053,0.052094977036176715,-0.0354622446258218,0.22868105807843486,0.3060665482243764,0.10789540876563466,0.1484301044538791,0.26737380315140563,0.871837243390243,0.5696055232708244,52.29166666666667,54.02777777777777,52.29166666666667,70.97222222222223,70.27777777777777,44.23611111111111
"Cronin, Declan",686539,2024,1102,99.2296410710577,-0.008351082884197858,-0.018945287849813648,0.18269553525897209,-0.08351082884197858,0.01657854221950745,-0.00757811513992546,0.830390521460231,-0.4580971528534974,-0.891469925390993,0.7018720920432315,0.07535304187479411,-0.04156961459650612,-0.08089563751279429,0.06369075245401375,0.37229336860673357,-0.18959783334776148,0.03378342727828798,-0.017204885058780532,0.2981226518777896,0.21408958136249734,0.1664469769268624,0.09148587778497032,0.2561061166201435,0.8710335726440837,0.5635698446321136,52.22222222222223,52.63888888888889,52.22222222222223,59.02777777777778,61.111111111111114,42.70833333333333
"Booser, Cam",592155,2024,713,99.22234647136993,-0.005454359456499952,-0.019124682526297163,0.11769337240775712,-0.05454359456499952,0.016506784348914044,-0.007649873010518865,-0.17370679539362754,0.23598357333457898,0.04734153790650453,0.008075056560301164,-0.024362804403033317,0.033097275362493545,0.006639766887307788,0.0011325465021460256,0.06227677794095143,0.05541659446680569,0.008734470959460228,0.007772313389453813,0.1979288214052942,0.2992851252650402,0.08540033717848865,0.12255187639101953,0.24860697333516718,0.8960238932152459,0.5723154332752065,52.15277777777778,53.61111111111111,52.15277777777778,75.625,52.63888888888889,75
"Kopech, Michael",656629,2023,2423,99.21674652808477,-0.01866911890021773,-0.019262400846283254,0.39862461881688205,-0.1866911890021773,0.016451697020919608,-0.007704960338513301,-1.2371035376343116,-0.27752196974734034,2.168524696363761,-0.25527457016522703,-0.05105668747974872,-0.011453651248342564,0.08949751119949488,-0.010535475450483988,-1.514625507381652,1.913250126198534,-0.06251033872809128,0.0789620357490109,0.1790443599156662,0.2387082188293357,0.044796527604621494,0.13959134836780496,0.20887628937250097,0.9078060620137868,0.5583411756931439,52.083333333333336,47.5,52.083333333333336,47.43055555555556,17.36111111111111,84.79166666666667
"Strickland, Hunter",519326,2024,1172,99.1817411321396,-0.00943379449142479,-0.020123281764984617,0.18877807933830582,-0.0943379449142479,0.016107344653439062,-0.008049312705993846,0.5226789858189136,-0.02716332311933911,-0.84256340164211,0.5358258182808413,0.04459718309035099,-0.002317689685950436,-0.071891075225436,0.045718926474474515,0.4955156626995745,-0.30673758336126866,0.042279493404400556,-0.02617214875096149,0.24510387230402392,0.21338822567779914,0.12776870275090146,0.10785600972053172,0.22924604899091153,0.8821876437642834,0.5557168463775974,52.01388888888889,52.15277777777778,52.01388888888889,41.18055555555556,34.65277777777778,59.09722222222222
"Sands, Cole",663485,2024,1154,99.13620937225984,-0.0098057851923398,-0.0212430355120013,0.18070997400445776,-0.098057851923398,0.01565944315463239,-0.00849721420480052,0.48598112927743387,0.3678740649802421,-0.7806238648468025,0.10747864459358425,0.04211274950411038,0.03187816854248198,-0.0676450489468633,0.009313574054903314,0.853855194257676,-0.6731452202532182,0.07399091804659237,-0.058331474891959986,0.24148432728907765,0.2521716459549952,0.13316620295066917,0.13034038307370938,0.24682798662203642,0.8682467069878107,0.5575373468049236,51.94444444444445,51.736111111111114,51.94444444444445,45.48611111111111,50.83333333333333,38.88888888888889
"Baz, Shane",669358,2024,1206,99.13156489446398,-0.010302740417108441,-0.021357256254370727,0.1883018835836765,-0.10302740417108441,0.015613754857684618,-0.00854290250174829,-0.9331953496675851,0.30571071562394536,1.0560763883927393,-0.24028987076542307,-0.07737938222782628,0.02534914723249962,0.08756852308397507,-0.01992453323096377,-0.6274846340436397,0.8157865176273162,-0.052030234995326684,0.0676439898530113,0.16500850101282152,0.2521233414314737,0.04787955138738056,0.1453484528568973,0.20856592122214762,0.9033859978778611,0.5559759595500043,51.87500000000001,51.52777777777777,51.87500000000001,41.59722222222222,17.01388888888889,81.94444444444444
"Detmers, Reid",672282,2025,1084,99.09979243433214,-0.009599310058680227,-0.02213863020913337,0.16586506518945043,-0.09599310058680227,0.01530120527577956,-0.008855452083653348,-1.2235948228378675,-0.014889297559875558,1.700243810955726,-0.2958946253685326,-0.11287775118430511,-0.0013735514354128746,0.15684906005126625,-0.02729655215576869,-1.238484120397743,1.4043491855871935,-0.114251302619718,0.12955250789549755,0.10708768669473975,0.21779394931830762,0.026892431705462145,0.1717916242143012,0.16244081800652369,0.9006579720401183,0.531549395023321,51.80555555555556,52.01388888888889,51.80555555555556,4.583333333333333,2.2222222222222223,79.93055555555556
"Olson, Reese",681857,2023,1708,99.06273363850926,-0.015747766827282118,-0.02305000999309444,0.25511803942629285,-0.15747766827282117,0.014936653362195133,-0.009220003997237776,-0.209951652656855,-0.09300461872203414,0.08494151048671483,0.47313280031846716,-0.01229225132651376,-0.005445235288175301,0.004973156351681197,0.027700983625202995,-0.30295627137888914,0.558074310805182,-0.01773748661468906,0.03267413997688419,0.20634055491739708,0.22800128129637207,0.07933066192304233,0.1176763047241987,0.21717091810688458,0.9014965166763795,0.5593337173916321,51.736111111111114,48.26388888888889,51.736111111111114,49.93055555555556,23.333333333333332,80.55555555555556
"Pearson, Nate",663878,2023,736,99.03304958729956,-0.007000839098558859,-0.023780024111952645,0.10778460717983762,-0.07000839098558859,0.01464464771465185,-0.009512009644781058,-0.7375009220609172,-0.367308196684462,1.1472772852594062,0.06531644066581066,-0.10020392962784201,-0.04990600498430191,0.15588006593198453,0.008874516394811231,-1.1048091187453792,1.2125937259252169,-0.15010993461214392,0.16475458232679577,0.13349533222082266,0.2042772589126403,0.022045818951902718,0.10871079024610836,0.1688862955667315,0.9346216954009945,0.551753995483863,51.66666666666667,53.125,51.66666666666667,32.916666666666664,3.0555555555555554,96.38888888888889
"Gonsolin, Tony",664062,2023,1664,99.02848728492235,-0.015902664247925156,-0.023892223930176017,0.24294013598171205,-0.15902664247925158,0.014599767787362503,-0.009556889572070406,-0.3046791195829428,0.6850445128236515,0.686674535131715,-0.8240997923907116,-0.018310043244167233,0.04116854043411368,0.041266498505511715,-0.04952522790809565,0.3803653932407087,-0.13742525725899668,0.02285849718994644,-0.008258729402583934,0.19776516732423832,0.2713085223907646,0.07132465103427742,0.18389197738725385,0.23453684485750145,0.8723916857892344,0.5534642653233679,51.59722222222223,48.19444444444444,51.59722222222223,36.041666666666664,39.30555555555556,44.93055555555556
"Yamamoto, Yoshinobu",808967,2025,3243,98.97941376464237,-0.032558525933041225,-0.025099079504348764,0.457815138835997,-0.32558525933041227,0.014117025557693402,-0.010039631801739507,-1.60224309770922,1.1355170757976794,1.807031660247958,-0.8824904995004204,-0.04940620097777428,0.03501440258395557,0.055720988598456915,-0.027212164646944814,-0.46672602191154056,0.9245411607475376,-0.014391798393818702,0.0285088239515121,0.17592925128691875,0.2582778237268369,0.07699254942751556,0.15695640898484514,0.21710353750687783,0.8830255207938197,0.5500645291503488,51.52777777777777,41.736111111111114,51.52777777777777,29.097222222222225,23.26388888888889,60.55555555555555
"Abel, Mick",690953,2025,720,98.97679139754115,-0.007247108410639122,-0.02516357087027472,0.10145684888152573,-0.07247108410639122,0.01409122901132302,-0.01006542834810989,-0.12704411940285354,9.335856839243206e-4,0.32178680305378293,-0.09421942045332798,-0.017645016583729658,1.2966467832282243e-4,0.04469261153524763,-0.013086030618517775,-0.12611053371892922,0.22756738260045495,-0.017515351905406835,0.031606580916729854,0.1989224826424577,0.23767028406817986,0.06444905874934112,0.1418545157368424,0.21829638335531878,0.8968482127569082,0.5575722980561135,51.45833333333333,53.05555555555556,51.45833333333333,45.55555555555556,24.375,76.38888888888889
"Kolek, Stephen",663568,2024,811,98.97672018342728,-0.00816363052984716,-0.025165322225176208,0.11427418588652927,-0.0816363052984716,0.014090528469362425,-0.010066128890070483,0.595735014490856,0.1392251321231015,-0.9235257176305822,0.302839756903154,0.07345684518999457,0.017167093973255425,-0.11387493435642197,0.037341523662534404,0.7349601466139575,-0.6206859607274282,0.09062393916325,-0.07653341069388757,0.2812220681126534,0.2633875715489128,0.17908826351383936,0.11260902736977912,0.2723048198307831,0.8541513545581907,0.5632280871944869,51.388888888888886,52.708333333333336,51.388888888888886,57.986111111111114,74.51388888888889,21.38888888888889
"Vodnik, Victor",680767,2025,918,98.96771894650509,-0.009321991797038982,-0.02538668790043296,0.1285381965892043,-0.09321991797038981,0.014001982199259726,-0.010154675160173182,0.2699162073934076,-0.19146191990239458,0.6023049237619489,-0.5522210146637576,0.029402636970959434,-0.020856418290021196,0.06561055814400314,-0.06015479462568165,0.07845428749101302,0.05008390909819127,0.008546218680938238,0.005455763518321489,0.24047947359188854,0.2658128335943179,0.06341212459986273,0.22846524270001292,0.2531461535931032,0.8540613163500621,0.5536037349715827,51.31944444444444,52.22222222222223,51.31944444444444,36.45833333333333,58.333333333333336,21.319444444444443
"Gallen, Zac",668678,2024,2587,98.95537432953238,-0.026584298301583174,-0.025690276673350575,0.35908974287269757,-0.26584298301583176,0.013880546690092678,-0.01027611066934023,-3.146804079325193,0.9820956215976366,3.8016723743586454,-1.2778741737583914,-0.12163912173657492,0.03796272213365429,0.14695293290910882,-0.04939598661609553,-2.1647084577275564,2.523798200600254,-0.08367639960292061,0.0975569462930133,0.15803629547477513,0.2852276516631178,0.04110113821250785,0.195613073345111,0.22163197356894648,0.8816428942211906,0.5516374338950685,51.24999999999999,44.72222222222222,51.24999999999999,32.29166666666667,27.430555555555557,58.54166666666667
"Matz, Steven",571927,2023,1812,98.88039485986175,-0.019956811527923647,-0.027534232240512758,0.23815051607368787,-0.19956811527923646,0.013142964463227807,-0.011013692896205102,0.09645791810635274,-0.56544090673151,1.43231069147987,-0.7251771867810248,0.005323284663706001,-0.031205348053615342,0.07904584390065508,-0.04002081604751793,-0.4689829886251573,0.7071335046988452,-0.02588206338990934,0.03902502785313715,0.20642658691924767,0.20632365240539374,0.04673328254237877,0.18008092713583645,0.2063751196623207,0.8865928951608923,0.5464840074116065,51.18055555555555,47.083333333333336,51.18055555555555,21.319444444444443,16.041666666666668,65.625
"Quintana, Jose",500779,2025,2272,98.88024230838266,-0.02502651977693072,-0.027537983909474834,0.2985740574370084,-0.2502651977693072,0.013141463795642974,-0.011015193563789934,0.08878320937071749,0.5710699223750453,0.4653180296215851,-0.8265971039303395,0.003907711680049185,0.025135119822845303,0.020480547078414835,-0.03638191478566635,0.6598531317457628,-0.3612790743087544,0.029042831502894488,-0.015901367707251514,0.225793852163508,0.25579106814907887,0.0716636802872527,0.16262885802872618,0.24079246015629344,0.8828537308420106,0.561823095499152,51.11111111111111,45.83333333333333,51.11111111111111,55.208333333333336,46.041666666666664,60.34722222222222
"Boyd, Matthew",571510,2025,2901,98.87251308940037,-0.03217564905592707,-0.027728067094042623,0.37902813943787805,-0.3217564905592707,0.013065430521815859,-0.01109122683761705,-0.7972357336566347,0.21718830167469605,1.9779902519001098,-1.018914680480293,-0.027481411018842973,0.007486670171482111,0.06818304901413684,-0.035122877644960124,-0.5800474319819386,0.9590755714198167,-0.019994740847360862,0.03306017136917672,0.17626514524033185,0.23670093129084438,0.057054064070046706,0.16056002299820157,0.20648303826558811,0.8911929564658758,0.548837997365732,51.041666666666664,41.875,51.041666666666664,26.25,16.11111111111111,71.18055555555556
"Nola, Aaron",605400,2024,3354,98.86189598470672,-0.03755027247401595,-0.027989171492259945,0.4347115630952203,-0.37550272474015944,0.01296098876252893,-0.011195668596903978,-1.0260568882890198,-3.2680662464206307,3.0263232946605285,1.7025114031443422,-0.030592036025313647,-0.09743787258260676,0.09023027115863234,0.050760626211817005,-4.2941231347096505,4.728834697804871,-0.1280299086079204,0.14099089737044934,0.19672466750278544,0.15903403746780684,0.0654143855384789,0.10767103370252265,0.17787935248529613,0.9134572903794992,0.5456683214323976,50.97222222222222,39.23611111111111,50.97222222222222,19.930555555555557,5.277777777777778,88.19444444444444
"Molina, Anthony",683627,2024,1014,98.85679857489342,-0.011403253815765974,-0.028114531103959495,0.13091596746698997,-0.11403253815765974,0.01291084491784911,-0.011245812441583798,0.45760767570959615,0.5204620932217949,-0.2651915803880911,-0.58196222107631,0.045128962101538085,0.0513276226056997,-0.02615301581736599,-0.057392723972022684,0.9780697689313911,-0.8471538014644011,0.09645658470723778,-0.08354573978938867,0.24111378262771666,0.30870999775539243,0.10990099128861626,0.20292194683275697,0.27491189019155454,0.8435885309393134,0.559250210565434,50.90277777777777,50.83333333333333,50.90277777777777,49.44444444444444,76.59722222222223,12.083333333333334
"Sandlin, Nick",680704,2023,998,98.85574674552474,-0.011233647097083008,-0.028140398539787094,0.12874696947631037,-0.11233647097083008,0.012900497943518071,-0.011256159415914837,0.6185461068927225,-0.6833094551593604,-0.708609167688337,0.9021194854312853,0.0619785678249221,-0.06846788127849303,-0.07100292261406183,0.09039273401115083,-0.06476334826663788,0.19351031774294825,-0.006489313453570929,0.019389811397089004,0.28524388852986193,0.18269010356367474,0.15769033994869527,0.08207067674355488,0.23396699604676835,0.8801194916538749,0.5570432438503217,50.83333333333333,51.041666666666664,50.83333333333333,43.958333333333336,38.47222222222222,55.97222222222222
"Varland, Louis",686973,2024,1047,98.82849862298303,-0.012065840053926274,-0.028810506336977727,0.13226180201399984,-0.12065840053926274,0.012632454824641818,-0.01152420253479109,0.1734940122619264,0.4228580706576395,0.06633707046285053,-0.5304273513684166,0.016570583788149608,0.04038759032069145,0.006335918859871111,-0.05066163814407035,0.5963520829195659,-0.46409028090556603,0.056958174108841055,-0.04432571928419924,0.23160108694575038,0.2728050843512066,0.08809309975988854,0.1829942347437432,0.2522030856484785,0.8644563327481841,0.5583297091983312,50.763888888888886,50.55555555555556,50.763888888888886,47.36111111111111,56.875,32.84722222222222
"Bielak, Brandon",656232,2024,510,98.80981614618312,-0.005971072017152941,-0.029269960868396776,0.06348823236157841,-0.05971072017152941,0.012448673012074198,-0.01170798434735871,-0.050621891790797235,0.2781071680178684,-0.2153696454488454,0.05137260158335266,-0.009925861135450438,0.05453081725840556,-0.04222934224487165,0.010073059133990718,0.22748527622707115,-0.16399704386549274,0.044604956122955126,-0.03215628311088093,0.21727655289516729,0.2808242570015834,0.10584307893474947,0.1430625932697661,0.24905040494837535,0.8755471638977422,0.5622987844230588,50.69444444444444,53.47222222222222,50.69444444444444,56.111111111111114,52.916666666666664,49.166666666666664
"Lawrence, Justin",664875,2024,1081,98.7953753206145,-0.012809893799129751,-0.029625101293084523,0.13303452806417226,-0.1280989379912975,0.0123066168421991,-0.011850040517233809,0.9461611052674925,-1.2722713115842907,-1.671413246249358,2.1305579806303285,0.08752646672224723,-0.11769392336579933,-0.1546173215771839,0.19709139506293513,-0.3261102063167982,0.4591447343809705,-0.030167456643552103,0.042474073485751204,0.36058404556181867,0.143569901770746,0.28632586524833686,0.03229644169681614,0.25207697366628234,0.8406888465274235,0.5463829100968529,50.625,50.27777777777778,50.625,21.11111111111111,56.73611111111111,10.208333333333334
"Walter, Brandon",687888,2025,814,98.78659551612824,-0.009716236542884685,-0.029841021323355903,0.09947282547693703,-0.09716236542884685,0.012220248830090546,-0.011936408529342362,0.19808185663430322,-0.2236699670231701,-0.533106545884948,0.6581674817507519,0.024334380421904573,-0.027477882926679374,-0.06549220465417051,0.08085595598903586,-0.02558811038886688,0.1250609358658039,-0.003143502504774801,0.015363751334865347,0.23734874032281733,0.21654953091634194,0.13228301983957294,0.09266078432928274,0.22694913561957963,0.8875280979155722,0.5572386167675759,50.55555555555556,51.94444444444445,50.55555555555556,44.65277777777778,32.15277777777778,66.94444444444444
"Cannon, Jonathan",686563,2024,2027,98.78547515210808,-0.024217439976429483,-0.029868574218585946,0.2474810449114102,-0.24217439976429483,0.01220922767199853,-0.01194742968743438,1.865459553585879,-0.2701783582249391,-1.8643166692304476,0.516516518780918,0.09203056505110403,-0.013328976725453336,-0.09197418200446214,0.025481821350809963,1.5952811953609398,-1.3478001504495296,0.0787015883256507,-0.06649236065365217,0.3139201665344715,0.22835107187722894,0.16225237704025902,0.1332901069990427,0.2711356192058502,0.8522287579803491,0.5616821885930997,50.48611111111111,45.97222222222222,50.48611111111111,54.93055555555556,73.68055555555556,20.13888888888889
"Weaver, Luke",596133,2023,2237,98.77366465924926,-0.026986297700232142,-0.03015902738067964,0.2705214481281928,-0.2698629770023214,0.012093046407161055,-0.012063610952271854,0.8846728537623676,1.6136718156878942,-0.7819988950882362,-1.4458243262338328,0.03954728894780365,0.07213553042860502,-0.03495748301690819,-0.06463228995233943,2.498344669450262,-2.227823221322069,0.11168281937640867,-0.0995897729692476,0.24760024664468333,0.3159138556580677,0.10437451832149541,0.1908226053159097,0.2817570511513755,0.8524014381812974,0.5670792446663364,50.416666666666664,44.44444444444444,50.416666666666664,66.45833333333333,81.31944444444444,20.208333333333332
"Santana, Dennis",642701,2024,1084,98.75931456807487,-0.013229975619568474,-0.030511936391993715,0.12955840958056797,-0.13229975619568474,0.011951882802635422,-0.012204774556797486,0.852067239167809,0.5052696890711559,-0.9693004132523129,-0.25847810540608407,0.07860398885311891,0.046611594932763456,-0.08941885731109897,-0.023844843672147977,1.357336928238965,-1.227778518658397,0.12521558378588238,-0.11326370098324694,0.28357790552766027,0.27808016919863676,0.15668015577621955,0.14404930003778116,0.2808290373631485,0.8496352720929996,0.5652321547280741,50.34722222222222,49.791666666666664,50.34722222222222,62.361111111111114,80.76388888888889,17.15277777777778
"Ferguson, Caleb",657571,2025,1111,98.75569022023375,-0.013599115186289739,-0.030601069276079522,0.13238931140040222,-0.1359911518628974,0.0119162296490011,-0.012240427710431809,-0.381186347379753,0.4690473098291932,0.18756136719366623,-0.1430330182427042,-0.03431020228440621,0.04221847973260065,0.016882211268556817,-0.012874259067750153,0.0878609624494402,0.04452834895096203,0.007908277448194436,0.0040079522008066625,0.19992480493538362,0.279297265201613,0.09843183460034621,0.15878585588956465,0.23961103506849832,0.8713911547550446,0.5555010949117715,50.27777777777778,49.65277777777778,50.27777777777778,40.486111111111114,44.861111111111114,43.541666666666664
"Ramírez, Yohan",670990,2023,711,98.72508583675493,-0.008916997100033667,-0.03135371694807899,0.08258386282523134,-0.08916997100033666,0.011615170580201313,-0.012541486779231595,0.730699836900385,-1.2686960746473233,-0.7004007910081782,1.3209808915803478,0.10277072248950563,-0.17843826647641678,-0.09850925330635418,0.18579196787346663,-0.5379962377469383,0.6205801005721696,-0.07566754398691114,0.08728271456711247,0.309441959111598,0.11623955551895247,0.20153208064107475,0.04133504876332628,0.21284075731527524,0.8785664352977995,0.5457035963065374,50.208333333333336,52.43055555555556,50.208333333333336,20.069444444444446,20.27777777777778,53.75
"Woodford, Jake",663765,2025,625,98.724995709353,-0.007838983358452178,-0.03135593343380871,0.0725892749119339,-0.07838983358452178,0.011614283985909425,-0.012542373373523484,0.1057625980879493,0.03354563373841302,-0.33584175558735296,0.26912279867292455,0.016922015694071885,0.005367301398146083,-0.053734680893976476,0.04305964778766792,0.13930823182636232,-0.06671895691442842,0.02228931709221797,-0.010675033106308547,0.25289065570850977,0.24814132383781684,0.11936776076005991,0.11691413076168815,0.2505159897731633,0.881859054239126,0.5661875220061446,50.138888888888886,52.986111111111114,50.138888888888886,64.44444444444444,54.65277777777777,58.81944444444444
"Canning, Griffin",656288,2024,2918,98.71010522550618,-0.037026072724139505,-0.03172213221739163,0.3346305345068572,-0.370260727241395,0.011467804472476258,-0.012688852886956651,0.2338789103988006,0.9750516795270414,-0.5490735821495036,-0.3252264732694812,0.00801504148042497,0.03341506783848668,-0.018816778003752695,-0.0111455268426827,1.208930589925842,-0.8743000554189848,0.041430109318911654,-0.029962304846435396,0.2129396069928155,0.2692770384201457,0.09445495604816798,0.14491998178319215,0.2411083227064806,0.88031253108432,0.5607104268954003,50.06944444444444,39.861111111111114,50.06944444444444,53.333333333333336,46.31944444444444,56.31944444444444
"Brash, Matt",666374,2023,1292,98.70697583405891,-0.016433771125345758,-0.031799092734802165,0.14776630183041561,-0.16433771125345759,0.011437020265512044,-0.012719637093920865,0.2260695118983449,-0.35130410349881913,-0.6310174602049301,0.90401835363582,0.017497640239809976,-0.02719072008504792,-0.04884036069697602,0.069970460807726,-0.12523459160047423,0.27300089343088985,-0.009693079845237942,0.021130100110749988,0.22403507551765403,0.1980520020525663,0.11616517907462835,0.08869786894189272,0.21104353878511017,0.8975684759917395,0.5543060073884248,50,48.125,50,37.84722222222222,18.40277777777778,76.94444444444444
"Wacha, Michael",608379,2023,2218,98.70151029608616,-0.028331406213555434,-0.031933505650986745,0.25248059809666756,-0.2833140621355543,0.011383255099038212,-0.012773402260394697,-0.38518297594055184,1.5422060472183148,-0.41854188754859933,-0.48600058563249604,-0.01736622975385716,0.06953138175014945,-0.018870238392632972,-0.021911658504621102,1.157023071277763,-0.9045424731810954,0.05216515199629229,-0.040781896897254075,0.19654150779941085,0.3224732675916702,0.10142830533970898,0.1654469978137187,0.25950738769554055,0.8665623484232862,0.5630348680594134,49.93055555555556,43.75,49.93055555555556,57.43055555555555,64.58333333333334,36.11111111111111
"Bachar, Lake",669199,2025,1143,98.69344708098944,-0.0146906602114802,-0.03213180273727078,0.12920399150351614,-0.146906602114802,0.011303936264524595,-0.012852721094908313,0.32977044377912534,0.08379971953758059,-0.37810307498148177,0.09373690316829197,0.02885130741724631,0.007331559014661468,-0.033079884075370235,0.00820095390798705,0.41357016331670593,-0.2843661718131898,0.03618286643190778,-0.02487893016738318,0.21816405595401978,0.23738219473908487,0.09780086190052811,0.12121355041070025,0.2277731253465523,0.8904927938443858,0.559132959595469,49.861111111111114,48.95833333333333,49.861111111111114,49.09722222222222,33.19444444444444,70.48611111111111
"Germán, Domingo",593334,2023,1646,98.6882285816707,-0.021240076360161987,-0.0322601402797114,0.18521781653464586,-0.21240076360161986,0.01125260124754835,-0.012904056111884558,1.0091705002560047,0.27177639467026893,-0.5160854629884852,-0.5796436154031426,0.06131047996695047,0.016511324099044284,-0.031353916341949284,-0.03521528647649712,1.2809468949262737,-1.0957290783916278,0.07782180406599476,-0.0665692028184464,0.2659357100431395,0.2541638725471097,0.11510203180062609,0.15488483517351848,0.2600497912951246,0.8650065665129277,0.5625281789040262,49.791666666666664,46.736111111111114,49.791666666666664,56.31944444444444,64.93055555555556,34.09722222222222
"Gibson, Cade",806188,2025,908,98.658817462403,-0.011979586220192347,-0.03298344223621241,0.09954658662172733,-0.11979586220192348,0.010963280464947944,-0.013193376894484965,-0.720168832463969,0.10943405559942221,0.030573498659578036,0.6797078648266961,-0.07931374806871905,0.01205220876645619,0.003367125403037229,0.07485769436417357,-0.6107347768645468,0.7102813634862741,-0.06726153930226286,0.07822481976721081,0.1614602003758284,0.1975324236370045,0.08340307517063764,0.08964858076295465,0.17949631200641644,0.9134741720332038,0.5464852420198101,49.72222222222222,50.625,49.72222222222222,21.38888888888889,5.555555555555555,88.33333333333333
"Gil, Luis",661563,2024,2842,98.65750863889092,-0.03753216804668023,-0.033015629879204984,0.311210521688281,-0.37532168046680225,0.010950405407750916,-0.013206251951681992,0.741767926378543,1.3311237416601216,-1.4667262379844033,-0.2949549083659804,0.02610020852844979,0.04683757007952574,-0.05160894574188611,-0.010378427458338507,2.0728916680386646,-1.7616811463503836,0.07293777860797554,-0.06198737320022462,0.22858132063943948,0.27741683855334065,0.1257799082217742,0.14355209823303677,0.25299907959639006,0.8653339967725945,0.5591665381844922,49.65277777777778,39.30555555555556,49.65277777777778,49.30555555555556,57.986111111111114,34.583333333333336
"Rogers, Taylor",573124,2023,806,98.65295389688656,-0.010680352350365973,-0.03312764376664383,0.08789913481336953,-0.10680352350365974,0.010905599852775377,-0.013251057506657532,-0.22873378290682922,-1.750783652066275,0.3735881785860329,1.6938283912004408,-0.028378881253949034,-0.21721881539283808,0.0463508906434284,0.21015240585613412,-1.9795174349731042,2.0674165697864737,-0.24559769664678713,0.2565032964995625,0.19896704188361702,0.06315579578545838,0.0733601002364434,0.02453846044222836,0.1310614188345377,0.9510507196606641,0.541056069247601,49.583333333333336,51.388888888888886,49.583333333333336,12.986111111111112,0.4166666666666667,98.61111111111111
"Maton, Phil",664208,2025,994,98.64959368645181,-0.013204407634423463,-0.033210280770682755,0.10807309780852847,-0.13204407634423462,0.010872545051159806,-0.013284112308273102,-1.0271284035984536,-0.4880614633477762,1.2009961609492166,0.4222668038055417,-0.10333283738415026,-0.04910075083981653,0.12082456347577632,0.04248156979935027,-1.5151898669462298,1.6232629647547583,-0.15243358822396677,0.16330613327512658,0.12750132449726304,0.19582784505532885,0.04963547005196627,0.10666410750074218,0.16166458477629594,0.9218502112236457,0.5417573979999708,49.51388888888889,49.861111111111114,49.51388888888889,13.680555555555557,2.013888888888889,92.01388888888889
"Bielak, Brandon",656232,2023,1386,98.64669547901369,-0.018451294549134873,-0.03328155582455786,0.15029832551039135,-0.18451294549134872,0.010844035029609766,-0.013312622329823142,0.1025544168005581,0.4486479065360527,-0.400847847881721,-5.614994449842925e-5,0.007399308571468838,0.032369978826555026,-0.028921201145867315,-4.0512225467842285e-6,0.5512023233366108,-0.40090399782621944,0.039769287398023864,-0.028925252368414103,0.22035855978286686,0.2594249035649094,0.10563936673381775,0.13636301852994817,0.2398917316738881,0.878998807368117,0.5594452695210026,49.44444444444444,47.56944444444444,49.44444444444444,50.208333333333336,45.06944444444444,54.44444444444444
"Mize, Casey",663554,2025,2469,98.64632070879532,-0.032877966897209364,-0.033290772475910654,0.2676482012323049,-0.32877966897209365,0.010840348369068649,-0.01331630899036426,0.6628641552570116,1.2903389898353907,-1.160830016995078,-0.5247249268650194,0.026847474899028417,0.05226160347652453,-0.047016201579387525,-0.021252528427096774,1.9532031450924023,-1.6855549438600974,0.07910907837555295,-0.0682687300064843,0.23323749032836255,0.31794229031278903,0.11631779131544066,0.1697997911121123,0.2755898903205758,0.8569412087862235,0.5662655495533997,49.375,41.458333333333336,49.375,64.72222222222223,77.08333333333334,24.51388888888889
"Pearson, Nate",663878,2024,1076,98.64108904772006,-0.014383724265719006,-0.033419433702878726,0.11608839053030806,-0.14383724265719006,0.010788883878281419,-0.01336777348115149,-0.6605211591403304,-0.21631480385735813,0.9765620911166479,0.016362262411348638,-0.061386724827168254,-0.020103606306445924,0.09075855865396355,0.0015206563579320295,-0.8768359629976885,0.9929243535279966,-0.08149033113361417,0.0922792150118956,0.16140982870504972,0.22246428252103373,0.045851079856050504,0.1292112338827893,0.19193705561304172,0.9124688431305801,0.5522029493718109,49.30555555555556,49.166666666666664,49.30555555555556,34.375,9.51388888888889,87.63888888888889
"Hurter, Brant",676428,2025,1020,98.62973813347976,-0.013749022491124478,-0.0336985845370698,0.10890768015497088,-0.13749022491124477,0.010677223544604987,-0.013479433814827921,0.8809846904682672,-1.007247982211311,-0.6444734613683067,0.8796444332663214,0.08637104808512423,-0.0987498021775795,-0.06318367268316732,0.08623965032022758,-0.12626329174304374,0.2351709718980146,-0.01237875409245527,0.023055977637060257,0.33784287807915336,0.16103416090615863,0.1485110422049022,0.08239078384748065,0.249438519492656,0.8845490869738086,0.5669938032332323,49.236111111111114,49.44444444444444,49.236111111111114,65.97222222222221,53.888888888888886,62.43055555555556
"Crawford, Kutter",676710,2023,2092,98.62227438862084,-0.028352573888396248,-0.03388213896796875,0.22183153307537395,-0.2835257388839625,0.010603801772245408,-0.0135528555871875,-0.7718501132076199,1.2669174412039865,-0.0433089883372304,-0.2299268065837623,-0.03689532089902581,0.060560107132121725,-0.00207021932778348,-0.010990765133067031,0.49506732799636666,-0.2732357949209927,0.02366478623309592,-0.01306098446085051,0.185171735440537,0.2962442267934362,0.09008332465393896,0.13527175681960132,0.2407079811169866,0.8873224592632298,0.5640152201901082,49.166666666666664,43.68055555555556,49.166666666666664,59.86111111111111,45.90277777777778,66.59722222222221
"Severino, Luis",622663,2025,2731,98.61747369837498,-0.037141820023395354,-0.034000201412848194,0.2883001122521591,-0.37141820023395355,0.010556576794293632,-0.013600080565139276,1.2791839299468393,-0.029136184616390892,-2.402741879348355,1.4409942462700656,0.04683939692225702,-0.0010668687153566787,-0.08798029583846045,0.05276434442585373,1.2500477453304484,-0.9617476330782893,0.045772528206900344,-0.03521595141260671,0.24733676125822995,0.25409104402596494,0.15578444272473724,0.10892601832444274,0.2507139026420975,0.86764476947541,0.5591793360587538,49.09722222222222,39.65277777777778,49.09722222222222,49.375,55.06944444444445,37.708333333333336
"Garrett, Reed",657585,2024,1080,98.61148100584691,-0.014751753928784583,-0.0341475785388532,0.11337436019402958,-0.14751753928784583,0.010497625943891628,-0.01365903141554128,0.18259000079251564,0.32063821442216067,-0.7516291138827,0.3617752588620533,0.01690648155486256,0.029688723557607467,-0.06959528832247222,0.03349770915389382,0.5032282152146763,-0.38985385502064673,0.04659520511247003,-0.0360975791685784,0.22152452864911457,0.24758754409068526,0.12093924048842028,0.11777480559068725,0.2345560363698999,0.8806429769604462,0.5575995066651731,49.02777777777778,48.888888888888886,49.02777777777778,45.625,39.375,56.94444444444444
"DeSclafani, Anthony",543101,2025,634,98.59204703995547,-0.008781030425431985,-0.03462551429586745,0.06534290340448479,-0.08781030425431985,0.010306451641085929,-0.01385020571834698,0.1287092432658028,0.13355424695282636,-0.5137589230689628,0.3168383362548184,0.020301142470946814,0.021065338636092484,-0.08103453045251778,0.04997450098656441,0.26226349021862916,-0.19692058681414437,0.0413664811070393,-0.031060029465953373,0.21615213563452823,0.2335982892433553,0.14075318565837794,0.1123743658669454,0.22487521243894176,0.8734362242373384,0.54915571833814,48.95833333333333,52.56944444444444,48.95833333333333,27.22222222222222,30.277777777777775,46.18055555555556
"Sandlin, Nick",680704,2024,1026,98.51551889116156,-0.014982701076211918,-0.03650755622858655,0.09802029374566246,-0.14982701076211918,0.00955363486799829,-0.014603022491434619,1.0156742432477586,-0.8447852575652632,-0.34711686466016545,0.2742481727233326,0.09899359095982053,-0.08233774440207244,-0.03383205308578611,0.026729841396036312,0.17088898568249533,-0.07286869193683287,0.016655846557748082,-0.0071022116897497935,0.3094927938424017,0.18172433888144485,0.11084599363580383,0.11754989070264675,0.24560856636192327,0.8858020578307747,0.565705312096349,48.888888888888886,48.68055555555556,48.888888888888886,63.68055555555555,49.861111111111114,63.95833333333333
"Martinez, Nick",607259,2023,1751,98.49791543686905,-0.025873108387838732,-0.03694047456858756,0.16425198648528294,-0.25873108387838734,0.009380467531997883,-0.014776189827435025,-0.5211851749515972,1.1688777746774122,0.13559774887971798,-0.61903836212025,-0.029765001424991278,0.06675487005582023,0.0077440176401894914,-0.03535341873902056,0.6476925997258149,-0.483440613240532,0.036989868630828954,-0.027609401098831067,0.1987893717128478,0.37092480483636436,0.08274504930004199,0.16861338878851664,0.2848570882746061,0.8743207809557207,0.5795889346151635,48.81944444444444,45.13888888888889,48.81944444444444,85,83.88888888888889,47.56944444444444
"Kikuchi, Yusei",579328,2024,3006,98.49205225981522,-0.04459060305446964,-0.03708466654563343,0.2802430896798569,-0.44590603054469635,0.009322790741179539,-0.01483386661825337,0.13039453210058127,0.1705391419257012,1.7191034622512689,-1.7397940465976944,0.004337808785781147,0.005673291481227584,0.05718907060050795,-0.05787738012633714,0.30093367402628246,-0.020690584346425567,0.010011100267008731,-6.883095258291937e-4,0.21155731087023438,0.2399691798896602,0.06173736524256115,0.21597392303807586,0.2257632453799473,0.8611443558596815,0.5434538006198144,48.75,36.80555555555556,48.75,16.73611111111111,31.25,29.444444444444446
"Rodríguez, Randy",678495,2024,879,98.4823783920652,-0.013122617053731672,-0.03732257410048826,0.08111084765209853,-0.13122617053731672,0.009227627719237604,-0.014929029640195305,-0.7607412408431173,-0.039402642480126815,0.5672592349878869,0.3139954959874558,-0.08654621625063906,-0.004482666948819888,0.06453461148895187,0.035721899429744686,-0.8001438833232442,0.8812547309753427,-0.09102888319945895,0.10025651091869654,0.1562345277333569,0.2481380694235852,0.05513696250924936,0.09807032971433287,0.20218629857847104,0.9233963538882088,0.5627913262333399,48.68055555555556,49.93055555555556,48.68055555555556,57.08333333333333,13.88888888888889,92.84722222222223
"Dunning, Dane",641540,2023,2821,98.47869696513993,-0.04221695413580384,-0.037413110719429134,0.259289762751564,-0.4221695413580384,0.009191413071661256,-0.014965244287771653,1.8311223576043858,0.27528168600019853,-1.7715914679151865,-0.0755228129378338,0.06491039906431711,0.009758301524289208,-0.06280012293212288,-0.002677164584822184,2.1064040436045843,-1.8471142808530203,0.07466870058860632,-0.06547728751694507,0.2762026571472761,0.2597117459583596,0.12836859606430956,0.13281527539184051,0.2679572015528179,0.869408064271925,0.5686826329123714,48.61111111111111,37.638888888888886,48.61111111111111,69.65277777777777,70.83333333333334,40
"Young, Alex",622065,2023,869,98.46956508197493,-0.013082860818900042,-0.037637689352416695,0.07909274426447155,-0.1308286081890004,0.009101581618466232,-0.015055075740966676,0.7472308382057236,0.48683842284481216,-0.9149460074950184,-0.24003050929104575,0.08598743822850674,0.056022833468908184,-0.10528722755984102,-0.02762146251910768,1.2340692610505357,-1.1549765167860642,0.14201027169741492,-0.1329086900789487,0.287189194267807,0.2736486907979055,0.16672180175891604,0.1570801039084443,0.28041894253285626,0.8380990471663199,0.5592589948495881,48.541666666666664,50,48.541666666666664,49.583333333333336,80.55555555555556,8.402777777777779
"Bubic, Kris",663460,2025,1795,98.4649004117951,-0.0271062279977995,-0.03775240668217201,0.1625497196238257,-0.271062279977995,0.009055694686564105,-0.015100962672868803,-0.3416532374386634,0.6290486760944987,0.13601089780240727,-0.26085661683441685,-0.01903360654254392,0.03504449448994421,0.007577208791220461,-0.014532402052056649,0.2873954386558353,-0.12484571903200958,0.016010887947400295,-0.006955193260836189,0.1889730797536801,0.27199939720290806,0.08731965198458362,0.1524097682455472,0.23048623847829408,0.8801352898849346,0.5553107641816144,48.47222222222222,44.30555555555556,48.47222222222222,40.06944444444444,35.625,56.111111111111114
"Rasmussen, Drew",656876,2023,667,98.44525918166576,-0.010201215298199177,-0.0382354396484227,0.05911275160542573,-0.10201215298199176,0.008862481500063827,-0.015294175859369081,-0.19300078524474884,0.4358252426764011,-0.12160931466451075,-0.062102391161715786,-0.02893564996173146,0.0653411158435384,-0.018232281059147037,-0.00931070332259607,0.24282445743165226,-0.18371170582622653,0.03640546588180694,-0.02754298438174311,0.18510813728513212,0.3168153687704041,0.0857648951061253,0.17059001161415738,0.25096175302776813,0.8718225466398587,0.5613921498338135,48.40277777777778,51.59722222222223,48.40277777777778,54.65277777777777,55.34722222222223,44.166666666666664
"Zerpa, Angel",672582,2023,707,98.43811905279124,-0.010862640826428377,-0.03841103545413145,0.06216115926690691,-0.10862640826428377,0.008792243177780327,-0.015364414181652582,0.47200626540507074,0.1534733054213575,-0.3845991716621029,-0.17871923989741845,0.06676184800637493,0.021707681106274045,-0.05439875129591271,-0.025278534638955935,0.6254795708264282,-0.5633184115595213,0.08846952911264898,-0.07967728593486864,0.2902588817202137,0.2670422781407881,0.12483302356636232,0.15422104407841716,0.2786505799305009,0.8604729661776103,0.5695617730540556,48.333333333333336,51.24999999999999,48.333333333333336,70.83333333333334,78.95833333333333,28.194444444444443
"Olson, Reese",681857,2024,1999,98.43658284477777,-0.030743672570033083,-0.038448815120101405,0.175454854914733,-0.3074367257003308,0.008777131311392346,-0.015379526048040562,0.585791547605595,-0.033986212208446887,-0.14526341090140704,-0.2310870695810081,0.029304229495027267,-0.0017001606907677284,-0.0072668039470438735,-0.011560133545823317,0.5518053353971482,-0.37635048048241515,0.027604068804259536,-0.01882693749286719,0.22513644422015258,0.2377293311676956,0.08552138204563074,0.14138462729178206,0.2314328876939241,0.8865469953312937,0.5589899415126088,48.26388888888889,42.56944444444444,48.26388888888889,49.02777777777778,36.31944444444444,65.13888888888889
"Fulmer, Michael",605242,2023,899,98.43120990702892,-0.013873709884998156,-0.038580950736924795,0.0784312508113203,-0.13873709884998156,0.008724277064662991,-0.015432380294769918,0.462677007837101,-0.08874105707718627,-0.33206961084761133,0.03656491089901692,0.05146574058254739,-0.009871085325604701,-0.03693766527782106,0.004067287085541371,0.3739359507599147,-0.2955046999485944,0.041594655256942684,-0.032870378192279684,0.25780806961030733,0.22280294495900194,0.10480884094079383,0.13004036647409128,0.24030550728465463,0.8825753962925574,0.561440451788606,48.19444444444444,49.30555555555556,48.19444444444444,54.72222222222223,45.416666666666664,59.86111111111111
"Hicks, Jordan",663855,2025,1199,98.41341493711981,-0.018713310480424482,-0.03901857898337048,0.10250521693535575,-0.18713310480424483,0.008549225766084717,-0.015607431593348191,0.12999972438649365,-0.3960228770606591,-0.4412405322991617,0.8097689019086829,0.010842345653585793,-0.033029430947511186,-0.0368007116179451,0.06753702267795521,-0.26602315267416543,0.3685283696095212,-0.02218708529392539,0.030736311060010107,0.23770309846877108,0.2076431135600259,0.10004069617009805,0.09837401647015326,0.2226731060143985,0.9007926436798743,0.5617328748471364,48.125,47.43055555555556,48.125,55.06944444444445,28.40277777777778,80.13888888888889
"Snider, Collin",676092,2024,706,98.37774876535804,-0.011266548569990301,-0.0398957102336767,0.05788051525769333,-0.112665485699903,0.008198373265962228,-0.01595828409347068,0.5876749477088197,-0.528777210066437,0.2055309660081548,-0.20654818839284417,0.08324007757915293,-0.07489762182244149,0.029112034845347703,-0.02925611733609691,0.05889773764238271,-0.0010172223846893758,0.008342455756711432,-1.4408249074920345e-4,0.3541778441058389,0.20110094158966188,0.0775009171102188,0.15199283697241306,0.2776393928477504,0.8852531229586841,0.5814462579032172,48.05555555555556,50.97222222222222,48.05555555555556,86.59722222222223,78.68055555555556,63.19444444444444
"Kelly, Zack",677161,2025,553,98.36657980402003,-0.008885689457391103,-0.04017038633540281,0.04472942062375296,-0.08885689457391102,0.008088502825271782,-0.016068154534161126,0.012143582256612717,0.01195925634510786,-0.44759336182960396,0.46821994385163634,0.0021959461585194786,0.0021626141672889438,-0.08093912510481084,0.0846690676042742,0.024102838601720578,0.02062658202203238,0.004358560325808422,0.00372994249946336,0.2286566972194992,0.23802470730647177,0.14131671080112637,0.08767243851793609,0.23334070226298548,0.8855054253404688,0.5594230638017271,47.986111111111114,52.5,47.986111111111114,50.06944444444444,37.56944444444444,63.61111111111111
"Priester, Quinn",682990,2024,867,98.36649373087494,-0.013931824080483097,-0.04017250311557986,0.07011997850145235,-0.13931824080483096,0.008087656113200963,-0.016069001246231944,0.5429178753233828,0.1747395161073655,-0.5842824911824209,-0.06325492174687497,0.06262028550442708,0.020154500127723816,-0.06739129079382018,-0.007295838725129755,0.7176573914307482,-0.6475374129292959,0.08277478563215089,-0.07468712951894993,0.26635176303185953,0.25847693897782653,0.1253415867776889,0.1329139480917159,0.262414351004843,0.8708722325652976,0.5666432917850703,47.91666666666667,49.236111111111114,47.91666666666667,65.27777777777779,66.80555555555556,42.36111111111111
"Alexander, Tyler",641302,2023,679,98.33264918438104,-0.01113691331872831,-0.04100483548869038,0.052654570283266366,-0.11136913318728309,0.007754723163956755,-0.016401934195476153,0.47046928798454246,0.2576575334687732,-0.4964103220627294,-0.17906192910731988,0.06928855493144956,0.03794661759481195,-0.07310903123162436,-0.026371418130680394,0.7281268214533156,-0.6754722511700493,0.10723517252626152,-0.09948044936230475,0.2871807490507661,0.3122393125275617,0.15813667056630498,0.15232178330364338,0.2997100307891639,0.8447707730650258,0.5722404019270948,47.84722222222222,51.11111111111111,47.84722222222222,75.34722222222221,92.43055555555556,13.26388888888889
"Spence, Mitch",687765,2025,1354,98.30520043991766,-0.022573821460064904,-0.04167987714192191,0.10134292604607253,-0.22573821460064902,0.007484706502664145,-0.016671950856768765,1.025822489296388,0.3265684573470935,-0.6899063972236945,-0.5611416233737145,0.07576236996280561,0.02411879300938652,-0.05095320511253283,-0.04144325135699516,1.3523909466434816,-1.251048020597409,0.09988116297219214,-0.09239645646952799,0.3030331202276226,0.2843636406875484,0.13095948391940745,0.17459712727216142,0.29369838045758545,0.8472216944042156,0.5704600374309006,47.77777777777778,46.52777777777778,47.77777777777778,72.5,89.51388888888889,15
"Maton, Phil",664208,2023,1105,98.3028190974358,-0.01844839093795269,-0.041738441036092054,0.08244715444220674,-0.1844839093795269,0.007461280944996085,-0.016695376414436823,-0.5407640527391777,-0.5193638409152754,1.607499643841038,-0.46492459574437817,-0.04893792332481246,-0.04700125257151814,0.14547508089059166,-0.04207462404926499,-1.0601278936544531,1.1425750480966599,-0.09593917589633061,0.10340045684132668,0.15602020541129558,0.20666084291573408,0.038612530931489614,0.1665347579112971,0.18134052416351482,0.8974263555786066,0.5393834398710607,47.708333333333336,47.638888888888886,47.708333333333336,10.972222222222221,6.111111111111111,76.80555555555556
"Assad, Javier",665871,2023,1705,98.30281261356845,-0.02846572553594312,-0.04173860049258522,0.1272137526188999,-0.2846572553594312,0.00746121716239882,-0.01669544019703409,0.3150357192721458,0.9235812399074348,-1.5925228194523697,0.48111961289168903,0.01847716828575635,0.05416898767785541,-0.09340309791509499,0.028218159113882056,1.2386169591795806,-1.1114032065606807,0.07264615596361176,-0.06518493880121294,0.23731956654763553,0.2813561756252109,0.15428789350290933,0.11715123686800064,0.25933787108642326,0.864280434814545,0.5618091529504841,47.638888888888886,43.611111111111114,47.638888888888886,55.13888888888889,64.44444444444444,32.708333333333336
"Shugart, Chase",663767,2025,656,98.29368780402372,-0.011011092555401128,-0.04196300516540065,0.04835674672386858,-0.11011092555401128,0.007371455293272649,-0.01678520206616026,0.17108249855215263,-0.14080722378616883,-0.3738732767355941,0.3919547486934789,0.026079649169535462,-0.021464515821062322,-0.056992877551157645,0.059749199495957146,0.030275274765983795,0.018081471957884787,0.00461513334847314,0.0027563219447995103,0.23950402282401576,0.21800972034478094,0.12989675653910113,0.09847961038347337,0.22875687158439834,0.8858118165387128,0.5572843440615556,47.56944444444444,51.18055555555555,47.56944444444444,44.79166666666667,33.958333333333336,64.09722222222223
"Nola, Aaron",605400,2025,1599,98.28757080300117,-0.026935755831362325,-0.04211343938611995,0.11690739286370899,-0.26935755831362324,0.007311281604984928,-0.01684537575444798,-0.2009371830301916,-1.3910350352745127,1.2557391898344576,0.4531404213339556,-0.012566427956860011,-0.08699406099277752,0.078532782353624625,0.02833898820099785,-1.5919722183047043,1.7088796111684132,-0.09956048894963754,0.10687177055462246,0.19912807422560957,0.16249444246725397,0.06868116667759659,0.11731763694585987,0.18081125834643177,0.9070005981882718,0.5439059282673518,47.5,44.513888888888886,47.5,17.5,5.763888888888889,84.44444444444444
"Suter, Brent",608718,2025,1148,98.28099117777187,-0.01941279518311212,-0.042275250834303404,0.0831904746551686,-0.1941279518311212,0.00724655702571155,-0.01691010033372136,-0.1458001125172359,0.468915972661307,-0.5249699386013162,0.2850445531124137,-0.012700358233208702,0.040846339081995385,-0.04572908872833765,0.02482966490526252,0.3231158601440711,-0.23992538548890252,0.028145980848786684,-0.020899423823075133,0.22612329756497898,0.3116803351602066,0.12563715317957166,0.12228627145433539,0.2689018163625928,0.8760382876830465,0.5724700520228196,47.43055555555556,47.22222222222222,47.43055555555556,75.83333333333333,71.73611111111111,50.138888888888886
"Scherzer, Max",453286,2025,1606,98.28013643117939,-0.027171124780513627,-0.04229627145160901,0.11624466938735623,-0.2717112478051363,0.0072381487787893046,-0.016918508580643605,-0.08963738635316076,-0.031591847127856454,0.5367265109568962,-0.2992526080885227,-0.005581406373173148,-0.0019671137688578116,0.03342008162869839,-0.018633412707878126,-0.12122923348101722,0.23747390286837344,-0.00754852014203096,0.014786668920820263,0.19755260496282617,0.2380535607168355,0.06949319606508106,0.1469832604260496,0.21780308283983085,0.8917617717544347,0.5547824272971328,47.36111111111111,44.166666666666664,47.36111111111111,39.375,23.819444444444443,71.80555555555556
"Chivilli, Angel",683409,2025,1013,98.22356371578995,-0.01770219658817344,-0.04368755327782191,0.06768497316932098,-0.1770219658817344,0.006681636048304144,-0.017475021311128765,1.2286284354122472,0.5883938177521486,-1.1629306848294618,-0.586406595165613,0.12128612393013298,0.05808428605648061,-0.11480065990419171,-0.05788811403411776,1.8170222531643958,-1.7493372799950748,0.1793704099866136,-0.17268877393830945,0.318549510427169,0.31882317442968144,0.17212400748559295,0.20368615615440874,0.3186863424284252,0.8120949181799991,0.5653906303042122,47.291666666666664,47.91666666666667,47.291666666666664,62.916666666666664,97.63888888888889,1.4583333333333333
"Gordon, Colton",676467,2025,1451,98.20899258758429,-0.025564239321090133,-0.04404589821001058,0.09487070507447015,-0.2556423932109013,0.00653829807542868,-0.01761835928400423,-0.45470645311161206,0.18864896277523258,-0.5959039623754734,0.956832157786323,-0.03133745369480441,0.013001306876308242,-0.041068501886662535,0.06594294678058739,-0.2660574903363795,0.36092819541084964,-0.018336146818496175,0.024874444893924853,0.18080862891730987,0.22630575426672228,0.11480189858181929,0.10109372395324502,0.20355719159201607,0.8920521887324678,0.547804690162242,47.22222222222222,45.34722222222222,47.22222222222222,23.541666666666668,14.444444444444443,72.15277777777777
"Gilbert, Logan",669302,2024,3035,98.20693611938471,-0.053533117656173,-0.04409647253391515,0.19782337429705876,-0.53533117656173,0.006518068345866846,-0.01763858901356606,1.013339261620331,1.9458438062217738,-1.1534714067720415,-1.6078882867730044,0.03338844354597466,0.06411346972724132,-0.038005647669589505,-0.05297819725775962,2.9591830678421047,-2.761359693545046,0.09750191327321597,-0.09098384492734912,0.2229616811513073,0.303154608771764,0.09841480412093741,0.19355870319884302,0.2630581449615356,0.8540132463401098,0.5585356956508227,47.15277777777778,32.77777777777778,47.15277777777778,47.77777777777778,67.29166666666667,21.25
"Walker, Taijuan",592836,2025,2079,98.19408100518046,-0.03693353135442973,-0.044412615866317603,0.13288159295831292,-0.3693353135442973,0.006391611012905864,-0.017765046346527043,1.0732429763813798,0.9183577495282407,-1.7063783315929868,-0.15234080135832073,0.051623038786983155,0.0441730519253603,-0.08207687982650248,-0.007327599872935101,1.9916007259096205,-1.8587191329513075,0.09579609071234345,-0.0894044796994376,0.26423358291408333,0.28526388564296784,0.14976723022150043,0.14463405985864658,0.2747487342785256,0.8527993549599264,0.563774044619226,47.083333333333336,39.93055555555556,47.083333333333336,59.513888888888886,76.45833333333333,20.555555555555554
"Cox, Austin",680735,2023,578,98.16909716547276,-0.010410251323065098,-0.045027038594572216,0.03552296630687124,-0.10410251323065098,0.006145841921604021,-0.018010815437828887,-0.41033117454389867,0.3033820621758423,0.3661847444650448,-0.22371266579011717,-0.07099155268925582,0.052488246051183796,0.06335376201817385,-0.03870461345849778,-0.10694911236805638,0.14247207867492762,-0.018503306638072037,0.02464914855967606,0.17991658468703908,0.37801901408229166,0.06284012959139308,0.18796797105000818,0.27896779938466537,0.8745959496792994,0.5767818745319824,47.013888888888886,51.45833333333333,47.013888888888886,81.875,79.23611111111111,47.986111111111114
"Loup, Aaron",571901,2023,832,98.15000891737404,-0.015141225941806119,-0.045496472180907806,0.04957112981242062,-0.1514122594180612,0.005958068487069786,-0.01819858887236312,-0.10643700724995142,0.10437309026224284,-0.3264392841542758,0.378074330954405,-0.012792909525234547,0.012544842579596496,-0.03923549088392738,0.04544162631663522,-0.0020639169877085806,0.0516350468001292,-2.480669456380505e-4,0.006206135432707836,0.23109439871148246,0.23236546273368894,0.12912387696786928,0.11180219873688628,0.2317299307225857,0.8795369621476222,0.5556334464351039,46.94444444444444,48.61111111111111,46.94444444444444,40.90277777777778,36.45833333333333,55.13888888888889
"Mize, Casey",663554,2024,1929,98.12994981621351,-0.035485715612534593,-0.04598978176844816,0.1111247643381148,-0.35485715612534596,0.0057607446520536445,-0.018395912707379263,-0.4171933569234625,0.7923901841061252,-0.044528561652214194,-0.21954350119233368,-0.021627442038541344,0.0410777700417898,-0.0023083754096534055,-0.011381207941541403,0.3751968271826627,-0.2640720628445479,0.019450328003248453,-0.01368958335119481,0.19386012989595172,0.3159505502205124,0.08937254979365612,0.1502266166902643,0.25490534005823207,0.8802004167580397,0.5675528784081358,46.875,40.69444444444444,46.875,67.98611111111111,60.06944444444444,56.18055555555556
"Herget, Jimmy",623474,2025,1260,98.12928915859256,-0.023187038713418068,-0.04600602919328982,0.07250349559467395,-0.23187038713418068,0.005754245682116981,-0.018402411677315926,0.41209678008158335,-0.3487336663993119,-1.3619511445854187,1.3710915264978212,0.032706093657268516,-0.027677275111056502,-0.10809136068138245,0.1088167878172874,0.06336311368227143,0.009140381912402518,0.005028818546212018,7.254271359049617e-4,0.2753950899425601,0.17923236275235016,0.19847268271322135,0.09227027503137297,0.22731372634745514,0.8546285211277028,0.5409711237375789,46.80555555555556,46.458333333333336,46.80555555555556,12.569444444444445,32.84722222222222,21.805555555555557
"Hendricks, Kyle",543294,2025,2490,98.12454521094133,-0.04593820539382154,-0.046122696178535684,0.142118714311664,-0.4593820539382154,0.005707578888018635,-0.018449078471414273,1.2074484016311544,0.5979018980804085,-1.2356653046340398,-0.4275662807658591,0.048491903679966045,0.02401212442089994,-0.04962511263590521,-0.017171336576942132,1.805350299711563,-1.663231585399899,0.07250402810086598,-0.06679644921284734,0.2839580873197604,0.270419719265379,0.14312822846274612,0.16717014085071294,0.27718890329256973,0.8448508153432704,0.5610198593179201,46.736111111111114,36.18055555555556,46.736111111111114,53.75,78.33333333333333,13.333333333333334
"Montas, Frankie",593423,2024,2693,98.09226122022905,-0.05053861549389519,-0.046916650105732635,0.14515262775057636,-0.5053861549389519,0.005389997317139857,-0.018766660042293052,2.492772121368489,1.1874491220987693,-1.8181443673263402,-1.7169242483903417,0.09256487639689896,0.044093914671324515,-0.06751371583090755,-0.06375507792017608,3.6802212434672583,-3.535068615716682,0.13665879106822348,-0.13126879375108363,0.29097060046272133,0.28417732529307776,0.12491134205147875,0.20528751073914925,0.28757396287789955,0.834900573604686,0.5612372682412927,46.666666666666664,34.44444444444444,46.666666666666664,54.37499999999999,85.69444444444444,6.527777777777779
"Weathers, Ryan",677960,2024,1413,98.09095661255206,-0.026535424496086944,-0.0469487340695098,0.07597932352791759,-0.26535424496086946,0.0053771637316289865,-0.01877949362780392,0.5375313822155476,0.2618409423580488,-0.3276314121208088,-0.39576158892487,0.03804185295226806,0.01853085225463898,-0.02318693645582511,-0.028008605019452938,0.7993723245735964,-0.7233930010456788,0.056572705206907034,-0.05119554147527806,0.23334805245777276,0.25116712109757283,0.1030815337925692,0.1526674676201788,0.24225758677767278,0.872125499293626,0.5571915430356494,46.59722222222222,44.79166666666667,46.59722222222222,44.513888888888886,47.43055555555556,44.583333333333336
"Brown, McCade",685326,2025,502,98.08544730464304,-0.009454512060979938,-0.047084223411254685,0.026721299334553805,-0.09454512060979939,0.0053229679949310365,-0.018833689364501874,-0.37578392772547886,-0.2033537497263751,0.42813130958802503,0.17772766719838273,-0.07485735612061332,-0.04050871508493528,0.0852851214318775,0.03540391776860214,-0.579137677451854,0.6058589767864078,-0.11536607120554859,0.12068903920047964,0.16008679695916844,0.2070453492669558,0.04782705795628723,0.10054184252669254,0.1835660731130621,0.9258155497585101,0.5546908114357861,46.52777777777778,52.083333333333336,46.52777777777778,39.23611111111111,6.736111111111111,93.81944444444444
"Otañez, Michel",671305,2024,600,98.08405594947796,-0.011308425777406955,-0.04711844073919565,0.03185568638252789,-0.11308425777406955,0.005309281063754649,-0.01884737629567826,0.1672706937052908,-0.22656667261026087,0.2636404014265281,-0.17248873613903015,0.0278784489508818,-0.03776111210171014,0.04394006690442135,-0.028748122689838358,-0.05929597890497007,0.09115166528749796,-0.009882663150828344,0.015191944214582994,0.24403933799483296,0.22314224750998007,0.0685431184598602,0.1537607632253559,0.23359079275240652,0.888848059157392,0.5612194259548993,46.458333333333336,50.90277777777777,46.458333333333336,54.30555555555555,37.916666666666664,68.61111111111111
"Lodolo, Nick",666157,2024,1864,98.08288220832794,-0.03515303159803427,-0.047147306327835654,0.09874977719948674,-0.3515303159803427,0.005297734828298645,-0.018858922531134262,1.5889594014587374,-1.1096302486168952,-0.5743883613858998,0.19380898574354433,0.08524460308255029,-0.0595295197755845,-0.030814826254608355,0.01039747777594122,0.4793291528418422,-0.38057937564235544,0.025715083306965786,-0.02041734847866714,0.3107521313438947,0.189942141251203,0.11004866447873175,0.12863822899254196,0.25034713629754884,0.8806565532643631,0.565501844780956,46.38888888888889,40.90277777777778,46.38888888888889,63.33333333333333,54.44444444444444,57.013888888888886
"Rogers, Tyler",643511,2024,1001,98.0640943711934,-0.019062784527004793,-0.04760935196554644,0.051180294897875456,-0.19062784527004795,0.005112916573214331,-0.019043740786218576,-0.25573321335684795,-0.37026116586139324,0.8434914492681855,-0.16631677515206889,-0.025547773562122674,-0.036989127458680646,0.08426488004677178,-0.016615062452754133,-0.6259943792182412,0.6771746741161166,-0.06253690102080332,0.06764981759401764,0.21087639975266997,0.3079669492823974,0.05620770841535668,0.16859983454801972,0.2594216745175337,0.8875962285183118,0.5735089515179227,46.31944444444444,47.36111111111111,46.31944444444444,77.56944444444444,64.51388888888889,67.08333333333333
"Bello, Brayan",678394,2023,2617,98.0607084397885,-0.04992463620757544,-0.047692621520419774,0.13293336102060493,-0.49924636207575435,0.005079608751264996,-0.01907704860816791,3.1815315033486513,0.39802421702040647,-1.5856673272314765,-1.8609550321169763,0.12157170436945554,0.015209179098983817,-0.06059103275626582,-0.07111024196090854,3.579555720369058,-3.446622359348453,0.13678088346843936,-0.13170127471717435,0.3079485026995081,0.2594325846022325,0.12227046255021183,0.19285631564226635,0.2836905436508703,0.8424366109037609,0.5630635772773156,46.25,34.86111111111111,46.25,57.49999999999999,83.05555555555556,11.319444444444445
"Knack, Landon",689017,2024,1280,98.03852029869367,-0.02469800456933024,-0.04823829017447312,0.062225168507438866,-0.2469800456933024,0.004861341289643661,-0.019295316069789247,-0.9101472951404048,0.7482076200717529,0.5822716844627394,-0.35810684088664857,-0.07110525743284413,0.058453720318105695,0.04548997534865151,-0.02797709694426942,-0.16193967506865192,0.2241648435760908,-0.012651537114738431,0.017512878404382093,0.15878193723865341,0.31586713042858566,0.06039579193692069,0.15853130282882588,0.23732453383361954,0.8905364526171267,0.5639304932253731,46.18055555555556,45.90277777777778,46.18055555555556,59.72222222222222,41.736111111111114,70.55555555555556
"Bautista, Félix",642585,2025,627,98.02307827690007,-0.01219340764823348,-0.04861805282389746,0.029528165161309516,-0.12193407648233481,0.004709436229873926,-0.019447221129558982,-0.0949114642121458,0.26916174848588525,0.19297568274987498,-0.3376978018623049,-0.01513739461118753,0.04292850853044422,0.030777620853249595,-0.05385929854263236,0.17425028427373945,-0.14472211911242994,0.02779111391925669,-0.023081677689382765,0.18860048537931526,0.29132616981790443,0.07734959597069466,0.2594595682961379,0.23996332759860983,0.8315954178665836,0.5357793727325968,46.111111111111114,50.48611111111111,46.111111111111114,7.291666666666667,45.13888888888889,5
"Hendricks, Kyle",543294,2024,2135,97.99198579855737,-0.042172829317023985,-0.04938270411829506,0.09401634145365279,-0.42172829317023985,0.004403575712114884,-0.019753081647318024,0.14319959350120826,0.5930682393063762,-0.6752925355325488,0.033041044178617085,0.0067072409134055384,0.027778371864467268,-0.03162962695702805,0.0015475898912701213,0.7362678328075845,-0.6422514913539317,0.03448561277787281,-0.030082037065757922,0.23214907907462978,0.2512161468171385,0.12320153755485352,0.15461519527805115,0.24168261294588414,0.8610916335835477,0.551387123264716,46.041666666666664,37.708333333333336,46.041666666666664,31.59722222222222,46.94444444444444,29.305555555555557
"Soto, Gregory",642397,2023,1019,97.99144368749023,-0.020133824335030307,-0.04939603615071224,0.04481809514231827,-0.20133824335030306,0.004398242899148015,-0.019758414460284895,0.6648345413270818,-0.3113724109798568,-0.31547909075243297,0.006835055547526281,0.0652438215237568,-0.0305566644729987,-0.03095967524557733,6.707610939672503e-4,0.35346213034722496,-0.3086440352049067,0.03468715705075809,-0.03028891415161008,0.26078904633161315,0.2126174548107258,0.12798482777638426,0.12940904632080713,0.23670325057116948,0.8713030629514043,0.5540031567612869,45.97222222222222,47.013888888888886,45.97222222222222,37.291666666666664,41.31944444444444,43.333333333333336
"White, Brendan",686839,2023,652,97.9874838822412,-0.0129078836422927,-0.049493418873821714,0.02842256956057554,-0.129078836422927,0.004359289809904223,-0.019797367549528686,0.4921490260077235,0.24730770528412904,-0.37110671727077715,-0.33992744446049983,0.07548297944903734,0.037930629644805064,-0.05691820817036459,-0.052136111113573594,0.7394567312918525,-0.711034161731277,0.1134136090938424,-0.10905431928393819,0.28378211465440156,0.25129532605470095,0.10867549715639337,0.16736882320284693,0.2675387203545513,0.8619778398203799,0.5647582800874655,45.90277777777778,50.06944444444444,45.90277777777778,61.66666666666667,70.34722222222223,30
"Marinaccio, Ron",676760,2023,890,97.94679526458198,-0.017975887553946888,-0.050494066162772154,0.035235374959484034,-0.17975887553946887,0.0039590308943240485,-0.02019762646510886,-0.38080164082748524,-0.04330158850780208,0.8587952347288592,-0.39945663043408786,-0.042786701216571375,-0.004865347023348548,0.09649384659874823,-0.04488276746450425,-0.4241032293352873,0.45933860429477136,-0.04765204823991992,0.05161107913424398,0.17206608279474375,0.23929725222870862,0.056592694954509436,0.1960425962320388,0.20568166751172617,0.8736823544067259,0.5396820109592261,45.83333333333333,47.84722222222222,45.83333333333333,11.180555555555555,15.416666666666668,46.52777777777778
"Vargas, Carlos",672841,2025,1198,97.86383677698912,-0.025174411723746116,-0.05253424817142344,0.03765263792854512,-0.25174411723746115,0.0031429580908635324,-0.021013699268569375,1.0650507954751447,0.06431126444340407,-1.4956806027603307,0.403971180770327,0.08890240362897703,0.005368219068731558,-0.12484813044743995,0.03372046584059491,1.1293620599185488,-1.0917094219900036,0.09427062269770857,-0.09112766460684506,0.29346608322321877,0.23125606602982737,0.2076298012037806,0.11134492940434057,0.2623610746265231,0.8405126346959394,0.5514368546612313,45.763888888888886,45.625,45.763888888888886,31.805555555555554,66.73611111111111,9.86111111111111
"Fedde, Erick",607200,2024,2972,97.85844110899006,-0.06261046158742659,-0.052666942788885084,0.09183124084808014,-0.6261046158742659,0.0030898802438788743,-0.021066777115554033,1.1833608053678404,1.2281068668104353,-3.276431448171934,0.9567950168417383,0.03981698537576852,0.04132257290748437,-0.11024331925208392,0.0321936412127099,2.4114676721782757,-2.3196364313301956,0.0811395582832529,-0.078049678039374,0.27308524198903783,0.2922558676113454,0.1915085611620431,0.11910472906301166,0.28267055480019165,0.8446933548874727,0.5636819548438321,45.69444444444444,29.930555555555554,45.69444444444444,59.30555555555556,82.15277777777777,13.194444444444445
"Young, Danny",664849,2024,741,97.85833216812948,-0.015611275946085973,-0.052669621950357536,0.022888071572538138,-0.15611275946085973,0.0030888085792898975,-0.021067848780143013,-0.28605335127076614,-1.3651522165837378,-0.12537868362062454,1.7994723230476666,-0.03860369112965805,-0.18423106836487688,-0.016920200218707767,0.2428437682925326,-1.651205567854504,1.674093639427042,-0.22283475949453493,0.22592356807382483,0.2201859160055334,0.09115327753622986,0.14294670018906266,0.0021556086441554593,0.15566959677088163,0.9274488455833909,0.5415592211771363,45.625,48.333333333333336,45.625,13.333333333333334,1.5277777777777777,94.65277777777777
"Rea, Colin",607067,2025,2655,97.85815032712736,-0.055939887754597725,-0.05267409393088298,0.08196037534696643,-0.5593988775459773,0.0030870197870797146,-0.021069637572353195,1.265933977463078,-0.15636102645316896,-0.6043677697124394,-0.4232448059505032,0.04768112909465454,-0.005889304197859472,-0.02276338115677738,-0.015941423952937975,1.109572951009909,-1.0276125756629426,0.04179182489679507,-0.03870480510971536,0.2452737091550154,0.23211319572295752,0.09988630326089945,0.1481714689731054,0.23869345243898646,0.8759711138829975,0.557332283160992,45.55555555555556,32.083333333333336,45.55555555555556,44.93055555555556,43.75,50.06944444444444
"Miller, Shelby",571946,2023,687,97.84019992331604,-0.014596151692673498,-0.05311554473316411,0.019994719132569116,-0.14596151692673498,0.002910439466167266,-0.021246217893265643,-0.3265350968522398,-0.06206048500303041,0.20413806375017884,0.20445223723766048,-0.04753058178344102,-0.00903354949097968,0.02971441975985136,0.029760150980736606,-0.3885955818552702,0.40859030098783933,-0.056564131274420705,0.05947457074058797,0.18631754210104376,0.22328507327632388,0.06455103556499184,0.1331514267881721,0.20480130768868382,0.901148768823418,0.5529750382560509,45.48611111111111,49.02777777777778,45.48611111111111,35.486111111111114,14.930555555555555,80.34722222222223
"Misiorowski, Jacob",694819,2025,1348,97.8379015405588,-0.028670379289316213,-0.05317206841490394,0.03892794831199353,-0.2867037928931621,0.0028878299934713306,-0.021268827365961578,0.08351784091451009,-0.045737739654668985,0.2792826091590541,-0.2781347621069017,0.006195685527782649,-0.0033930073927795983,0.020718294448001048,-0.020633142589532767,0.037780101259841103,0.0011478470521524287,0.0028026781350030494,8.515185846828104e-5,0.2241725037987047,0.2436855406912156,0.091517013621806,0.16186171621050346,0.23392902224496015,0.8733106350838453,0.5536198286644027,45.416666666666664,43.47222222222222,45.416666666666664,36.59722222222222,38.40277777777778,46.041666666666664
"Bradley, Taj",671737,2024,2294,97.81505422800353,-0.0493062706342781,-0.05373394794494126,0.061091013482609924,-0.49306270634278104,0.0026630781814564047,-0.021493579177976504,-0.6425553234093968,1.4209831002799547,0.4741734084534528,-1.1915101718414007,-0.028010258213138482,0.06194346557454031,0.02067015729962741,-0.05194028647957283,0.7784277768705579,-0.7173367633879479,0.033933207361401825,-0.03127012917994542,0.19713395749864696,0.3158421473307184,0.07965359151607734,0.19843808296048915,0.2564880524146827,0.8609541627617168,0.5587211075881997,45.34722222222222,35.06944444444444,45.34722222222222,48.26388888888889,61.38888888888889,29.02777777777778
"Lucchesi, Joey",664192,2025,632,97.81032053882929,-0.01361337167676994,-0.05385036264545071,0.016536357743916597,-0.1361337167676994,0.002616512301252626,-0.021540145058180284,0.04051289339167852,-0.08474119790298573,0.07155172715010849,-0.01078706489488468,0.006410267941721284,-0.013408417389712933,0.011321475814890585,-0.00170681406564631,-0.044228304511307215,0.06076466225522381,-0.006998149447991648,0.009614661749244274,0.22705065411755732,0.2124383334710977,0.08499878419460397,0.14419928757031072,0.2197444937943275,0.8854009641175427,0.5525727289559351,45.27777777777778,49.583333333333336,45.27777777777778,34.86111111111111,25.48611111111111,63.40277777777777
"Javier, Cristian",664299,2025,617,97.77304368261828,-0.013516521550101562,-0.05476710514627862,0.013881360406685417,-0.13516521550101562,0.0022498153009214614,-0.02190684205851145,-0.5805307303216978,0.0038281162860585027,0.3379057850711433,0.25267818937118136,-0.0940892593714259,6.204402408522694e-4,0.0547659295090994,0.04095270492239568,-0.5767026140356393,0.5905839744423247,-0.09346881913057363,0.09571863443149509,0.16001889918972415,0.2141554942056617,0.05567768687033834,0.11624750045023202,0.18708719669769291,0.9140374063397149,0.5505623015187039,45.208333333333336,49.72222222222222,45.208333333333336,30.069444444444443,7.847222222222222,88.68055555555556
"Zeferjahn, Ryan",666171,2025,1010,97.74615978752365,-0.022393015249652887,-0.05542825556844775,0.020052086833743488,-0.22393015249652887,0.0019853551320538104,-0.0221713022273791,0.513646205345708,0.2474246426991158,-0.47442310052770154,-0.2665956606833788,0.05085605993521862,0.02449748937615008,-0.04697258421066352,-0.026395609968651368,0.7610708480448238,-0.7410187612110803,0.0753535493113687,-0.07336819417931488,0.24095450482377184,0.257655841139376,0.10756492613646226,0.1509136032561972,0.24930517298157392,0.8707607353036703,0.5600329541426221,45.13888888888889,46.59722222222222,45.13888888888889,51.80555555555556,53.47222222222222,41.80555555555556
"Peralta, Wandy",593974,2023,877,97.73849435646514,-0.01951036292616192,-0.055616770028967845,0.016750255780607404,-0.1951036292616192,0.0019099493478457704,-0.022246708011587138,1.0607857198338024,1.1288958747991273,-1.1773065487909662,-0.9956247900613562,0.12095618242118614,0.128722448665807,-0.13424247990774985,-0.1135262018313975,2.1896815946329298,-2.1729313388523224,0.24967863108699312,-0.24776868173914737,0.2779210492533133,0.34981699314205394,0.2006052754076479,0.20972879913194037,0.3138690211976836,0.7948329627302059,0.5543509919639448,45.06944444444444,47.15277777777778,45.06944444444444,38.125,96.875,0.4166666666666667
"Hicks, Jordan",663855,2023,1108,97.67182041829034,-0.02537606718028752,-0.057256469269601803,0.01389509173964143,-0.2537606718028752,0.0012540696515921867,-0.022902587707840722,-0.25738778824552355,-0.4573157497140983,-0.4085047347616637,1.137103364460927,-0.02322994478750213,-0.041273984631236306,-0.036868658371991304,0.10262665744232194,-0.7147035379596218,0.7285986296992633,-0.06450392941873843,0.06575799907033063,0.2180336897292882,0.201397544779542,0.1110631517288242,0.07330223476506045,0.2097156172544151,0.9078173067530577,0.5587664620037364,45,45.55555555555556,45,48.40277777777778,17.708333333333336,84.86111111111111
"Flexen, Chris",623167,2023,1751,97.6664071489018,-0.04019567356693864,-0.05738959675462398,0.021026334694283833,-0.40195673566938644,0.0012008186575833144,-0.022955838701849595,0.02727941417413149,1.2245226833142624,-0.6686658880403229,-0.5621098747537872,0.001557933419424985,0.06993276318185393,-0.03818765779784825,-0.03210222014584735,1.2518020974883939,-1.23077576279411,0.07149069660127891,-0.07028987794369561,0.20338614635452643,0.35075510662662,0.10834552112336934,0.18598542849858973,0.27707062649057324,0.8528345251890205,0.5649525758397969,44.93055555555556,38.263888888888886,44.93055555555556,62.01388888888889,78.26388888888889,20.694444444444443
"Jacob, Alek",689690,2025,558,97.66393942244524,-0.012822903628325657,-0.05745028507314363,0.006565111782379063,-0.12822903628325658,0.0011765433301754592,-0.02298011402925745,0.15934299346236003,-0.20109275109780356,0.2786486453087491,-0.23033377589092652,0.028556092018344092,-0.03603812743688235,0.04993703320945325,-0.041278454460739515,-0.04174975763544353,0.04831486941782259,-0.007482035418538267,0.008658578748713727,0.2277492941884871,0.23436228200110215,0.07591230414978806,0.16893133271419702,0.23105578809479463,0.8775781815680075,0.554316984831401,44.861111111111114,50.208333333333336,44.861111111111114,37.98611111111111,36.041666666666664,52.361111111111114
"Lorenzen, Michael",547179,2023,2397,97.65089315834452,-0.05539095879000888,-0.05777112931790664,0.02512548900551792,-0.5539095879000888,0.0010482056322702513,-0.02310845172716266,0.31644965052532825,1.114380158156564,-0.9653796029801924,-0.4403247166961819,0.013201904485829297,0.04649061986468769,-0.040274493240725594,-0.018369825477521147,1.4308298086818922,-1.4057043196763743,0.05969252435051699,-0.05864431871824674,0.22085326000148153,0.2838202691983308,0.10796413925245998,0.1560515817546689,0.25233676459990617,0.8679921394964356,0.5601644520481709,44.79166666666667,32.22222222222222,44.79166666666667,52.01388888888889,57.013888888888886,38.333333333333336
"Bummer, Aaron",607481,2023,1099,97.64888159588551,-0.025417935445086175,-0.05782059928363552,0.01130230992930592,-0.25417935445086176,0.0010284176459787007,-0.023128239713454207,0.9972613040417855,-1.9782306126635376,-0.3912599489076456,1.3835315674587036,0.09074261183273753,-0.18000278550168677,-0.03560145121998595,0.12589004253491387,-0.9809693086217521,0.992271618551058,-0.08926017366894924,0.09028859131492793,0.31410738708645974,0.12187469756269931,0.10746429867548056,0.07138807444685877,0.21799104232457953,0.9105738134388304,0.5642824278817049,44.72222222222222,45.416666666666664,44.72222222222222,60.55555555555555,24.09722222222222,86.11111111111111
"Paxton, James",572020,2023,1689,97.59470163047106,-0.03996379157655617,-0.05915303667341054,0.008368027035260184,-0.3996379157655617,4.954426900686905e-4,-0.023661214669364217,-0.7252855278433685,0.11014810839242273,1.0859237160915427,-0.4624182696053367,-0.04294171272015207,0.006521498424654986,0.064293884907729,-0.02737822792216322,-0.6151374194509458,0.623505446486206,-0.03642021429549709,0.03691565698556578,0.19046455787192892,0.2560202766784098,0.05982282681544633,0.16838458824213906,0.22324241727516936,0.8858962924712073,0.5545693548731883,44.65277777777778,38.47222222222222,44.65277777777778,38.81944444444444,28.819444444444443,64.30555555555556
"Schlittler, Cam",693645,2025,1448,97.57569621288157,-0.03453215492396894,-0.05962043322508449,0.004466849324899158,-0.3453215492396894,3.08484069399113e-4,-0.023848173290033796,-0.6721360664907934,0.6355491218096176,0.030967824357958307,0.010085969648116588,-0.04641823663610452,0.04389151393712829,0.0021386619031739163,6.965448652014218e-4,-0.03658694468117574,0.041053794006074895,-0.002526722698976225,0.002835206768375338,0.19167153225622,0.30126598125888093,0.09806943314734679,0.14230094796794815,0.24646875675755048,0.8798148094423526,0.5631417830999516,44.583333333333336,41.041666666666664,44.583333333333336,57.56944444444444,50.625,55.41666666666667
"Wolfram, Grant",664991,2025,520,97.57102072220265,-0.01242496666554555,-0.059735416661276686,0.001364951613595622,-0.1242496666554555,2.6249069492223503e-4,-0.023894166664510674,0.030668215146761213,0.12810452714438725,-0.20690506361552252,0.04949727293796968,0.005897733682069464,0.024635485989305237,-0.039789435310677405,0.00951870633422494,0.15877274229114846,-0.15740779067755284,0.030533219671374703,-0.03027072897645247,0.21378688231260334,0.26476880596790664,0.09880725569470865,0.1271144867674167,0.239277844140255,0.8870391287689373,0.5631584864545962,44.513888888888886,50.34722222222222,44.513888888888886,57.70833333333333,44.375,66.38888888888889
"Zerpa, Angel",672582,2024,1029,97.51591634064681,-0.02514488603647049,-0.06109058803807214,-0.0028768561361403044,-0.25144886036470493,-2.79577855795948e-4,-0.024436235215228856,0.6204114875154119,-0.21806727590319497,-0.5643245805231345,0.1591035127747773,0.060292661566123604,-0.021192155092633135,-0.05484203892353105,0.015461954594244636,0.4023442116122169,-0.4052210677483572,0.03910050647349046,-0.03938008432928641,0.2822234228452479,0.20674123091714727,0.13116406604178124,0.1297420754335607,0.2444823268811976,0.869546929262329,0.5570146280717633,44.44444444444444,45.69444444444444,44.44444444444444,43.888888888888886,49.02777777777778,40.27777777777778
"Ramírez, Erasmo",541640,2023,955,97.51569709243707,-0.023338664347319807,-0.06109597996680577,-0.0026905656906137665,-0.23338664347319807,-2.8173462728939974e-4,-0.02443839198672231,0.752509565904802,-0.009226958067301894,-1.0364777963404777,0.2905046228123638,0.07879681318374891,-9.66173619612764e-4,-0.10853170642308667,0.03041933223166113,0.7432826078375001,-0.7459731735281139,0.07783063956413613,-0.07811237419142554,0.31122761798606896,0.2440372874591614,0.18492588783523717,0.12296557243948415,0.27763245272261516,0.8460542698626393,0.5618433612926272,44.375,46.31944444444444,44.375,55.34722222222223,78.61111111111111,14.374999999999998
"Spence, Mitch",687765,2024,2481,97.50414330190016,-0.06091363118569563,-0.061380120098443805,-0.009809642769425864,-0.6091363118569563,-3.9539067994461365e-4,-0.024552048039377522,0.10377609557650658,1.125572948770241,-1.58039691178692,0.3412382246707466,0.004182833356570197,0.045367712566313625,-0.06369999644445465,0.013754059841626223,1.2293490443467476,-1.2391586871161735,0.049550545922883826,-0.049945936602828436,0.23131025950953032,0.28959980997435864,0.13847322629625736,0.1426796111051459,0.2604550347419445,0.8594235812992983,0.5599393080206214,44.30555555555556,30.34722222222222,44.30555555555556,51.52777777777777,65.13888888888889,26.805555555555554
"Bazardo, Eduard",660825,2025,1333,97.4903309717921,-0.032908999522694944,-0.06171980405606703,-0.007081752625708759,-0.32908999522694943,-5.312642629939053e-4,-0.024687921622426813,-0.7608803720195283,-2.2659525434864918,0.7611901824668621,2.258560980413449,-0.05708029797595861,-0.16998893799598588,0.05710353956990714,0.16943443213904344,-3.02683291550602,3.0197511628803113,-0.22706923597194448,0.2265379717089506,0.1716650163473795,0.09702146461144369,0.05595279155248793,0.05464237143794732,0.1343432404794116,0.9447024185047823,0.539522829492097,44.23611111111111,41.388888888888886,44.23611111111111,11.11111111111111,0.5555555555555556,97.98611111111111
"Stroman, Marcus",573186,2025,704,97.4761870146841,-0.017478248452469057,-0.06206764365223386,-0.004719616714282893,-0.17478248452469056,-6.704001014606382e-4,-0.024827057460893545,0.5082788422932936,-0.1117457560621915,-0.7684831691349245,0.3672304661895396,0.07219869918938829,-0.015872976713379474,-0.10915954107030178,0.05216341849283233,0.39653308623110206,-0.40125270294538495,0.05632572247600882,-0.05699612257746945,0.30140675918425797,0.23532494332680748,0.1528304321876917,0.10287016426489551,0.2683658512555327,0.8721497017737063,0.5702577765146195,44.166666666666664,48.05555555555556,44.166666666666664,72.01388888888889,71.31944444444444,44.65277777777778
"Cannon, Jonathan",686563,2025,1793,97.47138294011003,-0.04459964810549706,-0.06218578932724075,-0.012867614600338584,-0.44599648105497064,-7.176583714633899e-4,-0.0248743157308963,1.4986510166394282,-0.04675281615482163,-1.4010711295104556,-0.06369468557448954,0.08358343651084374,-0.0026075190270396895,-0.07814116729004214,-0.003552408565225295,1.4518982004846066,-1.4647658150849452,0.08097591748380405,-0.08169357585526744,0.303428571137129,0.23557581144272594,0.14236101352609654,0.1436370711171508,0.2695021912899275,0.8570009576783764,0.563251574484152,44.09722222222222,36.736111111111114,44.09722222222222,58.12500000000001,72.22222222222221,24.65277777777778
"Wrobleski, Justin",680736,2025,1084,97.457909077439,-0.027107435988849397,-0.06251714942077814,-0.009216194112241283,-0.271074359888494,-8.502024088783471e-4,-0.025006859768311254,0.4242904186685337,0.37111064030887064,-0.5477052078799716,-0.25691204520967403,0.03914118253399757,0.03423529892148253,-0.05052631069003428,-0.023700373174324173,0.7954010589774043,-0.8046172530896456,0.0733764814554801,-0.07422668386435845,0.24048189727953775,0.32679628885209727,0.1156904531304475,0.15437408873506636,0.2836390930658175,0.8649677290672431,0.5743034110665303,44.02777777777778,44.23611111111111,44.02777777777778,78.47222222222221,82.98611111111111,34.02777777777778
"Anderson, Nick",623433,2023,548,97.44691865637512,-0.013763005689778446,-0.06278743471614254,-0.00525157456809211,-0.13763005689778446,-9.583165270241077e-4,-0.025114973886457018,-0.4597006126280121,-0.018631250585713133,0.7514944505746826,-0.27841416192904944,-0.08388697310730148,-0.00339986324556809,0.13713402382749681,-0.050805504001651354,-0.47833186321372523,0.4730802886456331,-0.08728683635286957,0.08632851982584545,0.13659853392342702,0.29548876301268384,0.03605831318582623,0.29449533499917463,0.21604364846805543,0.8347231759074996,0.5253834121877775,43.958333333333336,49.375,43.958333333333336,1.7361111111111112,22.430555555555557,6.319444444444445
"Harrison, Kyle",690986,2023,588,97.44415152104584,-0.014783610386943596,-0.0628554863390459,-0.005794958595970456,-0.14783610386943596,-9.855371761854517e-4,-0.025142194535618362,-0.4932235458963987,-0.2715721727538494,0.5223585430603634,0.2366422169939142,-0.0838815554245576,-0.04618574366562064,0.0888364869150278,0.040245274998965,-0.7647957186502481,0.7590007600542776,-0.13006729909017825,0.1290817619139928,0.1517188903775624,0.17961794532291764,0.0438810970425517,0.11030339415245788,0.16566841785024,0.9229077544024952,0.5442880861263676,43.888888888888886,48.81944444444444,43.888888888888886,18.26388888888889,2.7083333333333335,92.70833333333334
"Gilbert, Logan",669302,2023,2914,97.42830869027016,-0.07371849556070206,-0.06324510600609304,-0.033259960153145585,-0.7371849556070206,-0.0011413850430043095,-0.02529804240243722,-1.673918805845915,2.045667771900071,1.573621806599931,-1.9786307328072326,-0.05744402216355233,0.07020136485587065,0.05400212102264692,-0.06790084875796953,0.37174896605415597,-0.40500892620730156,0.012757342692318324,-0.013898727735322636,0.17427635109744435,0.33707327010285915,0.06261972125159065,0.24040148955184948,0.25567481060015174,0.8484893945982799,0.5520821025992158,43.81944444444444,25.972222222222225,43.81944444444444,34.09722222222222,60.69444444444444,16.180555555555557
"Blubaugh, AJ",805123,2025,507,97.42285012162546,-0.012853331678464077,-0.06337934752694319,-0.006059063972315926,-0.12853331678464078,-0.001195081651344364,-0.025351739010777273,-0.10788327662248776,-0.42813544189857566,0.39159744442304145,0.13836221012570604,-0.02127875278550054,-0.08444486033502478,0.07723815471854861,0.027290376750632353,-0.5360187185210634,0.5299596545487475,-0.10572361312052533,0.10452853146918097,0.2028823537201865,0.17659131547028037,0.047625858909815064,0.12094119136713315,0.18973683459523344,0.9157164748615259,0.5527266547283797,43.75,50.138888888888886,43.75,35,8.472222222222223,89.44444444444444
"Banks, Tanner",621383,2023,1006,97.4096459437037,-0.02563451990703952,-0.06370407531570457,-0.013329226034500152,-0.2563451990703952,-0.0013249727668489216,-0.02548163012628183,0.3245318991180284,0.5189165098765898,-0.8012854666994826,-0.05549216832963566,0.032259632119088305,0.05158215803942244,-0.07965064281306984,-0.005516120112289827,0.8434484089946181,-0.8567776350291183,0.08384179015851075,-0.08516676292535967,0.23603679094361318,0.3342036764508819,0.14641609047336684,0.1397945232076646,0.28512023369724754,0.8568946931594843,0.571007463428366,43.68055555555556,45.208333333333336,43.68055555555556,73.19444444444444,84.02777777777779,24.444444444444443
"Law, Derek",571882,2024,1361,97.3999608782987,-0.034810165392561924,-0.063942258252318,-0.019329547263737368,-0.34810165392561926,-0.0014202459414942958,-0.025576903300927205,0.7821032639149053,1.1450340967448938,-1.0468440099848522,-0.8996228979386842,0.05746533900917746,0.0841318219503963,-0.07691726744929112,-0.06610013945177694,1.927137360659799,-1.9464669079235364,0.14159716095957375,-0.14301740690106807,0.25338294195584893,0.34436978372331983,0.12643186295141848,0.21864267334800985,0.2988763628395844,0.8274627318502858,0.5631695473449352,43.611111111111114,40.97222222222222,43.611111111111114,57.84722222222223,91.59722222222221,3.958333333333333
"Baker, Bryan",641329,2023,801,97.39671150247007,-0.02051270311496649,-0.06402216952236732,-0.011632205700607301,-0.2051270311496649,-0.0014522104495140202,-0.025608867808946927,-0.3181612202117776,0.1341623272282959,0.34089241734977804,-0.16852573006690363,-0.03972050189909833,0.01674935421077352,0.04255835422593983,-0.021039416987129043,-0.1839988929834817,0.1723666872828744,-0.022971147688324808,0.02151893723881079,0.18193884747572556,0.269209229996607,0.06636453305737323,0.16781009526865445,0.22557403873616627,0.8829126858369861,0.5542433622865762,43.541666666666664,46.875,43.541666666666664,37.77777777777778,31.180555555555557,60.48611111111111
"Little, Brendon",663893,2024,710,97.39086791334084,-0.018223109856775853,-0.06416587977737977,-0.010718831315784882,-0.18223109856775851,-0.0015096945515189976,-0.025666351910951905,0.46662280557575286,-0.8953080970572955,0.1068466068276166,0.3111198533381412,0.06572152191207786,-0.1260997319799008,0.015048817863044591,0.04381969765325932,-0.42868529148154266,0.4179664601657578,-0.06037821006782291,0.05886851551630391,0.271658474504027,0.1717902159737463,0.08682671585913918,0.09962110456082958,0.22172434523888668,0.9067760897900157,0.5642502175144511,43.47222222222222,47.77777777777778,43.47222222222222,60.416666666666664,27.708333333333336,84.30555555555556
"Eflin, Zach",621107,2023,2649,97.36007007098044,-0.0687927129408741,-0.06492328514616282,-0.04801727595736338,-0.6879271294087411,-0.0018126566990322153,-0.025969314058465125,0.4723750577705914,-1.1282941107192528,-0.460840680992078,1.068742457983376,0.017832203011347355,-0.0425932091626747,-0.017396779199398943,0.040345128651694075,-0.6559190529486614,0.607901776991298,-0.02476100615132735,0.022948349452295128,0.24879337867654647,0.18946029635468037,0.12033671554231563,0.1125224702540714,0.2191268375156134,0.8835704071018065,0.55134862230871,43.40277777777778,27.63888888888889,43.40277777777778,31.458333333333332,25.13888888888889,61.52777777777778
"Martin, Chris",455119,2024,673,97.35243686918558,-0.01752788308403596,-0.0651110069986477,-0.012704526811376127,-0.1752788308403596,-0.0018877454400261704,-0.02604440279945908,0.24241311780906472,0.27762338566572,-0.690892086778149,0.15815105649198813,0.03601977976360546,0.04125161748376226,-0.10265855672780817,0.023499414040414283,0.5200365034747847,-0.5327410302861608,0.0772713972473677,-0.07915914268739388,0.25985217917070214,0.3952942823013031,0.21712767915490272,0.12016464245593948,0.32757323073600264,0.831353839194579,0.5794635349652908,43.333333333333336,47.986111111111114,43.333333333333336,84.58333333333333,98.75,4.930555555555555
"Bird, Jake",656234,2025,957,97.33508749170586,-0.025087822708450485,-0.0655376768768299,-0.019699016154731908,-0.25087822708450486,-0.00205841339129905,-0.02621507075073196,0.6227669642157707,-0.8343553557597261,-0.6281412270332112,0.8200306024224346,0.06507491789088514,-0.08718446768649175,-0.06563649185300012,0.08568762825730769,-0.21158839154395537,0.19188937538922346,-0.02210954979560662,0.02005113640430757,0.29191684755329844,0.15819793659866635,0.1652048978777231,0.0896407040398929,0.2250573920759824,0.872577199041192,0.5488172955585873,43.26388888888889,45.763888888888886,43.26388888888889,25.972222222222225,30.555555555555557,45.208333333333336
"Bummer, Aaron",607481,2024,1002,97.31509548501586,-0.026464558038362118,-0.06602933642305918,-0.02259587364210347,-0.2646455803836212,-0.0022550772097907654,-0.026411734569223674,1.1797027707489178,-1.9824950776610422,-0.3575855758824673,1.1377820091524882,0.11773480745997185,-0.19785380016577267,-0.03568718322180312,0.11355109871781319,-0.8027923069121243,0.7801964332700209,-0.08011899270580082,0.07786391549601007,0.37334516572990956,0.11238646264135306,0.12627448724352813,0.07855471455235877,0.2428658141856313,0.8975853991020566,0.5702256066438439,43.19444444444444,44.861111111111114,43.19444444444444,71.875,47.708333333333336,77.01388888888889
"Martin, Davis",663436,2024,892,97.30807547885207,-0.023620865776882306,-0.0662019780742217,-0.020731274122681498,-0.23620865776882305,-0.002324133870255773,-0.02648079122968868,0.3436975935336477,0.21202573784512424,-0.29357586795504176,-0.2828787375464117,0.0385311203513058,0.023769701552143974,-0.03291209282007195,-0.0317128629536336,0.555723331378772,-0.5764546055014534,0.062300821903449766,-0.06462495577370554,0.23872295645970626,0.2624408151775263,0.10065357373031168,0.1550243473019943,0.2505818858186163,0.872161039483847,0.5613714626512316,43.125,46.25,43.125,54.58333333333333,54.72222222222223,44.72222222222222
"Stroman, Marcus",573186,2024,2743,97.30532612991546,-0.07271099664941556,-0.06626959227981731,-0.06449285512491088,-0.7271099664941556,-0.0023511795524940164,-0.026507836911926926,2.46996126378059,0.846093227039205,-3.831381598091866,0.45083425214716044,0.09004598118048085,0.030845542363806232,-0.13967851250790617,0.01643580941112506,3.316054490819795,-3.3805473459447057,0.12089152354428707,-0.12324270309678112,0.31231439001747807,0.25665675890554357,0.18867058638809814,0.12373244565514491,0.2844855744615108,0.8437984839783785,0.5641420292199446,43.05555555555556,26.180555555555557,43.05555555555556,60.06944444444444,83.47222222222223,12.291666666666666
"Gaddis, Hunter",683769,2023,685,97.2876481397699,-0.018276990164376512,-0.06670434366560771,-0.017296798731649687,-0.1827699016437651,-0.002525080106810173,-0.026681737466243083,0.21895860278550572,-0.08692364517810347,0.01960186213148063,-0.16893361847053256,0.03196475953073076,-0.012689583237679339,0.0028615857126249094,-0.024661842112486506,0.13203495760740225,-0.14933175633905194,0.019275176293051425,-0.0218002563998616,0.23292635272930604,0.23375329774161058,0.08864363374505206,0.1541992878411799,0.23333982523545832,0.878578539206884,0.5559591822211711,42.986111111111114,47.708333333333336,42.986111111111114,41.458333333333336,37.5,53.888888888888886
"Quintana, Jose",500779,2024,3089,97.28269515840667,-0.08257039264070941,-0.06682615137642392,-0.07950478057421151,-0.8257039264070941,-0.0025738031911366624,-0.02673046055056957,-1.6017176447066959,0.1297122802013746,1.7956050992152086,-0.40310451528409885,-0.051852303163052636,0.004199167374599372,0.0581290093627455,-0.013049676765428904,-1.4720053645053213,1.3925005839311098,-0.04765313578845327,0.0450793325973166,0.18979459769459606,0.2395304883692495,0.06243427334559255,0.1396938684080464,0.21466254303192278,0.8989359291231805,0.5567992360775517,42.916666666666664,22.77777777777778,42.916666666666664,43.47222222222222,21.458333333333332,78.47222222222221
"Manoah, Alek",666201,2023,1663,97.2727234766473,-0.04461588398057778,-0.06707138301349637,-0.04443362791840855,-0.4461588398057778,-0.002671895845965637,-0.026828553205398547,0.406982210670094,-0.5626845647705068,-0.2619035178987019,0.37317224408070615,0.024472772740234155,-0.033835512012658255,-0.015748858562760187,0.022439701989218647,-0.15570235410041278,0.11126872618200423,-0.009362739272424099,0.006690843426458462,0.23933022173042803,0.204890455267248,0.09868103663992364,0.11588862923155462,0.22211033849883802,0.8927151670642609,0.5574127527815494,42.84722222222222,36.666666666666664,42.84722222222222,45.208333333333336,28.055555555555557,72.77777777777777
"Kelly, Kevin",687330,2025,571,97.26707533148715,-0.015350829494351532,-0.0672102867528526,-0.015573781421153399,-0.1535082949435153,-0.002727457341708126,-0.026884114701141035,0.39226950922511605,-0.5316943554244062,-0.6395738698356581,0.7634249346137949,0.06869868813049318,-0.09311634946136711,-0.11200943429696289,0.13369963828612869,-0.1394248461992902,0.12385106477813679,-0.02441766133087394,0.02169020398916581,0.37730758106706835,0.16276101988450709,0.19858888869530975,0.07954467727035601,0.2700343004757877,0.8609332170171671,0.5654837587464774,42.77777777777778,48.541666666666664,42.77777777777778,63.125,72.70833333333333,28.958333333333336
"Rodriguez, Eduardo",593958,2024,866,97.26652212205165,-0.02328635609364114,-0.06722389172529199,-0.023666908203722414,-0.23286356093641142,-0.0027328993306838818,-0.026889556690116792,0.5280153746307406,0.49214676372503163,-0.6599946345072567,-0.3838344120522379,0.06097175226682917,0.05682988033776347,-0.07621185155972941,-0.0443226803755471,1.0201621383557722,-1.0438290465594946,0.11780163260459264,-0.12053453193527652,0.2779212853447407,0.31548505907215596,0.1491320511218724,0.16968834235011218,0.29670317220844833,0.8405898032640078,0.5686464877362281,42.70833333333333,46.38888888888889,42.70833333333333,69.58333333333333,90.41666666666667,10
"Smith, Burch",572143,2024,895,97.25326514619032,-0.02418287063095064,-0.06754991796354928,-0.02562662294258189,-0.2418287063095064,-0.0028633098259868033,-0.027019967185419713,-0.8311945052128067,0.22536097454440096,0.6384376165851791,-0.05823070885935522,-0.0928708944371851,0.02517999715579899,0.07133381190895856,-0.006506224453559243,-0.6058335306684057,0.5802069077258238,-0.06769089728138612,0.06482758745539932,0.1394444065359576,0.24917148843292547,0.05362608059149986,0.14065177822984923,0.19430794748444152,0.9028610705893254,0.5485845090368835,42.638888888888886,46.041666666666664,42.638888888888886,25.624999999999996,10.208333333333334,81.52777777777777
"Harrison, Kyle",690986,2024,2078,97.23904675791906,-0.05643813757127538,-0.06789958803088954,-0.062406035783737934,-0.5643813757127538,-0.0030031778529229034,-0.027159835212355814,0.02870053246624593,-1.206181896232124,1.432746280318952,-0.31767095233681175,0.0013811613313881586,-0.05804532705640635,0.06894832917800539,-0.015287341305910094,-1.177481363765878,1.1150753279821402,-0.05666416572501819,0.05366098787209529,0.2094670200461087,0.1805732703843592,0.05341273772178257,0.15006375420304116,0.19502014521523395,0.8982617540375881,0.5466409496264111,42.56944444444444,31.874999999999996,42.56944444444444,21.805555555555557,10.76388888888889,77.84722222222223
"Bello, Brayan",678394,2024,2800,97.23543455681714,-0.07614703285568072,-0.06798842219257208,-0.08508392249268582,-0.7614703285568073,-0.0030387115175959218,-0.02719536887702883,3.018944330348404,0.14612272607678278,-3.566706660409295,0.31655568149142255,0.10781944036958586,0.005218668788456528,-0.1273823807289034,0.011305560053265091,3.165067056425187,-3.2501509789178726,0.11303810915804238,-0.1160768206756383,0.30802748251997836,0.2260125478201253,0.18019301401406831,0.1299368063010033,0.2670200151700518,0.8449350898424641,0.555977552506258,42.5,25.069444444444443,42.5,41.66666666666667,70.06944444444444,13.402777777777777
"Quintana, Jose",500779,2023,1228,97.22239849668675,-0.03355338841019599,-0.06830901549307003,-0.038890131728123833,-0.33553388410195994,-0.003166948837795101,-0.02732360619722801,-0.684911802305578,0.4170021367726804,0.5096773065961315,-0.28065777279135773,-0.05577457673498192,0.03395782872741697,0.041504666660922764,-0.022854867491152907,-0.26790966553289763,0.2290195338047738,-0.021816748007564956,0.018649799169769853,0.19660640315867864,0.2688763833081406,0.07711769541850348,0.1475593727823731,0.23274139323340964,0.8876614658995617,0.5602014295664857,42.43055555555556,41.25,42.43055555555556,52.22222222222223,37.15277777777778,67.29166666666667
"Bieber, Shane",669456,2023,1951,97.22022461758212,-0.053350077269787445,-0.06836247728060924,-0.06220438761533842,-0.5335007726978744,-0.0031883335528107852,-0.027344990912243693,0.30470152665202477,0.9097206097609387,-0.45881129711187896,-0.8178152269164229,0.015617710233317518,0.04662842694827979,-0.02351672460850225,-0.04191774612590584,1.2144221364129635,-1.276626524028302,0.062246137181597314,-0.0654344707344081,0.2175663355791255,0.28324657721211927,0.09833521040354773,0.17088031878417143,0.25040645639562237,0.8653922354061404,0.5578993459008814,42.36111111111111,32.98611111111111,42.36111111111111,46.31944444444444,54.58333333333333,34.86111111111111
"Nelson, Ryne",669194,2024,2479,97.21791970677553,-0.06784444054875628,-0.06841916150540164,-0.07960086954722101,-0.6784444054875628,-0.003211007242727754,-0.02736766460216066,-1.0120531838529132,1.0010090772477724,0.20039682986862317,-0.2689535928107034,-0.0408250578399723,0.04037955132100736,0.0080837769208803225,-0.010849277644643138,-0.011044106605140769,-0.06855676294208024,-4.455065189649363e-4,-0.002765500723762817,0.18683486600699584,0.31151050320528373,0.09302754054509917,0.14172140929902496,0.24917268460613978,0.8826255250779379,0.5658991048420389,42.291666666666664,27.84722222222222,42.291666666666664,63.888888888888886,53.125,59.93055555555556
"Garcia, Robert",676395,2023,521,97.18844434688201,-0.014409618627713758,-0.0691440433191639,-0.018240001434492115,-0.14409618627713758,-0.0035009599682326513,-0.02765761732766556,-0.10802020881146746,-0.01069859325161815,0.35929668760900313,-0.25881788698040964,-0.020733245453256707,-0.0020534727930169193,0.06896289589424244,-0.04967713761620146,-0.1187188020630856,0.10047880062859349,-0.022786718246273627,0.019285758278040976,0.19515229944624216,0.23522834704842555,0.06684220588757926,0.18821391691047504,0.21519032324733384,0.8724719386009728,0.5438311309241534,42.22222222222222,49.09722222222222,42.22222222222222,17.36111111111111,21.805555555555557,45
"Kershaw, Clayton",477132,2023,2049,97.18668983423585,-0.05670582232441738,-0.06918719170865957,-0.07208831394939352,-0.5670582232441738,-0.003518219324030919,-0.027674876683463828,-2.210969883362168,1.1852926997935356,1.6145948764351488,-0.66100600681591,-0.10790482593275588,0.057847374318864594,0.07879916429649335,-0.032259932006633,-1.0256771835686322,0.9535888696192387,-0.05005745161389128,0.04653923228986036,0.1621542673299223,0.3386485082448715,0.06138212069554794,0.2332391766282532,0.2504013877873969,0.8526893513380994,0.5515453695627481,42.15277777777778,31.59722222222222,42.15277777777778,32.013888888888886,54.513888888888886,20.48611111111111
"Alcantara, Sandy",645261,2025,2891,97.16994012756518,-0.08048441542826615,-0.06959911399884654,-0.106475190021456,-0.8048441542826614,-0.0036829882401057073,-0.027839645599538616,3.3329534325421264,0.9987416143655992,-3.077178104266295,-1.3609921326628864,0.11528721662200367,0.03454657953530263,-0.10643992059032496,-0.04707686380708705,4.3316950469077256,-4.4381702369291816,0.1498337961573063,-0.153516784397412,0.2929115589094927,0.26628079960348106,0.15314946488593958,0.16595439820351462,0.2795961792564869,0.8404480684552729,0.5600221238558799,42.083333333333336,23.47222222222222,42.083333333333336,51.736111111111114,79.93055555555556,9.791666666666666
"Jarvis, Bryce",686826,2024,1055,97.16958020478769,-0.02937456144520435,-0.0696079655099629,-0.038892879310026274,-0.2937456144520435,-0.0036865288445522533,-0.02784318620398516,0.2742939228596697,0.24795949394240324,-0.5879841182459131,0.026837822133813916,0.025999423967741204,0.023503269568000307,-0.05573309177686381,0.0025438693965700396,0.5222534168020729,-0.5611462961120992,0.04950269353574151,-0.05318922238029376,0.23229171712456026,0.26569347108558666,0.12864932899416265,0.12973612121974817,0.24899259410507346,0.8708072748930447,0.5598999344990591,42.01388888888889,43.26388888888889,42.01388888888889,51.45833333333333,52.84722222222222,42.01388888888889
"Saucedo, Tayler",642048,2023,786,97.15132352552607,-0.022025904603696446,-0.07005694848503959,-0.030387719191821816,-0.22025904603696447,-0.0038661220345829277,-0.028022779394015835,0.457261896545333,0.021274453972637275,-0.954119647036805,0.44519557732701287,0.0581758138098388,0.0027066735334144113,-0.12138926807084033,0.05664065869300418,0.4785363505179703,-0.5089240697097921,0.06088248734325322,-0.06474860937783615,0.27645127935698754,0.202347265877562,0.20043255182125663,0.10634735161453471,0.23939927261727478,0.8466100482821044,0.5430046604496896,41.94444444444444,46.666666666666664,41.94444444444444,15.625,44.44444444444444,14.652777777777779
"Berríos, José",621244,2025,2584,97.14754127317144,-0.07250700349761521,-0.07014996468422524,-0.10086200880840579,-0.7250700349761522,-0.00390332851425719,-0.0280599858736901,0.7338414607828554,-0.8317891097121901,-0.8109223990200576,0.8080080391409865,0.02839943733679781,-0.03218998102601355,-0.03138244578250997,0.03126966095746852,-0.09794764892933472,-0.002914359879071071,-0.0037905436892157396,-1.1278482504145017e-4,0.23742088287464713,0.20405325039050987,0.10505371235835267,0.12093830818473515,0.2207370666325785,0.8870039897284561,0.5538705281805173,41.875,26.319444444444446,41.875,37.083333333333336,26.52777777777778,66.31944444444444
"Smith, Drew",622098,2023,1082,97.13465580672468,-0.030498054611779242,-0.07046685446344556,-0.04360551348872832,-0.3049805461177924,-0.004030084425945316,-0.028186741785378226,-0.5740314054619375,-0.5593493407420738,1.0180805411978326,0.07169469151745034,-0.053052810116630086,-0.05169587252699388,0.09409247146005847,0.006626126757620179,-1.1333807462040113,1.089775232715283,-0.10474868264362396,0.10071859821767866,0.1703491028056799,0.20992102388281916,0.0397590610270901,0.1249090124608422,0.1901350633442495,0.9176659632560339,0.5539005133001417,41.80555555555556,42.638888888888886,41.80555555555556,37.15277777777778,8.680555555555555,90.20833333333333
"Robertson, David",502085,2023,1098,97.11969369095223,-0.031110650694019654,-0.07083481487709392,-0.045866409133623165,-0.31110650694019654,-0.00417726859140466,-0.028333925950837568,-1.4291946464718421,0.4332285979317021,1.5152560509752675,-0.5651564115687506,-0.13016344685535902,0.03945615646008216,0.13800146183745604,-0.051471440033583844,-0.99596604854014,0.9500996394065169,-0.09070729039527688,0.08653002180387222,0.14036944243516722,0.2952205957622571,0.03744733148612675,0.2530629275170875,0.21779501909871218,0.8547448704983929,0.5362699447985525,41.736111111111114,42.291666666666664,41.736111111111114,7.638888888888889,23.75,22.01388888888889
"Matz, Steven",571927,2025,1181,97.10909453198747,-0.03358550377860962,-0.07109547793947843,-0.05056491437119348,-0.33585503778609616,-0.004281533816358466,-0.028438191175791376,-0.5817049574711746,-0.6754461012715183,1.1808388488489072,0.02574729552259214,-0.04925528852423155,-0.05719272661062814,0.09998635468661365,0.002180126631887565,-1.2571510587426928,1.2065861443714994,-0.10644801513485969,0.10216648131850121,0.15928167827040562,0.16952138542033027,0.03718925654965576,0.14192908778403265,0.16440153184536793,0.9104408278331558,0.5374211798392619,41.66666666666667,41.18055555555556,41.66666666666667,8.958333333333334,2.569444444444444,85.97222222222223
"Pressly, Ryan",519151,2024,966,97.1085267044117,-0.02747668854838654,-0.07110944241300865,-0.04141357539174351,-0.2747668854838654,-0.00428711960577055,-0.02844377696520346,-0.5601357381754042,0.3556935817681506,0.2990674733778178,-0.1360388923623077,-0.05798506606370644,0.03682128175653733,0.03095936577410122,-0.014082701072702661,-0.2044421564072536,0.1630285810155101,-0.02116378430716911,0.01687666470139856,0.18194016748697367,0.29328334228604497,0.07268781667443519,0.14839188399958061,0.23761175488650932,0.8894601496629921,0.5635359522747507,41.59722222222222,43.958333333333336,41.59722222222222,58.75,42.291666666666664,69.44444444444444
"Alexander, Tyler",641302,2025,1584,97.10096841884146,-0.045172715933853955,-0.0712953218652998,-0.06908570676512227,-0.4517271593385395,-0.004361471386687012,-0.02851812874611992,0.9228484114421462,0.1606751223845322,-0.9435291527256595,-0.20908008786614118,0.058260632035489035,0.01014363146366996,-0.05956623438924618,-0.013199500496599821,1.0835235338266784,-1.1526092405918007,0.068404263499159,-0.072765734885846,0.2752524181268747,0.22799167976676654,0.13655432092882405,0.15123851398815566,0.2516220489468206,0.8561035825415102,0.5538628157441654,41.52777777777778,36.52777777777778,41.52777777777778,37.01388888888889,56.31944444444444,23.47222222222222
"Trivino, Lou",642152,2025,841,97.0878440914451,-0.024092324098631723,-0.07161808590556398,-0.03776575259348647,-0.24092324098631723,-0.0044905770027926836,-0.02864723436222559,0.19366255739987537,-0.025095099427517198,-0.6406479835239907,0.434314772958146,0.02302765248512192,-0.002983959503866492,-0.07617693026444598,0.051642660280397865,0.16856745797235817,-0.20633321056584464,0.02004369298125543,-0.024534269984048115,0.2374608149104687,0.22037586675736853,0.14108546694757382,0.1061476113494045,0.2289183408339186,0.8763834608515109,0.5526509008427147,41.458333333333336,46.111111111111114,41.458333333333336,34.93055555555556,34.09722222222222,50.48611111111111
"Milner, Hoby",571948,2023,1027,97.0713879399284,-0.0295869616598833,-0.07202278885073832,-0.047780745517457035,-0.295869616598833,-0.004652458180862419,-0.028809115540295326,0.8202338129260625,-0.9969330206658924,-0.6851380653324668,0.8140565275548397,0.07986697302103822,-0.09707234865295934,-0.0667125672183512,0.0792654846694099,-0.17669920773982994,0.1289184622223729,-0.017205375631921125,0.012552917451058706,0.441457884632265,0.15546391044810254,0.153174789241068,0.10587949361840049,0.2984608975401838,0.8704728585702657,0.5844668780552247,41.388888888888886,43.19444444444444,41.388888888888886,89.58333333333334,91.18055555555556,41.59722222222222
"Martin, Davis",663436,2025,2309,97.06457536942584,-0.06667498793540977,-0.07219032907688369,-0.10897266092479185,-0.6667498793540977,-0.004719474271320565,-0.028876131630753473,1.7445081971445688,0.540634785603288,-1.2682762739020745,-1.1258393697705742,0.07555254210240661,0.023414239307201733,-0.05492751294508768,-0.048758742735841236,2.285142982747857,-2.3941156436726487,0.09896678140960835,-0.10368625568092892,0.27362540430097887,0.2667860283851952,0.11360322204945861,0.17250680861613948,0.27020571634308704,0.8569449846672009,0.563575350505144,41.31944444444444,28.333333333333332,41.31944444444444,59.09722222222222,72.91666666666666,24.583333333333332
"Sabrowski, Erik",681870,2025,533,97.05513763441223,-0.015440461961961947,-0.07242242946511232,-0.02564963589384206,-0.15440461961961946,-0.004812314426612019,-0.028968971786044927,-0.6617418208911658,0.10121641371915757,0.49077818423029385,0.044097587047872366,-0.12415418778445887,0.018989946288772527,0.09207845857979247,0.00827346848928187,-0.5605254071720083,0.5348757712781662,-0.10516424149568636,0.10035192706907432,0.12442346408168525,0.2619651595220946,0.047532221629100986,0.12027482921692813,0.19319431180188992,0.9160964745769854,0.5546453931894376,41.25,48.40277777777778,41.25,39.09722222222222,9.930555555555555,89.65277777777779
"Elder, Bryce",693821,2025,2514,97.04222101711383,-0.07314742980904518,-0.07274008533119052,-0.12417593207430855,-0.7314742980904518,-0.004939376773043299,-0.029096034132476207,0.9717091527893444,0.33087148869753946,-1.4910336988032213,0.06427712524202889,0.03865191538541545,0.013161157068318993,-0.05930921634062137,0.0025567671138436313,1.302580641486884,-1.4267565735611925,0.05181307245373444,-0.056752449226777746,0.2579013710245568,0.2779255382640363,0.12600784950055308,0.14450167730678062,0.26791345464429656,0.8647452365963332,0.5663293456203149,41.18055555555556,26.111111111111114,41.18055555555556,64.86111111111111,70.69444444444444,33.75
"Brazobán, Huascar",623211,2025,991,97.01249970198542,-0.0291239106926042,-0.07347101587437992,-0.05184663249406185,-0.291239106926042,-0.005231748990319056,-0.029388406349751966,1.2085628963704949,0.3412942790039324,-0.838595839637037,-0.7631079682314521,0.12195387450761805,0.034439382341466436,-0.08462117453451433,-0.07700383130488922,1.5498571753744272,-1.601703807868489,0.15639325684908448,-0.16162500583940353,0.30305917810133715,0.30249196602221834,0.159043469036746,0.2094217877594681,0.30277557206177774,0.8157673716018929,0.5592714718318353,41.11111111111111,43.333333333333336,41.11111111111111,49.65277777777778,93.40277777777779,1.597222222222222
"Castro, Miguel",612434,2023,1113,97.0099112299943,-0.03273763671540501,-0.07353467366443173,-0.05851277074356176,-0.32737636715405005,-0.0052572121063397806,-0.02941386946577269,0.9194552868662527,-0.6898113698603083,-1.3284350363583144,1.0402783486088083,0.08261053790352674,-0.06197766126328017,-0.11935624765124118,0.09346615890465483,0.22964391700594433,-0.2881566877495061,0.02063287664024657,-0.02589008874658635,0.304462007757365,0.17090190892874357,0.1813404678343227,0.07914303072647552,0.23768195834305428,0.8697582507196009,0.5537201045313276,41.041666666666664,41.59722222222222,41.041666666666664,36.875,42.5,40.763888888888886
"Ramírez, Yohan",670990,2024,800,96.99109197552457,-0.02367919742162506,-0.07399749194257832,-0.04353871534078735,-0.23679197421625062,-0.0054423394175984185,-0.029598996777031327,0.09061533217766282,-1.234417764727823,-0.028630919958686718,1.1288946371680595,0.011326916522207853,-0.15430222059097787,-0.0035788649948358393,0.14111182964600744,-1.1438024325501601,1.1002637172093728,-0.14297530406877001,0.1375329646511716,0.2318005893660718,0.11386043426835685,0.09993222261357403,0.05848542375768001,0.17283051181721432,0.920791176814373,0.5468108443157936,40.97222222222222,46.18055555555556,40.97222222222222,22.15277777777778,4.305555555555555,91.31944444444444
"Herget, Jimmy",623474,2023,505,96.98569486182886,-0.01497430486698301,-0.07413022211377727,-0.02775192900469392,-0.1497430486698301,-0.0054954314860780045,-0.02965208884551091,0.20022695330010265,-0.27971530021432045,-0.6168576230629697,0.6685940409724935,0.039648901643584686,-0.05538916835927137,-0.12215002436890489,0.13239485959851358,-0.0794883469142178,0.05173641790952388,-0.015740266715686693,0.010244835229608689,0.29956968073993123,0.15845021177211818,0.24440810660043677,0.08304917616730567,0.22900994625602472,0.8362713586161288,0.5326406524360767,40.90277777777778,48.75,40.90277777777778,5.069444444444445,34.236111111111114,7.361111111111112
"Brazobán, Huascar",623211,2024,899,96.94739611684736,-0.026995925623466567,-0.07507209572710391,-0.05279090657336383,-0.26995925623466566,-0.005872180931408657,-0.030028838290841565,1.0367573404200812,0.41361157092137546,-1.0883763656847805,-0.41478345223004,0.11532339715462528,0.0460079611703421,-0.12106522421410237,-0.046138315042273635,1.4503689113414566,-1.5031598179148205,0.16133135832496737,-0.16720353925637602,0.2878335984013921,0.28656228753002966,0.17352753044734198,0.17691260216125826,0.2871979429657109,0.8247799336956999,0.5559889383307054,40.833333333333336,44.375,40.833333333333336,41.736111111111114,85.48611111111111,3.125
"Chavez, Jesse",445926,2024,1072,96.93931424737909,-0.03227614115610301,-0.07527085157673276,-0.06380204466790929,-0.32276141156103005,-0.005951683271260195,-0.030108340630693103,0.9102758007575176,-0.32907874316106245,-0.7782609821088045,0.13326187984444005,0.08491378738409679,-0.03069764395159165,-0.0725989722116422,0.012431145507876868,0.5811970575964551,-0.6449991022643644,0.05421614343250514,-0.06016782670376534,0.3270598325291057,0.21845364181258944,0.17938732657511497,0.13143604530769265,0.2727567371708476,0.8445883140585961,0.5586725256147218,40.763888888888886,41.80555555555556,40.763888888888886,48.125,74.93055555555556,13.055555555555557
"Schreiber, John",670167,2024,969,96.88600987990324,-0.029683088453539636,-0.0765817555560878,-0.06275287472249147,-0.29683088453539636,-0.006476044863002215,-0.030632702222435124,0.7803372963539914,-0.3400589607108486,-1.111887585673685,0.6088563753080507,0.08053016474241396,-0.03509380399492762,-0.11474588087447728,0.06283347526398872,0.4402783356431428,-0.5030312103656343,0.04543636074748635,-0.05191240561048858,0.2864018021734537,0.22397202596721444,0.16894548124928793,0.10184728194154932,0.25518691407033406,0.8646036184045813,0.5598952662374577,40.69444444444444,43.125,40.69444444444444,51.388888888888886,60.34722222222222,33.05555555555556
"Cole, Gerrit",543037,2024,1986,96.8473790482405,-0.061591258832016396,-0.07753179611281015,-0.1361613731618263,-0.6159125883201639,-0.006856061085691153,-0.03101271844512406,-0.9779965707169822,0.7315634459200737,0.8142876985137946,-0.7040159468787124,-0.04924454031807564,0.03683602446727461,0.041001394688509295,-0.03544893992339942,-0.2464331247969085,0.11027175163508218,-0.01240851585080103,0.005552454765109878,0.1809437956197096,0.279248300109875,0.07297769634346717,0.17306027693048018,0.23009604786479232,0.8769810133630264,0.5535385306139093,40.625,30.138888888888886,40.625,36.31944444444444,35.27777777777778,51.45833333333333
"Pivetta, Nick",601713,2025,2936,96.82935108591226,-0.09157402120600575,-0.07797515429666703,-0.20650075198710738,-0.9157402120600575,-0.007033404359233903,-0.03119006171866681,-2.7234888227825422,-0.2068348283510204,2.9851206330195055,-0.2612977338730502,-0.09276188088496397,-0.007044782981982985,0.10167304608377063,-0.008899786576057568,-2.9303236511335626,2.7238228991464553,-0.09980666386694696,0.09277325950771305,0.10871086825627273,0.27734161605874763,0.054366999140360646,0.1948233606245131,0.19302624215751019,0.8754048201175632,0.5342155311375367,40.55555555555556,20.416666666666668,40.55555555555556,6.111111111111111,9.86111111111111,48.888888888888886
"Davies, Zach",605200,2023,1497,96.79230880902016,-0.04723701334685853,-0.07888612783376507,-0.11074497279787465,-0.4723701334685853,-0.007397793774073123,-0.03155445113350603,1.0521341225849028,0.7328314574501746,-0.8258423846350524,-1.0698681681978996,0.07028284052003358,0.04895333717102035,-0.055166491959589344,-0.07146747950553772,1.7849655800350774,-1.895710552832952,0.11923617769105395,-0.12663397146512706,0.26883647764026913,0.2937994677848609,0.1227635530797775,0.20453943755837034,0.281317972712565,0.836348504680926,0.5588332386967455,40.486111111111114,35.90277777777778,40.486111111111114,48.541666666666664,80.90277777777779,7.430555555555555
"Bido, Osvaldo",674370,2025,1380,96.77591503399739,-0.043767691814783204,-0.0792892967659116,-0.10431504658765789,-0.43767691814783205,-0.007559061346931731,-0.03171571870636464,0.9999042410637458,-0.062263653706395417,-0.8003487825876618,-0.24160685135734639,0.07245682906259028,-0.004511858964231552,-0.05799628859330883,-0.01750774285198162,0.9376405873573503,-1.0419556339450082,0.06794497009835872,-0.07550403144529044,0.2822939040674384,0.24290291630740418,0.12179374967955557,0.14215051697882758,0.26259841018742125,0.8680278666708084,0.5653131384291148,40.416666666666664,37.01388888888889,40.416666666666664,62.708333333333336,66.875,38.40277777777778
"Martin, Chris",455119,2025,609,96.77444778059886,-0.019323662724975633,-0.07932538064439915,-0.046122583930809924,-0.19323662724975632,-0.0075734948983267525,-0.03173015225775966,0.317340923032134,0.25878328840735776,-0.46540293643192854,-0.15684385893837316,0.05210852594944729,0.042493150805805874,-0.07642084342067793,-0.025754328232901996,0.5761242114394918,-0.6222467953703017,0.09460167675525316,-0.10217517165357992,0.2710807080095679,0.33811031054892626,0.16996492704372895,0.1796427626743636,0.30459550927924706,0.8251961551409537,0.5648958322101003,40.34722222222222,47.291666666666664,40.34722222222222,61.875,94.09722222222221,3.194444444444444
"Bibee, Tanner",676440,2023,2323,96.73101132355148,-0.07470173777985667,-0.08039360501491247,-0.1858582273389402,-0.7470173777985667,-0.008000784646532078,-0.03215744200596499,-1.1181751609502726,0.17655717999298304,0.6942968374041811,0.06146291621416822,-0.04813496172838023,0.007600395178346235,0.029887939621359497,0.0026458422821424112,-0.9416179809572895,0.7557597536183494,-0.04053456655003399,0.03253378190350191,0.17538042099542248,0.24792822118542782,0.07049520144085775,0.13670326673114636,0.21165432109042515,0.896400765913998,0.5540275435022115,40.27777777777778,25.48611111111111,40.27777777777778,37.43055555555556,18.88888888888889,75.76388888888889
"Hand, Brad",543272,2023,991,96.73022699028161,-0.03187567117011267,-0.08041289397102086,-0.07936423726914654,-0.3187567117011267,-0.008008500228975432,-0.03216515758840834,-0.33390852203183385,-1.5568540764215868,0.6606299658096759,1.1507683953745982,-0.03369409909503873,-0.1570993013543478,0.06666296325021956,0.11612193697019153,-1.8907625984534207,1.811398361184274,-0.19079340044938653,0.1827849002204111,0.18798234225485586,0.1225872263705893,0.062376911010325296,0.059210337659888215,0.15528478431272258,0.9392063756648933,0.547245579988808,40.208333333333336,42.01388888888889,40.208333333333336,22.77777777777778,1.4583333333333333,97.15277777777777
"Liberatore, Matthew",669461,2024,1377,96.72375963125715,-0.04437902701858402,-0.08057194447818448,-0.11115309834644904,-0.44379027018584016,-0.008072120431840888,-0.0322287777912738,0.001550119410580919,1.1174246241218952,-0.7503883008998855,-0.4797395409790397,1.125722157284619e-4,0.081149210175882,-0.05449442998546736,-0.034839472837984005,1.1189747435324762,-1.2301278418789252,0.08126178239161047,-0.08933390282345136,0.21468000638283366,0.3370104976926856,0.12075009729509666,0.1540225376011664,0.2758452520377596,0.8626136825518684,0.569229467294814,40.13888888888889,36.875,40.13888888888889,70.41666666666667,77.36111111111111,30.833333333333336
"Gott, Trevor",641627,2023,976,96.72087212143943,-0.031483010197125294,-0.08064295644755452,-0.07906112614318772,-0.31483010197125294,-0.008100525219588907,-0.03225718257902181,0.7783770792175346,0.01001262159070393,-0.989328664225468,0.12187783727404167,0.07975174991982936,0.0010258833597032713,-0.10136564182637992,0.012487483327258367,0.7883897008082386,-0.8674508269514263,0.08077763327953263,-0.08887815849912155,0.28873991806732363,0.23971938057673345,0.20330163801881548,0.12757296095714826,0.2642296493220285,0.8345627005120182,0.5493961749170233,40.06944444444444,42.15277777777778,40.06944444444444,27.98611111111111,68.05555555555556,6.180555555555555
"Musgrove, Joe",605397,2023,1549,96.71187178679195,-0.050103520238699926,-0.08086429993334396,-0.12684857988938347,-0.5010352023869993,-0.008189062613904678,-0.032345719973337586,0.11377898946091136,0.38560524511149197,0.1563056724226044,-0.7825384868843912,0.007345318880626944,0.02489381827704919,0.010090747089903448,-0.05051894686148426,0.49938423457240333,-0.6262328144617868,0.03223913715767613,-0.04042819977158081,0.21791700839342273,0.26348683543725526,0.07853337129236483,0.17452957290515084,0.240701921915339,0.8734685279012422,0.5570852249082906,40,34.791666666666664,40,44.23611111111111,45.83333333333333,46.25
"Morton, Charlie",450203,2023,2840,96.71123862346744,-0.09187953367897575,-0.0808798711962815,-0.23274626778186303,-0.9187953367897576,-0.008195291119079684,-0.032351948478512596,-1.4293099681262902,-2.803420194053615,1.3417325603685413,2.658251334029501,-0.05032781577909472,-0.09871197866385968,0.04724410423832892,0.09360039908554581,-4.232730162179905,3.999983894398042,-0.1490397944429544,0.14084450332387471,0.18305419541276807,0.15633065026601886,0.0688130526036964,0.07657391787320951,0.16969242283939345,0.927306514761547,0.5484994688004703,39.93055555555556,20.34722222222222,39.93055555555556,25.416666666666664,3.4027777777777777,94.44444444444444
"Gore, MacKenzie",669022,2025,2818,96.65911949630362,-0.09261258571806386,-0.08216162679033344,-0.24539125279181917,-0.9261258571806386,-0.008707993356700467,-0.03286465071613338,-2.655145769097544,0.30569813671081647,3.534906663707943,-1.4308502841130348,-0.0942209286407929,0.010848053112520102,0.12544026485833723,-0.0507753826867649,-2.3494476323867275,2.1040563795949083,-0.0833728755282728,0.07466488217157233,0.1609713338455968,0.2536619044226428,0.04141550327638472,0.2193873975797,0.2073166191341198,0.8695985495719576,0.5384575843530387,39.861111111111114,20.13888888888889,39.861111111111114,9.791666666666666,16.458333333333332,40.416666666666664
"Morton, Charlie",450203,2025,2461,96.65704760358976,-0.08093006419136548,-0.0822125804463282,-0.21480530429801092,-0.8093006419136548,-0.008728374819098371,-0.03288503217853128,-0.8775177868769788,-2.195871837682148,0.7088929947565248,2.149691325504591,-0.03565696005188861,-0.08922681177091216,0.028805079023020104,0.08735031798068228,-3.073389624559127,2.858584320261116,-0.12488377182280078,0.11615539700370239,0.190070255066042,0.1597621453903099,0.07331084015714158,0.08505178919368575,0.17491620022817594,0.9208186853245863,0.5478674427763811,39.791666666666664,23.40277777777778,39.791666666666664,23.958333333333336,4.583333333333333,91.38888888888889
"Marsh, Alec",679525,2023,1342,96.65676701162963,-0.044135417395446665,-0.08221948099002732,-0.11717183219087701,-0.44135417395446663,-0.00873113503657802,-0.03288779239601093,-0.035931178892042226,0.3334430913307642,-0.10317961006239784,-0.31150413456720116,-0.0026774350888257993,0.024846728117046517,-0.007688495533710718,-0.023211932531088015,0.297511912438722,-0.414683744629599,0.022169293028220714,-0.03090042806479873,0.2052670609244611,0.23374175986807172,0.08835893980678254,0.14685596786972152,0.2195044103962664,0.882392546161748,0.5509484782790072,39.72222222222222,36.94444444444444,39.72222222222222,30.694444444444446,25.27777777777778,59.44444444444444
"Webb, Logan",657277,2025,3282,96.64098516930895,-0.10844725830374728,-0.08260760077981968,-0.2916510885008847,-1.0844725830374728,-0.008886382952494965,-0.033043040311927875,4.166766140239133,-1.8212039976099277,-2.9955078302568836,0.3582945991267934,0.12695813955634166,-0.05549067634399536,-0.09127080530947239,0.010916959144631122,2.3455621426292055,-2.63721323113009,0.07146746321234629,-0.08035384616484127,0.3849407312310391,0.1956710931965989,0.14097653061941098,0.1339031730766538,0.290305912213819,0.8625601481519676,0.5764330301828933,39.65277777777778,17.01388888888889,39.65277777777778,81.18055555555556,87.36111111111111,30.76388888888889
"Schreiber, John",670167,2023,819,96.62558958123371,-0.027186286161371098,-0.08298622149380677,-0.07401983783995547,-0.271862861613711,-0.009037831238089801,-0.033194488597522706,0.8581106030223964,-0.8436019692871923,-0.8212809149417808,0.7327524433666213,0.104775409404444,-0.10300390345386963,-0.10027849999289143,0.08946916280422726,0.014508633735204057,-0.08852847157515953,0.001771505950574366,-0.010809337188664168,0.3365543825162832,0.16326814143483248,0.16504994517219998,0.09495181469741501,0.24991126197555785,0.8699991200651925,0.5599551910203752,39.58333333333333,44.09722222222222,39.58333333333333,51.59722222222223,54.30555555555555,41.11111111111111
"Birdsong, Hayden",806185,2024,1388,96.61858993705684,-0.04616952279702425,-0.08315836238657105,-0.12640082382131368,-0.4616952279702425,-0.009106687595195511,-0.03326334495462842,-0.8098258906554747,0.3483462925693175,1.0672570866890965,-0.7321783124242529,-0.05834480480226763,0.025096995141881663,0.07689172094301848,-0.05275059887782802,-0.46147959808615724,0.33507877426484356,-0.033247809660385964,0.024141122065190458,0.1721881859766695,0.2750899879362901,0.050503087098147395,0.19468470360651582,0.22363908695647977,0.8774061046476684,0.5505225958020741,39.513888888888886,36.041666666666664,39.513888888888886,29.930555555555554,29.02777777777778,52.083333333333336
"Cavalli, Cade",676917,2025,788,96.60713576771454,-0.02630030456485562,-0.08344005255347595,-0.0726485856562249,-0.2630030456485562,-0.009219363661957474,-0.03337602102139038,-0.4155080362370427,0.2593902762043854,0.24436581326153828,-0.16089663888510586,-0.05272944622297496,0.03291754774167327,0.031010890007809426,-0.02041835518846521,-0.15611776003265732,0.08346917437643242,-0.019811898481301687,0.010592534819344216,0.19070692001797418,0.260409326014771,0.08329200705473759,0.14283026458614528,0.2255581230163726,0.8869388641795586,0.5562484935979656,39.44444444444444,45,39.44444444444444,42.15277777777778,31.041666666666668,66.18055555555556
"Lynch IV, Daniel",663738,2025,1086,96.60000055436781,-0.03632258513408108,-0.08361552747256233,-0.10088455241736938,-0.36322585134081076,-0.009289553629592023,-0.033446210989024935,0.4268916537299674,0.4735760766097883,-0.9013862088218048,-0.09996607393532031,0.0393086237320412,0.04360737353681292,-0.08300057171471499,-0.009204979183731152,0.9004677303397557,-1.001352282757125,0.08291599726885411,-0.09220555089844615,0.24768751089037633,0.27139054031997506,0.14945295110017676,0.13766684463897658,0.2595390256051757,0.8564401021304233,0.5579895638677995,39.375,40.34722222222222,39.375,46.458333333333336,64.65277777777779,23.819444444444443
"Roupp, Landen",694738,2024,907,96.59678242858081,-0.0303644263545077,-0.08369467021639386,-0.08454338129502048,-0.303644263545077,-0.00932121072712464,-0.03347786808655755,-0.7722908004755027,-1.900212849828904,1.1291996747951316,1.4587605942142545,-0.08514782805683602,-0.20950527561509413,0.12449831034124935,0.16083358260355618,-2.6725036503044066,2.587960269009386,-0.29465310367193015,0.2853318929448055,0.1576479276665303,0.07439023437450895,0.03308137405874246,0.06181445286406588,0.11601908102051962,0.9525520865385958,0.5342855837795577,39.30555555555556,42.77777777777778,39.30555555555556,6.319444444444445,0.20833333333333334,98.75
"Schmidt, Clarke",657376,2024,1739,96.59165978789588,-0.058305644366786216,-0.08382065032602963,-0.16297217218732385,-0.5830564436678621,-0.009371602770978944,-0.03352826013041185,1.0783826142111366,-0.08815755218802224,-0.8809782324742628,-0.2722190017361754,0.06201165119097968,-0.005069439458770687,-0.050660047870860425,-0.015653766632327513,0.9902250620231143,-1.1531972342104382,0.05694221173220899,-0.06631381450318793,0.2841362306069693,0.23087186899860276,0.14119374244332314,0.13631654990667758,0.257504049802786,0.8612448538249997,0.5593744518138929,39.23611111111111,30.90277777777778,39.23611111111111,50,62.43055555555556,29.51388888888889
"Berríos, José",621244,2023,2979,96.55808702303734,-0.10086452968112206,-0.08464629882605071,-0.28901847407371406,-1.0086452968112205,-0.00970186217098738,-0.03385851953042029,-0.033517344592155496,-1.6264917977898676,-0.006353937216658778,1.3773446055249678,-0.0011251206643892412,-0.0545985833430637,-2.1329094382876058e-4,0.04623513278029432,-1.6600091423820231,1.370990668308309,-0.05572370400745295,0.046021841836465564,0.21053490651585152,0.1890624399056773,0.08325941900017153,0.11573833816334493,0.19979867321076442,0.9005011214182418,0.5501498973145031,39.166666666666664,18.541666666666668,39.166666666666664,29.236111111111114,12.63888888888889,79.58333333333333
"Carrasco, Carlos",471911,2023,1578,96.5517112736456,-0.05352771444469475,-0.08480309639527052,-0.15408509131509618,-0.5352771444469475,-0.009764581198675296,-0.033921238558108205,1.4122789951368304,0.6334447733881916,-1.2018221444768642,-0.997986715363254,0.0894980351797738,0.04014225433385245,-0.07616109914302054,-0.06324377156928099,2.045723768525022,-2.199808859840118,0.12964028951362622,-0.13940487071230154,0.2671271830460945,0.2688034982330268,0.11999435757654864,0.19723311180299816,0.2679653406395607,0.8413862653102266,0.5546758029748937,39.09722222222222,32.84722222222222,39.09722222222222,39.166666666666664,70.90277777777779,10.694444444444445
"Baumann, Mike",657508,2023,1068,96.50945123881857,-0.03667186868422521,-0.0858423892421002,-0.10872558624350859,-0.36671868684225206,-0.01018029833740717,-0.03433695569684008,-0.6869320996971737,0.6528148299939858,0.354126831603935,-0.4287351481442556,-0.06431948499037207,0.061124984081833866,0.03315794303407631,-0.040143740462945283,-0.03411726970318796,-0.07460831654032063,-0.003194500908538198,-0.006985797428868973,0.18193695757656997,0.33277848347288974,0.071440423174898,0.19031229320317328,0.2573577205247298,0.8691236418109644,0.5632406811678471,39.02777777777778,40.06944444444444,39.02777777777778,58.05555555555556,62.291666666666664,39.72222222222222
"López, Jorge",605347,2024,816,96.48312556821321,-0.028230274427115627,-0.08648981135758463,-0.08518442021818373,-0.28230274427115626,-0.010439267183600947,-0.034595924543033854,0.05724108872345823,-0.058114751807124776,-0.40957988316313276,0.3252691260286156,0.007014839304345372,-0.007121905858716272,-0.05019361313273686,0.03986141250350681,-8.736630836665427e-4,-0.08431075713451719,-1.0706655437089982e-4,-0.010332200629230048,0.22758763837537618,0.2196979459972457,0.11654189241870835,0.1143217947856395,0.22364279218631095,0.884568156397826,0.5541054742920685,38.958333333333336,43.81944444444444,38.958333333333336,37.56944444444444,29.097222222222225,62.56944444444444
"Gómez, Yoendrys",672782,2025,1099,96.47864565755636,-0.038069353376193465,-0.08659998493219624,-0.11521186938176697,-0.38069353376193465,-0.010483336613445585,-0.034639993972878494,-0.0928862739010583,-0.1260274359763116,-0.31167138247099047,0.4153732229665934,-0.008451890254873367,-0.011467464602030174,-0.02835954344595,0.03779556168940795,-0.2189137098773699,0.10370184049560294,-0.01991935485690354,0.009436018243457956,0.2133224759845391,0.21646745554442917,0.10651200665862864,0.10911964230023005,0.21489496576448414,0.8921841755205706,0.5535395706425273,38.88888888888889,39.09722222222222,38.88888888888889,36.388888888888886,21.666666666666668,72.43055555555556
"Burrows, Mike",681347,2025,1537,96.46583661209363,-0.05343533911349317,-0.08691499530496613,-0.16306556752044798,-0.5343533911349317,-0.010609340762553545,-0.034765998121986455,-0.313148443045975,0.35609065492531045,0.4042660231714308,-0.6102738025712142,-0.020374004101885168,0.023167902077118444,0.026302278670880336,-0.03970551740866716,0.042942211879335446,-0.20600777939978343,0.0027938979752332753,-0.013403238737786819,0.19860718917440345,0.23353338194374784,0.0759432025908908,0.16484972380595742,0.21607028555907565,0.8796035368015759,0.5478369111803257,38.81944444444444,32.916666666666664,38.81944444444444,23.819444444444443,22.5,55.208333333333336
"Rogers, Taylor",573124,2025,906,96.46052044395455,-0.03154537429071464,-0.08704573479777769,-0.09659442723068423,-0.3154537429071464,-0.01066163655967817,-0.03481829391911108,-0.6312522495611574,-2.539400750474897,0.8333797324849002,2.24067884032047,-0.06967464123191583,-0.28028705855131314,0.0919845179343157,0.2473155452892351,-3.1706530000360544,3.07405857280537,-0.34996169978322894,0.33930006322355083,0.126885169560517,0.024625113673758327,0.04855444805277536,0.0035251066011519386,0.07575514161713767,0.9739602226730364,0.524857682145087,38.75,42.083333333333336,38.75,1.5277777777777777,0,100
"Kelly, Kevin",687330,2024,1047,96.43695668741901,-0.036697447871792827,-0.08762523369578037,-0.11405427616466568,-0.36697447871792827,-0.010893436118879244,-0.03505009347831215,0.23257672213264868,-1.2714878021101867,-1.5043847611523233,2.4292415649651957,0.022213631531294048,-0.1214410508223674,-0.1436852684959239,0.23201925166811802,-1.038911079977538,0.9248568038128724,-0.09922741929107336,0.08833398317219411,0.36398628475020417,0.13141370562003662,0.28246117076531585,0.029646611017665678,0.2476999951851204,0.8439461091085092,0.5458230521468148,38.68055555555556,40,38.68055555555556,20.208333333333332,51.80555555555556,12.430555555555555
"Anderson, Chase",502624,2023,1359,96.40142226748779,-0.048108124240655116,-0.08849912479885046,-0.15279226889185793,-0.48108124240655115,-0.01124299256010728,-0.035399649919540185,0.5709413487065831,0.34389279113474913,-1.1489608147549006,0.08133440602171049,0.04201187260534092,0.025304841143101484,-0.08454457798049306,0.005984871671943377,0.9148341398413322,-1.0676264087331901,0.0673167137484424,-0.07855970630854968,0.257604540645634,0.27764871696435867,0.16285206988635278,0.13453243768207074,0.2676266288049963,0.8513077462157883,0.5594671875103923,38.611111111111114,35.55555555555556,38.611111111111114,50.27777777777778,70.48611111111111,18.958333333333332
"Holderman, Colin",670059,2023,920,96.33646458068561,-0.03315555490956321,-0.09009661660207394,-0.10931430138884934,-0.3315555490956321,-0.011881989281396669,-0.03603864664082958,0.34853791413752333,-0.5471651225277583,-1.033152512250581,1.1224654192519665,0.03788455588451341,-0.059474469839973725,-0.11229918611419358,0.12200711078825724,-0.19862720839023496,0.08931290700138561,-0.02158991395546032,0.009707924674063654,0.2609855590522986,0.18845750733643782,0.21425154961294848,0.061708275081324745,0.22472153319436822,0.8620200876528634,0.5433708104236158,38.54166666666667,41.31944444444444,38.54166666666667,16.38888888888889,30.138888888888886,30.208333333333332
"Boushley, Caleb",676961,2025,742,96.33177853820531,-0.026774879910484467,-0.09021185953667274,-0.0885064014978525,-0.26774879910484467,-0.011928086455236185,-0.03608474381466909,0.2871966047987371,0.021998294032982812,-0.3607099176188058,-0.03699138271076663,0.03870574188662225,0.0029647296540408104,-0.048613196444582986,-0.004985361551316257,0.3091948988317199,-0.3977013003295724,0.04167047154066306,-0.05359855799589925,0.26491097510382716,0.2524800219159754,0.12627318780208618,0.13849304943935056,0.25869549850990126,0.8676168813792816,0.5631561899445914,38.47222222222222,44.65277777777778,38.47222222222222,57.638888888888886,63.47222222222222,37.638888888888886
"Henry, Tommy",674072,2023,1386,96.31782080643714,-0.05020375815607847,-0.09055511932914587,-0.16722631055904458,-0.5020375815607847,-0.012065390372225438,-0.036222047731658345,-0.6036870491780064,0.25930993425481574,0.6220222841327541,-0.44487147976860797,-0.04355606415425732,0.01870923046571542,0.04487895267913089,-0.03209750936281443,-0.3443771149231907,0.1771508043641461,-0.0248468336885419,0.012781443316316456,0.17704497622711302,0.24938969002548522,0.06864510721586761,0.15822128919398773,0.21321733312629912,0.8865668017950723,0.5498920674606858,38.40277777777778,34.72222222222222,38.40277777777778,28.819444444444443,20.555555555555554,65.41666666666667
"Battenfield, Peyton",685410,2023,550,96.27063731032182,-0.020177408659168068,-0.09171549390530939,-0.0689124711147997,-0.2017740865916807,-0.012529540202690854,-0.03668619756212376,-0.08965836139486782,0.36075951485690894,-0.14263506651286662,-0.1973785580639742,-0.016301520253612332,0.06559263906489253,-0.025933648456884843,-0.035887010557086214,0.2711011534620411,-0.3400136245768408,0.0492911188112802,-0.06182065901397106,0.19885569858293722,0.3920939498453536,0.10209630348405715,0.21052113147822835,0.2954748242141454,0.8436912825188573,0.5695830533665014,38.333333333333336,46.94444444444444,38.333333333333336,70.90277777777779,90.06944444444444,12.152777777777777
"Priester, Quinn",682990,2025,2565,96.26163467087464,-0.09432725331847847,-0.0919368940725911,-0.3236542719153306,-0.9432725331847847,-0.012618100269603532,-0.03677475762903644,1.6635326554663834,-0.7665684980545677,-1.1867388108194064,-0.033879618507739906,0.06485507428718844,-0.029885711425129347,-0.046266620304850146,-0.001320842826812472,0.8969641574118157,-1.2206184293271463,0.03496936286205909,-0.04758746313166262,0.281682382440746,0.22577480927755306,0.11592956296049416,0.14055780149911762,0.25372859585914953,0.8717563177701941,0.5627424568146718,38.263888888888886,19.72222222222222,38.263888888888886,56.94444444444444,58.88888888888889,43.958333333333336
"Fedde, Erick",607200,2025,2369,96.25498384533059,-0.08727439261381405,-0.09210045653631707,-0.3004727132931748,-0.8727439261381404,-0.012683525255093914,-0.036840182614526824,1.0028854676575065,0.2931623975205184,-2.7001187504861264,1.1035981720149266,0.042333704839911626,0.01237494290926629,-0.11397715282761192,0.04658497982334008,1.296047865178025,-1.5965205784711998,0.05470864774917792,-0.06739217300427183,0.26165648759816934,0.2495118639479519,0.1803907373298024,0.10830616292457572,0.25558417577306064,0.855651549872811,0.5556178628229358,38.19444444444444,21.38888888888889,38.19444444444444,40.763888888888886,60.55555555555555,22.916666666666664
"Kelly, Zack",677161,2024,957,96.20988359719938,-0.03568063419039535,-0.09320959819852495,-0.12562713097418055,-0.3568063419039535,-0.013127181919977068,-0.03728383927940998,-0.17060261303504376,-0.30861556253364597,-0.48975851528632575,0.8433495598808349,-0.017826814319231325,-0.03224823014980627,-0.05117643837892641,0.08812430092798693,-0.47921817556868973,0.3535910445945092,-0.050075044469037586,0.036947862549060524,0.20288775792242184,0.2130788277650801,0.12122689350918328,0.0856143711195399,0.20798329284375097,0.8965793676856384,0.5522813302646947,38.125,40.55555555555556,38.125,34.44444444444444,16.805555555555557,75.90277777777777
"Martinez, Nick",607259,2025,2595,96.2087622558469,-0.09678018778400486,-0.09323717512909911,-0.34093661936276476,-0.9678018778400487,-0.013138212692206734,-0.037294870051639645,0.06121391406236398,2.0071996774317995,-0.9215373563260982,-1.48781285453083,0.002358917690264508,0.07734873516114835,-0.03551203685264348,-0.057333828690976106,2.0684135914941635,-2.4093502108569282,0.07970765285141285,-0.09284586554361958,0.21636360216285772,0.3730251767246827,0.10174392411384646,0.19452429141564986,0.29469438944377024,0.8518658922352518,0.573280140839511,38.05555555555556,19.23611111111111,38.05555555555556,76.94444444444444,89.79166666666667,19.583333333333332
"Clevinger, Mike",605182,2023,2098,96.18342776487879,-0.07876749776182737,-0.09386022135584768,-0.28086830621737136,-0.7876749776182738,-0.013387431182906164,-0.03754408854233907,-1.8918821858364936,-0.1801482850166849,1.0143128845993488,0.7768492800364584,-0.09017550933443726,-0.008586667541310052,0.048346657988529496,0.037028087704311645,-2.0720304708531785,1.7911621646358071,-0.0987621768757473,0.08537474569284115,0.15447862345532912,0.2099792238135138,0.060215579946509216,0.11572076178083154,0.18222892363442145,0.9120318291363296,0.5471303763853755,37.98611111111111,23.958333333333336,37.98611111111111,22.430555555555557,6.388888888888888,87.22222222222223
"Senga, Kodai",673540,2023,2784,96.18183835721727,-0.1045662708926636,-0.09389930935045221,-0.37314136804002374,-1.045662708926636,-0.013403066380747978,-0.037559723740180885,-0.10887007688734229,1.6833354937780314,-0.3238596552407671,-1.6237471296899457,-0.003910563106585571,0.06046463698915343,-0.01163288991525744,-0.058324250348058396,1.574465416890689,-1.9476067849307128,0.05655407388256786,-0.06995714026331583,0.20891296873748066,0.3108117008102544,0.0904893228251734,0.2145832454738193,0.25986233477386755,0.8474637158505036,0.5536630253121856,37.916666666666664,18.055555555555554,37.916666666666664,36.736111111111114,64.79166666666667,15.347222222222223
"Dollander, Chase",801403,2025,1778,96.17154413478733,-0.06696123891688982,-0.09415247316773033,-0.24010702131818107,-0.6696123891688982,-0.013504331907659227,-0.03766098926709213,-0.12886322993222166,-1.165690992413829,0.7793743923907641,0.2750728086371055,-0.007247650727346551,-0.06556192308289252,0.043834330280695395,0.015470911621884447,-1.2945542223460507,1.0544472010278696,-0.07280957381023907,0.05930524190257984,0.20985906215829972,0.19091262432822317,0.07117646466030149,0.1230850121353631,0.20038584324326145,0.9028692616021677,0.5516275524227146,37.84722222222222,28.055555555555557,37.84722222222222,32.22222222222222,12.986111111111112,81.59722222222221
"Hancock, Emerson",676106,2024,1068,96.16684565975804,-0.04027129893585668,-0.09426802185359709,-0.14471988875982333,-0.4027129893585668,-0.01355055138200593,-0.03770720874143884,1.3908281956801147,0.20034417333590682,-0.9593285002974881,-0.7765637574783568,0.13022735914607816,0.018758817728081162,-0.08982476594545769,-0.07271196231070756,1.5911723690160215,-1.7358922577758449,0.14898617687415933,-0.16253672825616525,0.34825679567958284,0.2658174582104918,0.1369260039408059,0.20122147087370892,0.3070371269450373,0.8309262625927426,0.5689816947688899,37.77777777777778,38.19444444444444,37.77777777777778,69.93055555555556,94.86111111111111,4.652777777777778
"Rodriguez, Eduardo",593958,2023,2362,96.16499453710051,-0.08910743840665838,-0.09431354615438016,-0.32049413723677844,-0.8910743840665838,-0.013568761102319155,-0.037725418461752064,1.9757859825581363,0.7948325345826106,-1.535401848528636,-1.5557108058488893,0.08364885616249519,0.03365082703567361,-0.06500431196141558,-0.06586413233907237,2.770618517140747,-3.0911126543775254,0.11729968319816879,-0.13086844430048797,0.2931548543746308,0.29276825611405616,0.1421998613840149,0.18714894101937105,0.2929615552443435,0.835325598798307,0.5641435770213252,37.708333333333336,20.833333333333336,37.708333333333336,60.138888888888886,88.88888888888889,6.736111111111111
"Barlow, Scott",605130,2024,1020,96.14322281760718,-0.03869838132373625,-0.0948489738326869,-0.1405859081711469,-0.38698381323736253,-0.013782932173641856,-0.03793958953307476,0.7298390941509751,-0.8781962706580089,6.757616329196026e-4,0.007095506702967214,0.07155285236774266,-0.08609767359392244,6.625114048231395e-5,6.956379120556092e-4,-0.14835717650703373,0.007771268335886816,-0.014544821226179777,7.618890525379232e-4,0.26170142336482577,0.18110773947740608,0.08900118005025089,0.13375563216257866,0.2214045814211159,0.8886215938935852,0.5550130876573506,37.638888888888886,38.958333333333336,37.638888888888886,39.58333333333333,27.22222222222222,68.19444444444444
"Kirby, George",669923,2023,2812,96.12126382433259,-0.10729355518473489,-0.09538900709880413,-0.39365034690009537,-1.072935551847349,-0.013998945480088742,-0.03815560283952165,0.021727957931034325,-0.19068551822874724,-0.7103474573183561,0.4856546707159737,7.726869819002247e-4,-0.0067811350721460615,-0.02526128937831992,0.017270791988477016,-0.16895756029771292,-0.22469278660238245,-0.006008448090245836,-0.007990497389842904,0.20737975390185243,0.22072981071787293,0.10020106720208434,0.12669149674011906,0.2140547823098627,0.8865537180288983,0.5503042501693804,37.56944444444444,17.291666666666668,37.56944444444444,29.375,21.041666666666668,65.20833333333333
"Detmers, Reid",672282,2024,1643,96.10227537668267,-0.06299655420427466,-0.09585598631204299,-0.2330716616272639,-0.6299655420427466,-0.01418573716538429,-0.0383423945248172,-1.3297339030232251,0.8780808655960755,0.9929440194002837,-0.7743626436003979,-0.08093328685473068,0.05344375323165401,0.06043481554475251,-0.047131019087060126,-0.4516530374271497,0.2185813757998858,-0.02748953362307667,0.013303796457692378,0.1639785893613443,0.26897376200986034,0.059411200891370045,0.1777688809621797,0.21647617568560232,0.8814099590732252,0.5489430673794138,37.5,29.86111111111111,37.5,26.73611111111111,22.84722222222222,58.12500000000001
"Ortiz, Luis",682847,2024,2155,96.09360012824006,-0.08281176678361557,-0.09606933501579533,-0.30754170174037654,-0.8281176678361557,-0.014271076646885221,-0.03842773400631813,2.4574906405316597,-0.019789934241771334,-2.0744422864663647,-0.6708001215639001,0.11403668865576147,-9.183264149313845e-4,-0.09626182303788236,-0.03112761584983295,2.4377007062898883,-2.745242408030265,0.11311836224083009,-0.1273894388877153,0.3267859123751,0.2424397089621947,0.17110008399670423,0.14390691706455935,0.28461281066864735,0.8424964994693682,0.5635546550690078,37.43055555555556,22.708333333333332,37.43055555555556,58.958333333333336,83.61111111111111,11.458333333333332
"Adams, Travis",701519,2025,663,96.07203044347794,-0.025618265393492785,-0.09659979409311005,-0.09602401564188767,-0.25618265393492784,-0.014483260277811112,-0.03863991763724402,0.470058337800765,0.029431416302941216,-0.4154025916086539,-0.18011117813694,0.07089869348427828,0.004439127647502446,-0.0626549911928588,-0.02716609021673303,0.4994897541037062,-0.5955137697455939,0.07533782113178072,-0.08982108140959184,0.2698823706025799,0.23781622129117685,0.12377712801518118,0.15066889414395676,0.2538492959468784,0.8627769889204311,0.5583131424336547,37.361111111111114,45.27777777777778,37.361111111111114,47.291666666666664,59.02777777777778,31.11111111111111
"Suarez, Ranger",624133,2025,2502,96.06885963225477,-0.09675511545763375,-0.09667777323904253,-0.3631515874433262,-0.9675511545763376,-0.014514451936184102,-0.03867110929561701,0.8172633168928769,-0.19603900723518564,-0.8313710775705658,-0.15300481953045164,0.032664401154791245,-0.007835292055762815,-0.03322826049442709,-0.006115300540785437,0.6212243096576913,-0.9843758971010175,0.02482910909902843,-0.039343561035212526,0.2480409742371307,0.23003269467923737,0.1208484370540308,0.13693367228995793,0.23903683445818402,0.8711089453280056,0.5550728898930948,37.291666666666664,19.305555555555557,37.291666666666664,39.65277777777778,44.30555555555556,42.916666666666664
"Payamps, Joel",606303,2024,930,96.06671438337656,-0.035983757505577495,-0.09673053092897174,-0.13518066161304887,-0.35983757505577496,-0.014535555012155794,-0.0386922123715887,0.5572941461687151,-0.4733421756473035,-0.5026307295438528,0.28349809740939236,0.05992410173857152,-0.05089700813411866,-0.05404631500471536,0.030483666388106706,0.08395197052141157,-0.21913263213446044,0.009027093604452856,-0.023562648616608648,0.26022705196138723,0.20309697233842833,0.1095298358089,0.12032114885159355,0.23166201214990778,0.8850745076697533,0.5583682599098305,37.22222222222222,40.416666666666664,37.22222222222222,47.5,36.388888888888886,62.98611111111111
"Soriano, George",666277,2025,692,96.06004241200715,-0.026820428996837876,-0.0968946134278825,-0.101040221041103,-0.26820428996837875,-0.014601188011720086,-0.038757845371152996,0.6089414354889868,0.0049226633045691415,-0.7187899250375267,0.003885605202867737,0.08799731726719463,7.113675295620145e-4,-0.10387137645050963,5.615036420329099e-4,0.613864098793556,-0.714904319834659,0.08870868479675664,-0.10330987280847673,0.2713199919627747,0.24016629573036352,0.13871373383385083,0.12989896910205692,0.2557431438465691,0.8656936485320461,0.5607183961893076,37.15277777777778,44.583333333333336,37.15277777777778,53.40277777777778,60.83333333333333,35.41666666666667
"Gibson, Kyle",502043,2024,2741,96.04811111504299,-0.10655696431711421,-0.09718803750192831,-0.403435664949086,-1.0655696431711421,-0.014718557641338418,-0.038875215000771325,0.7698703095250039,0.7689580517339891,-1.85853119635442,-0.08373282985365904,0.02808720574699029,0.028053923813717227,-0.06780485940731193,-0.003054827794734004,1.538828361258993,-1.942264026208079,0.05614112956070752,-0.07085968720204594,0.2425387271244313,0.254363052230542,0.12861869493582784,0.1375399519067025,0.24845088967748666,0.8669206765787348,0.5576857831281108,37.083333333333336,17.5,37.083333333333336,45.763888888888886,52.5,36.80555555555556
"Ureña, José",570632,2023,771,96.04676727801055,-0.029982982991987882,-0.09722108622564164,-0.11358200167865107,-0.29982982991987883,-0.014731777130823744,-0.038888434490256654,1.0393615043306,0.5395731832932142,-1.3585979939321078,-0.33391869537035745,0.13480693960189363,0.06998355165930145,-0.17621245057485185,-0.04330981781716698,1.5789346876238142,-1.6925166893024652,0.20479049126119508,-0.21952226839201885,0.3051448747384205,0.27658093375655235,0.2261215040296521,0.1914956283011064,0.2908629042474864,0.7911914338346208,0.5410271690410535,37.01388888888889,42.84722222222222,37.01388888888889,12.777777777777777,87.70833333333333,0.2777777777777778
"Ashcraft, Graham",668933,2025,1043,96.03756316324524,-0.04065507248381686,-0.09744744123637791,-0.15459678857928338,-0.4065507248381686,-0.014822319135118254,-0.03897897649455116,-0.4960513771093247,0.5737603643531202,-0.1724009039644443,-0.05990487185863458,-0.04756005533167063,0.055010581433664454,-0.016529329239160527,-0.005743515997951542,0.07770898724379549,-0.23230577582307887,0.007450526101993814,-0.02227284523711207,0.19283861457720936,0.3590009339249445,0.10856763025463799,0.20532830058975632,0.27591977425107694,0.8430520345778029,0.5594859044144399,36.94444444444444,37.98611111111111,36.94444444444444,50.416666666666664,77.5,11.73611111111111
"Gibson, Kyle",502043,2023,3054,96.02548951908435,-0.11940451753912926,-0.097744366027447,-0.4563008596342115,-1.1940451753912926,-0.014941089051545892,-0.0390977464109788,0.8091219733328217,0.6144351589138068,-2.197382527277,0.31752453539616,0.026493843265645762,0.020119029433981885,-0.07195096683945645,0.010397005088282908,1.4235571322466285,-1.87985799188084,0.04661287269962765,-0.061553961751173544,0.24440042343469418,0.25873773500094766,0.12672275125973118,0.1339199488403424,0.2515690792178209,0.8696786499499632,0.5606238645838921,36.875,15.347222222222223,36.875,53.125,56.25,40.625
"Gore, MacKenzie",669022,2024,2992,96.02195002934285,-0.11708463389683957,-0.09783141201273357,-0.4480791507741628,-1.1708463389683956,-0.014975907445660522,-0.03913256480509343,-2.9811299763416628,1.7563454347937295,2.5091003702618764,-1.732394979488106,-0.09963669707024274,0.0587013848527316,0.08386030649270977,-0.057900901720859155,-1.2247845415479333,0.7767053907737704,-0.040935312217511136,0.025959404771850617,0.1709753881706171,0.3152554559159606,0.053896802182231,0.24103119482907287,0.24311542204328884,0.852536001494348,0.5478257117688184,36.80555555555556,15.625,36.80555555555556,23.75,47.986111111111114,20.27777777777778
"Freeland, Kyle",607536,2024,1768,96.00822148866901,-0.06942514180166945,-0.09816903535303936,-0.2671617159019206,-0.6942514180166944,-0.01511095678178284,-0.03926761414121575,1.6921718931507712,0.7839967459581203,-1.5764867250462657,-1.1668436299645464,0.09571107992934226,0.044343707350572414,-0.08916780119039965,-0.06599794287129787,2.4761686391088915,-2.743330355010812,0.1400547872799147,-0.1551657440616975,0.29203031417745623,0.31851522782964,0.16688839632334654,0.18534978985235306,0.3052727710035481,0.8238809069121502,0.5645768389578492,36.736111111111114,27.430555555555557,36.736111111111114,61.31944444444445,94.44444444444444,2.986111111111111
"Suter, Brent",608718,2024,1022,95.98175137742808,-0.04039761995272093,-0.0988200096690825,-0.15709516131380497,-0.4039761995272093,-0.015371346508200094,-0.039528003867633,0.02855292723961611,0.39554956954088993,-0.5783422049885303,-0.0028554531057807253,0.0027938284970270167,0.038703480385605664,-0.05658925684819279,-2.793985426399927e-4,0.42410249678050604,-0.581197658094311,0.041497308882632686,-0.05686865539083279,0.23857415812662428,0.328112627641828,0.13145112995310276,0.14111372833423896,0.28334339288422616,0.8637175708563292,0.5735304818702777,36.666666666666664,38.125,36.666666666666664,77.63888888888889,82.70833333333333,32.013888888888886
"Covey, Dylan",592229,2023,734,95.96831800961425,-0.029110549771298354,-0.099150373880444,-0.11379563269474602,-0.29110549771298355,-0.015503492192744689,-0.0396601495521776,-0.0054656961715409125,0.3220827242739688,-0.8523226147799505,0.42190995398277664,-7.446452549783258e-4,0.04388048014631727,-0.11612024724522486,0.05748092016114124,0.31661702810242787,-0.4304126607971739,0.043135834891338945,-0.058639327084083634,0.2375815924244451,0.286503848415337,0.17389199432963812,0.09533534330903799,0.2620427204198911,0.865386331180662,0.5637145258002765,36.59722222222222,43.40277777777778,36.59722222222222,59.375,66.52777777777777,34.791666666666664
"Civale, Aaron",650644,2023,2002,95.96158469254661,-0.07953222480581223,-0.09931596504222308,-0.31170596772227555,-0.7953222480581223,-0.01556972865745632,-0.03972638601688923,-0.7782467843277914,0.40533239410251554,0.9942415107882425,-0.9330330882852422,-0.03887346575063893,0.020246373331793983,0.049662413126285845,-0.04660504936489721,-0.37291439022527584,0.06120842250300029,-0.018627092418844946,0.0030573637613886258,0.1983172221233454,0.24403339840404828,0.07956027292930223,0.16938581282913162,0.22117531026369686,0.8755269571207831,0.54835113369224,36.52777777777778,23.75,36.52777777777778,25,26.944444444444443,49.09722222222222
"Megill, Tylor",656731,2023,2233,95.95970142375748,-0.0887503884125673,-0.09936227990659124,-0.3480857252895362,-0.8875038841256729,-0.015588254603203589,-0.0397449119626365,-1.698241014015764,0.6797344664382763,1.48864466586042,-0.8182238435724685,-0.07605199346241666,0.03044041497708358,0.0666656814088858,-0.03664235752675631,-1.0185065475774877,0.6704208222879515,-0.04561157848533308,0.03002332388212949,0.1746893196983502,0.26304325919260946,0.05924098724003152,0.16451260924992536,0.2188662894454798,0.8881232017550216,0.5534947456002507,36.45833333333333,21.041666666666668,36.45833333333333,36.18055555555556,24.791666666666668,67.98611111111111
"Banks, Tanner",621383,2024,1194,95.94688372401514,-0.04760597548647385,-0.09967750311238245,-0.18762926599310958,-0.4760597548647385,-0.015714343885520066,-0.03987100124495298,0.1547666306141764,0.5276546536915703,-0.9882654203506718,0.11821487005181552,0.01296202936467139,0.04419218205122029,-0.08276929818682342,0.009900742885411686,0.6824212843057467,-0.8700505502988563,0.05715421141589168,-0.07286855530141174,0.23607984582167676,0.33943688051091864,0.15438767184080512,0.12618736470762817,0.2877583631662977,0.8597124817257833,0.5737354224460405,36.388888888888886,35.69444444444444,36.388888888888886,77.98611111111111,85.83333333333333,26.944444444444443
"Allard, Kolby",663465,2025,1000,95.94058770217653,-0.03993293598293546,-0.09983233995733864,-0.1577627862350255,-0.3993293598293546,-0.015776278623502546,-0.03993293598293546,-0.25013167541999337,0.448988538913909,-0.015872970397595054,-0.34074667933134606,-0.025013167541999337,0.0448988538913909,-0.0015872970397595057,-0.03407466793313461,0.19885686349391563,-0.3566196497289411,0.019885686349391564,-0.03566196497289412,0.1980192011964987,0.2794821076202454,0.0973036563791366,0.16201229124942573,0.23875065440837206,0.8703420261857189,0.5545463402970454,36.31944444444444,38.54166666666667,36.31944444444444,38.611111111111114,43.888888888888886,41.52777777777778
"Houck, Tanner",656557,2025,749,95.93932140917642,-0.029919099104045454,-0.09986348165569243,-0.11825762741830204,-0.29919099104045455,-0.015788735302844064,-0.03994539266227697,0.5379418334615593,-0.7214154322871309,-0.7388352223197217,0.8040511937269912,0.07182133958098255,-0.09631714716784125,-0.09864288682506298,0.1073499591090776,-0.18347359882557157,0.06521597140726954,-0.024495807586858688,0.008707072284014624,0.2918991729312511,0.16267869416117436,0.16817343061892837,0.083840856806953315,0.22728893354621274,0.8739928562870591,0.5506408949166359,36.25,42.986111111111114,36.25,30.208333333333332,32.708333333333336,47.15277777777778
"Pérez, Eury",691587,2025,1673,95.92434580657589,-0.06707510299235579,-0.10023177374829018,-0.2666101523002453,-0.670751029923558,-0.015936052139883163,-0.04009270949931607,-1.187194200275826,0.39143490886726795,0.5665979120549309,-0.03744877294661819,-0.07096199643011512,0.023397185228169033,0.03386717944141846,-0.0022384203793555406,-0.7957592914085581,0.5291491391083127,-0.04756481120194609,0.031628759062062924,0.16345133965207423,0.24841831565235872,0.07112227765230736,0.1337656284961004,0.2059348276522165,0.8975560469257962,0.5517454372890063,36.18055555555556,27.98611111111111,36.18055555555556,32.84722222222222,15.555555555555555,76.875
"Muller, Kyle",666205,2023,1452,95.91329547785924,-0.058372451583623565,-0.10050353234094966,-0.23296985097726974,-0.5837245158362356,-0.016044755576946953,-0.04020141293637986,-0.06695736016649789,0.5301895687202887,0.3973530335167652,-1.0935550930478257,-0.004611388441218863,0.036514433107457896,0.027365911399226256,-0.07531371164241224,0.46323220855379077,-0.6962020595310605,0.031903044666239035,-0.047947800243185984,0.21061681608219024,0.2645275998541518,0.07226059514036806,0.22952507137800615,0.23757220796817102,0.8491071667408129,0.543339687354492,36.11111111111111,30.833333333333336,36.11111111111111,16.25,42.22222222222222,16.458333333333332
"Winckowski, Josh",670174,2023,1380,95.90364805111165,-0.055608915879820385,-0.10074078963735578,-0.2227272872380297,-0.5560891587982039,-0.0161396584955094,-0.04029631585494231,-0.10569224078608386,0.5101213118068699,-1.2344716368452282,0.6073152785864124,-0.007658858027977091,0.036965312449773184,-0.08945446643806002,0.04400835352075452,0.40442907102078607,-0.6271563582588158,0.02930645442179609,-0.04544611291730549,0.21994049365999513,0.27154207043162665,0.14223255851713004,0.10688283850065847,0.2457412820458109,0.8754423014911057,0.5605917917684583,36.041666666666664,32.15277777777778,36.041666666666664,53.05555555555556,49.93055555555556,48.95833333333333
"Waldichuk, Ken",686610,2023,2551,95.88422795653324,-0.10328323929875767,-0.10121838425985659,-0.41659606374844316,-1.0328323929875767,-0.01633069634450973,-0.04048735370394264,-1.267909900242671,-1.362245451716035,1.1625324022639916,1.0510268859462712,-0.04970246570923838,-0.05340044891085986,0.045571634741826406,0.0412005835337621,-2.630155351958706,2.213559288210263,-0.10310291462009824,0.08677221827558851,0.16273163440978877,0.17727733246424918,0.06985500782228726,0.10867261469229213,0.17000448343701896,0.9107361887427103,0.5403703360898646,35.97222222222222,18.26388888888889,35.97222222222222,12.01388888888889,3.5416666666666665,86.18055555555556
"Lynn, Lance",458681,2024,2036,95.88210217854284,-0.08247482803353876,-0.10127066310601518,-0.3329187364973336,-0.8247482803353876,-0.016351607882973164,-0.04050826524240607,1.1012556223449792,0.7814332617845139,-1.2868284644682717,-0.928779156158555,0.054089175950146326,0.03838080853558516,-0.06320375562221374,-0.04561783674649091,1.882688884129493,-2.2156076206268267,0.09246998448573149,-0.10882159236870466,0.2757517090159169,0.29093733260275645,0.14098940462182652,0.1682877769132011,0.2833445208093367,0.8453614092324861,0.5643529650209114,35.90277777777778,22.84722222222222,35.90277777777778,60.763888888888886,82.77777777777777,13.680555555555557
"Holton, Tyler",663947,2023,1191,95.8751531950746,-0.04832675828350377,-0.10144155810978961,-0.1955617936841918,-0.48326758283503773,-0.016419965884482936,-0.040576623243915845,0.15099888708664366,0.01814210952989015,-0.4658787792732255,0.10117598897249991,0.012678328050935658,0.0015232669630470318,-0.03911660615224396,0.00849504525377833,0.1691409966165338,-0.3647027903007256,0.014201595013982687,-0.030621560898465624,0.23048598188326364,0.24076367091878115,0.11916796471712846,0.13135342759562316,0.2356248264010224,0.8747393038436242,0.5551820651223233,35.833333333333336,35.486111111111114,35.833333333333336,39.791666666666664,40.625,48.05555555555556
"Soto, Gregory",642397,2024,995,95.85302839266775,-0.04059029629693003,-0.1019856690877639,-0.16554422224294285,-0.4059029629693003,-0.01663761027567265,-0.04079426763510556,0.4592110955819635,-0.41197399195243634,-0.47148078234431523,0.2586994564718452,0.0461518689027099,-0.0414044213017524,-0.04738500325068495,0.025999945374054798,0.047237103629527155,-0.21278132587247,0.0047474476009575035,-0.02138505787663015,0.26246086111507444,0.19710432694230268,0.11473173683214634,0.1148265456093264,0.22978259402868856,0.8852208587792636,0.5575017264039761,35.76388888888889,38.05555555555556,35.76388888888889,45.416666666666664,35.06944444444444,63.125
"Bernardino, Brennan",657514,2024,858,95.83119124993564,-0.03518579259867797,-0.10252270570710365,-0.1445938058428453,-0.3518579259867797,-0.016852424923408545,-0.041009082282841454,-0.24848070530339328,-0.8766224869569044,-0.32390286316604033,1.3044122495834927,-0.028960455163565647,-0.10217045302528022,-0.037750916452918455,0.1520293997183558,-1.1251031922602976,0.9805093864174523,-0.13113090818884587,0.11427848326543734,0.2085203632009913,0.13225670264653555,0.12570053041088783,0.04944349840227403,0.17038853292376344,0.9124279855934191,0.5414082592585913,35.69444444444444,40.833333333333336,35.69444444444444,13.26388888888889,3.680555555555556,87.56944444444444
"Phillips, Tyler",663969,2025,1114,95.81916058320505,-0.045815956379475845,-0.102818573562558,-0.18905440081067582,-0.4581595637947584,-0.01697077206559029,-0.0411274294250232,0.3089341810973565,-0.36003994947941464,-0.5682076782172771,0.4302590457886595,0.02773197316852392,-0.03231956458522573,-0.05100607524392075,0.03862289459503227,-0.05110576838205816,-0.13794863242861766,-0.00458759141670181,-0.012383180648888478,0.2415673648389401,0.1963910979847458,0.11265823064832663,0.11738962578487386,0.21897923141184295,0.8849760717833998,0.5519776515976214,35.625,36.31944444444444,35.625,33.68055555555556,25,62.77777777777778
"Thorpe, Drew",689672,2024,721,95.80965341665589,-0.02972030681510738,-0.10305238146708522,-0.12303356858956249,-0.2972030681510738,-0.017064295227401178,-0.041220952586834086,-0.05776239591159538,0.2931568684798549,-0.27723097336365754,-0.08119706779416447,-0.00801142800438216,0.04065975984464007,-0.038450897831297855,-0.01126172923636123,0.23539447256825952,-0.358428041157822,0.03264833184025791,-0.04971262706765908,0.23042810648310294,0.2874814492136464,0.12487328710400715,0.14425986347572645,0.2589547778483747,0.8654334247101332,0.562194101279254,35.55555555555556,43.05555555555556,35.55555555555556,55.833333333333336,63.74999999999999,34.93055555555556
"Romero, JoJo",668941,2025,981,95.77998907591713,-0.040724021817599466,-0.10378191085015154,-0.17026340947995777,-0.40724021817599465,-0.017356106980627704,-0.04151276434006061,0.4990003546110984,-1.1505647918725117,-0.5358251658317386,1.0171261936131941,0.050866498940988616,-0.1172848921378707,-0.05462030232739435,0.10368258854364874,-0.6515644372614133,0.48130102778145556,-0.0664183931968821,0.049062286216254386,0.276353247401482,0.12816987798827217,0.1358541868435706,0.09402627401124951,0.20226156269487708,0.8850597695725899,0.5436606661337335,35.486111111111114,37.916666666666664,35.486111111111114,16.944444444444446,14.027777777777779,62.916666666666664
"Festa, David",701581,2025,882,95.72216674315774,-0.0371159444839298,-0.10520392427417743,-0.15809772692909974,-0.37115944483929797,-0.017924912350238065,-0.042081569709670974,0.4301443541135086,0.42510938548912236,-0.7211870094779442,-0.29216445705378646,0.0487692011466563,0.04819834302597759,-0.08176723463468755,-0.033125221888184404,0.855253739602631,-1.0133514665317307,0.0969675441726339,-0.11489245652287197,0.24371170908407366,0.29240131699179034,0.12928701681230764,0.17137052155404303,0.268056513037932,0.8496712308168246,0.5588638719273783,35.41666666666667,39.72222222222222,35.41666666666667,48.61111111111111,70.97222222222223,17.22222222222222
"Medina, Luis",665622,2024,720,95.71102277485852,-0.030377659889360042,-0.10547798572694458,-0.12984866590568345,-0.3037765988936004,-0.01803453693134492,-0.042191194290777834,-0.3324830213214227,0.14631793275373184,0.20369070870424366,-0.14737428604223624,-0.04617819740575316,0.02032193510468498,0.028290376208922732,-0.02046865083919948,-0.18616508856769087,0.056316422662007426,-0.02585626230106818,0.007821725369723254,0.18764530654948428,0.26167424750639334,0.06529590434863608,0.14413244318296234,0.22465977702793882,0.8952858262342008,0.5599728016310699,35.34722222222222,42.70833333333333,35.34722222222222,51.66666666666667,30,74.65277777777779
"Hudson, Bryan",663542,2024,927,95.68725889949577,-0.03932794018502561,-0.10606240610848332,-0.16934718812831306,-0.3932794018502561,-0.018268305083960417,-0.042424962443393326,-0.15099197924564578,-0.18568078823136602,0.34243263792905054,-0.1751070585803518,-0.016288239400824786,-0.02003028999259612,0.03693987464175303,-0.018889650332292535,-0.3366727674770118,0.16732557934869874,-0.03631852939342091,0.01805022430946049,0.2070752026875504,0.23049650595892426,0.08412362790912371,0.1470379210227858,0.21878585432323733,0.8844192255340453,0.5516025399286413,35.27777777777778,38.75,35.27777777777778,32.15277777777778,24.72222222222222,62.15277777777778
"Dobbins, Hunter",690928,2025,931,95.62514222985715,-0.04006652692143849,-0.10759002932717103,-0.17576678919806454,-0.40066526921438494,-0.018879354371435505,-0.04303601173086841,-0.5927171202350792,0.3723473754993165,0.29340298308386537,-0.24880002754616726,-0.06366456715736618,0.039994347529464715,0.03151482095422829,-0.026723955697762328,-0.22036974473576265,0.04460295553769811,-0.023670219627901466,0.004790865256465962,0.1739320536150611,0.2932611558507141,0.074972336857149,0.159670633518548,0.2335966047328876,0.8826785148121515,0.5581375597725196,35.208333333333336,38.40277777777778,35.208333333333336,46.875,37.98611111111111,60
"Roupp, Landen",694738,2025,1770,95.61887419158063,-0.07628287800828774,-0.10774417797780755,-0.3352559448209149,-0.7628287800828775,-0.01894101383169011,-0.04309767119112302,0.26113605063619616,-3.435057867170144,0.9175528432468809,1.9211130284661522,0.014753449188485658,-0.19407106594181606,0.05183914368626446,0.10853745923537583,-3.173921816533948,2.838665871713033,-0.17931761675333038,0.1603766029216403,0.2409408281523386,0.10065266763537985,0.05616353618313148,0.0809850875057341,0.17079674789385924,0.9314256881555671,0.5511112180247132,35.138888888888886,24.930555555555557,35.138888888888886,30.833333333333336,3.888888888888889,95.83333333333334
"Carrasco, Carlos",471911,2025,719,95.61833777344886,-0.030991019613428934,-0.10775737000496846,-0.13622382971996672,-0.30991019613428933,-0.01894629064255448,-0.043102948001987385,0.8319497225088526,0.17781688076286173,-0.7001814660201546,-0.4458089669715264,0.1157092799038738,0.02473113779733821,-0.09738267955774056,-0.06200402878602593,1.0097666032717143,-1.145990432991681,0.140440417701212,-0.15938670834376648,0.3019723069849502,0.25741259207771805,0.14620623735518795,0.19182865133090674,0.2796924495313341,0.8309825556569527,0.5553375025941434,35.06944444444444,42.43055555555556,35.06944444444444,40.13888888888889,80.06944444444444,4.791666666666667
"Clarke, Taylor",664199,2023,1063,95.61053212720083,-0.045900056285500514,-0.10794933275047155,-0.2022152951242333,-0.4590005628550051,-0.019023075740755718,-0.043179733100188626,0.03486327315113158,0.5223824957083707,-0.4783992908028267,-0.28106177318090886,0.0032797058467668463,0.049142285579338724,-0.0450046369522885,-0.0264404302145728,0.5572457688595023,-0.7594610639837356,0.052421991426105576,-0.07144506716686129,0.2185459431657587,0.2847105515322385,0.11131545583963674,0.15531820382591066,0.2516282473489986,0.8666831701672263,0.5591557087581125,35,36.25,35,49.236111111111114,56.388888888888886,36.45833333333333
"Faucher, Calvin",676534,2024,987,95.55953987339178,-0.04311349259468989,-0.10920337536648908,-0.1927087178092961,-0.4311349259468989,-0.019524692787162727,-0.04368135014659563,-0.2202578203991834,0.28320738731520123,0.31771899068735365,-0.5733772754126676,-0.02231588859160926,0.028693757580060916,0.03219037392982307,-0.05809293570543744,0.06294956691601783,-0.25565828472531393,0.006377868988451655,-0.02590256177561438,0.20166721889815423,0.2510216810023235,0.06612794681400688,0.19222174956203206,0.2263444499502389,0.8708251518119805,0.5485848008811097,34.93055555555556,37.291666666666664,34.93055555555556,25.694444444444443,31.73611111111111,42.22222222222222
"Jackson, Luke",592426,2025,775,95.55857710189835,-0.03386038631196725,-0.10922705261924921,-0.1513897685840675,-0.3386038631196725,-0.019534163688266774,-0.04369082104769968,-0.5287898760120697,0.35395754385899636,0.5785109591706714,-0.5550683956016655,-0.06823095174349286,0.045671941143096306,0.07464657537686083,-0.07162172846473104,-0.17483233215307337,0.02344256356900587,-0.022559010600396563,0.00302484691212979,0.15673546936066451,0.3458184399877001,0.05556581336559419,0.23819613498166053,0.2512769546741823,0.8531190258263727,0.5521979902502775,34.86111111111111,41.11111111111111,34.86111111111111,34.30555555555556,55.625,20.90277777777778
"Rodriguez, Eduardo",593958,2025,2589,95.55619253043497,-0.11317626669800007,-0.10928569592313642,-0.5063468079442828,-1.1317626669800007,-0.019557621009821658,-0.04371427836925457,0.7029855046648663,1.196023303790298,-1.4722520479795094,-0.9331035684199378,0.02715278117670399,0.04619634236347231,-0.05686566427112821,-0.03604108027886975,1.8990088084551644,-2.405355616399447,0.07334912354017631,-0.09290674454999796,0.25237614399614006,0.32749897034773584,0.13268798780547908,0.1672030358204428,0.2899375571719379,0.8500544881870391,0.5699960226794885,34.791666666666664,16.180555555555557,34.791666666666664,71.31944444444444,87.15277777777779,17.77777777777778
"Patrick, Chad",694477,2025,2138,95.54140330920967,-0.09377217062123704,-0.1096494043746925,-0.4212523718676948,-0.9377217062123704,-0.019703104390444096,-0.043859761749877005,1.3599018915856504,0.34063046332744307,-2.299184678425263,0.17739995164447464,0.06360626246892659,0.01593220127817788,-0.10753904015085419,0.008297472013305643,1.7005323549130935,-2.1217847267807883,0.07953846374710447,-0.09924156813754857,0.28522837439969145,0.267004816136352,0.19573562656249008,0.13805820250845466,0.27611659526802174,0.8331030854645276,0.5546098403662747,34.72222222222222,19.86111111111111,34.72222222222222,38.88888888888889,77.63888888888889,5.763888888888889
"Dunning, Dane",641540,2024,1755,95.53976158163869,-0.07700222490200943,-0.1096897790626915,-0.34607291236204674,-0.7700222490200943,-0.01971925426564369,-0.0438759116250766,0.6130807875206301,-0.08311847437244069,-0.7559201548269812,-0.120115070683255,0.03493337820630371,-0.004736095405837077,-0.04307237349441488,-0.006844163571695441,0.5299623131481894,-0.8760352255102362,0.03019728280046663,-0.04991653706611032,0.2546152104891896,0.24811443448703654,0.11362218875206077,0.13593522677577596,0.2513648224881131,0.8752212922360816,0.5632930573620973,34.65277777777778,24.65277777777778,34.65277777777778,58.19444444444445,55.90277777777778,48.68055555555556
"Domínguez, Seranthony",622554,2025,1287,95.53618820326874,-0.05651353857749897,-0.10977765846445017,-0.2542392055590881,-0.5651353857749897,-0.01975440602634717,-0.043911063385780075,-0.13838453366452086,0.13023598702170602,-0.09793371566524911,-0.14815694325102413,-0.010752489018222289,0.01011934631093287,-0.007609457316647173,-0.011511806002410578,-0.008148546642814836,-0.24609065891627324,-6.331427072894201e-4,-0.019121263319057752,0.21629588501312855,0.25057217596816866,0.09632860572486529,0.1477593145541997,0.2334340304906486,0.8779560398604676,0.5556950351755581,34.583333333333336,31.805555555555554,34.583333333333336,41.041666666666664,37.77777777777778,52.708333333333336
"Morton, Charlie",450203,2024,2837,95.47097641396738,-0.12639561199508148,-0.1113813993611927,-0.5786317506637033,-1.263956119950815,-0.020395902385044178,-0.04455255974447708,-0.9572161009206184,-3.1976775124448977,1.3095063560713243,2.2667555066304885,-0.03374043358902426,-0.11271334199664779,0.046158137330677626,0.07989973586995025,-4.154893613365516,3.576261862701813,-0.14645377558567205,0.1260578732006279,0.19457091720316083,0.1471704133227359,0.07242211609702033,0.08593977778811684,0.17087066526294836,0.9208190530574314,0.5458448591601899,34.513888888888886,13.88888888888889,34.513888888888886,20.27777777777778,3.958333333333333,91.45833333333333
"Hicks, Jordan",663855,2024,2027,95.45540152808702,-0.09061859944780651,-0.11176442951135486,-0.41653054980235993,-0.906185994478065,-0.020549114445109026,-0.04470577180454194,1.0266779174241947,-1.368439511250699,-1.1924409017834705,1.117671945807615,0.050650119261183756,-0.0675105826961371,-0.05882786885956934,0.05513921784941366,-0.3417615938265044,-0.07476895597585553,-0.01686046343495335,-0.003688651010155675,0.2584361500048184,0.19268374417652376,0.11734190521172148,0.10320701860667823,0.22555994709067106,0.8897255380908001,0.5576427425907355,34.44444444444444,20.694444444444443,34.44444444444444,45.69444444444444,31.11111111111111,69.65277777777777
"Kauffmann, Karl",666154,2023,581,95.44668779703696,-0.026023855599460376,-0.11197872461041472,-0.1198883767362986,-0.26023855599460377,-0.020634832484732978,-0.04479148984416589,0.574964952807477,0.2829654875329197,-0.7556133992434297,-0.22220541783326553,0.09896126554345558,0.04870318201943541,-0.1300539413499879,-0.038245338697636064,0.8579304403403967,-0.9778188170766953,0.147664447562891,-0.16829928004762396,0.31141743117944,0.2717157585270732,0.17803041364785063,0.17276510131798556,0.2915665948532566,0.8246022425170819,0.5580844186851692,34.375,45.06944444444444,34.375,46.736111111111114,88.33333333333333,3.0555555555555554
"Little, Brendon",663893,2025,1332,95.4434787718923,-0.0597043124801967,-0.11205764354391272,-0.27527644877432067,-0.597043124801967,-0.02066640005813218,-0.04482305741756509,1.6207803043525928,-1.9169269570893448,0.06488902836508714,-0.04401882440265581,0.12168020302947392,-0.1439134352169178,0.0048715486760575934,-0.003304716546745932,-0.296146652736752,0.020870203962431333,-0.022233232187443844,0.0015668321293116616,0.2886067396518447,0.1765138193918064,0.09103711049773774,0.13750843451337838,0.23256027952182556,0.8857272274944419,0.5591437535081337,34.30555555555556,30.694444444444446,34.30555555555556,49.166666666666664,36.94444444444444,63.81944444444444
"Peralta, Wandy",593974,2025,1151,95.44236968705611,-0.05160389673170507,-0.11208491905235678,-0.23799584110997785,-0.5160389673170507,-0.020677310261509804,-0.044833967620942716,1.0817470630008756,0.8257984566835148,-1.2741060138596367,-0.8714353469347316,0.09398323744577547,0.07174617347380667,-0.11069557027451231,-0.07571115090657964,1.9075455196843905,-2.1455413607943683,0.16572941091958213,-0.18640672118109194,0.2820675253115092,0.30191861596698755,0.20147069758586708,0.18710882913649413,0.2919930706392484,0.8057102366388194,0.5488516536390339,34.236111111111114,33.75,34.236111111111114,26.38888888888889,88.68055555555556,1.0416666666666665
"Montgomery, Jordan",656756,2024,1929,95.42541333322151,-0.08680648407707543,-0.11250192337619938,-0.40208292030729353,-0.8680648407707543,-0.02084411199104684,-0.04500076935047975,-0.6516131531907376,0.30154973228900417,0.6116314739169866,-0.6636509733225466,-0.03377984205239697,0.015632438169466262,0.0317071785337992,-0.03440388664191532,-0.3500634209017335,-0.052019499405560055,-0.018147403882930714,-0.0026967081081161253,0.20043087286673916,0.24981014537347618,0.08307527444757089,0.16153685082588856,0.22512050912010767,0.8776939373632703,0.551407223241689,34.166666666666664,21.666666666666668,34.166666666666664,31.73611111111111,30.625000000000004,52.43055555555556
"Legumina, Casey",668984,2025,812,95.41676173675198,-0.036609731445675156,-0.11271469041156143,-0.1699452566981563,-0.36609731445675153,-0.020929218805191663,-0.045085876164624575,0.626975112087166,0.11600310112271472,-0.5669134947074781,-0.346009975200559,0.0772136837545771,0.01428609619737866,-0.06981693284574854,-0.04261206591139889,0.7429782132098808,-0.9129234699080371,0.09149977995195577,-0.11242899875714742,0.28327199036861855,0.28162963109759376,0.14740166705604918,0.1738557393247419,0.2824508107331062,0.8393712968096044,0.5609110537713553,34.09722222222222,40.208333333333336,34.09722222222222,53.68055555555556,81.73611111111111,9.097222222222221
"Raley, Brooks",548384,2023,968,95.40662543075233,-0.04373964942432436,-0.11296397062067243,-0.20356005100393304,-0.43739649424324356,-0.021028930888836058,-0.04518558824826897,0.40586406499414807,-0.891903122268559,-1.0270765062841747,1.3095555125546525,0.04192810588782521,-0.09213875230047096,-0.10610294486406763,0.13528466038787734,-0.4860390572744109,0.28247900627047784,-0.050210646412645756,0.029181715523809694,0.29858434777719806,0.16669801330922693,0.21688415211233192,0.06665950710572524,0.23264118054321248,0.8582281703909714,0.545434675467092,34.02777777777778,37.15277777777778,34.02777777777778,19.375,37.01388888888889,25.694444444444443
"Detmers, Reid",672282,2023,2593,95.37391487655535,-0.1180005999767885,-0.11376841494098389,-0.5536238744377897,-1.180005999767885,-0.021350708616960652,-0.04550736597639356,-2.0323203299814168,0.13710582732892362,2.0747449528566904,-0.7331543246419869,-0.0783771820278217,0.005287536726915682,0.08001330323396415,-0.02827436655001878,-1.8952145026524931,1.3415906282147034,-0.07308964530090603,0.05173893668394537,0.16133055651257142,0.2092131044042471,0.053465444517143995,0.15710461468049608,0.18527183045840925,0.89471497040118,0.5399934004297946,33.958333333333336,15.48611111111111,33.958333333333336,11.527777777777779,7.152777777777778,74.51388888888889
"Manaea, Sean",640455,2023,2023,95.35023255858269,-0.09253269131024305,-0.11435082959743333,-0.4366377347211028,-0.9253269131024305,-0.021583674479540425,-0.04574033183897333,0.8656813720385799,-0.2710652440252943,-1.2032159945358671,0.1719621318014788,0.04279196104985565,-0.01339917172641099,-0.05947681633889605,0.008500352535910964,0.5946161280132856,-1.0312538627343883,0.029392789323444662,-0.05097646380298509,0.2751401124288932,0.22069745150310446,0.1199931125762063,0.1369535069027861,0.2479187819659988,0.8715266902605038,0.5597227361132513,33.88888888888889,20.208333333333332,33.88888888888889,51.041666666666664,52.083333333333336,43.68055555555556
"Ragans, Cole",666142,2023,1571,95.33634290659057,-0.07207271365962784,-0.11469241511716714,-0.34122604947958735,-0.7207271365962784,-0.02172030868743395,-0.04587696604686686,-0.11280534238017026,0.6694015893244796,-0.42044304282160283,-0.47737925360229383,-0.007180480100583721,0.042609903839877755,-0.026762765297364915,-0.030386967129363073,0.5565962469443093,-0.8978222964238967,0.03542942373929404,-0.05714973242672798,0.21241985254059728,0.2717381031679103,0.08521383268011594,0.15796171879931145,0.2420789778542538,0.8784122242602863,0.5602456010572701,33.81944444444444,26.458333333333332,33.81944444444444,52.361111111111114,47.15277777777778,53.40277777777778
"Ortiz, Luis",682847,2023,1457,95.33548776554144,-0.0668549959996746,-0.11471344543526867,-0.3165874622698084,-0.6685499599967459,-0.021728720814674564,-0.04588537817410747,1.0679409627446148,-0.19466018186994916,-1.1456710576039768,-0.04419718554049723,0.07329725207581433,-0.013360341926557938,-0.07863219338393801,-0.0030334375799929464,0.8732807808746657,-1.189868243144474,0.05993691014925639,-0.08166563096393095,0.26450307652100014,0.23680867174495804,0.13625119543113745,0.13557027205163516,0.2506558741329791,0.8640892662586137,0.5573725701957963,33.75,28.125,33.75,45,54.93055555555556,32.43055555555556
"Pérez, Martín",527048,2023,2298,95.33108711975599,-0.10554407875538681,-0.11482166966425893,-0.5003208014340998,-1.055440787553868,-0.021772010506270662,-0.04592866786570357,2.148666971069133,1.150385646910081,-2.316470244666789,-1.482903174746525,0.0935016088367769,0.05006029795083033,-0.10080375303162702,-0.06453016426225087,3.299052617979214,-3.799373419413314,0.14356190678760725,-0.1653339172938779,0.321735076606329,0.31244403984990865,0.18296248688960506,0.18318974405923943,0.3170895582281188,0.8169238845255777,0.5670067213768483,33.68055555555556,17.77777777777778,33.68055555555556,66.11111111111111,97.43055555555556,1.6666666666666667
"Bello, Brayan",678394,2025,2669,95.32845937843231,-0.12265260661753978,-0.11488629319739581,-0.5817848812521333,-1.2265260661753978,-0.021797859919525413,-0.04595451727895832,1.5611391897691647,0.08498478245905972,-2.5985216012179535,0.3706127477375958,0.05849153951926432,0.0031841432168999524,-0.0973593705964014,0.013885827940711718,1.6461239722282244,-2.2279088534803577,0.06167568273616427,-0.08347354265568968,0.2719453232801439,0.2412871048853227,0.15843871816913677,0.1271102443841966,0.25661621408273333,0.8572255187233333,0.5569208664030333,33.611111111111114,14.583333333333334,33.611111111111114,43.75,61.458333333333336,24.930555555555557
"Adam, Jason",592094,2025,1087,95.30191799886025,-0.05023636598369714,-0.11553902020169537,-0.2397807943399357,-0.5023636598369714,-0.022058950721245238,-0.04621560808067815,-0.08387148405302014,0.24741069727406284,-0.5259924057022545,0.12267239814127606,-0.007715867898161927,0.02276087371426521,-0.04838936574997741,0.011285409212628893,0.1635392132210427,-0.4033200075609784,0.015045005816103284,-0.03710395653734852,0.20686224978647474,0.2475847032750419,0.117143011606711,0.13167795830880216,0.2272234765307583,0.8755895150422435,0.5514064957865009,33.541666666666664,34.65277777777778,33.541666666666664,31.666666666666664,32.56944444444444,49.30555555555556
"Pfaadt, Brandon",694297,2025,2913,95.28415238886902,-0.1351351494475379,-0.11597592640537069,-0.6476680655950986,-1.351351494475379,-0.022233713202715367,-0.04639037056214827,1.9596004922582324,-0.5908860058004848,-2.1165227129370123,0.10014016088416611,0.0672708716875466,-0.02028444922075128,-0.07265783429237942,0.0034376986228687304,1.3687144864577476,-2.0163825520528462,0.04698642246679532,-0.06922013566951069,0.2751747663941709,0.22135493825845828,0.1513718828191062,0.12793249769428056,0.24826485232631457,0.8603478097433066,0.5543063310348106,33.47222222222222,12.63888888888889,33.47222222222222,37.916666666666664,52.43055555555556,28.055555555555557
"Senga, Kodai",673540,2025,1901,95.28347119747708,-0.08820083296960504,-0.11599267881326278,-0.4227902732932307,-0.8820083296960504,-0.02224041416587221,-0.04639707152530512,0.017912561112098047,1.4055613257878576,-0.413202829468446,-1.4330613307247404,9.422704425091028e-4,0.07393799714823028,-0.02173607729976044,-0.07538460445685115,1.4234738868999557,-1.8462641601931864,0.07488026759073939,-0.0971206817566116,0.20683044315555565,0.3145235645298235,0.0954831700885493,0.23201006230071886,0.26067700384268955,0.836253383805366,0.5484651938240277,33.40277777777778,21.25,33.40277777777778,25.34722222222222,65.41666666666667,7.222222222222221
"Hoglund, Gunnar",680684,2025,547,95.28027081889354,-0.02539641906065867,-0.11607138510355883,-0.12182727485048872,-0.2539641906065867,-0.022271896681990627,-0.046428554041423535,-0.13447322070624068,0.4464628141404319,-0.4727592261906466,0.038942357905966674,-0.024583769781762466,0.08162025852658718,-0.08642764646995367,0.0071192610431383314,0.3119895934341912,-0.4338168682846799,0.05703648874482471,-0.07930838542681534,0.20165352048375434,0.320663884182742,0.13308848671736004,0.13428746446837034,0.26115870233324817,0.8663120244071348,0.5637353633701915,33.33333333333333,45.48611111111111,33.33333333333333,59.44444444444444,65.76388888888889,35.833333333333336
"Lambert, Peter",663567,2023,1419,95.27822642390669,-0.0659106556425391,-0.11612166251328242,-0.31632358849503817,-0.6591065564253911,-0.022292007645880067,-0.04644866500531297,-0.25609223458332053,0.5877597578410132,-0.49592965177771475,-0.15206145997501608,-0.01804737382546304,0.04142070175059995,-0.034949235502305484,-0.010716100068711492,0.33166752325769266,-0.6479911117527308,0.023373327925136904,-0.04566533557101697,0.20781578601527873,0.2906606349744549,0.11139554309777146,0.14887556892964626,0.2492382104948668,0.8698644439862911,0.559551327240579,33.263888888888886,28.749999999999996,33.263888888888886,50.625,53.263888888888886,40.97222222222222
"Adon, Joan",672851,2023,922,95.25818755200406,-0.043007418234915516,-0.1166144746066039,-0.20734980149518378,-0.4300741823491552,-0.022489132483208652,-0.04664578984264156,0.07019456216812614,0.014704107278703304,-0.012858370433150412,-0.2793901005088628,0.007613293076803269,0.0015948055616814864,-0.0013946171836388733,-0.030302613938054536,0.08489866944682944,-0.2922484709420132,0.009208098638484756,-0.031697231121693405,0.22356194620501502,0.24577582248142765,0.08928022890288896,0.15384520323197418,0.23466888434322133,0.8784372839325685,0.556553084137895,33.19444444444444,37.43055555555556,33.19444444444444,42.77777777777778,39.513888888888886,53.47222222222222
"Dubin, Shawn",681869,2024,818,95.24956408757367,-0.03822564709330971,-0.11682654979617882,-0.1846550137329359,-0.3822564709330971,-0.02257396255903862,-0.04673061991847153,-0.7625199395861273,-0.04172070958838958,0.4115853891142933,0.20800024632728764,-0.09321759652642143,-0.005100331245524399,0.05031606223891116,0.025427902973996042,-0.8042406491745169,0.619585635441581,-0.09831792777194584,0.0757439652129072,0.14978808419569428,0.2134570132332869,0.06614950555994163,0.11130939015033665,0.18162254871449057,0.9112705521448609,0.5464465504296757,33.125,39.02777777777778,33.125,21.25,6.25,86.875
"Brown, Hunter",686613,2024,2886,95.24896175811382,-0.13488166917921557,-0.11684136276785824,-0.6516555603989218,-1.3488166917921556,-0.022579887747710387,-0.0467365451071433,-0.5159678247182455,1.7165651179732322,-1.2202073892729004,-0.6320454643810081,-0.017878303004790215,0.05947904081681331,-0.04228022831853432,-0.02190039724119917,1.2005972932549867,-1.8522528536539085,0.0416007378120231,-0.06418062555973349,0.21806460772588573,0.32105156766084464,0.11872550513951764,0.1597971155609138,0.2695580876933652,0.8607386896497843,0.5651483886715747,33.05555555555556,12.708333333333332,33.05555555555556,62.22222222222222,72.36111111111111,28.541666666666664
"Schmidt, Clarke",657376,2025,1226,95.23421148119259,-0.05747689724553669,-0.11720411346969144,-0.27860835322871935,-0.5747689724553668,-0.022724988028443666,-0.04688164538787658,0.29181743903029655,0.2919819352537161,-0.3318505560664562,-0.5305571714462758,0.023802401225962198,0.023815818536192176,-0.027067745193022526,-0.04327546259757552,0.5837993742840126,-0.862407727512732,0.04761821976215438,-0.07034320779059804,0.23692841958432626,0.2594607250072712,0.11447607158943711,0.17533890675528105,0.24819457229579872,0.8550925108276409,0.5516435415617198,32.98611111111111,31.38888888888889,32.98611111111111,32.43055555555556,52.361111111111114,22.22222222222222
"Strahm, Matt",621381,2025,1018,95.1673593290072,-0.04839498520472972,-0.11884819549295118,-0.23803508012827024,-0.48394985204729724,-0.023382620837747566,-0.04753927819718047,0.2930167622139379,-0.20272541234317032,-0.34620501839799545,0.017878588398957618,0.02878357192671296,-0.019914087656500032,-0.034008351512573226,0.0017562464046127326,0.09029134987076759,-0.32832642999903783,0.008869484270212925,-0.03225210510796049,0.2541076289456859,0.2084752345975522,0.1256123227962798,0.13495821696836277,0.23129143177161904,0.8697147301176787,0.550503080944649,32.916666666666664,35.27777777777778,32.916666666666664,29.86111111111111,36.11111111111111,40.69444444444444
"Buehler, Walker",621111,2024,1594,95.15905455420506,-0.07590783141486084,-0.11905243321025853,-0.37402119583924787,-0.7590783141486084,-0.023464315924670506,-0.04762097328410342,-0.7284169356821621,0.5856347628259755,0.021653022389273247,-0.25289204537233445,-0.0456974238194581,0.036739947479672234,0.0013584079290635664,-0.01586524751394821,-0.14278217285618666,-0.2312390229830612,-0.008957476339785863,-0.014506839584884641,0.1872862653219256,0.2355140831955118,0.09987143531684471,0.14715080883750495,0.2114001742587187,0.8764888779228251,0.5439445260907719,32.84722222222222,25.13888888888889,32.84722222222222,17.63888888888889,18.75,50.625
"Cruz, Steven",674444,2025,642,95.12953817881821,-0.030759073528753546,-0.11977832371009947,-0.15250499503997617,-0.30759073528753544,-0.02375467212460688,-0.04791132948403979,0.35857742922598845,0.02010562998111709,-0.2792799122980796,-0.25190814194900213,0.05585318212242811,0.0031317180655945627,-0.04350154397166349,-0.03923802834096607,0.37868305920710554,-0.5311880542470817,0.05898490018802267,-0.08273957231262954,0.2813502675783905,0.24950316536300302,0.13299626029670522,0.1725047529662798,0.26542671647069677,0.8472494933685075,0.5563381049196021,32.77777777777778,42.5,32.77777777777778,42.291666666666664,68.88888888888889,15.069444444444443
"Kahnle, Tommy",592454,2025,1076,95.12693052732027,-0.051580191847830845,-0.11984245317804562,-0.2558762852908103,-0.5158019184783085,-0.023780323911785344,-0.04793698127121825,-0.1969201949186754,-2.5039180854946608e-5,0.9149283223638349,-0.9738593735551149,-0.01830113335675422,-2.327061417745851e-6,0.08503051323083967,-0.09050737672445305,-0.19694523409953035,-0.05893105119127995,-0.018303460418171966,-0.005476863493613378,0.16724540299494067,0.273662103742371,0.07428347400995707,0.2826589116303083,0.22045375336865583,0.8215288071798673,0.5209912802742616,32.708333333333336,33.81944444444444,32.708333333333336,0.6944444444444444,26.180555555555557,2.361111111111111
"Phillips, Tyler",663969,2024,578,95.12189708183388,-0.027736194624986242,-0.11996623972744913,-0.1377364667123402,-0.27736194624986243,-0.023829838531546747,-0.047986495890979655,0.16464575159898232,-0.1713067108528321,-0.30794519193386805,0.17686968447537765,0.02848542415207306,-0.02963783924789483,-0.05327771486745122,0.030600291431726236,-0.006660959253849796,-0.1310755074584904,-0.001152415095821764,-0.022677423435724983,0.2367875818692462,0.20013841518537728,0.1146619955980223,0.11210684763267008,0.21846299852731174,0.8866155783846538,0.5525392884559828,32.63888888888889,43.888888888888886,32.63888888888889,34.791666666666664,24.51388888888889,65.69444444444444
"Keller, Mitch",656605,2025,2870,95.11758145850517,-0.1378430842219517,-0.12007237301563736,-0.6851347760037925,-1.378430842219517,-0.023872291846822036,-0.048028949206254945,0.08798592863286103,-0.9121487376401092,-0.5942185381824174,0.7332465711858731,0.0030657117990543913,-0.03178218598049161,-0.020704478682314197,0.025548661016929375,-0.8241628090072481,0.13902803300345568,-0.028716474181437215,0.00484418233461518,0.2107942499352538,0.20027557172658195,0.09478349802513933,0.12091270525060246,0.20553491083091788,0.892151898362129,0.5488434045965235,32.56944444444444,12.152777777777777,32.56944444444444,26.319444444444446,15.277777777777779,72.36111111111111
"Lazar, Max",676661,2025,646,95.1133449389609,-0.03105362334167223,-0.12017656091978417,-0.1544842268747857,-0.3105362334167223,-0.02391396700848076,-0.048070624367913664,-0.9622176783932446,0.15778923344714713,0.9674704380272487,-0.317526219955937,-0.14895010501443415,0.02442557793299491,0.1497632257008125,-0.049152665627854024,-0.8044284449460974,0.6499442180713118,-0.12452452708143923,0.10061056007295847,0.12125500888893824,0.3036523631434985,0.035053924844356515,0.2758167961775728,0.2124536860162184,0.8445646394890354,0.5285091627526268,32.5,42.36111111111111,32.5,2.7777777777777777,19.930555555555557,12.986111111111112
"Weissert, Greg",669711,2025,1080,95.10330776013737,-0.05202291023141601,-0.12042340331346298,-0.2593372028322847,-0.5202291023141601,-0.024012703965952283,-0.04816936132538519,1.097463553018315,-0.5624944817718642,-0.6857100952893234,-0.10859617878941208,0.10161699564984399,-0.05208282238628372,-0.06349167548975217,-0.010055201739760378,0.5349690712464508,-0.7943062740787354,0.04953417326356025,-0.07354687722951254,0.28933686044686413,0.19668397363320966,0.1379597427592204,0.14038299520047912,0.2430104170400369,0.8608286310201503,0.5519195240300936,32.43055555555556,33.541666666666664,32.43055555555556,33.263888888888886,47.91666666666667,28.819444444444443
"Hernandez, Jose E.",669796,2023,859,95.0643066535559,-0.041707044169522,-0.12138254996950526,-0.20956475497769134,-0.41707044169522,-0.02439636262836919,-0.0485530199878021,-0.5786545731916704,0.23397983569361713,0.525364638910105,-0.3902546563897431,-0.067363745423943,0.027238630464914683,0.061160027812584984,-0.045431275481925854,-0.3446747374980532,0.13510998252036188,-0.04012511495902831,0.015728752330659124,0.15150896496885086,0.270879524819208,0.06421387264415802,0.2355554144005255,0.21119424489402944,0.8501153564776582,0.5306548006858438,32.361111111111114,37.84722222222222,32.361111111111114,3.75,18.541666666666668,17.84722222222222
"Williams, Gavin",668909,2025,3004,95.059735792032,-0.14598834427384744,-0.12149496028116465,-0.7342174556611099,-1.4598834427384744,-0.02444132675303295,-0.04859798411246586,-0.01659117364135909,-1.9082982609058945,1.5880994956810355,-0.39742751679489174,-5.52302717754963e-4,-0.06352524170791926,0.05286616164051383,-0.01322994396787256,-1.9248894345472536,1.1906719788861437,-0.06407754442567422,0.03963621767264127,0.20280303215616088,0.1814921765768752,0.0686202923143432,0.14326082453330327,0.19214760436651804,0.8940594415761768,0.5431035229713475,32.29166666666667,10.902777777777779,32.29166666666667,15.902777777777777,9.583333333333334,73.75
"Canning, Griffin",656288,2025,1343,95.0520500736664,-0.06536863065203023,-0.12168397366349634,-0.3292623981831184,-0.6536863065203024,-0.02451693210596563,-0.04867358946539854,-0.021019698812779097,0.44616823926003235,-0.3582302191916824,-0.39618071943868927,-0.0015651302168860086,0.03322176018317441,-0.026673880803550442,-0.029499681268703594,0.42514854044725325,-0.7544109386303717,0.0316566299662884,-0.05617356207225404,0.20514496758068776,0.2738807022796786,0.09537202978066311,0.16301204895768637,0.23951283493018316,0.8708079606308252,0.5551603977805042,32.22222222222222,29.02777777777778,32.22222222222222,39.72222222222222,44.65277777777778,42.083333333333336
"Musgrove, Joe",605397,2024,1552,95.03030392069027,-0.07587341402349958,-0.12221877258940009,-0.383822818016597,-0.7587341402349957,-0.024730851676327128,-0.048887509035760036,0.11846034027121277,0.12617828855513835,-0.11301600645538201,-0.5154454403875661,0.007632753883454432,0.00813004436566613,-0.007281959178826161,-0.033211690746621524,0.24463862882635112,-0.6284614468429481,0.01576279824912056,-0.04049364992544769,0.20771598031760152,0.24038077860683343,0.08254979990724698,0.158660130562866,0.22404837946221748,0.8793950347649435,0.5517217071135805,32.15277777777778,25.208333333333332,32.15277777777778,32.708333333333336,29.444444444444446,54.93055555555556
"Baker, Bryan",641329,2025,1098,94.98374162530615,-0.05418141174632374,-0.12336387009636549,-0.27657401965666395,-0.5418141174632374,-0.025188890679113292,-0.0493455480385462,0.44818300085103147,-0.42109749537758034,0.18096743740784405,-0.4846269625379591,0.0408181239390739,-0.03835132016189256,0.01648155167648853,-0.044137246132783164,0.02708550547345112,-0.30365952513011507,0.0024668037771813406,-0.027655694456294632,0.23990554939951844,0.22692801358507944,0.08255628419042338,0.19050722008976298,0.23341678149229894,0.8634682478599068,0.5484425146761029,32.083333333333336,32.63888888888889,32.083333333333336,25.27777777777778,37.638888888888886,31.666666666666664
"Houser, Adrian",605288,2025,1892,94.97836859994324,-0.09346177875439975,-0.12349600786786437,-0.47757383030352685,-0.9346177875439975,-0.025241745787712835,-0.04939840314714575,1.1707464327801063,0.04641691019219252,-1.3343226727101865,-0.3604145005656392,0.061878775516918935,0.002453325063012289,-0.07052445416015785,-0.019049392207486214,1.2171633429722988,-1.6947371732758256,0.06433210057993123,-0.08957384636764407,0.2619486047628833,0.23784802679406863,0.1370721104274166,0.1550211344854631,0.24989831577847596,0.8539533775435602,0.5519258466610181,32.013888888888886,19.930555555555557,32.013888888888886,33.33333333333333,54.23611111111111,21.180555555555554
"Schmidt, Clarke",657376,2023,2704,94.97796409595163,-0.13358404174584115,-0.12350595575614012,-0.6826444024593457,-1.3358404174584115,-0.02524572494302314,-0.04940238230245605,1.978364616165436,0.1579110472728189,-1.8091339494822023,-1.0097861164153983,0.07316437189960931,0.005839905594408983,-0.06690584132700451,-0.03734416111003692,2.136275663438255,-2.8189200658976006,0.0790042774940183,-0.10425000243704144,0.30368916446544225,0.24193978532034,0.15669843280963416,0.15448980474827195,0.2728144748928911,0.8444058812210469,0.558610178056969,31.944444444444443,13.26388888888889,31.944444444444443,48.05555555555556,75.06944444444444,12.777777777777777
"Wesneski, Hayden",669713,2023,1453,94.96979373761582,-0.07189844318665162,-0.12370688779534003,-0.3679882004339561,-0.7189844318665162,-0.025326097758703103,-0.04948275511813601,0.3707832600266556,-1.3963920625992614,-0.5621433683058967,1.2197639704445464,0.025518462493231635,-0.09610406487262639,-0.038688463063034875,0.08394796768372652,-1.0256088025726058,0.6576206021386497,-0.07058560237939475,0.04525950462069165,0.23678404891767463,0.1685336578242815,0.12199384661450018,0.08764060159171216,0.20265885337097805,0.8951827758968938,0.5489208146339359,31.874999999999996,26.59722222222222,31.874999999999996,26.59722222222222,14.097222222222221,74.58333333333333
"Anderson, Chase",502624,2024,1016,94.9664712253933,-0.05030768610306543,-0.12378859769455075,-0.2576452222588159,-0.5030768610306543,-0.025358781718387395,-0.0495154390778203,0.006492006220469193,-0.33366344654530167,-0.5054492949789164,0.574975513044933,6.389769902036608e-4,-0.03284089040800213,-0.049748946356192564,0.05659207805560364,-0.3271714403248325,0.06952621806601655,-0.032201913417798475,0.006843131699411078,0.23581754613519706,0.1980939755949013,0.13680649103368184,0.10294563919694191,0.2169557608650492,0.8801239348846881,0.5485398478748686,31.805555555555554,34.583333333333336,31.805555555555554,25.48611111111111,23.125,56.041666666666664
"Lyles, Jordan",543475,2023,2783,94.95572265124214,-0.13809572757112737,-0.12405293529565882,-0.708677501398256,-1.3809572757112738,-0.025464516758830616,-0.04962117411826353,-1.4279428151266984,0.3441517959469138,-0.10340488781162094,0.4785184055931495,-0.0513094795230578,0.012366216167693633,-0.0037155906507948594,0.017194337247328405,-1.0837910191797846,0.37511351778152857,-0.03894326335536416,0.013478746596533545,0.17927584252174242,0.23806788666985135,0.09435586200504366,0.12723776049281935,0.2086718645957969,0.8892031887510685,0.5489375266734327,31.73611111111111,12.083333333333334,31.73611111111111,26.666666666666668,17.15277777777778,69.23611111111111
"King, John",667463,2023,527,94.9174610311051,-0.02634871325674868,-0.12499389590487989,-0.13618154828327533,-0.2634871325674868,-0.02584090100251904,-0.04999755836195195,0.4718339770934108,0.35065012985796784,-0.5031318849505624,-0.4555337702840916,0.08953206396459408,0.06653702653851382,-0.09547094591092266,-0.08643904559470429,0.8224841069513786,-0.958665655234654,0.15606909050310788,-0.18190999150562695,0.3231308051176978,0.3180520580722978,0.18406392870522026,0.22142312023029334,0.3205914315949978,0.7972564755322432,0.5589239535636206,31.666666666666664,44.93055555555556,31.666666666666664,48.81944444444444,97.98611111111111,0.5555555555555556
"Keller, Brad",641745,2024,743,94.90600654271492,-0.03723190651244963,-0.12527559391806736,-0.19283510094390977,-0.3723190651244963,-0.025953580207794043,-0.05011023756722695,-0.07565134448009303,0.4487882080102281,-0.16293702091888917,-0.4030349435551557,-0.010181876780631632,0.06040218142802532,-0.021929612505907022,-0.05424427234928071,0.3731368635301351,-0.5659719644740449,0.05022030464739369,-0.07617388485518772,0.2101954264204005,0.2962029781391226,0.09510846773221213,0.1882262684322454,0.25319920227976156,0.8583326319177712,0.5557659170987663,31.59722222222222,39.44444444444444,31.59722222222222,41.31944444444444,58.47222222222223,25.90277777777778
"Rutledge, Jackson",671131,2025,1292,94.89466063780293,-0.06488662842159751,-0.1255546215588187,-0.3367622711321019,-0.6488662842159751,-0.02606519126409457,-0.05022184862352748,0.37777102613677016,0.17451499957428496,-0.7578305819747584,-0.13121771486839862,0.029239243509037942,0.01350735290822639,-0.0586556177999039,-0.010156169881455,0.5522860257110551,-0.889048296843157,0.042746596417264325,-0.0688117876813589,0.24121148223844868,0.2410873543410157,0.13708753105267837,0.1432814600178721,0.2411494182897322,0.8598155044647248,0.5504824613772284,31.52777777777778,29.375,31.52777777777778,29.65277777777778,46.38888888888889,27.291666666666664
"Junk, Janson",676083,2025,1621,94.887851658673,-0.08151819243343043,-0.12572207346303277,-0.42360250853789694,-0.8151819243343044,-0.026132172025780193,-0.050288829385213105,-0.7907322780229151,0.7022073434018239,0.03019245281802796,-0.36527002673483366,-0.04878052301190099,0.043319391943357426,0.0018625819135119038,-0.02253362287074853,-0.08852493462109123,-0.3350775739168057,-0.005461131068543568,-0.020671040957236625,0.1793736321789443,0.33572749298329385,0.09172918359406063,0.16098698948411425,0.2575505625811191,0.8736419134609126,0.5655962380210158,31.458333333333332,23.26388888888889,31.458333333333332,63.541666666666664,62.5,46.38888888888889
"Hentges, Sam",656529,2023,845,94.88027414707611,-0.04255704789919774,-0.1259084257372714,-0.2214467243047693,-0.42557047899197736,-0.026206712935475655,-0.05036337029490856,-1.5100295981376348,0.05100473029597197,1.141440184433577,0.09613795910331646,-0.17870172759025263,0.0060360627569197595,0.13508167863119255,0.011377273266664671,-1.4590248678416629,1.2375781435368935,-0.1726656648333329,0.1464589518978572,0.09971851393354118,0.26732760883163326,0.053979864454800394,0.13675184091902706,0.18352306138258723,0.9046341473130863,0.5440786043478367,31.38888888888889,37.56944444444444,31.38888888888889,17.84722222222222,6.666666666666667,82.77777777777777
"Blackburn, Paul",621112,2024,1263,94.8775025522924,-0.06364337176789617,-0.12597658703067333,-0.3313351352293239,-0.6364337176789616,-0.026233977452836413,-0.050390634812269325,-0.7566281551856946,0.6744939504828835,-0.5094839837584004,0.2602830532318876,-0.05990721735437012,0.0534041132607192,-0.04033919111309584,0.02060831775391034,-0.08213420470281108,-0.24920093052651282,-0.006503104093650917,-0.019730873359185497,0.19065973753168178,0.3145356547742412,0.1135959725423158,0.12268573793591309,0.2525976961529615,0.8818591447608856,0.5672284204569236,31.319444444444443,29.65277777777778,31.319444444444443,67.08333333333333,57.56944444444444,58.88888888888889
"Eflin, Zach",621107,2024,2441,94.86716201934068,-0.12325184075545301,-0.1262308897536389,-0.6428544014107729,-1.2325184075545301,-0.02633569854202265,-0.05049235590145556,1.6603867643957528,-1.045183038342202,-1.3043158198031506,0.04625769233882693,0.06802076052420127,-0.04281782213610004,-0.05343366734138265,0.0018950304112587844,0.6152037260535508,-1.2580581274643237,0.02520293838810122,-0.05153863693012387,0.29555544821416646,0.19501852570291217,0.13395938226841808,0.13574483477596952,0.24528698695853932,0.8651478914778061,0.5552174392181727,31.25,14.374999999999998,31.25,39.861111111111114,49.65277777777778,34.30555555555556
"Bido, Osvaldo",674370,2024,1056,94.86650501370586,-0.05332675280735331,-0.12624704736589326,-0.2781732263579215,-0.5332675280735331,-0.026342161586924387,-0.0504988189463573,0.822784753925589,0.005834431541643426,-0.6862127091453658,-0.42057970267978817,0.07791522290962018,5.525029868980516e-4,-0.06498226412361419,-0.039827623359828423,0.8286191854672325,-1.106792411825154,0.07846772589651822,-0.10480988748344261,0.271496845244575,0.2373571565742389,0.12708323705541671,0.1640053254995544,0.25442700090940695,0.8544557187225145,0.5544413598159608,31.180555555555557,33.05555555555556,31.180555555555557,38.40277777777778,59.65277777777778,21.666666666666668
"Zerpa, Angel",672582,2025,1078,94.86441145894963,-0.05445992775399113,-0.12629853375229855,-0.28419051120522454,-0.5445992775399113,-0.026362756141486508,-0.050519413500919416,0.5402542916094717,-0.9607456309583995,0.2395467996238949,-0.10324597148019166,0.050116353581583645,-0.089122971331948,0.02222140998366372,-0.009577548374785867,-0.4204913393489278,0.13630082814370326,-0.03900661775036436,0.012643861608877854,0.26558477951425036,0.17479276805730334,0.07735503043533577,0.1389905727862809,0.22018877378577684,0.8918271983891917,0.5560079860874843,31.11111111111111,32.56944444444444,31.11111111111111,41.80555555555556,26.041666666666668,71.875
"Muller, Kyle",666205,2024,735,94.85511799634872,-0.03719896330664998,-0.12652708607704075,-0.19443820147466795,-0.3719896330664998,-0.02645417707138339,-0.0506108344308163,-0.6372215030353345,0.4607641222055463,0.4069670116182351,-0.42494783226311483,-0.08669680313405913,0.06268899621844168,0.05536966144465784,-0.057816031600423784,-0.17645738082978824,-0.017980820644879714,-0.02400780691561745,-0.0024463701557659472,0.1589542113284052,0.3616914141383957,0.06436710875206128,0.2822277455184631,0.2603228127334004,0.8267025728647378,0.5435126927990691,31.041666666666668,39.513888888888886,31.041666666666668,16.875,65,3.5416666666666665
"Hudson, Dakota",641712,2023,1316,94.84507825325878,-0.0667338291430903,-0.12677399153322622,-0.3494366805807658,-0.667338291430903,-0.026552939253857582,-0.05070959661329049,0.4791124633511572,0.6215998172119725,-1.441198060431816,-0.008950900712079601,0.036406722139145684,0.04723402866352375,-0.10951353042794953,-6.801596285774772e-4,1.1007122805631298,-1.4501489611438956,0.08364075080266943,-0.11019369005652702,0.26241272865962095,0.3168304913780022,0.155214175686915,0.13016967618798322,0.2896216100188116,0.8573080740625509,0.5734648420406813,30.97222222222222,28.26388888888889,30.97222222222222,77.29166666666667,86.875,25.069444444444443
"Winans, Allan",642216,2023,534,94.81885461554272,-0.027216677974208858,-0.12741890437363695,-0.14317022944271685,-0.2721667797420886,-0.02681090439002188,-0.050967561749454784,0.1981453402995612,-0.0514625973312377,-0.29752337038314636,0.007670397972106002,0.03710586896995528,-0.009637190511467735,-0.05571598696313602,0.0014364041146265921,0.1466827429683235,-0.28985297241104035,0.02746867845848755,-0.054279582848509436,0.24176305210596355,0.2260731626985924,0.11180523767123955,0.1441720451700054,0.23391810740227797,0.8720113585793775,0.5529647329908277,30.90277777777778,44.02777777777778,30.90277777777778,35.41666666666667,38.333333333333336,44.513888888888886
"Weathers, Ryan",677960,2025,642,94.81329122058717,-0.03275630988920873,-0.12755572386763525,-0.17247735864452807,-0.32756309889208735,-0.026865632187621193,-0.0510222895470541,-0.2648120558587834,0.4035424336759661,-0.0763724559305956,-0.23483528053111513,-0.0412479837786267,0.06285707689656793,-0.01189602117298997,-0.03657870413257245,0.13873037781718267,-0.31120773646171074,0.021609093117941226,-0.04847472530556242,0.18267141382653224,0.2952215041540784,0.09795633135037914,0.1707569673057207,0.2389464589903053,0.8656433506719501,0.5522949048311276,30.833333333333336,41.52777777777778,30.833333333333336,34.513888888888886,44.09722222222222,35.34722222222222
"Chavez, Jesse",445926,2023,558,94.80893471132387,-0.028494350944749947,-0.12766286265568977,-0.15014936138186386,-0.28494350944749947,-0.026908487702842987,-0.0510651450622759,0.4787409150567328,-0.4100449232128085,-0.40071391226047126,0.18186855903468313,0.08579586291339297,-0.07348475326394417,-0.0718125290789375,0.03259293172664572,0.06869599184392428,-0.21884535322578813,0.012311109649448796,-0.03921959735229178,0.327461864286419,0.19840588180879198,0.18790699496542915,0.11843826126178361,0.2629338730476055,0.8468273718863937,0.5548806224669995,30.76388888888889,43.541666666666664,30.76388888888889,39.44444444444444,67.01388888888889,14.791666666666666
"Kolek, Stephen",663568,2025,1689,94.80684131296975,-0.08628381161423368,-0.1277143451957278,-0.45483217334151504,-0.8628381161423369,-0.026929080718858203,-0.051085738078291115,1.3519036752312559,0.43324676550969343,-1.9036464840564804,-0.33633613002598395,0.08004166223986121,0.025651081439295054,-0.1127084952076069,-0.019913329190407576,1.7851504407409493,-2.2399826140824644,0.10569274367915626,-0.13262182439801445,0.28227698889805897,0.2630472707570326,0.16587750022356193,0.14759528677498077,0.2726621298275458,0.8432636065007286,0.5579628681641372,30.694444444444446,21.805555555555557,30.694444444444446,46.38888888888889,74.79166666666667,11.875
"Halvorsen, Seth",678020,2025,636,94.79297999933526,-0.03257725147763231,-0.12805523379572448,-0.17213617397032976,-0.3257725147763231,-0.02706543615885688,-0.05122209351828979,-0.042138807179981086,0.25848987162498815,-0.03773005708467281,-0.350757181330664,-0.006625598613204573,0.040643061576255995,-0.005932398912684404,-0.0551505002092239,0.21635106444500707,-0.38848723841533683,0.03401746296305143,-0.061082899121908306,0.2290838835643894,0.3089003663779436,0.09967690510050613,0.21596483234574718,0.26899212497116654,0.8421791312768734,0.5555856281240199,30.625000000000004,41.66666666666667,30.625000000000004,40.625,71.94444444444444,11.041666666666666
"Ashcraft, Graham",668933,2024,1342,94.78698170089936,-0.06881923554871901,-0.12820274878673438,-0.3640100137236004,-0.68819235548719,-0.027124442155260838,-0.05128109951469374,0.2016389083892136,0.8664336474166703,-1.4333134521284592,0.0012308825989748584,0.015025253978331862,0.06456286493417812,-0.10680428108259755,9.172001482674058e-5,1.068072555805884,-1.4320825695294843,0.07958811891250998,-0.10671256106777081,0.23985534585624985,0.3333476473174696,0.16874621811574508,0.1348930254715074,0.28660149658685974,0.8481803782063737,0.5673909373966167,30.555555555555557,27.500000000000004,30.555555555555557,67.56944444444444,84.86111111111111,15.902777777777777
"Lively, Ben",594902,2023,1383,94.7869534312783,-0.07092214522967677,-0.12820344401604622,-0.3751348810158106,-0.7092214522967677,-0.027124720246985583,-0.05128137760641849,0.4648004322380075,-0.03450394119840894,-0.7908962767955927,-0.014535095259816444,0.03360812959060069,-0.0024948619810852453,-0.05718700482976086,-0.0010509830267401623,0.43029649103959855,-0.8054313720554092,0.03111326760951544,-0.05823798785650102,0.24648486384985385,0.23946586280504464,0.12314960656343456,0.13125649309395754,0.24297536332744923,0.872796950171304,0.5578861567493766,30.486111111111114,26.875,30.486111111111114,46.25,47.84722222222222,45.625
"Faucher, Calvin",676534,2025,1030,94.75300277846925,-0.05316381496657557,-0.12903838584120286,-0.2828245788635968,-0.5316381496657557,-0.027458696977048235,-0.051615354336481144,0.21214016439455463,0.014286259370692278,-0.37565336235184077,-0.13359764027700294,0.02059613246549074,0.0013870154728827455,-0.036471200228334055,-0.012970644687087664,0.2264264237652469,-0.5092510026288437,0.021983147938373485,-0.04944184491542172,0.22816180895249272,0.2284818699291063,0.11729791195815298,0.15325674199572917,0.2283218394407995,0.8647226730230589,0.5465222562319292,30.416666666666664,33.263888888888886,30.416666666666664,21.458333333333332,33.75,33.47222222222222
"Burke, Brock",656271,2025,993,94.74587220351779,-0.051323700184923736,-0.12921374668913327,-0.27336139427006856,-0.5132370018492374,-0.0275288413162204,-0.05168549867565331,0.41299887633340404,0.5290796902531838,-0.5393527303258452,-0.6760872305308112,0.041591024806989334,0.05328093557433875,-0.054315481402401326,-0.06808532029514715,0.9420785665865878,-1.2154399608566564,0.09487196038132809,-0.12240080169754848,0.2516315865707951,0.31524094705657985,0.1400828306264611,0.20386318553982372,0.2834362668136875,0.8280269919168576,0.5557316293652725,30.34722222222222,33.958333333333336,30.34722222222222,41.25,82.91666666666667,4.097222222222222
"Eovaldi, Nathan",543135,2025,1909,94.71826767084879,-0.09918600433535284,-0.12989261961151496,-0.5307094543619542,-0.9918600433535284,-0.027800390485173083,-0.05195704784460599,0.4241800545536307,-0.3127310342282499,0.28249221965506877,-0.9246506943424038,0.02222001333439658,-0.016381929503837083,0.014797916168416385,-0.04843639048414897,0.11144902032538084,-0.642158474687335,0.005838083830559499,-0.03363847431573258,0.22599677746514227,0.22912067654957033,0.08842060038901212,0.16767805208983871,0.2275587270073563,0.8719506737605746,0.5497547003839655,30.277777777777775,18.88888888888889,30.277777777777775,28.47222222222222,32.98611111111111,44.30555555555556
"Hudson, Dakota",641712,2024,1419,94.70982138351822,-0.07384495157578982,-0.13010033751900957,-0.3956665478275454,-0.7384495157578983,-0.027883477648170923,-0.052040135007603835,0.8307278311895061,0.16899965572360998,-1.5358699899029489,0.1404759551622874,0.058543187539781966,0.011909771368823818,-0.10823608103614861,0.00989964447937191,0.9997274869131161,-1.3953940347406615,0.07045295890860578,-0.09833643655677671,0.27455710433465214,0.26292848684935843,0.1531924401037639,0.12680190626473792,0.2687427955920053,0.8600028268157491,0.5643728112038773,30.208333333333332,25.90277777777778,30.208333333333332,60.90277777777777,71.59722222222223,27.569444444444446
"Bivens, Spencer",702352,2024,705,94.64885052476335,-0.037111138533216494,-0.13159978203268258,-0.20080695094816292,-0.3711113853321649,-0.028483255453640128,-0.052639912813073036,0.6931362096136127,-0.5737775055304155,-0.7972291865567058,0.47706353152534575,0.0983171928529947,-0.08138688021708021,-0.11308215412151855,0.06766858603196393,0.11935870408319715,-0.3201656550313601,0.01693031263591449,-0.04541356808955462,0.34251716419937184,0.1798401709028379,0.16187513955501698,0.10656995780910884,0.26117866755110486,0.865777451317937,0.563478059434521,30.138888888888886,39.791666666666664,30.138888888888886,58.68055555555556,65.83333333333333,35.486111111111114
"Richardson, Lyon",680689,2025,674,94.61178839315177,-0.035725031342781856,-0.1325112438530484,-0.1944344428252407,-0.35725031342781854,-0.02884784018178645,-0.05300449754121936,0.19571269072412179,0.17888707661745684,-0.12144781928736847,-0.44758639087945085,0.02903749120535932,0.026541109290423862,-0.018018964285959713,-0.06640747639160992,0.3745997673415786,-0.5690342101668193,0.055578600495783184,-0.08442644067756963,0.23173622398988253,0.2865864637451003,0.0949261980895172,0.2010034823911231,0.2591613438674914,0.8520351597596798,0.5555982518135856,30.069444444444443,40.486111111111114,30.069444444444443,40.69444444444444,64.02777777777777,19.86111111111111
"Lauer, Eric",641778,2023,842,94.56427644634476,-0.04502332159711242,-0.1336796959534217,-0.24683416100469913,-0.4502332159711242,-0.02931522102193576,-0.05347187838136867,-0.15421341141768607,0.4442203084099674,-0.39857000751226224,-0.13827105048471822,-0.01831513199734989,0.05275775634322653,-0.0473361054052568,-0.016421739962555606,0.2900068969922813,-0.5368410579969805,0.034442624345876645,-0.0637578453678124,0.20161369924982672,0.33129720947771196,0.11873376142727814,0.14614078119330579,0.26645545436376933,0.8675627286897081,0.5670090915267387,30,36.59722222222222,30,66.18055555555556,69.72222222222221,37.56944444444444
"Seymour, Ian",693855,2025,995,94.51995215296652,-0.05363836237488402,-0.13476975471076386,-0.29602488302248275,-0.5363836237488402,-0.029751244524872638,-0.05390790188430555,0.14649109993729326,0.2694385686154419,-0.5139433939298215,-0.19801115764539645,0.014722723611788268,0.02707925312718009,-0.051652602405007186,-0.019900618858833815,0.41592966855273517,-0.7119545515752179,0.041801976738968356,-0.071553221263841,0.2384131782737949,0.2971075169935884,0.12301334929027609,0.15228266235065052,0.26776034763369166,0.8623519941795367,0.5650561709066142,29.930555555555554,32.708333333333336,29.930555555555554,62.083333333333336,70.55555555555556,30.416666666666664
"Crawford, Kutter",676710,2024,2823,94.4840543800629,-0.15317889523652156,-0.13565258168306904,-0.8498465151084247,-1.5317889523652157,-0.03010437531379471,-0.05426103267322762,-1.1007918247288444,1.0764848865983367,-0.3304772093788415,-0.4950623675990755,-0.03899368844239619,0.038132656273409025,-0.011706596152279189,-0.017536746992528357,-0.02430693813050766,-0.825539576977917,-8.610321689871653e-4,-0.029243343144807542,0.18081722439844394,0.289245650628329,0.09491001445459074,0.14839159880747158,0.23503143751338648,0.8783491933689689,0.5566903154411776,29.86111111111111,10.069444444444445,29.86111111111111,43.05555555555556,39.861111111111114,53.263888888888886
"Tate, Dillon",622253,2024,590,94.47877004250124,-0.0320446790559475,-0.13578253837265888,-0.17792251213882082,-0.320446790559475,-0.030156357989630646,-0.054313015349063555,0.14886981809786448,-0.22529944275925118,-0.7945543194982747,0.6930614320208406,0.025232172558960084,-0.03818634623038156,-0.13467022364377537,0.1174680393255662,-0.0764296246613867,-0.10149288747743412,-0.012954173671421475,-0.017202184318209173,0.24097535745181256,0.2024338133134124,0.235070048236424,0.07080171001094737,0.22170458538261248,0.8470641208763143,0.5343843531294634,29.791666666666668,41.94444444444444,29.791666666666668,6.388888888888888,27.63888888888889,14.930555555555555
"Kremer, Dean",665152,2025,2693,94.47377464622032,-0.14639728523043286,-0.1359053891853257,-0.8134340696148001,-1.4639728523043285,-0.030205498314697366,-0.054362155674130275,0.14132183478841398,0.7576405123825225,-0.23562128410094374,-1.4767751326847929,0.005247747299978239,0.028133698937338376,-0.008749397850016478,-0.0548375467019975,0.8989623471709365,-1.7123964167857366,0.03338144623731661,-0.06358694455201398,0.2281045848215555,0.24675268506133943,0.08966427570763191,0.189006692765784,0.23742863494144745,0.8606645157632921,0.5490465753523698,29.72222222222222,10.833333333333334,29.72222222222222,26.944444444444443,41.94444444444444,28.40277777777778
"Falter, Bailey",663559,2023,1294,94.47304243358457,-0.07035394995012842,-0.13592339634877978,-0.3909523532702224,-0.7035394995012842,-0.03021270118007901,-0.054369358539511914,-0.9946868895822263,0.9971547560307954,0.39708914055017885,-0.7905093602689703,-0.07686915684561255,0.07705987295446641,0.030686950583475953,-0.06109036787240883,0.0024678664485691115,-0.3934202197187915,1.9071610885387246e-4,-0.030403417288932883,0.1716893436214345,0.38095934986121194,0.07322106271754451,0.23163571515375492,0.2763243467413232,0.8475716110643503,0.5619479789028368,29.65277777777778,27.083333333333332,29.65277777777778,55.41666666666667,77.98611111111111,15.555555555555555
"Williams, Gavin",668909,2024,1401,94.45290552875528,-0.076448994281985,-0.1364186193468683,-0.42605517321419484,-0.7644899428198499,-0.030410790379314406,-0.05456744773874732,-0.6062079808748422,-0.41713229710103406,0.9342918735064814,-0.33700676874479996,-0.04326966316023142,-0.029773897009352897,0.06668749989339624,-0.024054730103126337,-1.0233402779758762,0.5972851047616814,-0.07304356016958431,0.042632769790269906,0.19365756092923272,0.20165761026693124,0.05913943387066028,0.146088742415646,0.197657585598082,0.8973859118568468,0.5475217487274644,29.583333333333332,24.791666666666668,29.583333333333332,23.26388888888889,11.875,76.73611111111111
"Miller, Bryce",682243,2023,2090,94.42847511256785,-0.11454824501634908,-0.13701943183773818,-0.6406083113513432,-1.1454824501634908,-0.03065111537566236,-0.05480777273509527,-1.19379286804201,1.2673622942156726,0.011060333248906318,-0.7252380707739121,-0.057119275982871295,0.06063934422084558,5.292025477945607e-4,-0.0347003861614312,0.07356942617366258,-0.7141777375250058,0.003520068237974286,-0.034171183613636635,0.17370476754383757,0.2919014027145416,0.07986883183707845,0.16943836055641803,0.2328030851291896,0.8753464038032518,0.5540747444662207,29.51388888888889,15.833333333333332,29.51388888888889,37.5,37.22222222222222,48.75
"Keller, Mitch",656605,2023,3112,94.4046882641942,-0.17128997851821395,-0.13760441719008187,-0.9611446081565873,-1.7128997851821395,-0.030885109516599847,-0.05504176687603275,0.17365947585244612,-1.1802015418415976,-1.2982984383705798,1.343695896203144,0.005580317347443641,-0.03792421406946008,-0.04171910149005719,0.04317788869547378,-1.0065420659891515,0.045397457832564214,-0.03234389672201644,0.0014587872054165878,0.2242672138009829,0.18772248731337424,0.11521560009788935,0.11316652368674733,0.2059948505571786,0.8858089381076817,0.5459018943324301,29.444444444444446,8.194444444444445,29.444444444444446,20.34722222222222,15.625,64.02777777777777
"Weissert, Greg",669711,2024,1050,94.39888761543537,-0.057853769996772386,-0.13774707142088666,-0.3248927976936784,-0.5785376999677239,-0.030942171208921756,-0.055098828568354664,0.28080116307341996,-0.885992025174346,-0.9990458862775995,1.2793439506848472,0.026742967911754283,-0.08438019287374723,-0.09514722726453329,0.1218422810176045,-0.6051908621009261,0.2802980644072477,-0.057637224961992965,0.026695053753071206,0.22962424784006033,0.16132659973229901,0.15988134325078895,0.07559637711592868,0.19547542378617966,0.8822611398166412,0.5388682818014104,29.375,31.180555555555557,29.375,10.208333333333334,11.041666666666666,59.236111111111114
"Allen, Logan",671106,2025,2632,94.3828979428596,-0.1454341103034113,-0.13814030233986635,-0.8185378813338389,-1.4543411030341131,-0.031099463576513633,-0.05525612093594654,0.5419480168063728,-0.36556510862465075,-0.5251862924301349,-0.46973449708542603,0.020590730121822675,-0.013889251847441138,-0.019953886490506646,-0.01784705536038853,0.1763829081817221,-0.994920789515561,0.006701478274381538,-0.03780094185089517,0.22702868772372078,0.21527917864438828,0.10107758629406104,0.14927727609710476,0.22115393318405452,0.8748225688044171,0.5479882509942358,29.305555555555557,11.11111111111111,29.305555555555557,24.23611111111111,26.875,48.26388888888889
"Contreras, Roansy",672710,2023,1141,94.35282206926516,-0.06338481030762766,-0.13887995247070037,-0.3582206426051471,-0.6338481030762766,-0.03139532362884725,-0.05555198098828015,-1.1746867024460244,0.15360075565013176,1.0239716871446944,-0.3611063829539489,-0.10295238408817042,0.013461941774770532,0.08974335557797497,-0.031648236893422346,-1.0210859467958926,0.6628653041907455,-0.08949044231339988,0.058095118684552624,0.14657959629464296,0.2659228703261744,0.04658044379781664,0.18509951030458488,0.20625123331040868,0.8841600229487993,0.5452056281296039,29.236111111111114,29.72222222222222,29.236111111111114,18.819444444444443,15.902777777777777,61.94444444444444
"Thielbar, Caleb",573204,2025,880,94.3516716128946,-0.04889570238828765,-0.13890824542127173,-0.2763784391198669,-0.48895702388287654,-0.031406640809075785,-0.05556329816850869,-1.381271385468267,0.09207452877831201,1.2643792044655129,-0.2515607868954248,-0.1569626574395758,0.010463014633899093,0.1436794550528992,-0.028586453056298276,-1.289196856689955,1.012818417570088,-0.1464996428056767,0.11509300199660091,0.09272605738215482,0.2803229971278276,0.03963896898798278,0.1728504805862176,0.18652452725499122,0.8937552752128998,0.5401399012339455,29.166666666666668,35.208333333333336,29.166666666666668,11.666666666666666,7.777777777777778,73.47222222222223
"Francis, Bowden",670102,2023,539,94.35004105184709,-0.029957263288317403,-0.13894834549312335,-0.16936824971583064,-0.29957263288317404,-0.03142268083781644,-0.05557933819724935,-0.8138165948124652,-0.6181203079661373,1.0336079537446494,0.22896069931812235,-0.15098638122680244,-0.11467909238703844,0.19176399883945258,0.04247879393657186,-1.4319369027786024,1.2625686530627718,-0.2656654736138409,0.23424279277602442,0.07360904424464634,0.14071417506124503,0.017922255944419704,0.09470439128663204,0.10716160965294569,0.9436866763844741,0.5254241430187099,29.097222222222225,42.916666666666664,29.097222222222225,1.8055555555555554,0.06944444444444445,97.77777777777777
"Soriano, George",666277,2023,881,94.31977087587873,-0.04922773358035957,-0.13969277406458444,-0.27945718446699175,-0.4922773358035957,-0.03172045226640088,-0.05587710962583378,0.03684784387041873,-0.7585576052633769,-0.10111302309360326,0.5433656000195697,0.004182502141931751,-0.08610188481990658,-0.011477074130942481,0.06167600454251642,-0.7217097613929582,0.4422525769259664,-0.08191938267797483,0.050198930411573944,0.21951297360579627,0.1744819191790829,0.102775254935494,0.09664066294075772,0.1969974463924396,0.9002920410618741,0.5486447437271569,29.02777777777778,35.138888888888886,29.02777777777778,25.763888888888886,11.597222222222223,79.51388888888889
"Megill, Tylor",656731,2024,1557,94.31893047415859,-0.08701353161608258,-0.13971344190122442,-0.49401616107445534,-0.8701353161608257,-0.03172871940105686,-0.05588537676048977,0.04929888317565201,0.30871957371641656,-0.2671107384953757,-0.5849238794711482,0.003166273807042518,0.01982784673836972,-0.01715547453406395,-0.03756736541240515,0.35801845689206857,-0.8520346179665239,0.02299412054541224,-0.0547228399464691,0.2138903398221574,0.23593023196793772,0.0952818365823957,0.16213084101493863,0.22491028589504758,0.8712936612013329,0.5481019735481902,28.958333333333336,21.59722222222222,28.958333333333336,24.444444444444443,30.34722222222222,43.26388888888889
"Clarke, Taylor",664199,2025,865,94.3149811259945,-0.04837445633952352,-0.13981056745527032,-0.27478947723614056,-0.4837445633952352,-0.03176756962267521,-0.055924226982108124,0.24369369120040574,0.07797277481631681,-0.6062160464725821,0.009760103219718985,0.02817268106363072,0.009014193620383446,-0.07008277993902683,0.0011283356323374548,0.32166646601672255,-0.5964559432528631,0.037186874684014166,-0.06895444430668937,0.23359633032241778,0.2506794914343311,0.13221383744756016,0.13848729642870364,0.24213791087837444,0.8646494330618681,0.5533936719701213,28.888888888888886,35.34722222222222,28.888888888888886,35.97222222222222,47.291666666666664,33.263888888888886
"Bibee, Tanner",676440,2025,3055,94.2806637608888,-0.17187983292867406,-0.14065452776487236,-0.9808124469560653,-1.7187983292867406,-0.03210515374651605,-0.05626181110594895,0.27756123155052137,0.6077647706274547,-2.123979263461024,0.2578408143269826,0.009085474027840306,0.019894100511536977,-0.0695246894749926,0.008439961189099265,0.8853260021779761,-1.8661384491340414,0.028979574539377287,-0.06108472828589333,0.2230698152796451,0.2379853543514456,0.1259745242039655,0.12872250768253862,0.23052758481554536,0.872651484056748,0.5515895344361467,28.819444444444443,8.055555555555555,28.819444444444443,32.083333333333336,35.69444444444444,45.34722222222222
"Edwards Jr., Carl",605218,2023,557,94.27292439507139,-0.031380234916857916,-0.1408448604885903,-0.17924976767653789,-0.3138023491685792,-0.03218128683600321,-0.05633794419543611,-0.5374652750292626,0.3069425235516974,0.1329517822427988,-0.0816787984417715,-0.09649286804834158,0.055106377657396295,0.02386926072581666,-0.014664057170874599,-0.23052275147756518,0.051272983801027294,-0.041386490390945274,0.009205203554942063,0.18390054879186554,0.28355403349672453,0.07866826704930993,0.1504167091592823,0.23372729114429502,0.8854575118957039,0.5595924015199994,28.749999999999996,42.22222222222222,28.749999999999996,50.69444444444444,38.125,63.541666666666664
"Martinez, Justin",679885,2024,1177,94.24680073972391,-0.06661222765811906,-0.1414873144819861,-0.3817984194606652,-0.6661222765811905,-0.032438268433361526,-0.05659492579279443,0.7810636836604772,0.22940072545475232,-0.8892980322930271,-0.5029647962828676,0.0663605508632521,0.019490291032689237,-0.0755563323953294,-0.04273277793397346,1.0104644091152295,-1.3922628285758947,0.08585084189594133,-0.11828911032930285,0.27488180579735705,0.25643772929155867,0.1421088196858457,0.17314819586907257,0.26565976754445786,0.8423714922225409,0.5540156298834994,28.680555555555554,28.40277777777778,28.680555555555554,37.361111111111114,69.02777777777777,11.25
"Walker, Taijuan",592836,2024,1356,94.24343641542605,-0.07678759656140806,-0.14157005265746325,-0.4403116918201704,-0.7678759656140806,-0.03247136370355239,-0.0566280210629853,0.3377334963613521,0.4772530302745963,-0.8592380929335377,-0.3960601255225811,0.024906600026648382,0.03519565120019147,-0.06336564107179482,-0.02920797385859742,0.8149865266359484,-1.2552982184561188,0.06010225122683985,-0.09257361493039225,0.23140038157913387,0.27747159615928635,0.1345097028598885,0.159519816086099,0.2544359888692101,0.8529852405270062,0.5537106146981081,28.61111111111111,24.72222222222222,28.61111111111111,36.80555555555556,59.72222222222222,20.833333333333336
"Mlodzinski, Carmen",669387,2025,1597,94.22919001659523,-0.09065875891926296,-0.14192041158306662,-0.520805771162486,-0.9065875891926296,-0.03261150727379374,-0.05676816463322665,0.9139314886142529,-0.1539054919148839,-0.7287838330134946,-0.5520479348483605,0.057228020576972634,-0.009637162925164927,-0.045634554352754826,-0.034567810572846615,0.760025996699369,-1.280831767861855,0.047590857651807705,-0.08020236492560144,0.2537989825879139,0.22213967497482476,0.1252417083524795,0.15267409005073956,0.23796932878136934,0.8610421007983905,0.5495057147898799,28.541666666666664,20.555555555555554,28.541666666666664,28.194444444444443,42.986111111111114,29.166666666666668
"Irvin, Cole",608344,2023,1267,94.22250167461053,-0.07200862563810662,-0.1420848966813469,-0.4140214076370512,-0.7200862563810662,-0.03267730131310585,-0.056833958672538765,0.19199133275560598,0.666627675833297,-0.858806195775287,-0.4138342204506671,0.01515322279049771,0.05261465476190189,-0.06778265160025944,-0.03266252726524602,0.8586190085889029,-1.2726404162259541,0.0677678775523996,-0.10044517886550547,0.2220630049060417,0.2681265261897841,0.130915015472345,0.1625554247381123,0.2450947655479129,0.8532647798947713,0.5491797727213421,28.47222222222222,26.52777777777778,28.47222222222222,27.361111111111114,49.44444444444444,20.97222222222222
"Sánchez, Cristopher",650911,2025,3083,94.17473795220778,-0.17666766552976965,-0.1432595406501538,-1.02192690890638,-1.7666766552976965,-0.03314715890062861,-0.05730381626006152,3.3543257739215733,0.6870528107722293,-1.16766009208186,-3.8956454015183226,0.10880070625759239,0.022285203074026254,-0.037874151543362315,-0.12635891668888494,4.041378584693803,-5.063305493600183,0.13108590933161862,-0.16423306823224723,0.31508665155622734,0.24827060520614175,0.1306918576030135,0.20563950681565407,0.2816786283811845,0.8318343177906662,0.5567564730859254,28.40277777777778,7.569444444444444,28.40277777777778,43.26388888888889,81.25,5.138888888888888
"Pallante, Andre",669467,2025,2720,94.14505824516907,-0.15666051935181852,-0.14398944793365676,-0.9095441133416102,-1.5666051935181853,-0.03343912181402979,-0.0575957791734627,-1.844374448297458,0.9107454051722925,0.7748449404311941,-0.7507600106476389,-0.067807884128583,0.033483286954863696,0.028486946339382136,-0.027601470979692604,-0.9336290431251655,0.024084929783555253,-0.03432459717371932,8.854753596895313e-4,0.18421423785931454,0.34825355774525496,0.07747559321266982,0.24037601748958368,0.26623389780228474,0.8410741946488732,0.553654046225579,28.333333333333332,9.444444444444445,28.333333333333332,36.666666666666664,69.51388888888889,10.416666666666668
"Morales, Luis",806960,2025,821,94.06311618317793,-0.04794792153777674,-0.1460046331844602,-0.28115305845682315,-0.4794792153777674,-0.03424519591435118,-0.05840185327378408,-0.7318416206149436,-0.6708687212289988,0.3982067256974915,0.7233505576896277,-0.08914027047685062,-0.08171360794506684,0.048502646248171924,0.08810603625939437,-1.4027103418439424,1.1215572833871192,-0.17085387842191746,0.13660868250756628,0.1488647822028009,0.16899401448353227,0.06688037604034018,0.08205028553245867,0.15892939834316658,0.9255346692136006,0.5422320337783836,28.26388888888889,35.625,28.26388888888889,14.166666666666666,1.6666666666666667,93.68055555555556
"Ottavino, Adam",493603,2023,1019,94.0492297931165,-0.05965068604614563,-0.14634613848416494,-0.350350521968835,-0.5965068604614563,-0.03438179803423307,-0.05853845539366598,0.2300441884308384,-0.5908529108703533,-1.2230835551254131,1.233541755596093,0.02257548463501849,-0.05798360263693359,-0.12002782680327902,0.12105414677096105,-0.3608087224395149,0.010458200470679913,-0.0354081180019151,0.0010263199676820327,0.24292722998065563,0.16776820659759134,0.19235893449883673,0.07751480060714082,0.2053477182891235,0.8650631324470113,0.5352054253680674,28.194444444444443,30.76388888888889,28.194444444444443,7.152777777777778,15.069444444444443,34.166666666666664
"Knack, Landon",689017,2025,743,94.03474965544336,-0.0435999074231755,-0.14670224570382065,-0.25651511005116845,-0.435999074231755,-0.03452424092209535,-0.058680898281528254,-0.5607334014966909,0.28202990020690777,0.2819360324781428,-0.2597476412395281,-0.07546882927277132,0.03795826382327157,0.03794563021240145,-0.034959305684997055,-0.27870350128978316,0.022188391238614713,-0.03751056544949975,0.0029863245274044025,0.1624649580775308,0.28817392145624426,0.06415665125460215,0.16191155601767881,0.22531943976688754,0.8869658963638595,0.5561426680653735,28.125,37.22222222222222,28.125,42.01388888888889,30.76388888888889,66.25
"Hoeing, Bryan",663773,2023,1115,94.00737323369302,-0.06572947689740917,-0.14737550873858557,-0.38794803941641476,-0.6572947689740917,-0.03479354613600132,-0.05895020349543423,0.02098769248732424,-0.6636673400955715,0.11349478660258683,0.14123682158924566,0.0018823042589528464,-0.05952173453771942,0.010178904628034693,0.012666979514730552,-0.6426796476082473,0.2547316081918325,-0.05763943027876658,0.022845884142765244,0.24423190012627827,0.21140297413045034,0.07627619444989174,0.12051714475757733,0.2278174371283643,0.9016033303962655,0.5647103837623149,28.055555555555557,28.958333333333336,28.055555555555557,61.458333333333336,33.263888888888886,80.625
"Ward, Thaddeus",663658,2023,680,93.99188875132494,-0.04018971784665161,-0.14775631561268976,-0.23763190842237236,-0.4018971784665161,-0.034945868885642994,-0.059102526245075906,0.004170132021044992,-0.8615909781078699,-0.27523198561721074,0.8950209232816633,6.132547089772048e-4,-0.1267045556040985,-0.04047529200253099,0.1316207240120093,-0.8574208460868249,0.6197889376644525,-0.1260913008951213,0.09114543200947832,0.22890570298153948,0.1403208979004601,0.12047766520915601,0.06700662772337992,0.18461330044099977,0.906257853533732,0.5454355769873659,27.98611111111111,38.333333333333336,27.98611111111111,19.444444444444446,6.944444444444445,83.81944444444444
"Baz, Shane",669358,2025,2606,93.97996718529546,-0.15432679919167597,-0.1480495003757444,-0.913745501129938,-1.5432679919167596,-0.03506314279086485,-0.05921980015029776,-2.1327833260461375,-0.2366369841006417,1.7207851717369067,-0.2651103627200655,-0.08184126347068832,-0.009080467540316259,0.06603166430302788,-0.010173076082888161,-2.3694203101467792,1.4556748090168412,-0.09092173101100458,0.05585858822013972,0.16274102783598368,0.22218023578047486,0.06563450487152636,0.14365365722093357,0.19246063180822925,0.8953559189537701,0.5439082753809996,27.916666666666668,9.86111111111111,27.916666666666668,17.569444444444443,9.722222222222223,74.72222222222223
"Oviedo, Johan",670912,2023,2980,93.9513901463758,-0.17731272962741382,-0.14875228995588408,-1.0532589069630376,-1.7731272962741382,-0.035344258622920725,-0.05950091598235363,1.4043756785999904,0.05241124137864972,-1.8362812018037857,-0.6737646251378919,0.047126700624160744,0.0017587664892164336,-0.06162017455717402,-0.02260955117912389,1.45678691997864,-2.5100458269416777,0.048885467113377185,-0.08422972573629792,0.25226067885138087,0.23563899265146687,0.12828204180231956,0.15205075364039386,0.24394983575142387,0.8598336022786432,0.5518917190150335,27.84722222222222,7.361111111111112,27.84722222222222,33.19444444444444,48.75,27.361111111111114
"Houser, Adrian",605288,2023,1847,93.90321698163949,-0.11077345800897098,-0.14993700326065376,-0.661561118660984,-1.1077345800897098,-0.03581814394482859,-0.0599748013042615,0.7581415081813248,-0.4910273351320029,-0.5037911594133675,-0.42488413229693833,0.0410471850666662,-0.02658512913546307,-0.02727618621620831,-0.023004013659823408,0.26711417304932183,-0.9286752917103058,0.014462055931203132,-0.05028019987603172,0.248464365455051,0.20946499410511665,0.10602513991130484,0.14880940694337935,0.22896467978008384,0.8725827265726579,0.5507737031763709,27.77777777777778,16.59722222222222,27.77777777777778,30.34722222222222,34.166666666666664,45.27777777777778
"Allen, Logan",671106,2024,1658,93.87481700121683,-0.09990142279694465,-0.15063543847548952,-0.5984968489500488,-0.9990142279694465,-0.0360975180307629,-0.06025417539019581,0.8308126160426355,-0.27928947511031765,-0.4850591830600024,-0.6649608068223642,0.050109325454923734,-0.016844962310634357,-0.02925568052231619,-0.04010620065273608,0.5515231409323178,-1.1500199898823666,0.03326436314428937,-0.06936188117505226,0.2464841059615463,0.22155447452780289,0.09980048130754327,0.17071077323293624,0.2340192902446746,0.8647443727297602,0.5493818314872174,27.708333333333336,18.819444444444443,27.708333333333336,27.916666666666668,38.611111111111114,33.68055555555556
"Saucedo, Tayler",642048,2024,624,93.86641407324025,-0.0376501856776766,-0.15084209005479404,-0.22576431485390458,-0.37650185677676595,-0.03618017866248471,-0.060336836021917625,0.447772989454279,-0.13052184153275448,-0.896961505014815,0.35394604223938586,0.07175849189972419,-0.02091696178409527,-0.14374383093186138,0.05672212215374773,0.31725114792152453,-0.5430154627754291,0.050841530115628926,-0.08702170877811363,0.27574919556267835,0.1929046372107566,0.23812827640121534,0.10733788734415277,0.2343269163867175,0.827266918127316,0.5307969172570167,27.63888888888889,39.166666666666664,27.63888888888889,3.888888888888889,39.02777777777778,3.8194444444444446
"Glasnow, Tyler",607192,2024,2007,93.85408713329176,-0.1213394019635449,-0.15114524410008084,-0.7285699064316304,-1.213394019635449,-0.03630144028059942,-0.060458097640032335,-1.6827041097476467,1.4441969674626307,0.5040233569875454,-0.9940861211341598,-0.08384175932972829,0.07195799538926909,0.025113271399479095,-0.04953094773961932,-0.23850714228501602,-0.4900627641466144,-0.011883763940459193,-0.024417676340140228,0.17275333727199926,0.3557471200261733,0.0753609073048309,0.27199412777478366,0.2642502286490863,0.8263224824601927,0.5452863555546394,27.569444444444446,14.791666666666666,27.569444444444446,19.166666666666668,68.19444444444444,3.4027777777777777
"Oller, Adam",670124,2024,710,93.83096621252227,-0.043086734088389665,-0.15171385242390728,-0.259355073631923,-0.43086734088389667,-0.03652888361013,-0.06068554096956291,-0.7530786893767072,0.15645067615218977,0.12065639380216453,0.21661654579042988,-0.10606742103897283,0.02203530650030842,0.016993858281995004,0.03050937264653942,-0.5966280132245174,0.3372729395925944,-0.08403211453866442,0.04750323092853442,0.15690194743254493,0.23604348840186384,0.0714113123538398,0.11567935873009312,0.1964727179172044,0.9064546644580336,0.551463691187619,27.500000000000004,37.361111111111114,27.500000000000004,31.874999999999996,11.527777777777779,84.02777777777779
"Fujinami, Shintaro",660261,2023,1394,93.81308047717704,-0.08484091028356183,-0.15215371284713386,-0.5116652992451236,-0.8484091028356183,-0.036704827779420635,-0.06086148513885355,-0.253375436033366,0.29733343065072404,-0.03267374631968778,-0.5229495475427939,-0.018176143187472453,0.021329514393882643,-0.0023438842410106013,-0.037514314744820226,0.043957994617358054,-0.5556232938624817,0.00315337120641019,-0.039858198985830824,0.21088673012823494,0.26387675428977453,0.09258064338014088,0.17704831778385438,0.23738174220900474,0.8651855194180024,0.5512836308135035,27.430555555555557,22.22222222222222,27.430555555555557,31.38888888888889,41.80555555555556,34.44444444444444
"Cleavinger, Garrett",664076,2024,1055,93.79198747067564,-0.06442777350684789,-0.15267244906835992,-0.3894249999264616,-0.6442777350684789,-0.03691232226791106,-0.061068979627343964,0.0010103964932568488,0.29831018781510465,-0.6212561346364964,-0.0674894495983267,9.577217945562547e-5,0.028275847186265846,-0.058886837406302975,-0.006397104227329545,0.2993205843083615,-0.6887455842348231,0.02837161936572147,-0.06528394163363252,0.21322104409844478,0.2495831424608811,0.11344810481829136,0.11948554844718028,0.23140209327966293,0.8835331733672642,0.5574676333234636,27.361111111111114,29.444444444444446,27.361111111111114,45.34722222222222,36.18055555555556,61.38888888888889
"Blach, Ty",621389,2023,1245,93.769221403948265,-0.0763097006066773,-0.15323233053549662,-0.4623466219418333,-0.763097006066773,-0.03713627485476573,-0.06129293221419864,0.6336878347547099,-0.19486719313749745,-0.039784233869340824,-0.8613830296897049,0.050898621265438544,-0.015651983384537948,-0.003195520792718138,-0.06918739194294818,0.43882064161721246,-0.9011672635590458,0.0352466378809006,-0.07238291273566633,0.2902910577172751,0.2796314760019844,0.10313242135393624,0.17162907302642683,0.28496126685962975,0.8626192528098184,0.5737902598347241,27.291666666666664,24.86111111111111,27.291666666666664,78.05555555555556,83.95833333333333,30.90277777777778
"Nicolas, Kyle",693312,2025,649,93.755996313663,-0.039863545851622585,-0.15355757261796066,-0.24185875225350628,-0.39863545851622584,-0.037266371687751355,-0.06142302904718426,-0.9345010190022549,0.2724431463484507,0.46156700928327155,-0.0413678888829736,-0.14399091201883743,0.04197891315076282,0.07111972408062736,-0.006374096900304099,-0.6620578726538042,0.42019912040029794,-0.1020119988680746,0.06474562718032326,0.1377280334544415,0.29095274548558625,0.047406453507592525,0.13064151599108323,0.21434038947001388,0.9109760152506621,0.5626582023603379,27.22222222222222,38.611111111111114,27.22222222222222,56.73611111111111,21.319444444444443,86.52777777777779
"Kelly, Kevin",687330,2023,1063,93.75456023907789,-0.06530769670976559,-0.15359288972193227,-0.39629169936688413,-0.653076967097656,-0.03728049852934,-0.06143715588877291,-0.05790420837138299,-1.478724112862892,-1.5031067269137566,2.6434433487811475,-0.005447244437571307,-0.13910857129472173,-0.14140232614428566,0.24867764334723874,-1.536628321234275,1.140336621867391,-0.14455581573229306,0.10727531720295305,0.2819753220207824,0.10789191148759963,0.2703291539305668,0.029037492815058876,0.19493361675419102,0.8503166766271872,0.5226251466906892,27.152777777777775,29.097222222222225,27.152777777777775,1.1111111111111112,10.694444444444445,18.055555555555554
"Bido, Osvaldo",674370,2023,940,93.74253801647006,-0.05786209476717963,-0.15388854991271178,-0.3515483684931269,-0.5786209476717963,-0.037398762605651795,-0.06155541996508471,0.19177002916785568,-0.423055784576718,-0.40149847022678387,0.2812358571425193,0.020401066932750605,-0.04500593452943809,-0.042712603215615305,0.02991870820665099,-0.23128575540886231,-0.12026261308426456,-0.024604867596687483,-0.012793895008964315,0.24428627348092183,0.19717695119427217,0.12560168422436943,0.11367156506046164,0.220731612337597,0.8803633753575845,0.5505474938475907,27.083333333333332,31.11111111111111,27.083333333333332,30,26.458333333333332,56.388888888888886
"Kremer, Dean",665152,2024,2170,93.73949926370915,-0.13364012822957133,-0.15396328137047388,-0.8122018175960193,-1.3364012822957134,-0.03742865518875665,-0.06158531254818955,-0.1108048190108093,0.33030402898293687,0.08268427615689689,-1.1143853037250437,-0.005106212857640981,0.015221383824098473,0.0038103353067694416,-0.05135416146198358,0.21949920997212757,-1.0317010275681469,0.010115170966457492,-0.04754382615521414,0.2130776656452632,0.23186398502268554,0.08829637319482553,0.1844680123135282,0.2224708253339744,0.8636178072458232,0.5430443162898988,27.013888888888886,13.125,27.013888888888886,15.694444444444445,28.194444444444443,31.874999999999996
"McFarland, T.J.",519008,2024,836,93.71601036903259,-0.051678490070247815,-0.15454093920528655,-0.31483524517761907,-0.5167849007024782,-0.03765971832268171,-0.06181637568211462,0.41102553720702417,-1.7765174388632659,-0.789303768443915,1.8399604249225376,0.04916573411567275,-0.21250208598842893,-0.09441432636888936,0.22009095991896385,-1.3654919016562417,1.0506566564786226,-0.1633363518727562,0.12567663355007447,0.3926570421301889,0.07535425240029826,0.22085297257085948,0.05096664423721112,0.2340056472652436,0.8640901915959647,0.5490479194306042,26.944444444444443,33.68055555555556,26.944444444444443,27.013888888888886,38.54166666666667,32.5
"Frías, Luis",666818,2023,633,93.71217243557136,-0.03915366422901335,-0.15463532475913644,-0.23862500120492314,-0.39153664229013346,-0.037697472544221663,-0.061854129903654576,-0.21748294134579282,0.49183315099094216,-0.35526041369075756,-0.1577147971593149,-0.03435749468337959,0.07769876003016464,-0.0561232881028053,-0.024915449788201406,0.27435020964514933,-0.5129752108500725,0.04334126534678505,-0.08103873789100671,0.19097882481890488,0.3170253435011344,0.12372226980030505,0.18878350016977644,0.2540020841600197,0.8437471150149592,0.5488745995874895,26.875,38.81944444444444,26.875,26.458333333333332,59.166666666666664,12.222222222222221
"Wacha, Michael",608379,2025,2665,93.66924124924037,-0.16596673722975852,-0.15569112310483912,-1.0158924536686982,-1.6596673722975852,-0.038119791882502745,-0.06227644924193565,-0.8552585122209848,1.8048420817233364,-1.3464028647767918,-0.6190731583942579,-0.03209225186570299,0.06772390550556609,-0.050521683481305514,-0.023229762041060333,0.9495835695023516,-1.9654760231710497,0.0356316536398631,-0.07375144552236584,0.19619886848805473,0.34726055272368195,0.11692427582458997,0.1529382260248034,0.27172971060586837,0.8650687490753033,0.5683992298405858,26.805555555555554,8.541666666666666,26.805555555555554,69.09722222222221,74.09722222222223,34.236111111111114
"Long, Sam",669674,2023,776,93.66691341032109,-0.048344294419320206,-0.15574837119626356,-0.2959872830840027,-0.48344294419320205,-0.03814269111907251,-0.06229934847850542,-1.336420597128381,0.17890652313190003,1.2351186051789682,-0.37359181426649,-0.17221914911448205,0.023054964321121137,0.15916476870862992,-0.048143275034341494,-1.1575140739964809,0.8615267909124782,-0.14916418479336094,0.11102149367428842,0.10281152650390395,0.30406315208956636,0.03145019427471476,0.2706536127937974,0.20343733929673516,0.8489480964657439,0.5261927178812396,26.73611111111111,35.41666666666667,26.73611111111111,2.083333333333333,14.23611111111111,16.38888888888889
"Hernández, Carlos",672578,2025,759,93.65397041921045,-0.04738184273292468,-0.15606667566839488,-0.290469397971151,-0.4738184273292468,-0.03827001290792503,-0.062426670267357945,-0.15892768440608052,0.14341778048492415,0.0820113165955263,-0.35697081064552094,-0.020939088854556063,0.01889562325229567,0.010805180052111502,-0.047031727357776144,-0.015509903921156365,-0.27495949404999465,-0.002043465602260391,-0.036226547305664644,0.20131129045153048,0.283710383762826,0.07640077280019561,0.18724537230520483,0.24251083710717825,0.8681769274472998,0.555343882277239,26.666666666666668,35.833333333333336,26.666666666666668,40.208333333333336,47.5,38.75
"Myers, Tobias",668964,2024,2218,93.62895263288803,-0.1390082111697888,-0.1566819332391668,-0.854287451465666,-1.3900821116978879,-0.03851611593623381,-0.06267277329566671,-0.012890337300632382,1.3583536735213784,-0.9114229871822772,-1.2883278005041348,-5.811694003891966e-4,0.06124227563216313,-0.041092109431121605,-0.05808511273688615,1.345463336220746,-2.199750787686412,0.06066110623177393,-0.09917722216800774,0.2167421872611339,0.3427940104673202,0.11281248989919247,0.20790773754141811,0.27976809886422704,0.8396398862796948,0.5597039925719609,26.59722222222222,11.875,26.59722222222222,50.90277777777777,80.13888888888889,9.305555555555555
"Leiter Jr., Mark",643410,2023,1039,93.62555341120913,-0.06515175411804026,-0.1567655296391729,-0.4005298712158947,-0.6515175411804026,-0.03854955449623625,-0.06270621185566916,-0.05102410408403557,0.4846504396170985,-0.3222383269730926,-0.511917879775865,-0.004910885859868679,0.04664585559356097,-0.03101427593581257,-0.04927024829411598,0.43362633553306296,-0.8341562067489576,0.0417349697336923,-0.08028452422992854,0.21555799969589898,0.2772407188442261,0.11504201224375404,0.1805836284367876,0.2463993592700625,0.8521871796597291,0.5492932694648958,26.52777777777778,29.236111111111114,26.52777777777778,27.63888888888889,50.55555555555556,19.930555555555557
"Mikolas, Miles",571945,2023,3184,93.57165723573685,-0.20134468211034467,-0.15809098783789624,-1.2442988507791028,-2.0134468211034466,-0.03907973777572559,-0.0632363951351585,-0.8811658646538945,0.7510926251810588,0.23737962972882087,-1.351605241035088,-0.02767480730696905,0.023589592499405114,0.007455390380930304,-0.04244991334909196,-0.13007323947283567,-1.1142256113062672,-0.004085214807563934,-0.034994522968161655,0.18693037365792262,0.25899432222476865,0.0973099158767769,0.16643408314246122,0.22296234794134562,0.868128000490381,0.5455451742158632,26.458333333333332,5.972222222222222,26.458333333333332,19.583333333333332,28.61111111111111,38.611111111111114
"May, Trevor",543507,2023,776,93.53879826631473,-0.04932227508541605,-0.15889908210507747,-0.30576708974496114,-0.4932227508541605,-0.039402975482598086,-0.06355963284203099,-0.34131295506949755,0.13776335305283283,0.04010315149480448,-0.1423206392231009,-0.04398362823060535,0.01775300941402485,0.005167931893660371,-0.018340288559677953,-0.20354960201666472,-0.10221748772829642,-0.026230618816580505,-0.01317235666601758,0.19619054899133886,0.24361485464880608,0.08358594348871248,0.15502700485813875,0.2199027018200725,0.8806935258265743,0.5502981138233234,26.38888888888889,35,26.38888888888889,29.305555555555557,25.763888888888886,57.15277777777777
"Jax, Griffin",643377,2023,1094,93.50237116517432,-0.06992625994323134,-0.15979492674413015,-0.4349887679201174,-0.6992625994323134,-0.03976131333821914,-0.06391797069765205,-0.7814589264164624,-0.9366432716415147,-0.015271642467268975,1.2983850726051287,-0.0714313461075377,-0.08561638680452603,-0.0013959453809203816,0.11868236495476496,-1.7181021980579771,1.2831134301378597,-0.15704773291206373,0.11728641957384459,0.16062444040313795,0.1607149684159331,0.08464741576762903,0.06660983856203963,0.16066970440953554,0.9243713728351657,0.5425205386223506,26.319444444444446,27.152777777777775,26.319444444444446,14.86111111111111,1.875,93.125
"Pérez, Martín",527048,2024,2258,93.4883788475307,-0.14463757830902324,-0.16013903710033572,-0.9009184599142372,-1.4463757830902324,-0.03989895748070138,-0.06405561484013429,1.2484457191962974,0.8064646368031845,-1.7434749368308076,-1.2123538790829116,0.055289890132696966,0.03571588294079648,-0.07721323900933603,-0.05369149154485879,2.054910355999482,-2.955828815913719,0.09100577307349345,-0.13090473055419483,0.27735321504771393,0.2690240595343696,0.14700364091550278,0.17254429295825585,0.27318863729104176,0.8402260330631207,0.5567073351770813,26.25,11.319444444444445,26.25,43.125,75.27777777777777,9.652777777777779
"Estévez, Carlos",608032,2023,1120,93.47861361203987,-0.07184987785666165,-0.16037919164433403,-0.4479442161409679,-0.7184987785666165,-0.0399950192983007,-0.06415167665773361,-0.6112614242974814,0.15832874062289193,0.05211290179977368,-0.04712443426615209,-0.05457691288370369,0.014136494698472493,0.004652937660694079,-0.0042075387737635795,-0.4529326836745895,0.004988467533621588,-0.040440418185231204,4.453988869304989e-4,0.18414473453413863,0.26788056538394367,0.09099362338830556,0.14799724828276947,0.22601264995904113,0.8805045641644624,0.5532586070617518,26.180555555555557,26.666666666666668,26.180555555555557,35.833333333333336,31.52777777777778,56.73611111111111
"Irvin, Jake",663623,2025,2945,93.4757571263283,-0.1890094410784829,-0.1604494406438734,-1.1786808515495295,-1.8900944107848288,-0.04002311889811645,-0.06417977625754936,-0.24088104231395846,-2.7598503247411372,0.5766649394190608,1.2453855760865054,-0.00817932231965903,-0.09371308403195712,0.019581152442073372,0.04228813501142633,-3.0007313670550957,1.8220505155055662,-0.10189240635161616,0.061869287453499705,0.2040675007993278,0.16766379404083517,0.08323896568682722,0.11524647055550304,0.1858656474200815,0.9007572818788349,0.5433114646494581,26.111111111111114,6.458333333333334,26.111111111111114,16.11111111111111,7.291666666666667,80.06944444444444
"Duarte, Daniel",650960,2023,571,93.47130782462105,-0.036671643957125785,-0.1605588614585192,-0.2287819260488959,-0.3667164395712578,-0.040066887223974765,-0.06422354458340768,0.2908765256715924,-0.17547576938977727,-0.6169017308629918,0.2727190485322808,0.05094159819117205,-0.03073130812430425,-0.10803883202504234,0.04776165473419979,0.11540075628181512,-0.34418268233071103,0.0202102900668678,-0.06027717729084256,0.2680389461628805,0.2052202685366917,0.17930487426049552,0.11307558358685696,0.2366296073497861,0.8538097710763237,0.545219689213055,26.041666666666668,40.13888888888889,26.041666666666668,18.88888888888889,41.25,21.11111111111111
"Bivens, Spencer",702352,2025,1294,93.46218020395739,-0.08322145433297641,-0.16078333526463756,-0.5196273970987022,-0.8322145433297641,-0.04015667674642212,-0.06431333410585503,1.2202405458901922,-0.32406115096955546,-1.4586407566125672,0.0428339645932283,0.09429988762675365,-0.0250433656081573,-0.11272339695614893,0.003310198191130471,0.8961793949206367,-1.415806792019339,0.06925652201859635,-0.10941319876501847,0.31481016227550673,0.2146744736171885,0.18713613789584382,0.13807469974083625,0.2647423179463476,0.83739458118166,0.5510684495640038,25.972222222222225,22.63888888888889,25.972222222222225,30.76388888888889,68.61111111111111,7.986111111111111
"Grove, Michael",675627,2023,1193,93.43697575613723,-0.07702159910199255,-0.1614031833654496,-0.48202706872189083,-0.7702159910199254,-0.040404615986746925,-0.06456127334617984,-1.003059338586354,0.6261586139066821,0.4701028940976357,-0.5752292381398547,-0.08407873751771618,0.052486053135514014,0.03940510428312118,-0.048217035887665946,-0.37690072467967184,-0.10512634404221899,-0.03159268438220217,-0.00881193160454476,0.1592881524478443,0.2779680073492784,0.06472343078621341,0.1879288752419044,0.21862807989856137,0.8736738469859411,0.5461509634422512,25.90277777777778,24.583333333333332,25.90277777777778,20.694444444444443,24.65277777777778,46.458333333333336
"Casparius, Ben",676508,2025,1215,93.4321960116165,-0.07849907511833867,-0.16152073069617012,-0.4914873642662769,-0.7849907511833868,-0.04045163491903514,-0.06460829227846805,-0.7122914576170842,0.3216046930463108,0.3319841062057094,-0.4327847059012129,-0.05862481132650899,0.02646952206142476,0.0273237947494411,-0.035620140403392,-0.39068676457077345,-0.10080059969550348,-0.032155289265084236,-0.008296345653950904,0.16760703673708557,0.2775411919696073,0.06572979672981408,0.17220696682180464,0.22257411435334645,0.8810316182241906,0.5518028662887685,25.833333333333336,24.02777777777778,25.833333333333336,33.05555555555556,28.333333333333332,57.56944444444444
"Mikolas, Miles",571945,2024,2770,93.4233408875964,-0.17920626137401668,-0.1617385030451414,-1.1229232048838753,-1.7920626137401667,-0.04053874385862365,-0.06469540121805656,0.4978037251216847,0.5947154962254899,-1.1933158966512565,-1.0221265295797934,0.01797125361450125,0.021469873509945486,-0.04307999626899843,-0.03689987471407197,1.0925192213471746,-2.21544242623105,0.03944112712444674,-0.0799798709830704,0.2325962868925215,0.2492178025294673,0.11339380871641556,0.1633627214669367,0.2409070447109944,0.8616217349083238,0.5512643898096591,25.763888888888886,7.291666666666667,25.763888888888886,31.319444444444443,46.18055555555556,29.86111111111111
"Curtiss, John",595928,2025,545,93.41088677890068,-0.03532576302683897,-0.16204478452678428,-0.22160384765948038,-0.35325763026838974,-0.040661256451280804,-0.06481791381071371,-0.14493103694258025,0.28795273947980604,-0.42362352507552714,0.05899797487882097,-0.026592850815152336,0.052835365042166245,-0.07772908716982149,0.010825316491526784,0.1430217025372258,-0.36462555019670617,0.02624251422701391,-0.06690377067829471,0.20665779787370217,0.3770121578624235,0.1494674435391835,0.13558992697783495,0.29183497786806284,0.8574713147414907,0.5746531463047768,25.694444444444443,40.763888888888886,25.694444444444443,78.81944444444444,88.47222222222221,25.13888888888889
"Stone, Gavin",694813,2023,547,93.3977433779992,-0.035526122259208245,-0.1623680176380633,-0.2231243068359845,-0.3552612225920825,-0.04079054969579241,-0.06494720705522532,0.14866967907164508,0.3526061115353514,-0.5844376180702966,-0.13996247937268436,0.027179100378728532,0.06446181198086862,-0.10684417149365569,-0.025587290561733887,0.5012757906069965,-0.724400097442981,0.09164091235959715,-0.13243146205538955,0.23611150151158736,0.35452438869565767,0.1585188949962427,0.16088417547926329,0.2953179451036225,0.840298464762247,0.5678082049329347,25.624999999999996,40.625,25.624999999999996,68.125,90,9.722222222222223
"Yamamoto, Yoshinobu",808967,2024,1746,93.39620979209666,-0.11342416380076699,-0.16240573281896759,-0.7124664005119712,-1.1342416380076699,-0.04080563576815414,-0.06496229312758704,-1.5257267047272762,0.15887415341262567,1.4896186119636923,-0.8352324611610129,-0.08738411825471228,0.009099321501295858,0.08531607170467882,-0.047836910719416544,-1.3668525513146506,0.6543861508026794,-0.07828479675341642,0.03747916098526228,0.15118147270902682,0.22082101738524157,0.057962390420031755,0.16966527485064586,0.1860012450471342,0.8861861673646612,0.5360937062058977,25.555555555555554,16.11111111111111,25.555555555555554,7.569444444444444,7.361111111111112,64.51388888888889
"Waldron, Matt",663362,2024,2381,93.3836363505617,-0.15496971745617216,-0.16271494903000017,-0.9745271628336241,-1.5496971745617216,-0.04092932225256716,-0.06508597961200006,-0.009525416240535378,-0.21916156414613397,-0.3103412591376582,-0.4354989233092965,-4.000594809128677e-4,-0.009204601602105584,-0.013034072202337599,-0.01829058896721111,-0.22868698038666935,-0.7458401824469547,-0.009604661083018452,-0.031324661169548705,0.20193846132888102,0.22139856709083003,0.10330931957464906,0.14853022977542993,0.21166851420985552,0.8740802253249604,0.542874369767408,25.48611111111111,9.583333333333334,25.48611111111111,15.277777777777779,19.02777777777778,47.291666666666664
"Feltner, Ryan",663372,2023,772,93.33582802318537,-0.05060944505973395,-0.16389068996027834,-0.3196050557825174,-0.5060944505973395,-0.04139961862467842,-0.06555627598411133,0.3013127747226463,0.23765011480554676,-0.5805950047792976,-0.27797294053141286,0.03903015216614589,0.030783693627661497,-0.07520660683669658,-0.03600685758178923,0.538962889528193,-0.8585679453107105,0.0698138457938074,-0.11121346441848581,0.24877187431806058,0.29179356328532635,0.14439680147083003,0.1688656381591337,0.27028271880169347,0.8433687801850182,0.5568257494933558,25.416666666666664,34.375,25.416666666666664,43.541666666666664,73.05555555555556,11.944444444444445
"Arrighetti, Spencer",681293,2024,2504,93.30361896236849,-0.16494629363292007,-0.16468280115107833,-1.0445802360490006,-1.6494629363292006,-0.04171646310099843,-0.06587312046043134,-1.1117020675540061,-1.1439078639750733,0.021700601681914122,1.1893290937981646,-0.0443970474262782,-0.04568322140475532,8.666374473607877e-4,0.04749716828267431,-2.2556099315290794,1.2110296954800788,-0.09008026883103352,0.04836380573003509,0.1767903080618273,0.19601622052593842,0.0872224986939532,0.10120967892032924,0.18640326429388288,0.9057839111928587,0.5460935877433708,25.34722222222222,8.75,25.34722222222222,20.48611111111111,7.638888888888889,83.54166666666667
"Skubal, Tarik",669373,2025,3065,93.29811755237026,-0.2020669860160272,-0.16481809626103364,-1.2802683120936535,-2.020669860160272,-0.04177058114498054,-0.06592723850441345,2.2572537468655582,0.3167332783320944,-1.698307609267431,-2.1559477280238752,0.07364612550947988,0.010333875312629507,-0.05540970992715925,-0.07034087203993068,2.5739870251976527,-3.854255337291306,0.08398000082210938,-0.1257505819670899,0.2724562477679826,0.2558756194156554,0.1254150059866426,0.21362945160785668,0.264165933591819,0.8304777712027503,0.5473218523972847,25.27777777777778,5.902777777777778,25.27777777777778,22.84722222222222,67.98611111111111,4.583333333333333
"Gray, Josiah",680686,2023,2786,93.29500048266854,-0.18375871358138887,-0.16489475375214363,-1.1645826617800878,-1.8375871358138887,-0.04180124414142455,-0.06595790150085745,1.0316723228905857,1.0050261055087049,-2.2445047865426204,-0.956776303636758,0.037030593068578095,0.036074160283873113,-0.08056370375242716,-0.0343422937414486,2.0366984283992906,-3.2012810901793785,0.0731047533524512,-0.11490599749387576,0.23778657458503663,0.300789520051328,0.1361083653897587,0.16396216576392225,0.2692880473181823,0.8499647344231596,0.5596263908706709,25.208333333333332,6.944444444444445,25.208333333333332,50.763888888888886,72.08333333333333,17.708333333333336
"Povich, Cade",700249,2025,1971,93.24354397671644,-0.13100071242679617,-0.1661602136311468,-0.833879407713539,-1.3100071242679616,-0.042307428093025824,-0.06646408545245873,-1.5703078742935759,-0.020058717959273054,0.7088827459602953,0.04760443857901464,-0.07967061767090694,-0.0010176924383192823,0.03596563906444928,0.0024152429517511234,-1.590366592252849,0.75648718453931,-0.08068831010922622,0.0383808820162004,0.16139047588822217,0.20831610535171047,0.07041629748869234,0.12990832557651158,0.1848532906199663,0.899837688467398,0.5423454895436821,25.13888888888889,13.402777777777777,25.13888888888889,14.51388888888889,7.083333333333333,79.23611111111111
"Sears, JP",676664,2025,2366,93.23595465378847,-0.1574306648772385,-0.16634685637916158,-1.0027601356482023,-1.574306648772385,-0.04238208519223172,-0.06653874255166463,-0.1381298378895508,-0.3734641946348347,-1.372903033329294,0.8817369302054772,-0.005838116563379154,-0.015784623610939758,-0.05802633276962359,0.037266987751710785,-0.5115940325243855,-0.4911661031238168,-0.021622740174318915,-0.020759345017912798,0.20238692075080963,0.19703875904345697,0.1488070673699779,0.11750610376377618,0.1997128398971333,0.866843414433123,0.5332781271651281,25.069444444444443,9.375,25.069444444444443,5.277777777777778,12.569444444444445,36.736111111111114
"Webb, Logan",657277,2024,3194,93.22482952943398,-0.21287429254967746,-0.16662045440644763,-1.3571792894364876,-2.1287429254967747,-0.04249152440314614,-0.06664818176257904,3.9868761834001134,-2.1004995075603574,-3.301680471794839,0.058124506518595354,0.12482392559173805,-0.06576391695555282,-0.10337133599858607,0.0018198029592547075,1.886376675839756,-3.2435559652762436,0.05906000863618522,-0.10155153303933137,0.38938505337633117,0.19793605656522947,0.152463391558896,0.15564124606080598,0.2936605549707803,0.845947681190149,0.5698041180804646,25,5.138888888888888,25,71.18055555555556,89.44444444444444,14.166666666666666
"Rea, Colin",607067,2023,2008,93.20515730706144,-0.13421813324573212,-0.16710424955892947,-0.8571156526799086,-1.3421813324573213,-0.04268504246413888,-0.06684169982357178,1.050424467837729,-0.05965519346636938,-1.422483268925589,-0.4254016581256792,0.05231197548992674,-0.0029708761686438935,-0.07084080024529826,-0.021185341540123467,0.9907692743713596,-1.8478849270512683,0.04934109932128285,-0.09202614178542173,0.2618262903572526,0.2306998289370019,0.1367407695216791,0.14760116053646385,0.24626305964712725,0.85782903497092855,0.5520460473090278,24.930555555555557,12.916666666666668,24.930555555555557,34.02777777777778,50.416666666666664,25.34722222222222
"Baumann, Mike",657508,2024,1067,93.20310309906188,-0.07134165510966024,-0.16715476829817302,-0.45566501707145335,-0.7134165510966024,-0.0427052499598363,-0.0668619073192692,-0.9457902648421168,0.6066350134797176,0.41108343896848965,-0.5275932046775438,-0.08864013728604656,0.05685426555573736,0.03852703270557541,-0.04944641093510251,-0.3391552513623992,-0.11650976570905414,-0.0317858717303092,-0.010919378229527099,0.171345769047361,0.3235284832073057,0.0747071447965411,0.20373182266074374,0.24743712612733337,0.8607805162713575,0.5541088211993455,24.86111111111111,26.73611111111111,24.86111111111111,37.638888888888886,51.52777777777777,28.61111111111111
"Buehler, Walker",621111,2025,2189,93.19928129300226,-0.1464430118340555,-0.16724875723396013,-0.9356408887425687,-1.464430118340555,-0.04274284553415115,-0.06689950289358405,-0.1897578280631933,0.2453820273905194,-0.6993906228653941,-0.29187446520450067,-0.008668699317642452,0.011209777404774754,-0.0319502340276562,-0.013333689593627258,0.055624199327326096,-0.9912650880698948,0.0025410780871323022,-0.04528392362128345,0.22164982923725704,0.229016849168226,0.11712020683991273,0.14021602139792796,0.2253333392027415,0.8713318858810797,0.5483326125419106,24.791666666666668,10.76388888888889,24.791666666666668,24.930555555555557,30.833333333333336,43.40277777777778
"Burke, Sean",680732,2025,2375,93.1933865523377,-0.1590240391763298,-0.16739372544876824,-1.0165197794767664,-1.590240391763298,-0.04280083282007438,-0.06695749017950729,-2.9538866171608333,0.6561020264002764,2.033076598117077,-0.7518117868332865,-0.12437417335414035,0.027625348480011636,0.08560322518387693,-0.03165523312982259,-2.297784590760557,1.2812648112837906,-0.09674882487412872,0.05394799205405434,0.13268716402951145,0.28630971586235504,0.05289174697343436,0.1718083384206494,0.20949843994593326,0.8876499573029581,0.5485741986244457,24.72222222222222,9.027777777777777,24.72222222222222,25.555555555555554,17.569444444444443,67.22222222222223
"Vodnik, Victor",680767,2024,1374,93.18246664517117,-0.09214718722459221,-0.16766227660952002,-0.5895594001273139,-0.9214718722459221,-0.0429082532843751,-0.06706491064380801,-1.2043581925850049,0.08483969217104459,1.1564576302307614,-0.626498529944115,-0.08765343468595377,0.006174650085228864,0.08416722199641641,-0.045596690680066596,-1.1195185004139603,0.5299591002866464,-0.08147878460072491,0.038570531316349806,0.16212515545646902,0.2758229331483726,0.05537704132125217,0.2173182408232539,0.2189740443024208,0.8636523589277469,0.5413132016150839,24.65277777777778,20.27777777777778,24.65277777777778,13.194444444444445,24.930555555555557,31.944444444444443
"Bednar, David",670280,2025,1111,93.17567994521801,-0.07458328786142102,-0.1678291806062579,-0.47745241535091054,-0.7458328786142101,-0.042975014883070255,-0.06713167224250316,-2.030621242520283,-0.029408069224018618,1.7057778470430094,-0.12320095064961833,-0.18277418924575004,-0.002646990929254601,0.15353535976984783,-0.011089194477913442,-2.0600293117443016,1.582576896393391,-0.18542118017500464,0.1424461652919344,0.0948167256134998,0.2710520655615595,0.028764696961251737,0.1443181352167469,0.18293439558752964,0.9134585839110007,0.5481964897492652,24.583333333333332,25.694444444444443,24.583333333333332,24.65277777777778,6.597222222222222,88.26388888888889
"Criswell, Cooper",681867,2023,552,93.15143675221232,-0.03718832583681727,-0.16842538875370142,-0.23853850974410307,-0.3718832583681727,-0.043213498142047654,-0.06737015550148057,0.4855823053194399,-0.7035009450620464,-0.6740525290169899,0.6534326590154933,0.08796780893468115,-0.1274458233808055,-0.1221109654016286,0.1183754817057053,-0.2179186397426065,-0.020619870001496565,-0.039478014446124365,-0.0037354836959232907,0.3618519437258597,0.14647292339376336,0.21951568570727586,0.08210405099749436,0.25416243355981155,0.8491901316476149,0.5516762826037133,24.51388888888889,39.58333333333333,24.51388888888889,32.63888888888889,59.44444444444444,16.59722222222222
"Pressly, Ryan",519151,2025,631,93.13479448749081,-0.042613870391201195,-0.16883466874485417,-0.27371019597399027,-0.4261387039120119,-0.04337721013850876,-0.06753386749794167,-0.6115668440318132,0.23329935613992347,0.27288898866163436,-0.16833169674373494,-0.09692026054386896,0.036972956599037,0.04324706634891194,-0.026676972542588738,-0.3782674878918897,0.10455729191789942,-0.05994730394483196,0.016570093806323204,0.17081803383434277,0.24487184752759458,0.06913823394586834,0.15104355923129262,0.20784494068096868,0.8899091034114195,0.548877022046194,24.444444444444443,37.5,24.444444444444443,26.52777777777778,16.73611111111111,69.86111111111111
"Suarez, Ranger",624133,2023,2273,93.11414101947591,-0.1539662878115621,-0.16934259548126057,-0.9905820563357111,-1.539662878115621,-0.04358038083307132,-0.06773703819250423,-0.14093367992529693,-0.195245992640821,0.06507100746330252,-0.7194733912328957,-0.006200337876167924,-0.008589792901047997,0.002862780794689948,-0.03165303085054534,-0.3361796725661179,-0.6544023837695931,-0.014790130777215922,-0.028790250055855397,0.21891194599052738,0.21399135173216904,0.10220060410899176,0.15572197092170564,0.2164516488613482,0.8710387124846513,0.5437451806729997,24.375,9.930555555555555,24.375,17.22222222222222,22.77777777777778,42.77777777777778
"Irvin, Cole",608344,2024,1765,93.09683527431373,-0.11985634377672887,-0.16976819231831283,-0.7721984353732978,-1.1985634377672887,-0.04375061956789223,-0.06790727692732514,-0.8724716165227164,0.4012788463282959,-0.6150419374898775,0.3140362723110002,-0.049431819633015094,0.022735345401036597,-0.03484656869631034,0.01779242336039661,-0.4711927701944205,-0.3010056651788773,-0.026696474231978497,-0.017054145335913727,0.17792417981959494,0.22263797323331128,0.1118693401685776,0.1279214672335766,0.2002810765264531,0.8801045962989229,0.540192836412688,24.305555555555554,15.208333333333332,24.305555555555554,11.875,12.777777777777777,55.90277777777778
"Vásquez, Randy",681190,2025,2147,93.09243944022863,-0.14588976490625938,-0.16987629821408873,-0.9402542155555693,-1.4588976490625938,-0.043793861926202576,-0.06795051928563549,0.0025887615793180885,0.3996966801023518,-1.9620699704028084,0.6195303131655692,1.2057576056441969e-4,0.01861651979983008,-0.0913865845553241,0.028855627068727022,0.4022854416816699,-1.3425396572372392,0.0187370955603945,-0.06253095748659708,0.22631471063890493,0.24687967108440967,0.16544702402237946,0.11421348108250587,0.23659719086165731,0.8601697474475574,0.5483834691546073,24.23611111111111,10.972222222222221,24.23611111111111,25.208333333333332,41.11111111111111,27.84722222222222
"Sugano, Tomoyuki",608372,2025,2565,93.08467071272332,-0.1744891042027336,-0.17006735302410686,-1.1252727807578822,-1.7448910420273362,-0.043870283850209836,-0.06802694120964274,-0.33571735864370567,0.3271757186562354,-1.046656384419407,-0.07007475635100491,-0.013088396048487551,0.012755388641568633,-0.0408053171313609,-0.0027319593119300156,-0.008541639987470262,-1.116731140770412,-3.330074069189185e-4,-0.04353727644329091,0.21147725933998388,0.24049891166145562,0.11491550002814947,0.1444396712924937,0.22598808550071975,0.8703224143396784,0.548155249920199,24.166666666666668,7.777777777777778,24.166666666666668,24.583333333333332,31.458333333333332,41.458333333333336
"Lawrence, Justin",664875,2023,1163,93.08186582124443,-0.07914742219379187,-0.17013633317668073,-0.510532296847714,-0.7914742219379187,-0.04389787591123938,-0.06805453327067229,0.6795008925648744,-2.2090425073629376,-1.9720024024841223,2.9910117204344715,0.05842655997978284,-0.18994346580936697,-0.16956168551024267,0.2571807154285874,-1.5295416147980632,1.0190093179503492,-0.1315169058295841,0.08761902991834473,0.4151014836313197,0.09445080344002733,0.3244050997490762,0.021721032729740675,0.2547761435356735,0.8269369337605915,0.5408565386481325,24.09722222222222,23.819444444444443,24.09722222222222,12.36111111111111,60,3.75
"Lorenzen, Michael",547179,2024,2132,93.07420077111345,-0.14525302207590882,-0.17032483826912384,-0.9375102858559785,-1.4525302207590882,-0.04397327794821663,-0.06812993530764953,0.14595346362887085,0.7836793044759816,-1.3179150238756847,-0.5492280300851462,0.00684584726214216,0.0367579411105057,-0.06181590168272442,-0.025761164638140065,0.9296327681048524,-1.867143053960831,0.04360378837264786,-0.0875770663208645,0.22940187087111152,0.27043053179382964,0.12054030262133458,0.15188314721094726,0.24991620133247058,0.863788275083859,0.5568522382081648,24.02777777777778,11.180555555555555,24.02777777777778,43.68055555555556,54.37499999999999,32.083333333333336
"Romero, JoJo",668941,2023,547,93.05317376373806,-0.03738021896339546,-0.17084195138663377,-0.24166527387785663,-0.3738021896339546,-0.04418012319522059,-0.0683367805546535,0.4424740631948225,0.06628868102143315,-0.47466628980328096,-0.27576172829083134,0.080891053600516,0.012118588852181563,-0.08677628698414643,-0.05041347866377172,0.5087627442162557,-0.7504280180941123,0.09300964245269756,-0.13718976564791815,0.2947333715756082,0.26412289084117424,0.15062567424191345,0.1613302611479445,0.2794281312083912,0.844022032305071,0.5617250817567311,23.958333333333336,39.375,23.958333333333336,55.00000000000001,79.72222222222223,12.5
"Bednar, David",670280,2024,1038,93.04593526024631,-0.07100749009089966,-0.17101996650023998,-0.45932879751808287,-0.7100749009089965,-0.044251329240663086,-0.06840798660009599,-1.3183994312844334,0.3202746212737111,1.1819007405601951,-0.6431047280675557,-0.12701343268636162,0.030854973147756367,0.113863269803487,-0.06195613950554486,-0.9981248100107223,0.5387960124926394,-0.09615845953860523,0.05190713029794214,0.1301576869111448,0.2461256094724911,0.040004423838577455,0.2307516523620863,0.18814164819181795,0.8646219618996681,0.5263818050457431,23.88888888888889,26.805555555555554,23.88888888888889,2.1527777777777777,7.986111111111111,33.125
"Criswell, Cooper",681867,2024,1756,93.03111486286083,-0.12038043182272933,-0.17138444166106115,-0.7796134149956515,-1.2038043182272933,-0.044397119304991545,-0.06855377666442446,1.8739851135720755,-2.0862364845862658,-1.9273137705613408,1.3599517265798795,0.10671897002118881,-0.11880617793771445,-0.10975590948526998,0.07744599809680408,-0.21225137101419023,-0.5673620439814613,-0.01208720791652564,-0.03230991138846591,0.39998022420122986,0.16311378665818277,0.18463804095175926,0.10400547296399885,0.28154700542970634,0.8556782430421209,0.5686126242359136,23.819444444444443,14.930555555555555,23.819444444444443,69.44444444444444,81.11111111111111,22.98611111111111
"Ureña, José",570632,2024,1758,93.01605613205942,-0.1207779599665257,-0.17175477810939377,-0.7831055632864263,-1.207779599665257,-0.04454525388432459,-0.0687019112437575,1.9889053869774216,0.5366278224041707,-2.9356712985390914,-0.3729674741289273,0.11313454988495003,0.030524904573616084,-0.16698926612850348,-0.021215442214387217,2.5255332093815923,-3.3086387726680186,0.14365945445856612,-0.1882047083428907,0.31882879457703006,0.29938005674065726,0.2442064852607739,0.1680732232408596,0.30910442565884366,0.7938601457491832,0.5514822857040134,23.75,14.86111111111111,23.75,31.944444444444443,95.27777777777777,0.3472222222222222
"Aguiar, Julian",687924,2024,530,93.01379709075843,-0.036423790866156644,-0.1718103342743238,-0.23620762465657208,-0.36423790866156647,-0.04456747635029661,-0.06872413370972952,0.07926189395652727,-0.053050623662784346,-0.17870208506155905,-0.08371680988875596,0.01495507433142024,-0.010009551634487612,-0.0337173745399168,-0.015795624507312443,0.026211270293742928,-0.262418894950315,0.004945522696932628,-0.04951299904722925,0.21298992113096163,0.23441233638478642,0.10877630645611329,0.14972251732553837,0.223701128757874,0.8707505881091742,0.5472258584335241,23.680555555555554,40.27777777777778,23.680555555555554,22.708333333333332,29.166666666666668,41.736111111111114
"Hart, Kyle",606996,2025,691,93.00731752374877,-0.047532420936792226,-0.17196968501010212,-0.30840170701424086,-0.47532420936792225,-0.04463121664460794,-0.06878787400404085,0.3965047686785965,-0.518821416769697,-0.6369496538227395,0.45086459489959907,0.05738129792743799,-0.07508269417795904,-0.09217795279634436,0.06524813240225746,-0.12231664809110043,-0.18608505892314042,-0.017701396250521046,-0.026929820394086892,0.28355753613046303,0.17049229412183786,0.15822474686160612,0.10640205771646438,0.22702491512615044,0.8676865977109647,0.5473557564185576,23.61111111111111,35.76388888888889,23.61111111111111,22.98611111111111,32.29166666666667,37.77777777777778
"Blach, Ty",621389,2024,1133,93.00579684279074,-0.0779536099350239,-0.1720070828222063,-0.5058411714678641,-0.7795360993502389,-0.04464617576944961,-0.06880283312888252,0.6753531295853463,-0.055804521037089216,0.03608199117707045,-1.1614717711931917,0.059607513643896416,-0.004925376967086427,0.0031846417632012754,-0.10251295420946087,0.6195486085482571,-1.1253897800161212,0.05468213667680998,-0.0993283124462596,0.3069812079076463,0.2718546485601508,0.09774967049098915,0.1996916024948603,0.28941792823389856,0.8512793635070752,0.570348645870487,23.541666666666668,24.375,23.541666666666668,72.08333333333333,86.73611111111111,18.88888888888889
"Slaten, Justin",686580,2024,824,92.98636245039296,-0.05685106558088161,-0.17248502906820878,-0.36945979916708893,-0.5685106558088161,-0.0448373542678506,-0.06899401162728351,-0.5006887069012009,0.5363066330330639,-0.15807121010470837,-0.24700651519424355,-0.0607631925850972,0.06508575643605145,-0.019183399284551986,-0.02997651883425286,0.03561792613186299,-0.4050777252989519,0.004322563850954246,-0.04915991811880484,0.1851922457585139,0.36049995126871826,0.09255360937709521,0.15559193814218397,0.2728460985136161,0.8759272262403603,0.5743866623769882,23.47222222222222,31.52777777777778,23.47222222222222,78.68055555555556,75.20833333333333,49.861111111111114
"Ashcraft, Braxton",677952,2025,1102,92.96910662043362,-0.0762184627928347,-0.17290939835035096,-0.4959782638273964,-0.7621846279283471,-0.04500710198070748,-0.0691637593401404,-0.4461589925522276,0.41970689037975717,-0.12971228744254404,-0.33981387421238196,-0.040486296964811944,0.038085924716856366,-0.01177062499478621,-0.030836104737965695,-0.026452102172470404,-0.469526161654926,-0.0024003722479555723,-0.04260672973275191,0.19069168679975787,0.26764396515658834,0.10847881870629927,0.1579375534132601,0.2291678259781731,0.8667918139402203,0.5479798199591968,23.40277777777778,25,23.40277777777778,24.166666666666668,34.513888888888886,36.666666666666664
"McCaughan, Darren",670766,2024,737,92.96428732506207,-0.051008630328837366,-0.17302791834748088,-0.3320517385493531,-0.5100863032883737,-0.04505450997955944,-0.06921116733899235,0.42059931262792816,-0.390718655830824,-0.8794588763717002,0.5175264810252429,0.05706910619103502,-0.05301474298925699,-0.11932956260131616,0.07022068941997868,0.029880656797104166,-0.36193239534645727,0.004054363201778041,-0.049108873181337484,0.26902258814509705,0.1805185937677884,0.18422317987263934,0.09412937841253372,0.22477059095644272,0.8608237208574134,0.5427971559069281,23.333333333333332,34.09722222222222,23.333333333333332,15.069444444444443,30.208333333333332,28.749999999999996
"Kelly, Joe",523260,2023,738,92.91968450996667,-0.05140164885230125,-0.17412482673543783,-0.33574035721039763,-0.5140164885230125,-0.04549327333474223,-0.06964993069417513,0.24792369219585453,-0.07265698138780863,-0.5683248617474419,0.05731779372899837,0.03359399623250062,-0.009845119429242362,-0.07700878885466692,0.007766638716666445,0.1752667108080459,-0.5110070680184435,0.023748876803258254,-0.06924215013800049,0.242732556304122,0.21745593850741832,0.11676211815172086,0.11741457040246119,0.23009424740577017,0.882911655722909,0.5565029515643396,23.26388888888889,33.88888888888889,23.26388888888889,42.56944444444444,35.208333333333336,60.416666666666664
"Alexander, Tyler",641302,2024,1668,92.91848004927742,-0.11619584757466417,-0.17415444780375328,-0.7590254309913007,-1.1619584757466417,-0.04550512176206839,-0.0696617791215013,0.2225132258147937,-0.16599953716308846,-1.2251442763581508,0.40960515671514486,0.013340121451726241,-0.009952010621288278,-0.07344989666415772,0.02455666407165137,0.05651368865170525,-0.815539119643006,0.0033881108304379647,-0.04889323259250635,0.23465995199778794,0.20886939793552686,0.15385518069394374,0.12110168985900999,0.22176467496665742,0.8625215647235231,0.5421431198450903,23.194444444444446,15.694444444444445,23.194444444444446,14.097222222222221,27.84722222222222,30.555555555555557
"Schwellenbach, Spencer",680885,2025,1573,92.90386768224963,-0.10980408731047941,-0.17451380691430293,-0.7180566528409145,-1.0980408731047941,-0.04564886540628827,-0.06980552276572118,0.2775384120477611,0.9314034985038688,-0.8994108413648974,-1.027587722027647,0.017643891420709542,0.0592119198031703,-0.05717805730228209,-0.06532661932788601,1.20894191055163,-1.9269985633925444,0.07685581122387984,-0.12250467663016812,0.21904931468638117,0.3300876594317889,0.1098540759627549,0.19337610268536615,0.27456848705908504,0.8483849106759395,0.5614766988675123,23.125,16.875,23.125,54.79166666666667,76.31944444444444,16.11111111111111
"Irvin, Jake",663623,2024,3122,92.82623135488171,-0.2203171698624387,-0.17642310206793618,-1.4490008558628915,-2.203171698624387,-0.04641258346774156,-0.07056924082717447,-0.6001838719409989,-2.053071201137186,0.07895699995287941,1.125297217262414,-0.01922433926780906,-0.06576140938940378,0.002529051888304914,0.036044113301166365,-2.653255073078185,1.2042542172152935,-0.08498574865721285,0.038573165189471285,0.19890604204525847,0.1832692899443154,0.09069975688381625,0.11586198263554426,0.19108766599478694,0.8967191302403197,0.5439033981175533,23.055555555555557,4.791666666666667,23.055555555555557,17.430555555555554,9.166666666666666,76.11111111111111
"Henry, Tommy",674072,2024,818,92.81507404273204,-0.057815419278818704,-0.17669749168343124,-0.3805527355880258,-0.578154192788187,-0.04652233931393959,-0.0706789966733725,-0.5185816178584446,0.14979025436696247,0.14672235875059414,-0.15848373084713785,-0.06339628580176584,0.018311767037525975,0.017936718673666766,-0.019374539223366485,-0.3687913634914821,-0.01176137209654371,-0.04508451876423987,-0.00143782054969972,0.1783108198515765,0.22245078350565098,0.0845458673610948,0.14906640419874245,0.20038080167861375,0.8831938642200814,0.5417873329493476,22.98611111111111,31.319444444444443,22.98611111111111,13.750000000000002,12.916666666666668,60.83333333333333
"Young, Brandon",687064,2025,940,92.80379982749092,-0.0665425083590238,-0.17697475627399945,-0.4383525044115686,-0.665425083590238,-0.04663324515016687,-0.07078990250959978,-0.7404332897406221,0.14520242950038664,0.7696489189620479,-0.6127705631333811,-0.07876949890857682,0.015447066968126238,0.08187754457043063,-0.06518835778014692,-0.5952308602402354,0.15687835582866683,-0.06332243194045058,0.016689186790283705,0.16937869591325694,0.2547455045297118,0.057406508811292715,0.20001012026150167,0.21206210022148436,0.8712916854636028,0.5416768928425436,22.916666666666664,28.541666666666664,22.916666666666664,13.472222222222221,19.583333333333332,43.19444444444444
"Sánchez, Cristopher",650911,2023,1493,92.80303293191224,-0.10570058770712101,-0.17699361638834726,-0.6963469826948767,-1.05700587707121,-0.04664078919590601,-0.07079744655533891,0.8842543146415665,0.11297444668048229,-0.6272042710229471,-1.0663714729939784,0.059226678810553685,0.007566942175517902,-0.042009663162956935,-0.07142474701902066,0.9972287613220487,-1.6935757440169255,0.06679362098607158,-0.1134344101819776,0.2575784458196055,0.23879759232065764,0.12090862621160224,0.17619647672013417,0.24818801907013155,0.8514474485341318,0.5498177338021317,22.84722222222222,17.708333333333336,22.84722222222222,28.680555555555554,52.29166666666667,19.09722222222222
"Schwellenbach, Spencer",680885,2024,1887,92.76952504658844,-0.134216776801637,-0.17781766931854398,-0.8863316436438708,-1.34216776801637,-0.046970410367984675,-0.07112706772741759,0.7248842911935753,0.8986775581086022,-1.1572143781345403,-1.352679114811508,0.038414641822659,0.04762467186585067,-0.06132561622334607,-0.07168410783314827,1.6235618493021775,-2.5098934929460484,0.08603931368850967,-0.13300972405649436,0.2317067650617031,0.2956218438888842,0.11019192083227573,0.19888542423062935,0.26366430447529365,0.8454613274685474,0.5545628159719205,22.77777777777778,12.986111111111112,22.77777777777778,38.75,67.70833333333334,13.750000000000002
"Morán, Jovani",663558,2023,748,92.76895849355691,-0.05320721545227851,-0.1778316024474549,-0.3513803574742269,-0.5320721545227851,-0.04697598361954906,-0.07113264097898196,0.00587476292730571,-0.3151704633546615,0.3434146177260118,-0.3854992747728829,7.853961132761645e-4,-0.04213508868377827,0.04591104515053634,-0.05153733619958328,-0.30929570042735577,-0.04208465704687114,-0.041349692570502104,-0.005626291049046944,0.22247578101459586,0.23578742204040998,0.07467658040574053,0.20957230259894175,0.22913160152750292,0.8578755584976588,0.5435035800125809,22.708333333333332,33.19444444444444,22.708333333333332,16.805555555555557,34.44444444444444,25.416666666666664
"Englert, Mason",669438,2025,716,92.74989735608575,-0.05106522576963368,-0.1783003693073802,-0.3376905910027972,-0.5106522576963368,-0.04716349036351916,-0.07132014772295207,0.010753567915116946,0.21321493758659926,-0.32551447031062253,-0.23614462619389087,0.001501894960211864,0.02977862256796079,-0.04546291484785231,-0.032981093043839504,0.2239685055017162,-0.5616590965045134,0.03128051752817266,-0.07844400789169181,0.2121357731955765,0.27156637695032304,0.12192752494749003,0.17118015068508322,0.24185107507294978,0.8534461621837134,0.5476486186283316,22.63888888888889,34.02777777777778,22.63888888888889,23.40277777777778,47.013888888888886,21.041666666666668
"Blackburn, Paul",621112,2025,702,92.7135404836231,-0.050317811900788746,-0.17919448682617073,-0.3335983843446684,-0.5031781190078874,-0.04752113737103538,-0.07167779473046829,-0.45595441594582553,0.13976997333429608,-0.3853436823055745,0.36792974057243555,-0.06495077150225434,0.01991025261172309,-0.05489226243669153,0.0524116439561874,-0.31618444261152945,-0.017413941733138927,-0.04504051889053126,-0.002480618480504121,0.19118748372526087,0.2346200139505316,0.12835080025299841,0.10800809472454834,0.21290374883789623,0.8818205525112266,0.5473621506745614,22.569444444444446,34.513888888888886,22.569444444444446,23.055555555555557,20.34722222222222,58.68055555555556
"Okert, Steven",595345,2023,1030,92.71117716669639,-0.07385207425759889,-0.17925260742135654,-0.48970717177382994,-0.7385207425759889,-0.0475443856091097,-0.07170104296854261,0.2859757497650435,-2.0786219464037003,1.177340687600008,0.12559833726481884,0.027764635899518785,-0.2018079559615243,0.11430492112621438,0.01219401332668144,-1.7926461966386569,1.302939024864827,-0.17404332006200554,0.1264989344528958,0.23966918522083722,0.11304390248078017,0.04490419444816483,0.12625072024307918,0.17635654385080868,0.914422542654378,0.5453895432525933,22.5,25.833333333333336,22.5,19.305555555555557,5.069444444444445,88.95833333333333
"Hoeing, Bryan",663773,2024,838,92.70349799340046,-0.06014877733905799,-0.17944145984205845,-0.39905498471853207,-0.6014877733905799,-0.04761992657739046,-0.07177658393682337,0.19191429835973395,-0.14389081503054513,-0.300599732958176,-0.1464787350895449,0.022901467584693788,-0.017170741650423045,-0.03587108985181098,-0.017479562659850227,0.04802348332918882,-0.4470784680477209,0.005730725934270742,-0.05335065251166121,0.2472443586856706,0.2447526427811297,0.09613106343492193,0.15235665864861622,0.24599850073340015,0.8757561389582309,0.5608773198458156,22.430555555555557,30.555555555555557,22.430555555555557,53.541666666666664,50.138888888888886,49.51388888888889
"Gonzales, Marco",594835,2023,808,92.69272572788945,-0.05808110204191681,-0.17970638008018816,-0.3856252289549502,-0.5808110204191681,-0.047725894672642356,-0.07188255203207526,-0.2690602490638412,0.28349570895329634,-0.04559470070716998,-0.3544659881372354,-0.033299535775227866,0.035086102593229744,-0.005642908503362621,-0.04386955298728161,0.01443545988945516,-0.4000606888444054,0.0017865668180018764,-0.04951246149064423,0.18701545609647502,0.2919603494992501,0.09344685686196667,0.16742131538313693,0.23948790279786256,0.8695659138774482,0.5545269083376554,22.36111111111111,31.041666666666668,22.36111111111111,38.54166666666667,44.583333333333336,40.34722222222222
"Banks, Tanner",621383,2025,1072,92.60583155206157,-0.07797442921191737,-0.18184335170689686,-0.520784925226053,-0.7797442921191737,-0.04858068332332584,-0.07273734068275875,-0.06264492297941615,0.5503419947647217,-1.0224436383996363,0.013961641388277712,-0.005843742815244044,0.051337872645962845,-0.09537720507459294,0.001302391920548294,0.4876970717853055,-1.0084819970113585,0.0454941298307188,-0.09407481315404465,0.22419575549699955,0.31770705863775517,0.16432494723011326,0.14172527879182922,0.27095140706737736,0.8469748869890288,0.558963147028203,22.291666666666668,24.305555555555554,22.291666666666668,48.95833333333333,73.47222222222223,14.86111111111111
"Sears, JP",676664,2024,2927,92.60432926337306,-0.2129454519634944,-0.1818802972014814,-1.422389158724343,-2.129454519634944,-0.04859546152115965,-0.07275211888059256,-1.056600859350965,0.8229045270130086,-2.1027697570389137,0.9140769306525272,-0.03609842361978015,0.0281142646741718,-0.07184044267300696,0.031229140097455657,-0.2336963323379564,-1.1886928263863865,-0.00798415894560835,-0.0406113025755513,0.18384603313647188,0.2272870779986385,0.1640380323234607,0.12190959197694654,0.2055665555675552,0.8570261878497965,0.5312963717086758,22.22222222222222,5.069444444444445,22.22222222222222,4.375,15.347222222222223,24.72222222222222
"Flexen, Chris",623167,2024,2797,92.5922779024478,-0.20381926285470273,-0.18217667398525453,-1.362530922203689,-2.0381926285470273,-0.048714012234668896,-0.07287066959410181,-2.7673064127059206,1.7111290691075283,0.26815500805321335,-0.57450858665851,-0.09893837728658994,0.061177299574813306,0.009587236612556787,-0.02054017113544905,-1.0561773435983923,-0.30635357860529666,-0.03776107771177663,-0.010952934522892265,0.15516960085667997,0.3331405056809615,0.08591386193732964,0.16367102131146255,0.24415505326882073,0.8752075583756039,0.5596813058222123,22.15277777777778,5.625,22.15277777777778,50.83333333333333,48.888888888888886,48.61111111111111
"Boyle, Joe",671212,2024,966,92.56539023927267,-0.07064857115781767,-0.18283791707509747,-0.47313240148605473,-0.7064857115781766,-0.04897850947060608,-0.07313516683003898,-1.1314270143539034,0.18519204184326554,0.8265409652312883,-0.3534383942067052,-0.11712494972607695,0.019171018824354614,0.08556324691835282,-0.03658782548723657,-0.9462349725106378,0.4731025710245831,-0.09795393090172234,0.04897542143111626,0.13878815282197848,0.2527093675477695,0.050385041338689644,0.19543801315215162,0.195748760184874,0.8770884727545794,0.5364186164697267,22.083333333333332,26.944444444444443,22.083333333333332,7.916666666666666,11.25,51.52777777777777
"Cecconi, Slade",677944,2025,2110,92.54348451684687,-0.15476988438075118,-0.1833766402615535,-1.0379933735234772,-1.5476988438075117,-0.0491939987451885,-0.07335065610462141,-0.8444644766185547,-0.6238814057908257,0.9853778207125288,-0.5550253118266255,-0.04002201310988411,-0.029567839137005957,0.04670037064988288,-0.0263045171481813,-1.4683458824093805,0.43035250888590326,-0.06958985224689007,0.020395853501701575,0.18012949290458102,0.20943540437494768,0.06732057195430173,0.15534586191838187,0.19478244863976435,0.8886667830636582,0.5417246158517113,22.01388888888889,9.722222222222223,22.01388888888889,13.61111111111111,10.625,68.33333333333333
"Ohtani, Shohei",660271,2025,1086,92.53641870037873,-0.07973429745963433,-0.18355040851665358,-0.5350016756729019,-0.7973429745963433,-0.04926350604722853,-0.07342016340666144,-0.2801347094668927,-0.0225100479115099,0.10465628758174716,-0.3370132058762465,-0.02579509295275255,-0.0020727484264742085,0.009636858893346884,-0.031032523561348665,-0.3026447573784026,-0.23235691829449934,-0.02786784137922676,-0.02139566466800178,0.19755724274282888,0.2256693384923648,0.08259499294228898,0.16586937925501663,0.21161329061759684,0.8757678139013472,0.543690552259472,21.944444444444443,23.680555555555554,21.944444444444443,17.01388888888889,18.819444444444443,49.583333333333336
"Garrett, Braxton",666129,2023,2520,92.5261465546134,-0.18527345364205156,-0.18380302940679716,-1.243986770962806,-1.8527345364205154,-0.04936455440328596,-0.07352121176271886,1.2240720935666332,-1.226643907839616,-1.637485799271417,0.39607084258159375,0.04857428942724735,-0.04867634554919111,-0.06497959520918321,0.01571709692784102,-0.0025718142729829196,-1.2414149566898232,-1.0205612194376669e-4,-0.04926249828134219,0.2591088106673471,0.189694991514176,0.11904269919889511,0.12432302650403272,0.22440190109076152,0.8783171371485361,0.5513595191196488,21.875,6.666666666666667,21.875,31.52777777777778,29.72222222222222,53.19444444444444
"Lauer, Eric",641778,2025,1818,92.51769850511076,-0.1338126469614422,-0.18401079065104814,-0.8989584388199319,-1.3381264696144222,-0.049447658900986353,-0.07360431626041926,-0.6828409572049168,0.17793209659248532,0.3166192544047135,-0.7106688326122139,-0.037560008647135136,0.009787244036990392,0.017415800572316474,-0.03909069486315808,-0.5049088606124315,-0.3940495782075004,-0.027772764610144742,-0.021674894290841608,0.1881808158401182,0.25522695648823895,0.07686688989255759,0.17527515515591732,0.22170388616417858,0.8739289774757626,0.5478164318199705,21.805555555555557,13.055555555555557,21.805555555555557,23.680555555555554,27.569444444444446,47.013888888888886
"Strahm, Matt",621381,2024,1020,92.51679218221723,-0.07508549650712676,-0.1840330796743303,-0.504457060005052,-0.7508549650712676,-0.04945657451029921,-0.07361323186973212,0.09168947221769486,-0.2345493819523199,-0.6670262418265338,0.30542909155610687,0.008989163942911261,-0.02299503744630587,-0.06539472959083664,0.029944028583932046,-0.14285990973462503,-0.36159715027042694,-0.014005873503394613,-0.0354507010069046,0.23143491063422159,0.19693722943664982,0.15281559267455588,0.12426195739920533,0.21418607003543572,0.8614612249631194,0.5378236474992776,21.73611111111111,25.416666666666664,21.73611111111111,9.375,21.180555555555554,29.72222222222222
"Wacha, Michael",608379,2024,2736,92.47077755019703,-0.20264425709437878,-0.1851647086023198,-1.3655164255897034,-2.0264425709437877,-0.049909226081495006,-0.07406588344092792,-0.560032871018393,1.4976342798142923,-1.1822564003887237,-1.120861433996879,-0.020469037683420798,0.05473809502245221,-0.04321112574520189,-0.04096715767532452,0.9376014087958993,-2.3031178343856027,0.034269057339031406,-0.08417828342052641,0.19122286028256644,0.3306326025489332,0.1102886350269755,0.16994262029313262,0.2609277314157498,0.859884372339946,0.5604060518778479,21.666666666666668,5.694444444444445,21.666666666666668,52.56944444444444,65.625,27.430555555555557
"Cabrera, Edward",665795,2025,2252,92.43155045982866,-0.16766537508072216,-0.18612941283383902,-1.1326458270727926,-1.6766537508072217,-0.05029510777410269,-0.0744517651335356,-0.053854553761993884,-0.8939495857448492,-0.4417959650454577,0.25695427747950816,-0.0023914100249553235,-0.039695807537515504,-0.019617938057080713,0.011410047845448853,-0.9478041395068431,-0.18484168756594954,-0.04208721756247083,-0.008207890211631862,0.22090130246570922,0.20182104199125803,0.10118558729767876,0.12510806172267636,0.2113611722284836,0.8868531754898225,0.5491071738591531,21.59722222222222,8.26388888888889,21.59722222222222,27.152777777777775,18.680555555555557,65.90277777777777
"Slaten, Justin",686580,2025,528,92.40499239242082,-0.03944847461044511,-0.18678255023884993,-0.2669375952466453,-0.39448474610445106,-0.050556362736107065,-0.07471302009553997,-0.49048958996604597,0.3036745681242792,0.1687472553403495,-0.248869828745228,-0.09289575567538749,0.05751412275081045,0.03195970745082377,-0.047134437262353786,-0.1868150218417668,-0.0801225734048785,-0.03538163292457704,-0.015174729811530016,0.17326702819906298,0.3349530594013308,0.0731283471709412,0.2530209578826273,0.25411004380019686,0.8369253474732158,0.5455176956367063,21.52777777777778,38.68055555555556,21.52777777777778,19.51388888888889,59.375,7.777777777777778
"Ogasawara, Shinnosuke",829272,2025,674,92.3249446675168,-0.05088730961532014,-0.18875114842477794,-0.34605722555062357,-0.5088730961532014,-0.05134380201047827,-0.07550045936991118,-0.8510869550573261,0.11335239650543372,0.6474890485937408,-0.25581171559247196,-0.1262740289402561,0.016817862983002037,0.09606662442043633,-0.037954260473660524,-0.7377345585518924,0.39167733300126883,-0.10945616595725406,0.0581123639467758,0.12240306347327794,0.24907827592070275,0.05036917861322516,0.177211096208086,0.18574066969699035,0.8862098625893444,0.5359752661431674,21.458333333333332,34.236111111111114,21.458333333333332,7.361111111111112,7.222222222222221,64.58333333333334
"Ginn, J.T.",669372,2024,515,92.29944519977624,-0.03901191989002385,-0.1893782518933197,-0.2657124134991591,-0.39011919890023855,-0.05159464339789496,-0.07575130075732787,0.11226351306231663,0.11413141410980643,-0.7310950468690862,0.23898770619780407,0.02179874040044983,0.02216143963297212,-0.1419602032755507,0.0464053798442338,0.22639492717212306,-0.49210734067128215,0.043960180033421954,-0.09555482343131692,0.2576758459736723,0.30586793468819035,0.20670980249457907,0.10790180346849586,0.2817718903309313,0.8426941970184625,0.562233043674697,21.38888888888889,38.88888888888889,21.38888888888889,56.041666666666664,81.38888888888889,11.597222222222223
"Muñoz, Andrés",662253,2025,1118,92.26591989707472,-0.08505866227170603,-0.19020273316571118,-0.5805151934386004,-0.8505866227170602,-0.05192443590685156,-0.07608109326628447,0.5645604350647773,-1.833480338745403,0.855846493436502,-0.16744178319447656,0.05049735555141121,-0.16399645248169975,0.07655156470809499,-0.01497690368465801,-1.2689199036806258,0.6884047102420254,-0.11349909693028853,0.06157466102343698,0.24525209037906598,0.14669184320263046,0.052854589635336895,0.14760203178148998,0.19597196679084822,0.8997716892915866,0.5478718280412174,21.319444444444443,22.083333333333332,21.319444444444443,24.02777777777778,11.319444444444445,79.16666666666666
"Cortes, Nestor",641482,2025,599,92.24914971368354,-0.04567139210500582,-0.19061515903591744,-0.31201554346705507,-0.4567139210500582,-0.052089406254934065,-0.07624606361436698,-0.180473673725146,0.310615763435635,-0.4620781442072257,0.01992051102968162,-0.03012916088900601,0.051855720106116034,-0.07714159335679896,0.0033256278847548617,0.13014208971048902,-0.4421576331775441,0.02172655921711002,-0.0738159654720441,0.19894970098153553,0.34222230156633343,0.13691047290379454,0.1344636804153124,0.2705860012739345,0.8643129233404465,0.5674494623071905,21.25,36.388888888888886,21.25,67.70833333333334,73.33333333333333,32.77777777777778
"Williamson, Brandon",682227,2023,1937,92.237965508408,-0.14790173473034957,-0.1908902100288456,-1.0111028942512803,-1.4790173473034958,-0.05219942665210533,-0.07635608401153823,-0.27153970455174203,0.23069643974417886,-0.9281022490802684,-0.04215738036344874,-0.01401857018852566,0.011909986563974127,-0.047914416576162536,-0.0021764264513912616,-0.04084326480756317,-0.9702596294437171,-0.0021085836245515323,-0.050090843027553796,0.20065294663550134,0.24875041787563193,0.12274426421809596,0.14013792544183679,0.22470168225556664,0.8685589051700336,0.5466302937128001,21.180555555555554,10.694444444444445,21.180555555555554,21.59722222222222,30.069444444444443,39.23611111111111
"Gray, Sonny",543243,2024,2483,92.23396747065273,-0.1896898109721948,-0.19098853299657154,-1.297088307487229,-1.8968981097219482,-0.0522387558391957,-0.07639541319862861,-0.35253699077043166,0.8397001223986535,-1.337861340634845,-0.44639009848060596,-0.014198026209038732,0.033817967072035986,-0.05388084336024346,-0.017977853341949495,0.4871631316282219,-1.784251439115451,0.019619940862997256,-0.07185869670219294,0.20727440252279655,0.26054310903691064,0.10438896197588166,0.14601529113451547,0.2339087557798536,0.8747978734448014,0.5543533146123275,21.11111111111111,6.319444444444445,21.11111111111111,38.19444444444444,38.263888888888886,48.19444444444444
"McLean, Nolan",690997,2025,739,92.2167212216232,-0.056581584263739396,-0.19141266665676387,-0.38729814475118474,-0.5658158426373939,-0.05240840930327263,-0.07656506666270554,0.05212757423691983,-0.735397592252184,-0.2993892854983642,0.5953611587624437,0.007053798949515539,-0.09951252939813045,-0.040512758524812474,0.08056307967015476,-0.6832700180152642,0.2959718732640795,-0.09245873044861491,0.04005032114534228,0.2291423356570451,0.1523537893791726,0.12468401362924232,0.1021986120048002,0.19074806251810883,0.8865586871829787,0.5386533748505438,21.041666666666668,31.73611111111111,21.041666666666668,10,8.958333333333334,65.27777777777779
"Ortiz, Luis",682847,2025,1500,92.21239031955776,-0.11491150541517822,-0.1915191756919637,-0.7867651937602886,-1.1491150541517823,-0.052451012917352574,-0.07660767027678549,1.3448223991913437,-0.41076734002615467,-1.101481811998383,-0.6193384409270948,0.08965482661275626,-0.02738448933507698,-0.0734321207998922,-0.041289229395139654,0.934055059165189,-1.7208202529254777,0.06227033727767927,-0.11472135019503185,0.30220811264800773,0.21617253764670324,0.1359601748184822,0.16494852719289288,0.2591903251473555,0.8495456489943125,0.554367987070834,20.97222222222222,15.76388888888889,20.97222222222222,38.263888888888886,64.09722222222223,16.944444444444446
"Kremer, Dean",665152,2023,2972,92.12988723331009,-0.2300900503535428,-0.19354815810358578,-1.5829646468130818,-2.300900503535428,-0.05326260588200141,-0.07741926324143432,0.8150594965348432,-0.6138538013963171,-0.7042648048384308,-1.0799055371131772,0.027424612938588267,-0.020654569360575945,-0.023696662343150432,-0.0363359871168633,0.20120569513852615,-1.784170341951608,0.00677004357801232,-0.06003264946001373,0.23857886607178141,0.21587199064245488,0.10910625630198108,0.1658203511169109,0.22722542835711815,0.8625366962905541,0.5448810623238362,20.90277777777778,4.444444444444445,20.90277777777778,18.61111111111111,32.63888888888889,30.694444444444446
"France, J.P.",641585,2023,2265,92.12654212246603,-0.17542916393228286,-0.19363042376631662,-1.2071433501316733,-1.7542916393228287,-0.05329551214709375,-0.07745216950652666,-1.9217951280288617,0.48322750222246214,0.5340951224538912,-0.302670846779165,-0.08484746702114179,0.021334547559490602,0.023580358607235816,-0.013362951292678367,-1.4385676258063995,0.23142427567472623,-0.06351291946165119,0.010217407314557449,0.16414811786146977,0.2895490659549573,0.07953491952880266,0.14705825069810063,0.22684859190821352,0.8867034148865484,0.556776003397381,20.833333333333336,7.708333333333334,20.833333333333336,43.333333333333336,32.013888888888886,65.76388888888889
"Kikuchi, Yusei",579328,2023,2826,92.11864089284553,-0.21909948290281878,-0.19382473717517584,-1.5083276920506137,-2.1909948290281878,-0.053373237510637425,-0.07752989487007034,-0.0077093868212614325,-0.49386747239918805,0.4352195933661278,-1.441970426196292,-2.728020814317564e-4,-0.017475848280226046,0.0154005517822409,-0.05102513893122053,-0.5015768592204495,-1.0067508328301642,-0.017748650361657802,-0.03562458714897962,0.21829303863040095,0.22864689277231667,0.07766398342788011,0.18820791492919678,0.2234699657013588,0.8670640508214615,0.5452670082614102,20.76388888888889,4.861111111111112,20.76388888888889,19.02777777777778,28.958333333333336,37.01388888888889
"Thornton, Trent",663423,2024,1138,92.04886311784156,-0.08901015780911437,-0.19554076847344987,-0.6151988173407972,-0.8901015780911437,-0.05405965002994703,-0.07821630738937994,-0.46844819876650945,0.3644591819195284,-0.5683755771806318,0.05716577668681566,-0.04116416509371788,0.032026290151100915,-0.04994512980497644,0.0050233547176463675,-0.10398901684698103,-0.5112098004938161,-0.009137874942616963,-0.04492177508733007,0.18309148308327203,0.2856921955870203,0.13164711738976784,0.13350631385505252,0.23439183933514618,0.8674232843775898,0.5509075618563679,20.694444444444443,20.97222222222222,20.694444444444443,30.555555555555557,39.09722222222222,37.43055555555556
"Vasquez, Andrew",607755,2023,850,92.03570045669994,-0.06659392158434807,-0.19586447524808254,-0.46060762828830093,-0.6659392158434807,-0.05418913273980011,-0.07834579009923302,-1.005974823698864,-0.6991027245790065,0.2408635717119978,1.0036063482775717,-0.11834997925868987,-0.08224737936223606,0.0283368907896468,0.11807133509147902,-1.7050775482778704,1.2444699199895695,-0.20059735862092593,0.14640822588112581,0.12125595137165221,0.1124048327778746,0.06883568782619015,0.07932493098908756,0.1168303920747634,0.9259196905923611,0.5213750413335623,20.625,28.47222222222222,20.625,0.8333333333333334,0.2777777777777778,94.02777777777777
"Long, Sam",669674,2024,771,92.00274594816729,-0.0606545450473852,-0.19667491909009466,-0.42029762223262424,-0.606545450473852,-0.054513310276604963,-0.07866996763603787,-1.094373367413482,0.41810944732515054,0.6670083615510976,-0.4110420636953904,-0.14194207100045161,0.054229500301575945,0.08651210915059632,-0.053312848728325604,-0.6762639200883314,0.2559662978557071,-0.08771257069887566,0.033199260422270706,0.14035128028231722,0.3124401592259662,0.05233973194771638,0.24843362767515217,0.2263957197541417,0.8496133201885657,0.5380045199713537,20.555555555555554,30.486111111111114,20.555555555555554,9.444444444444445,31.805555555555554,17.01388888888889
"Freeland, Kyle",607536,2023,2402,91.92711612938366,-0.19075230171913563,-0.19853486856696048,-1.3272801074177778,-1.9075230171913562,-0.055257290067351285,-0.07941394742678419,1.3482758018431014,1.094879002773041,-2.3969434328546413,-1.373491479179279,0.056131382258247355,0.04558197347098422,-0.09978948513133395,-0.05718116066524892,2.4431548046161424,-3.7704349120339202,0.10171335572923157,-0.15697064579658285,0.26510883073443625,0.30666925656445454,0.18673758520510503,0.17812599175603683,0.2858890436494454,0.817568211519429,0.5517286275844372,20.48611111111111,6.180555555555555,20.48611111111111,32.77777777777778,84.65277777777777,1.8055555555555554
"López, Jorge",605347,2023,948,91.91594301426473,-0.07538861807483274,-0.1988096468218163,-0.5248810689809034,-0.7538861807483274,-0.05536720136929361,-0.07952385872872651,-0.32016000190242266,-0.04086873180324346,-0.3952076651128209,0.23135532983758367,-0.03377215209941167,-0.004311047658569986,-0.04168857226928491,0.02440457065797296,-0.3610287337056661,-0.16385233527523724,-0.03808319975798166,-0.017284001611311946,0.20475164455341757,0.22012514330716684,0.1050575597490727,0.11528573920582443,0.2124383939302922,0.8898283505225515,0.5511333722264219,20.416666666666668,25.34722222222222,20.416666666666668,30.97222222222222,19.86111111111111,69.72222222222221
"Borucki, Ryan",621366,2023,528,91.88863448942557,-0.042130437905107745,-0.19948124008100254,-0.29375722819327166,-0.4213043790510774,-0.05563583867296811,-0.07979249603240102,0.39183454627664105,-0.016015359524544692,-0.8908775053068894,0.22130109036152135,0.07421108830996989,-0.0030332120311637673,-0.1687268002475169,0.041913085295742676,0.37581918675209636,-0.669576414945368,0.07117787627880613,-0.12681371495177424,0.2850991624478642,0.22851459584848016,0.2381445263204781,0.10647651283579107,0.2568068791481722,0.8276894804218654,0.5422481797850188,20.34722222222222,37.77777777777778,20.34722222222222,14.23611111111111,61.736111111111114,4.027777777777778
"Armstrong, Shawn",542888,2025,1089,91.83461572497028,-0.08747271102062246,-0.20080971308682843,-0.6116611115620003,-0.8747271102062246,-0.05616722787529847,-0.08032388523473138,1.0032252740729746,-0.4033124335583125,-1.079432827452365,-0.1321411246242974,0.09212353297272494,-0.03703511786577709,-0.0991214717587112,-0.012134171223535115,0.5999128405146621,-1.2115739520766624,0.05508841510694785,-0.11125564298224633,0.3385543624502548,0.2042165942324153,0.18910079264745028,0.14700302417203817,0.27138547834133503,0.8319480915902557,0.5516667849657954,20.27777777777778,21.319444444444443,20.27777777777778,32.56944444444444,73.81944444444444,5.208333333333334
"Alexander, Scott",518397,2024,566,91.8224256841313,-0.04553119089029842,-0.20110950039884462,-0.3185852282485939,-0.4553119089029842,-0.05628714280010494,-0.08044380015953785,-0.0957024379390532,0.23544541696219312,-0.46500544632453966,0.006677239052805817,-0.016908557939762047,0.041598130205334476,-0.082156439279954,0.0011797242142766462,0.13974297902313992,-0.45832820727173385,0.02468957226557242,-0.08097671506567736,0.22219109749948918,0.25744356219044356,0.14989232501987013,0.12605827190469832,0.23981732984496637,0.8620247015377158,0.5509210156913411,20.208333333333332,36.45833333333333,20.208333333333332,30.625000000000004,44.93055555555556,30.277777777777775
"La Sorsa, Joe",686747,2023,536,91.70255605114684,-0.04374991321776622,-0.2040574310530141,-0.3080194487311019,-0.43749913217766223,-0.05746631506177274,-0.08162297242120564,-0.31224580005982716,-0.44751452955097193,-0.49544420430265745,0.9471850851823547,-0.058254813443997605,-0.08349151670727088,-0.09243362020571967,0.17671363529521542,-0.7597603296107991,0.4517408808796972,-0.1417463301512685,0.08428001508949574,0.15982784621507162,0.13268954303889913,0.22484166042386972,0.057618227215897364,0.14625869462698537,0.8587700561801165,0.5025143754035509,20.13888888888889,37.083333333333336,20.13888888888889,0.1388888888888889,1.0416666666666665,26.180555555555557
"Vásquez, Randy",681190,2023,669,91.68510475321978,-0.0547206161512133,-0.20448660744100633,-0.3855981237775268,-0.547206161512133,-0.057637985616969624,-0.08179464297640253,-0.08530300603649721,0.017409992222269466,-0.6223973254454904,0.3046922154821914,-0.012750823024887475,0.0026023904667069457,-0.0930339798872183,0.045544426828429206,-0.06789301381422774,-0.31770510996329904,-0.01014843255818053,-0.047489553058789095,0.20864555927203718,0.22319925864365778,0.1469859445856544,0.10961617454656994,0.21592240895784748,0.8716989404338878,0.5438106746958676,20.069444444444446,32.43055555555556,20.069444444444446,17.291666666666668,22.22222222222222,43.81944444444444
"Curry, Xzavion",675540,2024,639,91.6581364118449,-0.05243629773249657,-0.20514983463418063,-0.3700019367981895,-0.5243629773249657,-0.057903276494239354,-0.08205993385367226,-0.7340490928136205,0.0752754677878329,0.4550717544298095,-0.16630006620221138,-0.1148746624121472,0.011780198401851783,0.07121623699997019,-0.026025049483914146,-0.6587736250257876,0.28877168822759813,-0.1030944640102954,0.045191187516056046,0.1282519556657115,0.2935383184777367,0.05247686444297631,0.17434967247454178,0.21089513707172408,0.886586731541241,0.5487409343064825,20,33.47222222222222,20,25.833333333333336,18.194444444444443,65.55555555555556
"Povich, Cade",700249,2024,1389,91.62000260360777,-0.11450229944570849,-0.20608765199011608,-0.8094870237345617,-1.1450229944570849,-0.058278403436613516,-0.08243506079604643,-0.87744628266978,-0.122148212499269,0.3781517587849521,-0.18804428735046486,-0.06317107866593089,-0.008793967782524765,0.027224748652624343,-0.013538105640782208,-0.999594495169049,0.19010747143448725,-0.07196504644845565,0.013686643011842135,0.16409702052425215,0.1972750777797518,0.08208012159589835,0.14108331716367958,0.18068604915200198,0.888418280620211,0.5345521648861065,19.930555555555557,15.902777777777777,19.930555555555557,6.527777777777779,5.694444444444445,68.125
"Festa, Matt",670036,2025,832,91.61537544990355,-0.06862384145658729,-0.20620144668445697,-0.4852550253353911,-0.6862384145658729,-0.05832392131434989,-0.08248057867378279,0.27317672596018383,-0.18468680725800368,-0.36841708639349235,-0.2053278576440789,0.03283374110098364,-0.022197933564663902,-0.044280899806910134,-0.02467882904375948,0.08848991870218015,-0.5737449440375713,0.010635807536319729,-0.06895972885066962,0.26648552024920175,0.2213324334292338,0.1252118059000014,0.15600484140215448,0.24390897683921778,0.859391676348922,0.5516503265940699,19.86111111111111,27.708333333333336,19.86111111111111,32.5,48.68055555555556,26.666666666666668
"Cabrera, Edward",665795,2024,1734,91.57533487222514,-0.14370431839237013,-0.20718615685174466,-1.0181667453111345,-1.4370431839237012,-0.05871780538126497,-0.08287446274069787,-0.15135220961087725,0.20180705457710246,-0.9927747833289686,-0.07584680694839108,-0.00872850113096178,0.01163823844158607,-0.05725344771216658,-0.004374094979722669,0.05045484496622521,-1.0686215902773597,0.0029097373106242914,-0.06162754269188926,0.21300122946208908,0.24540608586685506,0.1179655924485771,0.14320018835307488,0.22920365766447207,0.8694171095991741,0.549310383631823,19.791666666666664,11.597222222222223,19.791666666666664,27.708333333333336,34.583333333333336,40.06944444444444
"Vásquez, Randy",681190,2024,1720,91.49770743488523,-0.14385752056175363,-0.20909523337464192,-1.0230806990352903,-1.4385752056175363,-0.05948143599042385,-0.08363809334985677,0.2146163130248624,-0.466993588894411,-1.0581972397485515,0.2874938165828098,0.012477692617724558,-0.02715079005200064,-0.06152309533421812,0.016714756778070338,-0.2523772758695486,-0.7707034231657417,-0.014673097434276082,-0.04480833855614777,0.23165030798341116,0.20814358649380238,0.12136392033733183,0.1192393962645177,0.21989694723860675,0.8796983416990752,0.549797644468841,19.72222222222222,11.527777777777779,19.72222222222222,28.61111111111111,25.694444444444443,55.27777777777778
"Cabrera, Génesis",650893,2025,715,91.49767190958372,-0.05980148661386827,-0.20909610704149745,-0.4252947660187374,-0.5980148661386827,-0.05948178545716607,-0.08363844281659898,-0.015060114754874121,-0.02885738865074927,-0.17331861610182386,-0.20805864651129014,-0.0021063097559264506,-0.004035998412692206,-0.024240365888366974,-0.02909911140018044,-0.04391750340562339,-0.381377262613114,-0.006142308168618656,-0.05333947728854741,0.21167471004972668,0.22210828687529752,0.10593374166607197,0.1566679717231926,0.2168914984625121,0.8686991433053677,0.5427953208839399,19.65277777777778,30.625000000000004,19.65277777777778,15,23.055555555555557,39.375
"Soto, Gregory",642397,2025,1031,91.49372500463332,-0.0862712643431498,-0.20919317251006256,-0.6136575060557448,-0.862712643431498,-0.05952061164459212,-0.08367726900402503,0.2766078330826076,-0.7868958771550751,-0.5814881428104854,0.4781186808272082,0.02682908177328881,-0.07632355743502184,-0.056400401824489375,0.046374265841630284,-0.5102880440724675,-0.10336946198327723,-0.04949447566173303,-0.010026135982859091,0.25460982584003383,0.17280961656820962,0.12585219958307906,0.10325340645041377,0.21370972120412174,0.8854471969832536,0.5495784590936876,19.583333333333332,21.875,19.583333333333332,28.26388888888889,20.76388888888889,63.47222222222222
"Ryu, Hyun Jin",547943,2023,830,91.4894385186224,-0.06948713162430717,-0.20929858922984085,-0.4943710601597786,-0.6948713162430717,-0.059562778332503445,-0.08371943569193635,-0.24979601322604594,-0.008425620601883566,0.08878548401617081,-0.3249349103480199,-0.03009590520795734,-0.0010151350122751283,0.010697046267008532,-0.03914878437927951,-0.2582216338279295,-0.2361494263318491,-0.03111104022023247,-0.028451738112270974,0.19510618528232027,0.2091912717194806,0.09693653506033466,0.16100781071171538,0.20214872850090043,0.871027827113975,0.5365882778074377,19.51388888888889,27.361111111111114,19.51388888888889,8.26388888888889,13.819444444444445,42.638888888888886
"Black, Mason",696131,2024,663,91.40708564507128,-0.05604309231027567,-0.21132387748972725,-0.40027228480971644,-0.5604309231027567,-0.06037289363645798,-0.08452955099589089,0.17920878676909524,-0.3212851848375067,-0.4377862948931579,0.1795904081518529,0.02702998292143216,-0.04845930389705983,-0.06603111536850044,0.027087542707670123,-0.14207639806841144,-0.258195886741305,-0.021429320975627667,-0.03894357266083032,0.24711550724722706,0.19385606409649148,0.13372849867039568,0.11862818820639921,0.22048578567185928,0.8738216565616026,0.547153721116731,19.444444444444446,32.013888888888886,19.444444444444446,22.569444444444446,26.319444444444446,46.80555555555556
"May, Dustin",669160,2025,2169,91.3972078775785,-0.1835553552561266,-0.21156679951144142,-1.3115956544351661,-1.835553552561266,-0.06047006244514366,-0.08462671980457658,0.5130073340226318,-3.7256026677910086,-0.8379113791588679,2.7389110584920786,0.02365179041137076,-0.17176591368331068,-0.03863123002115574,0.126275290847952,-3.212595333768377,1.9009996793332107,-0.1481141232719399,0.08764406082679625,0.24946490432226895,0.11959453875622729,0.12068517906770791,0.07585018382089188,0.18452972153924813,0.9017323185557001,0.5431310200474742,19.375,7.083333333333333,19.375,15.972222222222221,6.875000000000001,80.69444444444444
"Muñoz, Andrés",662253,2023,822,91.38318884070304,-0.06967652321925513,-0.2119115669685375,-0.4981975086980128,-0.6967652321925514,-0.06060796942798209,-0.084764626787415,1.1314235273393933,-1.2537148792007429,-0.09328909640953498,-0.2826170604271283,0.13764276488313787,-0.15252005829692736,-0.011349038492644157,-0.03438163752154846,-0.12229135186134954,-0.3759061568366633,-0.014877293413789482,-0.04573067601419261,0.33449293047360795,0.15490523180450458,0.11842748472502768,0.16124061979752605,0.24469908113905625,0.8601659477387231,0.5524325144388897,19.305555555555557,27.291666666666664,19.305555555555557,34.72222222222222,49.236111111111114,27.77777777777778
"Keller, Mitch",656605,2024,2850,91.33145558277269,-0.2430295695690524,-0.21318383295530913,-1.741830960946686,-2.430295695690524,-0.06111687582269074,-0.08527353318212365,0.7121175966649389,-1.2302287105783307,-1.3256452822638494,0.1019254352305552,0.024986582339120662,-0.04316591966941511,-0.04651386955311752,0.003576331060721235,-0.5181111139133918,-1.2237198470332942,-0.01817933733029445,-0.04293753849239629,0.2373165699427221,0.19104720988879478,0.11601987483732035,0.13211978188208237,0.21418188991575843,0.8759301716402986,0.5450560307780286,19.23611111111111,4.027777777777778,19.23611111111111,18.680555555555557,21.11111111111111,49.93055555555556
"Kochanowicz, Jack",686799,2024,859,91.3296892165859,-0.07326489095353887,-0.21322727285663237,-0.5251432228178601,-0.7326489095353887,-0.06113425178322004,-0.08529090914265294,0.254795619160177,-0.31066005433672217,-0.9448785471765859,0.475599759535271,0.029661888144374503,-0.03616531482383262,-0.10999750258167473,0.05536667747791281,-0.05586443517654516,-0.4692787876413149,-0.006503426679458108,-0.054630825103761924,0.2584328233998208,0.20101731989792787,0.1638431902429206,0.1083704745434883,0.22972507164887435,0.8638931676067956,0.546809119627835,19.166666666666668,26.041666666666668,19.166666666666668,22.083333333333332,35,32.22222222222222
"Suarez, Ranger",624133,2024,2362,91.29557593281636,-0.20224975920779534,-0.21406621423348363,-1.4519173452481482,-2.0224975920779533,-0.061469828333960544,-0.08562648569339346,-0.3061504272743605,-0.5547155096171537,0.06151846838565689,-0.6525698767422909,-0.012961491417204084,-0.02348499193976095,0.002604507552314009,-0.027627852529309525,-0.8608659368915141,-0.5910514083566341,-0.036446483356965036,-0.025023344976995515,0.21165720538205096,0.2131962829014937,0.0995741480456812,0.15255707661476525,0.21242674414177232,0.8739343876697767,0.5431805659057745,19.09722222222222,5.763888888888889,19.09722222222222,16.041666666666668,19.72222222222222,47.083333333333336
"Rodríguez, Yariel",684320,2024,1502,91.23790347084208,-0.12946311278213266,-0.21548454191433528,-0.9317981342826442,-1.2946311278213265,-0.06203715940630121,-0.08619381676573412,-0.7178333431278361,0.2979929144171365,-0.4947829318980439,-0.017174773673900745,-0.0477918337635044,0.019839741306067676,-0.03294160665100159,-0.001143460297862899,-0.4198404287106996,-0.5119577055719446,-0.027952092457436722,-0.03408506694886449,0.19585822195024627,0.23882298642003227,0.10641335823193146,0.13580278758986639,0.21734060418513929,0.8788919270891011,0.5481162656371202,19.02777777777778,13.61111111111111,19.02777777777778,24.51388888888889,23.47222222222222,54.30555555555555
"Clase, Emmanuel",661403,2024,1106,91.20538569613285,-0.09568415009685852,-0.21628424524606354,-0.6896688705732572,-0.9568415009685851,-0.06235704073899251,-0.08651369809842542,0.017908503176840895,0.36990895136136714,-0.6369867041667021,-0.44049962094476314,0.0016192136687921243,0.033445655638459956,-0.057593734553951365,-0.039828175492293234,0.38781745453820804,-1.0774863251114652,0.03506486930725208,-0.0974219100462446,0.24782820555567717,0.33138286598459993,0.12547080658485274,0.24027449099345932,0.28960553577013853,0.8171273512108439,0.5533664434904912,18.958333333333332,19.444444444444446,18.958333333333332,35.90277777777778,86.80555555555556,1.7361111111111112
"Birdsong, Hayden",806185,2025,1155,91.18267512546585,-0.1001813560021162,-0.21684276190934243,-0.7228041675197119,-1.001813560021162,-0.06258044740430406,-0.08673710476373697,-0.9079369425039658,0.6950406430955809,0.18508617761835922,-0.6949940457296861,-0.07860925909125245,0.060176679055894446,0.016024777282974825,-0.060172644651920876,-0.21289629940838495,-0.5099078681113269,-0.018432580035358005,-0.044147867368946055,0.17653337169281788,0.31290698246084425,0.0727587816559414,0.21011743975339298,0.24472017707683108,0.8585618892953328,0.5516410331860819,18.88888888888889,18.75,18.88888888888889,32.361111111111114,49.30555555555556,26.041666666666668
"Valdez, Framber",664285,2025,2797,91.13772764851231,-0.2438403863037341,-0.2179481464995836,-1.762742156694003,-2.4384038630373412,-0.06302260124040053,-0.08717925859983344,-3.712152411769239,-2.0478295097077535,1.897010902809825,2.1002288619731644,-0.13271907085338716,-0.07321521307500012,0.06782305694707991,0.07508862574090684,-5.759981921476992,3.9972397647829894,-0.20593428392838728,0.14291168268798676,0.13336643077661983,0.1459250451615955,0.06326353265908512,0.09331903731494616,0.13964573796910768,0.9217087150129843,0.530677226491046,18.819444444444443,3.958333333333333,18.819444444444443,3.8194444444444446,0.8333333333333334,91.94444444444444
"Bernardino, Brennan",657514,2025,833,91.12762153258393,-0.07270313519214082,-0.21819668425012254,-0.525806396117332,-0.7270313519214082,-0.0631220163406161,-0.087278673700049,0.16288793432522652,-0.786593501038169,-0.7601020693564351,0.8580012399520456,0.01955437386857461,-0.0944289917212688,-0.09124874782190098,0.10300134933397906,-0.6237055667129425,0.09789917059561049,-0.07487461785269418,0.01175260151207809,0.2482180256030313,0.14884905238213927,0.18005189649672854,0.08324387990005071,0.1985335389925853,0.8683521118016104,0.5334428253970979,18.75,26.25,18.75,5.694444444444445,12.291666666666666,39.09722222222222
"Cameron, Noah",702070,2025,2164,91.11584428186428,-0.18912175850087803,-0.21848631989472972,-1.3684675197506522,-1.8912175850087802,-0.06323787059845898,-0.08739452795789189,-0.7256571336399702,0.9870578957977614,-0.19589028403061093,-1.4339779978778324,-0.03353313926247552,0.04561265692226254,-0.009052231239861873,-0.06626515701838412,0.2614007621577912,-1.6298682819084434,0.012079517659787022,-0.07531738825824599,0.19765762631493658,0.3165277631017015,0.09287073010484756,0.23804981010677512,0.257092694708319,0.8345397298941887,0.5458162123012539,18.680555555555557,6.388888888888888,18.680555555555557,20.13888888888889,61.94444444444444,6.111111111111111
"Quantrill, Cal",615698,2023,1707,91.05848266081561,-0.15014567373370663,-0.21989700312493646,-1.0891025962115464,-1.5014567373370662,-0.06380214389054167,-0.08795880124997459,0.24094630729621258,1.0106625938342404,-1.5114146502055519,-0.8292968471364475,0.01411519081993044,0.059206947500541326,-0.08854215877009677,-0.04858212344091667,1.251608901130453,-2.3407114973419993,0.07332213832047176,-0.13712428221101342,0.23278745722888097,0.28548836002285866,0.13885282544816416,0.18412942984496689,0.25913790862586983,0.8385088723534344,0.5488233904896521,18.61111111111111,10.416666666666668,18.61111111111111,26.111111111111114,63.95833333333333,8.680555555555555
"Barlow, Scott",605130,2023,1195,91.0354660154778,-0.10538133647712775,-0.22046304702327985,-0.7651413093260544,-1.0538133647712775,-0.06402856144987902,-0.08818521880931193,0.4270082419352548,-0.6626969956341782,0.09380987473764435,-0.6232624303647754,0.035732907274916716,-0.05545581553424086,0.007850198722815427,-0.05215585191337033,-0.2356887536989234,-0.529452555627131,-0.019722908259324132,-0.04430565319055489,0.22143360605172602,0.19782875787400242,0.08128642424189447,0.165973225907768,0.20963118196286423,0.8763701749251688,0.5430006784440164,18.541666666666668,17.84722222222222,18.541666666666668,15.48611111111111,17.63888888888889,50.416666666666664
"Kuhl, Chad",641771,2023,768,90.89110492451275,-0.06881688310496523,-0.22401329135730866,-0.5026457025292075,-0.6881688310496522,-0.06544865918349055,-0.08960531654292346,-0.6698561870387039,0.05670967125661264,0.004198701844984498,0.10630211140789925,-0.08722085768733123,0.0073840717782047705,5.467059693990233e-4,0.01384142075623688,-0.6131465157820912,0.11050081325288375,-0.07983678590912646,0.014388126725635905,0.166374394936857,0.23591674917289768,0.08290495000733653,0.120342504931822,0.20114557205487732,0.8983762725304207,0.5497609222926491,18.47222222222222,27.569444444444446,18.47222222222222,28.541666666666664,13.125,77.91666666666667
"Quantrill, Cal",615698,2025,2004,90.89061030706947,-0.17957880503921175,-0.22402545538823823,-1.311688636909082,-1.7957880503921175,-0.06545352479586239,-0.0896101821552953,0.27860305464605517,0.7516817244761569,-1.1361099114501485,-1.2058635045811457,0.013902348036230297,0.037509068087632574,-0.05669211134980781,-0.06017282956991745,1.030284779122212,-2.341973416031294,0.05141141612386288,-0.11686494091972525,0.22725789778279165,0.27636614710358115,0.12172188200144828,0.1834922567272605,0.2518120224431864,0.8473929306356456,0.549602476539416,18.40277777777778,7.222222222222221,18.40277777777778,28.333333333333332,56.458333333333336,15.277777777777779
"Kershaw, Clayton",477132,2025,1742,90.88863072221754,-0.15613486000981958,-0.2240741389348731,-1.1405396288968745,-1.5613486000981958,-0.06547299821451633,-0.08962965557394924,-2.024738325020735,1.287637338290324,0.44931912576885225,-0.8527577679353158,-0.11623067307811336,0.07391718359875568,0.025793290801885894,-0.04895279953704454,-0.737100986730411,-0.4034386421664635,-0.042313489479357695,-0.02315950873515864,0.16717298666208774,0.3784199547152674,0.08036110096996561,0.2795992511230108,0.2727964706886776,0.8200198239535118,0.5464081473210947,18.333333333333332,9.51388888888889,18.333333333333332,21.180555555555554,75,2.1527777777777777
"Feltner, Ryan",663372,2025,522,90.87842553002449,-0.046839083646347104,-0.22432511324878882,-0.3422930850472312,-0.468390836463471,-0.0655733879400826,-0.08973004529951552,-0.14651367697820206,0.2642610247860375,-0.25765568643555525,-0.20238474641951143,-0.028067754210383537,0.05062471739196121,-0.049359326903363074,-0.03877102421829721,0.11774734780783547,-0.4600404328550667,0.022556963181577676,-0.08813035112166029,0.2256727467006983,0.28970734078068766,0.11448745705342722,0.17504118216743497,0.257690043740693,0.8552356803895689,0.556462862065131,18.26388888888889,35.97222222222222,18.26388888888889,42.5,62.638888888888886,22.569444444444446
"Carrasco, Carlos",471911,2024,1691,90.87796280610219,-0.1517412038168628,-0.22433649292853758,-1.1089229622206176,-1.517412038168628,-0.06557793981198212,-0.08973459717141503,1.5090250845769333,0.5228247045010903,-2.270379306354698,-0.870393444943943,0.08923862120502267,0.03091807832649854,-0.13426252550885265,-0.051472113834650675,2.0318497890780236,-3.140772751298641,0.12015669953152121,-0.18573463934350332,0.2851847982637309,0.26604868720203506,0.15651219098361524,0.17800725584341115,0.27561674273288295,0.8327402765864869,0.554178509659685,18.194444444444443,10.208333333333334,18.194444444444443,37.708333333333336,77.15277777777779,5.555555555555555
"Ashcraft, Graham",668933,2023,2315,90.87407397579203,-0.20782415254550363,-0.22443213017872962,-1.5190149075841646,-2.078241525455036,-0.06561619471205894,-0.08977285207149185,0.43484427823477745,0.3888721936028787,-1.8035689532512151,-0.5391624261706056,0.018783770118132936,0.016797934928850053,-0.0779079461447609,-0.02328995361428102,0.8237164718376562,-2.3427313794218207,0.03558170504698299,-0.10119789975904193,0.2482339711006589,0.262960095926093,0.15475592711892538,0.1563553730311985,0.2555970335133759,0.8444443499249381,0.550020691719157,18.125,5.347222222222222,18.125,29.02777777777778,60.62499999999999,12.916666666666668
"McClanahan, Shane",663556,2023,1817,90.86885544292778,-0.16321054853934075,-0.22456046854614856,-1.1931790211725115,-1.6321054853934074,-0.06566753005902651,-0.08982418741845942,-1.7067521077472065,0.9778405290090859,-0.19148425951652825,-0.27278318291786263,-0.09393242200039661,0.05381620963176036,-0.010538484288196382,-0.015012833402193872,-0.7289115787381206,-0.4642674424343909,-0.040116212368636245,-0.025551317690390252,0.15980232238132858,0.31787622800377274,0.09552884943180008,0.14966852444527276,0.23883927519255066,0.8774013130614635,0.5581202941270071,18.055555555555554,8.88888888888889,18.055555555555554,46.80555555555556,44.02777777777778,52.01388888888889
"Assad, Javier",665871,2025,567,90.86451303243322,-0.050954534705421516,-0.22466726060591496,-0.37257709982623055,-0.5095453470542152,-0.06571024688293307,-0.08986690424236599,0.05805388467342709,-0.12891787610988104,-0.4870413193748391,0.18532821098506247,0.01023878036568379,-0.02273683882008484,-0.08589793992501571,0.03268575149648368,-0.07086399143645394,-0.3017131083897766,-0.01249805845440105,-0.05321218842853203,0.24021699149231976,0.23767948448227214,0.15225305888138607,0.11387326913136317,0.23894823798729595,0.8669368359936254,0.5529425369904607,17.98611111111111,34.166666666666664,17.98611111111111,35.34722222222222,44.166666666666664,36.875
"Houck, Tanner",656557,2024,2734,90.85283920191569,-0.24601008028499916,-0.22495435285753396,-1.7996577906430957,-2.4601008028499916,-0.06582508378358068,-0.08998174114301359,1.2938137355024537,-3.0681536761721873,-4.134914315930018,4.109596465956656,0.047323106638714474,-0.11222215348106025,-0.15124046510351202,0.1503144281622771,-1.7743399406697336,-0.025317849973362172,-0.06489904684234578,-9.260369412349002e-4,0.30426939576058415,0.1456253305779243,0.2607475992451585,0.0640483475548788,0.22494736316925423,0.8376020265999813,0.5312746948846178,17.916666666666668,3.8194444444444446,17.916666666666668,4.305555555555555,30.416666666666664,8.125
"Miller, Bobby",676272,2023,2010,90.8377755208758,-0.1811611480810821,-0.22532481104612198,-1.3260626678862195,-1.811611480810821,-0.06597326705901589,-0.0901299244184488,-1.7258129119447858,0.4786421857717187,-0.06937919671713644,-0.009512744996015954,-0.08586133890272567,0.02381304406824471,-0.0034517013292107677,-4.7327089532417664e-4,-1.2471707261730671,-0.07889194171315239,-0.062048294834480947,-0.003924972224534945,0.16967863878444722,0.24789400934038358,0.08740359636503951,0.1303714013110898,0.2087863240624154,0.8911125011619354,0.5499494126121754,17.84722222222222,7.152777777777778,17.84722222222222,28.888888888888886,17.22222222222222,71.11111111111111
"Wentz, Joey",666214,2023,1926,90.81420612485368,-0.1740367872283463,-0.22590444863492515,-1.2751106515407855,-1.7403678722834632,-0.06620512209453715,-0.09036177945397006,-1.3768387260622603,0.18892510271439278,0.3271994882625222,-0.4143965164554402,-0.07148695358578715,0.009809195364194848,0.016988550792446638,-0.021515914665391496,-1.1879136233478675,-0.08719702819291797,-0.06167775822159229,-0.004527363872944858,0.17809972251631992,0.24289171720486283,0.09208070128198126,0.14776624481942527,0.21049571986059137,0.8800765269492967,0.5452861234049441,17.77777777777778,7.916666666666666,17.77777777777778,19.09722222222222,17.84722222222222,55.76388888888889
"Boyle, Joe",671212,2025,932,90.76691306710906,-0.08465077057582145,-0.227067517639006,-0.6213676591682997,-0.8465077057582144,-0.06667034969616949,-0.0908270070556024,-0.14255362281528505,0.14283998289374722,-0.3489082619139481,-0.2727457573328138,-0.015295453091768784,0.015326178422075882,-0.03743650878905022,-0.029264566237426376,2.863600784621667e-4,-0.6216540192467619,3.072533030709944e-5,-0.0667010750264766,0.2078589458596057,0.24533023884973554,0.11797502520561648,0.16045040664319102,0.2265945923546706,0.8607872840755962,0.5436909382151334,17.708333333333336,22.291666666666668,17.708333333333336,17.083333333333332,31.874999999999996,28.680555555555554
"Sandoval, Patrick",663776,2023,2591,90.76644563443196,-0.23534468919782608,-0.227079013120249,-1.7275478997953542,-2.353446891978261,-0.0666749478886667,-0.0908316052480996,-1.1174084899603258,0.8474387379804966,-1.6525466854926663,0.19496853767714128,-0.04312653376921366,0.03270701420225768,-0.06378026574653285,0.007524837424822127,-0.2699697519798292,-1.457578147815525,-0.01041951956695597,-0.056255428321710724,0.18869727569431496,0.26549787542398845,0.12338048564024323,0.12918978288117902,0.22709757555915172,0.8737148657392888,0.5504062206492203,17.63888888888889,4.236111111111112,17.63888888888889,29.583333333333332,32.5,46.736111111111114
"McCullers Jr., Lance",621121,2025,1147,90.7576549097354,-0.10428303854415177,-0.2272952017091364,-0.7657535255288224,-1.0428303854415177,-0.06676142332422165,-0.09091808068365456,0.6731658942319427,-1.5050634584299587,-1.0481450958932328,1.1142891345624264,0.05868926715186946,-0.13121738957541051,-0.09138143817726528,0.0971481372765847,-0.831897564198016,0.0661440386691936,-0.07252812242354106,0.005766699099319407,0.292443350944792,0.14675989726989008,0.15796919491728761,0.08987783456438958,0.21960162410734105,0.8760764852591614,0.5478390546832512,17.569444444444443,18.194444444444443,17.569444444444443,23.88888888888889,25.34722222222222,50.208333333333336
"Murphy, Chris",669684,2025,569,90.75320084624727,-0.05175731873963706,-0.22740473962933683,-0.38012180702119736,-0.5175731873963706,-0.06680523849230181,-0.09096189585173473,-0.7922557012753941,-0.027200451479984622,0.35596107823675993,0.08337326749742147,-0.13923650286035044,-0.0047803956906827105,0.06255906471647801,0.014652595342253332,-0.8194561527553788,0.4393343457341814,-0.14401689855103317,0.07721166005873135,0.12029083525813469,0.21172767399562936,0.06384864019889917,0.11950433671446174,0.16600925462688204,0.9083235115433196,0.5371663830851008,17.5,33.611111111111114,17.5,8.75,2.8472222222222223,85.06944444444444
"Lively, Ben",594902,2024,2395,90.73337008162699,-0.21832095156180795,-0.22789243378059285,-1.6046575718596614,-2.1832095156180795,-0.06700031615280423,-0.09115697351223714,1.052945506895412,-0.4023817918455279,-1.6714667124488187,-0.5837545744607269,0.04396432179104017,-0.01680090988916609,-0.06978984185590058,-0.024373886198777738,0.6505637150498842,-2.2552212869095456,0.02716341190187408,-0.0941637280546783,0.25491380286175414,0.23585048070693965,0.12943003352179341,0.15014330019213168,0.2453821417843469,0.8602133331430375,0.5527977374636922,17.430555555555554,4.930555555555555,17.430555555555554,35.06944444444444,49.72222222222222,27.98611111111111
"Cano, Yennier",666974,2024,1028,90.72393721327128,-0.09380475923584007,-0.22812441448404686,-0.6897171547034304,-0.9380475923584007,-0.06709310843418584,-0.09124976579361875,0.8132788625125613,0.2238744165897515,-1.4159942076903462,-0.310876226115397,0.07911272981639701,0.021777666983438863,-0.13774262720723213,-0.03024087802678959,1.0371532791023128,-1.7268704338057432,0.10089039679983589,-0.16798350523402172,0.2952684136962257,0.27964805585568064,0.21356560552911866,0.18186262708392362,0.28745823477595317,0.8022858836934789,0.544872059234716,17.36111111111111,19.791666666666664,17.36111111111111,18.541666666666668,85.625,0.8333333333333334
"Márquez, Germán",608566,2025,2085,90.70831635435896,-0.19057615175022247,-0.2285085752400749,-1.4020952115580485,-1.9057615175022247,-0.06724677273659704,-0.09140343009602996,0.44805993749105255,0.4977012121084954,-0.8676630789996125,-1.480193282157984,0.021489685251369427,0.02387056173182232,-0.04161453616305096,-0.07099248355673785,0.9457611495995479,-2.3478563611575964,0.04536024698319174,-0.11260701971978881,0.23658429027858657,0.26811143085707567,0.12323846724088965,0.19439747450136427,0.2523478605678311,0.8411820291288731,0.546764944848352,17.291666666666668,6.25,17.291666666666668,22.01388888888889,57.08333333333333,10.48611111111111
"Ureña, José",570632,2025,934,90.70629202805098,-0.08538940296150391,-0.22855835910466787,-0.6282708498779357,-0.853894029615039,-0.06726668628243423,-0.09142334364186715,1.0640601338450324,0.33887130273342336,-1.5705815513092602,-0.4606207351471312,0.11392506786349382,0.03628172406139436,-0.16815648300955677,-0.04931699519776565,1.4029314365784558,-2.0312022864563914,0.1502067919248882,-0.2174734782073224,0.3234946606827266,0.27489195663292704,0.2245835001354453,0.17756469478907397,0.2991933086578268,0.7989259025377404,0.5490596055977837,17.22222222222222,21.944444444444443,17.22222222222222,27.083333333333332,92.01388888888889,0.6944444444444444
"Lange, Alex",656638,2023,1145,90.68155643995703,-0.10495833789612538,-0.22916667662909473,-0.7729896521957471,-1.0495833789612539,-0.06751001329220499,-0.0916666706516379,0.13387207165078507,-0.22932523632562152,-0.5112466905522979,-0.1662897969686128,0.011691883986968129,-0.020028404919268255,-0.04465036598710025,-0.014523126372804611,-0.09545316467483644,-0.6775364875209107,-0.008336520932300126,-0.05917349235990486,0.21492329208823324,0.23917643657444096,0.11617829868766635,0.1383654760213004,0.22704986433133711,0.8727281126455166,0.5498889884884268,17.15277777777778,17.916666666666668,17.15277777777778,28.749999999999996,32.43055555555556,45.48611111111111
"Jansen, Kenley",445276,2025,849,90.64547431793434,-0.0781263510547048,-0.2300540372635595,-0.5761734895654627,-0.781263510547048,-0.0678649575459909,-0.09202161490542381,-0.47425376586102175,0.6144648077288366,-0.42512659067278946,-0.29125794076048805,-0.0558602786644313,0.07237512458525755,-0.05007380337724258,-0.03430600008957456,0.14021104186781486,-0.7163845314332775,0.01651484592082625,-0.08437980346681714,0.19335140537859014,0.38650149845693427,0.11119099665678088,0.168921733172619,0.28992645191776223,0.8599436350853,0.5749350435015311,17.083333333333332,24.166666666666668,17.083333333333332,79.44444444444444,87.08333333333333,27.500000000000004
"Marte, Yunior",628708,2024,501,90.64036906275685,-0.04612798979888201,-0.23017958981478048,-0.3402550446180612,-0.4612798979888201,-0.06791517856647929,-0.0920718359259122,-0.027215071851060202,-0.2896163066261579,-0.28743113369546336,0.26400746755462023,-0.005432150070071896,-0.05780764603316525,-0.057371483771549575,0.05269610130830743,-0.3168313784772181,-0.023423666140843125,-0.06323979610323714,-0.0046753824632421405,0.21237154343946785,0.18687619117612067,0.12505804671131063,0.09708805920112798,0.19962386730779424,0.8889269470437807,0.5442754071757875,17.01388888888889,36.11111111111111,17.01388888888889,18.194444444444443,12.5,68.81944444444444
"Domínguez, Seranthony",622554,2024,1094,90.63809785381422,-0.10075103082659324,-0.23023544521616376,-0.7432364767537365,-1.0075103082659325,-0.06793752072703259,-0.0920941780864655,0.5226094744165835,0.014807096311642454,-0.9466663899754622,-0.33398665750650025,0.04777051868524529,0.0013534822953969335,-0.08653257678020679,-0.030528944927468032,0.5374165707282259,-1.2806530474819624,0.04912400098064223,-0.11706152170767481,0.2595478244796535,0.2313955729326041,0.14821683368117564,0.15641449816085848,0.2454716987061288,0.8476843340789829,0.5465780163925559,16.944444444444446,18.61111111111111,16.944444444444446,21.52777777777778,49.791666666666664,15.625
"Civale, Aaron",650644,2025,1802,90.62869609886386,-0.16612036907124522,-0.23046666075366978,-1.225900725095471,-1.661203690712452,-0.06803000694203501,-0.09218666430146792,-0.646467867202773,0.21860250945474036,-0.09913214924199565,-0.6989032181054426,-0.03587502037751238,0.012131104853204238,-0.0055012291477245095,-0.038784862270002364,-0.4278653577480327,-0.7980353673474383,-0.02374391552430814,-0.044286091417726874,0.1861462213338119,0.22091219522959105,0.10475338917842847,0.162499190127905,0.20352920828170146,0.8663737103468332,0.5349514593142674,16.875,8.472222222222223,16.875,6.875000000000001,14.374999999999998,35.97222222222222
"Okert, Steven",595345,2024,665,90.61314133078191,-0.061405886176089886,-0.23084919615071384,-0.45341709032067,-0.6140588617608989,-0.06818302110085263,-0.09233967846028554,0.07215700285354387,-0.9945363324914069,0.02527890923056475,0.4436833300866283,0.010850677120833666,-0.14955433571299354,0.003801339733919511,0.06671929775738772,-0.9223793296378631,0.46896223931719305,-0.13870365859215986,0.07052063749130723,0.21641664938684593,0.122966000001355,0.09747957165024985,0.09779035070256475,0.16969132469410048,0.9023650388235926,0.5360281817588466,16.805555555555557,30.277777777777775,16.805555555555557,7.430555555555555,3.3333333333333335,81.38888888888889
"Meyer, Max",676974,2025,1025,90.60523266627501,-0.09472791388576032,-0.23104369240429348,-0.699673400923416,-0.9472791388576033,-0.06826081960228449,-0.0924174769617174,0.5730595233053464,-0.029247198409848352,-0.9894862307623953,-0.25399949505651875,0.055908246176131354,-0.002853385210716912,-0.09653524202559954,-0.02478043854209939,0.543812324895498,-1.243485725818914,0.05305486096541444,-0.12131568056769892,0.25600478690889755,0.22780279364024075,0.14482043373124914,0.15354356913871484,0.24190379027456915,0.8508179985650179,0.5463608944197935,16.73611111111111,19.583333333333332,16.73611111111111,21.041666666666668,47.083333333333336,18.47222222222222
"Teng, Kai-Wei",678906,2025,573,90.5602256499812,-0.053208904050830896,-0.2321505412339917,-0.3936713938387584,-0.532089040508309,-0.06870355913416376,-0.09286021649359667,0.12797619481580114,-0.5740071871302916,-0.374307974745534,0.42666757322126614,0.022334414453019397,-0.10017577436828824,-0.06532425388229214,0.07446205466339724,-0.4460309923144905,0.05235959847573213,-0.07784135991526885,0.009137800781105083,0.23657506185649232,0.1574953651491644,0.122807839928377,0.09890647180497146,0.19703521350282838,0.8891428441333258,0.5430890288180771,16.666666666666664,33.125,16.666666666666664,15.833333333333332,11.666666666666666,69.16666666666667
"Leahy, Kyle",681517,2025,1328,90.52317292122873,-0.12380241318635712,-0.23306177181166624,-0.9172237221303021,-1.2380241318635712,-0.06906805136523358,-0.0932247087246665,-0.6674085270733485,0.41460066435774934,-0.33359325850346977,-0.33082260091123317,-0.05025666619528227,0.031219929545011245,-0.025119974284899833,-0.02491134043006274,-0.2528078627155992,-0.6644158594147029,-0.019036736650271023,-0.05003131471496257,0.19291178701370515,0.2753828596509638,0.11134835506258722,0.1591847573988334,0.23414732333233448,0.8647334437692897,0.5494403835508122,16.59722222222222,14.305555555555555,16.59722222222222,28.125,38.75,33.541666666666664
"VerHagen, Drew",572403,2023,1013,90.50718558945341,-0.09459594378036931,-0.23345494516379395,-0.7012524987526376,-0.9459594378036931,-0.06922532070608467,-0.09338197806551758,-0.26135765305298264,0.20889962312412536,-0.7327231788899553,0.08392871006617497,-0.025800360617273702,0.020621877899716225,-0.07233200186475373,0.008285163876226551,-0.052458029928857286,-0.6487944688237803,-0.005178482717557481,-0.06404683798852719,0.20040875839191583,0.24570393525963907,0.12104077148342571,0.12176499665241958,0.22305634682577746,0.8785971159320773,0.5508267313789275,16.52777777777778,19.65277777777778,16.52777777777778,30.486111111111114,28.680555555555554,53.95833333333333
"Kranick, Max",668820,2025,529,90.49248679127895,-0.04947555655811866,-0.23381642985878387,-0.36696684814978653,-0.4947555655811866,-0.06936991458408064,-0.09352657194351355,-0.08409834338999644,0.18757390944688268,-0.144784174990491,-0.32565823921618176,-0.01589760744612409,0.0354582059445903,-0.027369409260962384,-0.06156110382158445,0.10347556605688624,-0.47044241420667277,0.019560598498466208,-0.08893051308254683,0.20193310403434192,0.2931254738143068,0.1082296870224098,0.20017063709968114,0.24752928892432435,0.8457998379389545,0.5466645634316394,16.458333333333332,34.93055555555556,16.458333333333332,21.875,51.66666666666667,14.097222222222221
"Palmquist, Carson",687223,2025,705,90.4896893489666,-0.06595563396195644,-0.2338852268154484,-0.4892519052355624,-0.6595563396195644,-0.06939743336674645,-0.09355409072617936,-0.16523746892039526,-0.7227531031001035,0.6317556953149506,-0.23301702853001416,-0.023437938853956772,-0.10251817065249696,0.08961073692410647,-0.03305206078439917,-0.8879905720204988,0.3987386667849364,-0.12595610950645375,0.056558676139707297,0.18899224728705255,0.1635847186808537,0.0513959348045032,0.1559648189369778,0.1762884829839531,0.8963196231292595,0.5363040530566063,16.38888888888889,28.680555555555554,16.38888888888889,7.708333333333334,4.930555555555555,75.625
"Taylor, Grant",691799,2025,610,90.47785322483888,-0.05713901971865859,-0.2341763103223713,-0.4240345872940452,-0.5713901971865859,-0.06951386676951561,-0.09367052412894852,-0.9254574788083119,0.34560916429563804,0.2996748383338854,-0.1438611111152568,-0.15171434078824786,0.05665724004846525,0.04912702267768613,-0.023583788707419145,-0.5798483145126738,0.15581372721862863,-0.09505710073978259,0.02554323397026699,0.139739527527796,0.38149952904455475,0.06646630458722086,0.2580100052148279,0.2606195282861754,0.8377618450989757,0.5491906866925755,16.319444444444446,31.458333333333332,16.319444444444446,27.500000000000004,65.27777777777779,8.333333333333332
"Ramirez, Nick",598286,2023,654,90.4467981340276,-0.06146031502708206,-0.23494004215245434,-0.45661861114012936,-0.6146031502708206,-0.06981935950154883,-0.09397601686098174,0.220411168534838,-0.5030311093426008,-0.508213956036343,0.3342152857039764,0.033702013537437,-0.07691607176492367,-0.07770855596885978,0.051103254694797616,-0.28261994080776276,-0.1739986703323666,-0.04321405822748666,-0.02660530127406217,0.2824554235130382,0.1721343359361417,0.16426472736962663,0.11348047633482505,0.22729487972458995,0.8611273981477742,0.5442111389361821,16.25,30.208333333333332,16.25,18.125,32.77777777777778,29.375
"Koenig, Jared",657649,2024,1024,90.40359772349429,-0.09666660822089371,-0.23600246147679127,-0.719301910848344,-0.966666082208937,-0.0702443272312836,-0.09440098459071651,-0.5375803160611667,-0.23940889878417693,-0.7119414298686024,0.769628733865602,-0.052498077740348315,-0.023379775271892278,-0.0695255302606057,0.0751590560415627,-0.7769892148453437,0.05768730399699962,-0.07587785301224059,0.005633525780956994,0.19851547333178626,0.21576972034577424,0.18247043590281284,0.09151833592789425,0.20714259683878025,0.8630056140846465,0.5350741054617134,16.180555555555557,19.375,16.180555555555557,6.944444444444445,16.319444444444446,31.319444444444443
"Miller, Bryce",682243,2024,2824,90.40006075697309,-0.26668663753401767,-0.23608944540900997,-1.9846823715097912,-2.6668663753401765,-0.07027912080417108,-0.09443577816360399,-0.9311001463786397,1.0652955155742347,-0.7093759201238754,-1.4095018205815109,-0.03297096835618413,0.03772292902175052,-0.025119543913734964,-0.04991153755600251,0.13419536919559505,-2.1188777407053863,0.004751960665566397,-0.07503108146973747,0.1899455471201635,0.2766118684550258,0.09706895125991695,0.18269593150150013,0.23327870778759463,0.8601175586192915,0.5466981332034431,16.11111111111111,3.4027777777777777,16.11111111111111,21.944444444444443,37.361111111111114,27.708333333333336
"Pérez, Martín",527048,2025,902,90.39325236446982,-0.08524148334542336,-0.23625688288642843,-0.6345217840721489,-0.8524148334542336,-0.07034609579513847,-0.09450275315457138,0.31373865786190436,0.27091237267450197,-0.8832194129659001,-0.3359534016426551,0.03478255630398053,0.030034631116907094,-0.097917895007306,-0.03724538820872008,0.5846510305364063,-1.2191728146085552,0.06481718742088761,-0.13516328321602608,0.2696419176088504,0.2669755021900863,0.16067226246085162,0.16027269264365007,0.26830870989946837,0.8395275224477492,0.5539181161736088,16.041666666666668,22.01388888888889,16.041666666666668,37.22222222222222,71.18055555555556,9.23611111111111
"Tyler, Kyle",667725,2024,580,90.38518460572604,-0.05485762767758875,-0.23645529171374463,-0.40846766409117663,-0.5485762767758875,-0.07042545932606493,-0.09458211668549785,-0.6841525399903503,0.28118775212692526,0.28869575818362136,-0.29419863441137295,-0.11795733448109488,0.04848064691843539,0.04977513072131403,-0.050723902484719474,-0.40296478786342504,-0.005502876227751585,-0.06947668756265948,-9.487717634054458e-4,0.15765387237741446,0.3694442923375591,0.06795237220015941,0.208840529250093,0.26354908235748675,0.8616035492748738,0.5625763158161803,15.972222222222221,32.29166666666667,15.972222222222221,56.52777777777778,67.56944444444444,29.791666666666668
"Waldron, Matt",663362,2023,672,90.36283256108743,-0.06370694163883026,-0.2370049912158864,-0.4747366789329135,-0.6370694163883026,-0.07064533912692164,-0.09480199648635455,-0.39117435465459494,0.1293283458330734,-0.32147122642936665,0.1085805563179747,-0.05821046944264806,0.019245289558493063,-0.04783798012341766,0.016157820880650996,-0.26184600882152154,-0.21289067011139196,-0.03896517988415499,-0.03168015924276666,0.17594612555699707,0.23285111079820534,0.12457400482442561,0.132987944844255,0.2043986181776012,0.8712190251656597,0.5378088216716305,15.902777777777777,29.583333333333332,15.902777777777777,9.305555555555555,14.722222222222223,43.125
"Falter, Bailey",663559,2024,2150,90.31868791225142,-0.20475794352844118,-0.23809063200981537,-1.5282113020566044,-2.047579435284412,-0.07107959544449323,-0.09523625280392614,-0.8950656476934,2.047654038332894,-1.3805961942321119,-1.3002034984639863,-0.04163096035783256,0.09523972271315785,-0.06421377647591218,-0.06047458132390634,1.1525883906394938,-2.680799692696098,0.053608762355325294,-0.12468835779981852,0.19674120771791462,0.42503142450914344,0.11510428377717165,0.21845872620282708,0.310886316113529,0.8332184950100007,0.5720524055617648,15.833333333333332,5.555555555555555,15.833333333333332,74.79166666666667,95.83333333333334,5.833333333333333
"Myers, Tobias",668964,2025,853,90.31538703473376,-0.08126422152113472,-0.23817180985092237,-0.6065859279353845,-0.8126422152113472,-0.07111206658093604,-0.09526872394036895,-0.20029478640481102,0.6512941476439664,-0.6050782757265551,-0.4525070134479847,-0.02348121763245147,0.07635335845767485,-0.0709353195459033,-0.05304888786025612,0.4509993612391554,-1.0575852891745399,0.05287214082522338,-0.12398420740615942,0.19578859553559433,0.37774498963057096,0.12974620619906543,0.19772567437463848,0.28676679258308263,0.8362640597131481,0.5615154261481153,15.76388888888889,23.333333333333332,15.76388888888889,54.861111111111114,85.13888888888889,7.291666666666667
"Syndergaard, Noah",592789,2023,1407,90.2864760949155,-0.13444324602582156,-0.2388828109911542,-1.0045482912109946,-1.3444324602582156,-0.07139646703702876,-0.09555312439646167,0.32855308424336727,0.6740933084099652,-1.7815681992451573,-0.2256264846191698,0.023351320841746074,0.04790997216844102,-0.12662176256184487,-0.01603599748537099,1.0026463926533324,-2.007194683864327,0.0712612930101871,-0.14265776004721586,0.2360871518152425,0.29295410081751727,0.16966731546866995,0.15138556681936308,0.2645206263163799,0.8394735588559835,0.5519970925861817,15.694444444444445,12.847222222222221,15.694444444444445,33.81944444444444,68.40277777777779,9.166666666666666
"Vasil, Mike",678024,2025,1646,90.19256063030143,-0.15880111290682475,-0.2411924558123098,-1.1903925489319818,-1.5880111290682475,-0.072320324965491,-0.09647698232492391,-0.15638149867004358,-0.8220018134625207,-0.6104043228583578,0.39839508605894025,-0.009500698582627193,-0.04993935683247391,-0.0370841022392684,0.024203832688878508,-0.9783833121325642,-0.21200923679941752,-0.05944005541510111,-0.012880269550389884,0.2122965896835962,0.18551596637282206,0.10239061772926397,0.12590213728737318,0.19890627802820912,0.8858536224916814,0.5423799502599452,15.625,9.166666666666666,15.625,14.583333333333334,12.36111111111111,64.23611111111111
"Brito, Jhony",666745,2024,641,90.16861744865474,-0.06199272168900196,-0.24178128583854117,-0.46508304321605465,-0.6199272168900196,-0.07255585697598356,-0.09671251433541647,0.140201438848635,0.2266968148446722,-0.5853841420275785,-0.24659715488178335,0.021872299352361155,0.03536611776047928,-0.09132357909946623,-0.038470694989357776,0.3668982536933072,-0.8319812969093618,0.057238417112840445,-0.129794274088824,0.25226528047111196,0.31647703072449357,0.16258779787617722,0.18365965041147225,0.2843711555978028,0.8268762758561753,0.555623715726989,15.555555555555555,30,15.555555555555555,40.833333333333336,83.33333333333334,3.680555555555556
"Bellozo, Valente",678368,2025,1322,90.12700582130265,-0.12839508967974694,-0.2428046325259965,-0.9645998865057663,-1.2839508967974693,-0.07296519565096568,-0.09712185301039859,0.20263161647926609,-0.2614847321642628,-0.4502639773577357,-0.4554827934630339,0.015327656314619222,-0.019779480496540304,-0.03405930237199212,-0.03445406909705249,-0.05885311568499674,-0.9057467708207696,-0.004451824181921084,-0.0685133714690446,0.23495156892531183,0.24168523595037777,0.1110792433958409,0.1606333010440259,0.2383184024378448,0.8641437277800665,0.5512310651089557,15.48611111111111,13.750000000000002,15.48611111111111,31.180555555555557,43.26388888888889,32.63888888888889
"Stratton, Hunter",676702,2024,546,90.12204925747443,-0.053055153789386036,-0.24292652833967968,-0.39865618871135666,-0.5305515378938603,-0.07301395397643895,-0.09717061133587186,0.3146680462605218,0.2801171263085962,-0.5041987444997176,-0.4892426167807571,0.05763151030412487,0.051303502986922385,-0.09234409239921568,-0.08960487486827054,0.594785172569118,-0.9934413612804747,0.10893501329104725,-0.18194896726748622,0.26583950475053647,0.2972114488088158,0.1513503688313175,0.2104715308593249,0.2815254767796761,0.8190890501546788,0.5503072634671775,15.416666666666668,33.33333333333333,15.416666666666668,29.444444444444446,81.04166666666667,1.9444444444444444
"Dana, Caden",702674,2025,562,90.10713258710794,-0.05469234982851022,-0.24329337112326616,-0.41116308392508927,-0.5469234982851022,-0.07316069108987354,-0.09731734844930645,-0.603619936604332,0.15516739545182645,-0.01854107214603573,0.05583052937345201,-0.10740568266980996,0.027609856841962002,-0.0032991231576576033,0.00993425789563203,-0.44845254115250555,0.03728945722741628,-0.07979582582784796,0.006635134737974426,0.15431905326504253,0.2481076667579523,0.08811202487782421,0.13186373509878507,0.20121336001149742,0.8900121200116954,0.5456127400115964,15.347222222222223,32.5,15.347222222222223,19.791666666666664,13.333333333333334,70
"Holton, Tyler",663947,2024,1485,90.10526953393419,-0.14454347816438012,-0.24333918882892278,-1.0867084198562225,-1.4454347816438011,-0.07317901817213619,-0.0973356755315691,-0.21787398678503678,-0.4695702271274058,-1.0758048776488067,0.6765406717050269,-0.014671648941753318,-0.03162089071565022,-0.07244477290564355,0.0455582943909109,-0.6874442139124426,-0.39926420594377987,-0.04629253965740354,-0.02688647851473265,0.21599994102714096,0.20130012403259617,0.1409743601090645,0.1061926077504741,0.20865003252986858,0.8764165160702307,0.5425332743000497,15.277777777777779,11.38888888888889,15.277777777777779,14.930555555555555,17.083333333333332,50.55555555555556
"Bird, Jake",656234,2023,1386,90.05041444452922,-0.13565515438610304,-0.2446882294121627,-1.0217402728592901,-1.3565515438610303,-0.07371863440543218,-0.09787529176486509,0.9341654569152524,-1.325203943600627,-0.7416954729287681,0.11099368675485266,0.06740010511654058,-0.09561356014434538,-0.05351338188519251,0.008008202507565126,-0.39103848668537466,-0.6307017861739155,-0.02821345502780481,-0.04550517937762738,0.3044291916020055,0.1654898905100266,0.14845437438696787,0.1194679710204652,0.23495954105601605,0.8660388272962835,0.5504991841761497,15.208333333333332,12.569444444444445,15.208333333333332,29.72222222222222,39.791666666666664,35.76388888888889
"Milner, Hoby",571948,2024,1043,89.98828047290482,-0.10272143123801947,-0.24621627813523364,-0.7752603761213095,-1.0272143123801947,-0.07432985389466054,-0.09848651125409345,0.6052588171443176,-1.3665243346476927,-0.6160748288261857,0.6020799702082513,0.05803056731968529,-0.1310186322768641,-0.05906757706866594,0.057725788131184216,-0.7612655175033751,-0.01399485861793437,-0.07298806495717881,-0.0013417889374817227,0.44811401795592104,0.14172925430130665,0.13984027366717636,0.11743458819653135,0.29492163612861383,0.8713625690681461,0.58314210259838,15.138888888888888,18.333333333333332,15.138888888888888,88.33333333333333,89.86111111111111,43.47222222222222
"Freeland, Kyle",607536,2025,2378,89.97185166969678,-0.23458523745352564,-0.24662030850875277,-1.7714070625279419,-2.3458523745352564,-0.0744914660440682,-0.09864812340350111,-0.3933361286035506,0.7997008113864013,-0.8299659185383916,-1.347805826772401,-0.016540627779796074,0.033629134204642606,-0.03490184686872967,-0.05667812560018507,0.40636468278285065,-2.1777717453107925,0.017088506424846536,-0.09157997246891474,0.1920256450846765,0.2996604188215845,0.11069856337645657,0.18805551235367812,0.2458430319531305,0.8506229621349326,0.5482329970440316,15.069444444444443,4.375,15.069444444444443,24.72222222222222,50,18.26388888888889
"Garcia, Rico",670329,2025,586,89.96663409357025,-0.05783787731260849,-0.24674862334730582,-0.43682076099980804,-0.5783787731260849,-0.07454279197948942,-0.09869944933892233,-0.39125788261617345,0.1822300538321997,0.11332326417687,-0.3411161963927043,-0.06676755676043915,0.031097278810955583,0.01933844098581399,-0.05821095501581984,-0.20902782878397375,-0.2277929322158343,-0.035670277949483575,-0.038872514030005856,0.1726378122069862,0.32436402582750307,0.07813527395273442,0.22145608274957257,0.24850091901724464,0.8502043216488465,0.5493526203330455,15,31.25,15,27.77777777777778,52.56944444444444,17.98611111111111
"Lambert, Peter",663567,2024,1120,89.91956166794763,-0.11106200734198848,-0.24790626638836719,-0.8400655109942363,-1.1106200734198848,-0.07500584919591397,-0.09916250655534688,-0.8010839960493286,0.457308167976862,-0.16064133298368688,-0.3356483499380829,-0.07152535679011862,0.040831086426505535,-0.014342976159257757,-0.029968602673043115,-0.34377582807246654,-0.4962896829217698,-0.030694270363613087,-0.04431157883230087,0.17527807508021734,0.2930976777378797,0.09428759159894386,0.18313154440817153,0.23418787640904853,0.8612904319964423,0.5477391542027454,14.930555555555555,16.458333333333332,14.930555555555555,23.47222222222222,38.81944444444444,29.65277777777778
"Holmes, Clay",605280,2025,2672,89.9119064245728,-0.26516343399015135,-0.24809453030515657,-2.006168455257466,-2.6516343399015136,-0.07508115476262972,-0.09923781212206263,0.06681624947623277,0.015023992944861675,-3.2305646476047514,1.1425559499261908,0.0025006081390805675,5.622751850621883e-4,-0.12090436555407004,0.042760327467297556,0.08184024242109444,-2.0880086976785606,0.0030628833241427562,-0.07814403808677248,0.2260328260900993,0.2186375966305238,0.14948374058124472,0.11443112861152843,0.22233521136031154,0.8680425654036135,0.5451888883819624,14.86111111111111,3.5416666666666665,14.86111111111111,18.75,28.125,38.47222222222222
"Fleming, Josh",676596,2023,752,89.90750405532974,-0.0746594013131768,-0.24820279691880592,-0.5649359497888327,-0.7465940131317681,-0.07512446140808945,-0.09928111876752237,0.36732077861415746,-0.019178903974534478,-0.8916121135230242,-0.02146571090543148,0.04884584821996774,-0.0025503861668263934,-0.11856544062806172,-0.0028544828331690795,0.348141874639623,-0.9130778244284556,0.046295462053141355,-0.12141992346123082,0.3009994502333882,0.21286310411227208,0.17955512693906334,0.1365771777376006,0.25693127717283015,0.841933847661668,0.5494325624172491,14.791666666666666,25.555555555555554,14.791666666666666,28.055555555555557,61.875,10.902777777777779
"France, J.P.",641585,2024,532,89.89395829646672,-0.05288844487010265,-0.24853592514145978,-0.40037103154884335,-0.5288844487010265,-0.07525771269715101,-0.09941437005658392,-0.6656372440575069,0.06763767837037449,0.058759343202837044,0.13886919093545202,-0.12511978271757648,0.012713849317739565,0.011044989323841549,0.026103231378844367,-0.5979995656871324,0.19762853413828907,-0.11240593339983693,0.03714822070268592,0.14889402298856733,0.2576730526317701,0.08677392082200851,0.11479306193537912,0.20328353781016872,0.8992165086213062,0.5512500232157375,14.722222222222223,33.40277777777778,14.722222222222223,31.25,14.166666666666666,78.75
"Silseth, Chase",681217,2023,869,89.86437790898607,-0.08664395432170353,-0.24926338987831853,-0.6565181907635633,-0.8664395432170353,-0.0755486985918945,-0.09970535595132742,-0.9028812354617912,0.381227096589555,-0.1379459248078092,0.003081872916482098,-0.10389887634773202,0.04386963136818815,-0.01587409951758449,3.546459052338433e-4,-0.5216541388722362,-0.1348640518913271,-0.06002924497954387,-0.015519453612350645,0.16564432041458027,0.289772479719516,0.08527320980380311,0.13716363189071606,0.22770840006704812,0.8887815791527405,0.5582449896098943,14.652777777777779,21.73611111111111,14.652777777777779,47.083333333333336,33.05555555555556,68.54166666666667
"Winckowski, Josh",670174,2024,1256,89.84483251993883,-0.12547141867972944,-0.24974406584341052,-0.9513065703628172,-1.2547141867972944,-0.0757409689779313,-0.09989762633736421,0.27185799390201737,-0.21912979528133292,-1.6192097519342497,0.615174982950748,0.021644744737421766,-0.01744663975169848,-0.12891797388011542,0.04897889991646082,0.05272819862068445,-1.0040347689835016,0.0041981049857232845,-0.07993907396365459,0.25244793857844794,0.21711839571125338,0.1953854795161416,0.10995828614751059,0.23478316714485065,0.8473281171681739,0.5410556421565123,14.583333333333334,13.958333333333334,14.583333333333334,12.916666666666668,39.65277777777778,15.208333333333332
"Kikuchi, Yusei",579328,2025,3094,89.82913456878805,-0.3095610396232263,-0.2501301225139191,-2.3482034175314084,-3.0956103962322628,-0.07589539164613472,-0.10005204900556763,-0.5315691122134467,0.2238162818996443,-0.5126603970038559,-1.52779019021375,-0.01718064357509524,0.007233881121514038,-0.016569502165606202,-0.04937912702694732,-0.3077528303138024,-2.040450587217606,-0.009946762453581202,-0.06594862919255352,0.19664636968148547,0.23115036203822054,0.09806875424834015,0.18551529647422677,0.213898365859853,0.8582079746387166,0.5360531702492848,14.51388888888889,2.1527777777777777,14.51388888888889,7.5,20.90277777777778,25.555555555555554
"Valdez, Framber",664285,2023,3158,89.81592506452257,-0.3163747323685836,-0.25045498129241894,-2.400880084274945,-3.1637473236858362,-0.07602533515753468,-0.10018199251696759,-4.6880684507345904,1.0714197405627601,0.14897059013628677,1.0667980357605984,-0.14845055258817574,0.033927160879124764,0.004717244779489765,0.03378081177202655,-3.6166487101718303,1.2157686258968852,-0.11452339170905099,0.038498056551516315,0.14385061339231328,0.2328303339063455,0.0823510410543074,0.11181726951319419,0.18834047364932938,0.9029158447162492,0.5456281591827893,14.444444444444443,1.875,14.444444444444443,19.86111111111111,8.125,81.66666666666667
"Gray, Sonny",543243,2025,2648,89.80565399401391,-0.2655494642227315,-0.2507075757389837,-2.0158263553495317,-2.655494642227315,-0.07612637293616056,-0.10028303029559348,-0.028007905839785963,0.02485520508605532,-1.3431769010359176,-0.6694967535598835,-0.0010577003715931256,9.386406754552613e-4,-0.05072420321132619,-0.025283110028696505,-0.0031527007537306417,-2.012673654595801,-1.1905969613786419e-4,-0.07600731324002269,0.2175294302347208,0.23036834251798402,0.10508769822488057,0.15330385237255745,0.2239488863763524,0.870804224701281,0.5473765555388167,14.374999999999998,3.4722222222222223,14.374999999999998,23.125,29.375,41.94444444444444
"Liberatore, Matthew",669461,2025,2388,89.77345047848212,-0.2402323706907686,-0.2514995505556623,-1.8254627291644283,-2.402323706907686,-0.07644316286283201,-0.10059982022226492,-1.5389400099423938,1.3219359841756386,-0.3621809069388746,-1.2462777964587985,-0.0644447240344386,0.05535745327368671,-0.015166704645681517,-0.052189187456398604,-0.21700402576675515,-1.6084587033976732,-0.00908727076075189,-0.06735589210208012,0.1760134765199415,0.28540639904368786,0.10295283559054047,0.16498948376379396,0.2307099377818147,0.8660288403228328,0.5483693890523238,14.305555555555555,4.097222222222222,14.305555555555555,25.13888888888889,35.833333333333336,35.69444444444444
"Brito, Jhony",666745,2023,1442,89.76181437868463,-0.14523000035604738,-0.2517857149029948,-1.1039610044374513,-1.4523000035604738,-0.076557628601765,-0.10071428596119791,-0.6140814696902908,0.6117751170513657,-1.0557190042081857,-0.04593564759034052,-0.0425854001172185,0.042425458880122446,-0.0732121362141599,-0.0031855511505090514,-0.002306352638925091,-1.1016546517985262,-1.5994123709605344e-4,-0.07639768736466895,0.21009671122067458,0.2696624756752853,0.13009623185283356,0.14008828599984724,0.23987959344797993,0.8649077410736596,0.5523936672608198,14.23611111111111,11.25,14.23611111111111,34.65277777777778,45,33.81944444444444
"Kershaw, Clayton",477132,2024,504,89.75652179010942,-0.050786240300845456,-0.25191587450816194,-0.38611284991691264,-0.5078624030084545,-0.07660969244383187,-0.10076634980326478,-0.6375648366255291,0.36188995370685006,0.16996253336492373,-0.28040050036315733,-0.12650095964792243,0.07180356224342263,0.033722724873992804,-0.05563501991332487,-0.27567488291867903,-0.1104379669982336,-0.054697397404499803,-0.021912295039332064,0.1604949267564692,0.34522296976769085,0.07257749393338243,0.24552935482382254,0.25285894826208,0.8409465756213975,0.5469027619417388,14.166666666666666,34.30555555555556,14.166666666666666,22.36111111111111,57.77777777777777,10.277777777777777
"Maeda, Kenta",628317,2024,2048,89.74011499003161,-0.20670002279461927,-0.252319363762963,-1.5722718852250068,-2.0670002279461928,-0.07677108814575229,-0.1009277455051852,0.8406260741148799,0.06794604130368498,-1.7026132883174796,-0.7782307123260921,0.04104619502514062,0.003317677798031493,-0.08313541446862693,-0.037999546500297465,0.9085721154185649,-2.4808440006435717,0.04436387282317211,-0.1211349609689244,0.23585858734940932,0.24418623392528446,0.13210715284996324,0.16563610706390386,0.2400224106373469,0.8511283700430665,0.5455753903402067,14.097222222222221,5.416666666666667,14.097222222222221,19.65277777777778,45.27777777777778,18.680555555555557
"Gilbert, Tyler",656457,2025,811,89.72635090711462,-0.08196221016898708,-0.2526578611867666,-0.6237116105048699,-0.8196221016898708,-0.07690648711527373,-0.10106314447470664,0.22947559631393233,-0.24957299286961643,-0.7254389947211166,0.12182478077193082,0.028295387954862188,-0.030773488639903382,-0.08944993769680845,0.015021551266575933,-0.0200973965556841,-0.6036142139491858,-0.002478100685041196,-0.07442838643023253,0.2644080052116598,0.18407981151133626,0.19835712701943317,0.128637447050425,0.22424390836149805,0.8365027129650708,0.5303733106632844,14.027777777777779,23.194444444444446,14.027777777777779,3.6111111111111107,29.65277777777778,7.569444444444444
"Kluber, Corey",446372,2023,966,89.68307975025004,-0.09803818866784528,-0.2537220203619185,-0.7470285765863309,-0.9803818866784528,-0.07733215078533447,-0.10148880814476738,0.3863266621481216,-0.6834428469564955,-1.030637160073411,0.5807247682954539,0.03999240808986766,-0.07074977711764963,-0.10669121739890385,0.060116435641351336,-0.2971161848083739,-0.44991239177795705,-0.030757369027781978,-0.04657478175755249,0.28036125869999995,0.17954074203250556,0.160061681293164,0.10320143918210584,0.22995100036625277,0.8683684397623651,0.5491597200643089,13.958333333333334,19.09722222222222,13.958333333333334,27.291666666666664,35.138888888888886,39.166666666666664
"Irvin, Jake",663623,2023,2138,89.61998663562892,-0.21831003155434256,-0.2552736571028328,-1.6666309811987503,-2.1831003155434257,-0.0779528054817002,-0.1021094628411331,-1.8139267867786657,-0.9417871146856669,0.11998080232410757,0.9691021179414747,-0.0848422257613969,-0.044049911818787035,0.005611824243410083,0.045327507855073654,-2.7557139014643326,1.0890829202655823,-0.12889213758018395,0.05093933209848374,0.16504342292434157,0.18578540968519455,0.09232550584088416,0.11301705193789113,0.17541441630476806,0.8973287211106123,0.5363715687076902,13.88888888888889,5,13.88888888888889,7.847222222222222,4.652777777777778,76.59722222222223
"Crismatt, Nabil",622503,2025,534,89.58282366991244,-0.05472167108590846,-0.25618759871679997,-0.4182201605597129,-0.5472167108590846,-0.07831838212728706,-0.10247503948671997,-0.1300049055253112,0.12684217661626462,-0.08054085737740024,-0.3345165742732661,-0.02434548792608824,0.023753216594806108,-0.015082557561310906,-0.06264355323469402,-0.003162728909046564,-0.41505743165066633,-5.92271331282128e-4,-0.07772611079600493,0.18024214319402407,0.24328655174967914,0.09554268085350064,0.1872090755155736,0.2117643474718516,0.8586241218154629,0.5351942346436572,13.819444444444445,32.361111111111114,13.819444444444445,7.083333333333333,19.305555555555557,26.111111111111114
"Murphy, Chris",669684,2023,861,89.54471910839871,-0.08855374558265017,-0.2571246968137345,-0.6775486359617844,-0.8855374558265017,-0.0786932213660609,-0.10284987872549381,-1.0083968228527738,0.26428116493570997,-0.011320951070501906,0.07788797302578132,-0.11711925933249405,0.030694676531441346,-0.0013148607515100937,0.009046222186501895,-0.7441156579170638,0.06656702195527942,-0.08642458280105271,0.007731361434991802,0.14608122560601788,0.25448696386717967,0.09433429368898102,0.12098022383957607,0.20028409473659878,0.8923427412357214,0.5463134179861601,13.750000000000002,21.11111111111111,13.750000000000002,20.97222222222222,12.847222222222221,72.63888888888889
"Peralta, Wandy",593974,2024,635,89.46266236492555,-0.0658222464106163,-0.2591427024040012,-0.504827689873764,-0.658222464106163,-0.07950042360216757,-0.10365708096160048,0.5789474395642173,0.5681989391159732,-0.8420017524213108,-0.8099723161326438,0.0911728251282232,0.08948014789227925,-0.13259870116871036,-0.12755469545395964,1.1471463786801905,-1.6519740685539546,0.18065297302050246,-0.26015339662267,0.2879155622818464,0.319336150664312,0.1854866798394755,0.20878499266025433,0.30362585647307916,0.802864163750135,0.5532450101116071,13.680555555555557,28.888888888888886,13.680555555555557,35.76388888888889,93.81944444444444,0.9722222222222222
"Sandoval, Patrick",663776,2024,1444,89.45986539287227,-0.14972055535078221,-0.2592114877956756,-1.148383421237611,-1.4972055535078221,-0.07952793775883732,-0.10368459511827023,-0.3188423152191717,0.06650645619720308,-0.98198000105549,0.08593243883984769,-0.022080492743709955,0.004605710262964202,-0.0680041551977486,0.005950999919657043,-0.25233585902196864,-0.8960475622156423,-0.017474782480745753,-0.06205315527809157,0.19901391394644838,0.2225134415548572,0.13120245252195165,0.1332057051911742,0.2107636777506528,0.8677959211434371,0.539279799447045,13.61111111111111,10.48611111111111,13.61111111111111,10.76388888888889,18.125,38.05555555555556
"Borucki, Ryan",621366,2025,594,89.44852121432731,-0.06165493638009949,-0.2594904729802167,-0.4730588190859635,-0.6165493638009949,-0.07963953183265378,-0.10379618919208669,0.13461117906899744,-0.07521870366144867,-0.8011285899601717,0.2686772954666594,0.022661814658080377,-0.012663081424486307,-0.1348701329899279,0.04523186792368004,0.05939247540754877,-0.5324512944935123,0.00999873323359407,-0.08963826506624786,0.23069421270191692,0.20525183030759528,0.18314257888331756,0.1019102046902294,0.21797302150475611,0.8574736082132265,0.5377233148589913,13.541666666666666,30.069444444444443,13.541666666666666,9.166666666666666,24.02777777777778,25.208333333333332
"Evans, Logan",688138,2025,1338,89.4373108502311,-0.13902685273465287,-0.2597661672919523,-1.0670524518773163,-1.3902685273465287,-0.079749809557348,-0.10390646691678092,0.4304297909977777,-0.6780328063330217,-1.5061577201740874,0.6867082836320151,0.03216964058279355,-0.05067509763326022,-0.11256784156757006,0.05132348906068872,-0.24760301533524398,-0.8194494365420724,-0.018505457050466665,-0.061244352506881344,0.2527665427857199,0.18355948571196537,0.1780059673846696,0.10509697668304721,0.21816301424884266,0.8584485279661416,0.5383057711074921,13.472222222222221,11.805555555555555,13.472222222222221,9.652777777777779,24.166666666666668,25.972222222222225
"Brieske, Beau",689225,2024,1284,89.42090804544924,-0.13362308513836793,-0.26016955829121485,-1.0260593708885608,-1.3362308513836794,-0.07991116595705303,-0.10406782331648594,0.11283418590096517,0.20851373390178196,-0.6965776070649099,-0.650829683626398,0.00878770918231816,0.01623938737552819,-0.05425059245053815,-0.05068767006436122,0.32134791980274713,-1.347407290691308,0.02502709655784635,-0.10493826251489938,0.2271979245602795,0.29600235343102244,0.1072633747053068,0.21439007922329156,0.261600138995651,0.8391732730357009,0.550386706015676,13.402777777777777,13.194444444444445,13.402777777777777,29.51388888888889,66.18055555555556,8.958333333333334
"Blalock, Bradley",687134,2025,1033,89.40376753546597,-0.10767623902082961,-0.2605910915315334,-0.8272241196853543,-1.0767623902082961,-0.08007977925318047,-0.10423643661261338,-0.8543979713972476,0.6816581000139195,-0.06721762651432073,-0.5872666217877054,-0.0827103554111566,0.06598819942051495,-0.0065070306403021035,-0.05685059262223673,-0.17273987138332814,-0.6544842483020261,-0.01672215599064164,-0.06335762326253883,0.1620666790365623,0.33925916685207896,0.09187865664768258,0.2242660585785109,0.25066292294432063,0.8419276423869033,0.546295282665612,13.333333333333334,17.15277777777778,13.333333333333334,20.90277777777778,55.00000000000001,10.833333333333334
"Rolison, Ryan",669020,2025,676,89.39038159228797,-0.07055284626403976,-0.2609202894380169,-0.5422294588906311,-0.7055284626403976,-0.08021145841577385,-0.10436811577520676,-0.5778493794764472,-0.164772071241714,0.727394932482639,-0.5270029406551089,-0.08548067743734426,-0.02437456675173284,0.10760280066311227,-0.07795901488980901,-0.7426214507181612,0.2003919918275301,-0.10985524418907709,0.029643785773303268,0.1377498860787483,0.2583423192529899,0.046382576678338464,0.2825489884659636,0.19804610266586908,0.835534217427849,0.516790160046859,13.26388888888889,27.013888888888886,13.26388888888889,0.4861111111111111,12.083333333333334,6.944444444444445
"Bassitt, Chris",605135,2025,2947,89.3693032620856,-0.3081838979812068,-0.26143866472786464,-2.3699422874295806,-3.0818389798120682,-0.08041880853171295,-0.10457546589114586,-1.5901121497912527,-2.415752517038527,-0.15913425354187893,1.795056632942078,-0.05395697827591628,-0.08197327848790387,-0.005399872872137053,0.06091132110424425,-4.00586466682978,1.6359223794001991,-0.13593025676382015,0.0555114482321072,0.18800083961064054,0.16108212132855534,0.09295005749654946,0.10317252301608171,0.17454148046959794,0.9019387097436844,0.5382400951066412,13.194444444444445,2.2222222222222223,13.194444444444445,9.583333333333334,4.513888888888888,80.90277777777779
"Sborz, Josh",622250,2023,1001,89.366036853887593,-0.104712205546618,-0.26151899487167335,-0.8053139152982567,-1.04712205546618,-0.08045094058923644,-0.10460759794866935,-1.3437769438488658,0.06902349222878001,0.678396445886051,-0.20895690956422186,-0.13424345093395262,0.006895453769108892,0.0677718727158892,-0.020874816140281905,-1.2747534516200858,0.4694395363218291,-0.12734799716484374,0.046897056575607304,0.1358557748480637,0.2672339263609722,0.0554218773145239,0.12661520501975373,0.20154485060451793,0.9089814588328612,0.5552631547186896,13.125,17.98611111111111,13.125,39.93055555555556,13.541666666666666,85.48611111111111
"Valdez, Framber",664285,2024,2575,89.35088658717633,-0.2697483299182445,-0.2618915824448976,-2.0754493721770473,-2.6974832991824447,-0.08059997561852611,-0.10475663297795902,-3.329195686893172,-1.5291259507380346,1.3254233492834828,1.4574489161706765,-0.12928915288905524,-0.05938353206749649,0.051472751428484766,0.05659995790954083,-4.858321637631207,2.7828722654541593,-0.1886726849565517,0.10807270933802561,0.14741681081288552,0.15974680978907568,0.07040928555904351,0.10222547951698725,0.15358181030098061,0.9136826174619846,0.5336322138814826,13.055555555555557,3.194444444444444,13.055555555555557,5.833333333333333,1.3888888888888888,88.54166666666666
"Herz, DJ",687792,2024,1580,89.33501217184605,-0.16576221064253788,-0.2622819788647751,-1.275946920146339,-1.6576221064253789,-0.08075613418647715,-0.10491279154591006,-0.6441378500231849,0.8693111355887595,-0.17353636183224808,-1.3275838438796654,-0.04076821835589778,0.05501969212587085,-0.010983314040015702,-0.08402429391643453,0.2251732855655746,-1.5011202057119135,0.014251473769973075,-0.09500760795645022,0.19351804774185735,0.2988286113458458,0.09676767115453645,0.19955146986102712,0.24617332954385157,0.8518404294922182,0.5490068795180348,12.986111111111112,8.61111111111111,12.986111111111112,26.805555555555554,50.27777777777778,19.444444444444446
"Marsh, Alec",679525,2024,2158,89.30910282743802,-0.2269518209411836,-0.26291916235076884,-1.748217543595274,-2.269518209411836,-0.08101100758087461,-0.10516766494030752,0.34178200819224003,-0.534329245279423,-0.4021667456222531,-1.153503560885838,0.015837905847647823,-0.02476039134751729,-0.018636086451448243,-0.0534524356295569,-0.19254723708718302,-1.555670306508091,-0.008922485499869463,-0.07208852208100515,0.22652461685172448,0.20750777348268998,0.0937414265806426,0.16828230429142751,0.21701619516720722,0.868988134563965,0.5430021648655861,12.916666666666668,4.583333333333333,12.916666666666668,15.555555555555555,23.194444444444446,39.513888888888886
"Montgomery, Jordan",656756,2023,3360,89.29853511589052,-0.35371264593223783,-0.26317905203291503,-2.7254627720454323,-3.537126459322378,-0.0811149634537331,-0.10527162081316602,-0.21311227627194285,0.32544282219510023,-1.0449433551137872,-1.7928499628548025,-0.006342627269998298,0.009685798279616077,-0.03109950461648176,-0.05335862984686912,0.11233054592315739,-2.8377933179685897,0.0033431710096177795,-0.08445813446335089,0.2204591512171533,0.2551018170241499,0.11555862176826434,0.1648442123295755,0.23778048412065161,0.8597985829510801,0.5487895335358659,12.847222222222221,1.1805555555555556,12.847222222222221,25.90277777777778,42.70833333333333,27.152777777777775
"Teheran, Julio",527054,2023,1080,89.29836749023383,-0.11369513134866469,-0.2631831744182053,-0.8760594140047715,-1.136951313486647,-0.08111661240784922,-0.10527326976728213,0.8187328057401828,-0.03540188421266066,-1.3948871133184184,-0.26450322221387523,0.07580859312409101,-0.003277952241913024,-0.12915621419614987,-0.024491039093877336,0.7833309215275222,-1.6593903355322936,0.07253064088217798,-0.1536472532900272,0.3180560078489025,0.24858454665586016,0.19411463363244977,0.16466651694915735,0.2833202772523813,0.8206094247091964,0.5519648509807888,12.777777777777777,16.041666666666668,12.777777777777777,33.541666666666664,82.63888888888889,2.2222222222222223
"King, Michael",650633,2024,3112,89.28277011748382,-0.328087899840059,-0.26356675758359493,-2.5291238213750376,-3.2808789984005897,-0.08127004567400506,-0.10542670303343797,2.5162034600733705,-2.297752560248,-2.844443431658874,0.09686871045846601,0.08085486696893864,-0.07383523651182519,-0.09140242389649338,0.0031127477653748715,0.21845089982537047,-2.747574721200408,0.007019630457113447,-0.0882896761311185,0.28913048361879556,0.18376923553339908,0.15561699790414973,0.14044139212426432,0.23644985957609732,0.851970804985793,0.5442103322809452,12.708333333333332,1.6666666666666667,12.708333333333332,18.055555555555554,41.041666666666664,19.72222222222222
"Civale, Aaron",650644,2024,2727,89.24926093552108,-0.2883975308918635,-0.26439084240178173,-2.2252232627268995,-2.883975308918635,-0.08159967960127978,-0.1057563369607127,-1.077620376798052,-1.037797809283802,0.017586040181868157,-0.12739111682691373,-0.03951669881914381,-0.03805639197960404,6.44885961931359e-4,-0.004671474764463283,-2.115418186081854,-0.10980507664504557,-0.07757309079874786,-0.004026588802531924,0.18774515359347077,0.19217315983662528,0.09046068786330301,0.1366761879831222,0.18995915671504804,0.8864315620767874,0.5381953593959177,12.63888888888889,2.8472222222222223,12.63888888888889,9.51388888888889,8.61111111111111,64.93055555555556
"Blackburn, Paul",621112,2023,1873,89.20309054919173,-0.19893230528257153,-0.2655263017653117,-1.536868860483537,-1.9893230528257153,-0.08205386334669178,-0.10621052070612469,-1.9874875782744539,0.6057455588536413,-0.6721409574183781,0.5170141163556536,-0.10611252420045136,0.03234092679410792,-0.03588579591128554,0.027603529970937197,-1.3817420194208125,-0.15512684106272445,-0.07377159740634343,-0.008282265940348343,0.17364479905674512,0.2823324168931591,0.10590423815282364,0.115834002174251,0.2279886079749521,0.8891308798364627,0.5585597439057074,12.569444444444445,6.111111111111111,12.569444444444445,47.84722222222222,33.33333333333333,69.02777777777777
"Law, Derek",571882,2023,954,89.20182352380601,-0.10133672729889158,-0.26555746147508275,-0.7829127617799259,-1.0133672729889158,-0.0820663272306002,-0.10622298459003311,-0.1337087040537881,0.6695700672516978,-0.7185075857344145,-0.600266539243421,-0.014015587427021813,0.07018554164063918,-0.07531526055916295,-0.06292102088505461,0.5358613631979097,-1.3187741249778355,0.05616995421361737,-0.13823628144421757,0.21388956962878858,0.3145952693715671,0.11768463930150988,0.20301028553860886,0.26424241950017785,0.8396525375799406,0.5519474785400592,12.5,18.40277777777778,12.5,33.47222222222222,68.125,9.375
"Kahnle, Tommy",592454,2024,878,89.19977138962057,-0.0932815047397523,-0.26560792921341775,-0.7207195957817021,-0.932815047397523,-0.08208651432593418,-0.1062431716853671,0.43436909449974337,-0.5254644011565688,0.10130195812780585,-0.7309262472526825,0.0494725620159161,-0.05984788168070259,0.011537808442802487,-0.08324900310395018,-0.09109530665682541,-0.6296242891248767,-0.010375319664786494,-0.07171119466114768,0.21951418805280254,0.24496188655260204,0.0975078157425151,0.25740739975630134,0.2322380373027023,0.8225423922505918,0.527390214776647,12.430555555555555,20,12.430555555555555,2.569444444444444,36.736111111111114,2.7083333333333335
"Miller, Bryce",682243,2025,1729,89.18952499105984,-0.18386871853326028,-0.2658599169075481,-1.421018579588008,-1.8386871853326028,-0.08218730940358634,-0.10634396676301926,-1.1955532194715488,0.8950115695060958,-0.06149115829998664,-1.0589857713225683,-0.06914709193010693,0.051764694592602425,-0.0035564579699240394,-0.0612484540961578,-0.30054164996545296,-1.120476929622555,-0.01738239733750451,-0.06480491206608184,0.17251184302564831,0.2976528824809169,0.08759907247850479,0.20117458917626074,0.23508236275328262,0.8556131691726172,0.5453477659629499,12.36111111111111,6.875000000000001,12.36111111111111,19.23611111111111,40,22.84722222222222
"Lamet, Dinelson",659275,2023,603,89.18160278098894,-0.06417240480383543,-0.26605474628455816,-0.4960594041609738,-0.6417240480383543,-0.08226524115439035,-0.10642189851382326,-0.20259704330146633,0.35817774064844343,-0.5049292651192445,-0.1467108363887064,-0.03359818296873405,0.059399293639874534,-0.08373619653718815,-0.02433015528834269,0.1555806973469771,-0.6516401015079509,0.02580111067114048,-0.10806635182553084,0.20136820018786097,0.32411638990131486,0.14069834807797318,0.1656697951374188,0.2627422950445879,0.846815928392304,0.554779111718446,12.291666666666666,29.51388888888889,12.291666666666666,39.30555555555556,66.94444444444444,14.722222222222223
"Erceg, Lucas",668674,2023,1049,89.16961211291465,-0.11176030494135569,-0.26634963046080956,-0.8641997137131057,-1.117603049413557,-0.08238319482489091,-0.10653985218432382,-0.1590581318016575,0.5764423483187784,-1.1003624131790275,-0.18122151705119904,-0.015162834299490707,0.0549516061314374,-0.10489632156139442,-0.017275645095443187,0.4173842165171209,-1.2815839302302265,0.0397887718319467,-0.1221719666568376,0.21778797978419717,0.3202611714752403,0.15123593287657616,0.16006662190370505,0.2690245756297187,0.8443487226098594,0.556686649119789,12.222222222222221,16.38888888888889,12.222222222222221,42.986111111111114,72.01388888888889,12.63888888888889
"Gonsolin, Tony",664062,2025,609,89.13296152566096,-0.0651023365966306,-0.26725097125053615,-0.5039093226473597,-0.6510233659663061,-0.08274373114078155,-0.10690038850021447,-0.6649136432497471,0.10761039290014196,0.3151404826448925,-0.261746554942647,-0.10918122220849706,0.017670015254538908,0.0517472056888165,-0.0429797298756399,-0.5573032503496052,0.05339392770224549,-0.09151120695395815,0.0087674758131766,0.15742594128560775,0.2533105675866878,0.06789858286423689,0.1692253365321876,0.20536825443614776,0.8814380403017877,0.5434031473689678,12.152777777777777,29.305555555555557,12.152777777777777,16.458333333333332,15.208333333333332,58.19444444444445
"Rosenberg, Kenny",670046,2023,543,89.12174622553522,-0.05810681812621092,-0.26752678695308896,-0.4498975318003886,-0.5810681812621092,-0.08285405742180268,-0.1070107147812356,-0.32447904962828034,0.44662781984698086,-0.10288666188728257,-0.46915964013180655,-0.05975673105493193,0.08225190052430587,-0.01894781986874449,-0.08640140702243214,0.12214877021870052,-0.5720463020190891,0.022495169469373945,-0.10534922689117664,0.17835471613287746,0.34768556601849726,0.10057546378162971,0.2301865883278379,0.2630201410756874,0.8346189739452662,0.5488195575104768,12.083333333333334,30.97222222222222,12.083333333333334,26.041666666666668,67.22222222222223,6.25
"Garrett, Braxton",666129,2024,588,89.07604746991488,-0.06318663231410668,-0.268650647593991,-0.48982517786760127,-0.6318663231410668,-0.08330360167816347,-0.10746025903759639,0.310851466450913,-0.46735774198009494,-0.31689537368220044,-0.016423528656218878,0.05286589565491718,-0.07948260918028825,-0.05389377103438783,-0.0027931171184045708,-0.15650627552918195,-0.3333189023384193,-0.026616713525371077,-0.0566868881527924,0.25685923865840565,0.17775773313041882,0.11638841477257786,0.1331995941458952,0.21730848589441223,0.8752059955407635,0.5462572407175879,12.01388888888889,29.791666666666668,12.01388888888889,20.833333333333336,23.40277777777778,48.541666666666664
"Alexander, Jason",669920,2025,1252,89.06400884988616,-0.13468851289051714,-0.26894671104336487,-1.0444437787650713,-1.3468851289051713,-0.08342202705791305,-0.10757868441734596,1.0738825797886875,-0.4518811362431734,-1.1265407113162382,-0.5399045109943472,0.08577336899270667,-0.03609274251143558,-0.08997929004123308,-0.04312336349795105,0.6220014435455141,-1.6664452223105855,0.0496806264812711,-0.13310265353918416,0.2944683550376077,0.22362567700504687,0.14405507759528077,0.17143324063561388,0.2590470160213273,0.8422558408845526,0.55065142845294,11.944444444444445,12.777777777777777,11.944444444444445,30.277777777777775,63.888888888888886,11.11111111111111
"Greinke, Zack",425844,2023,2212,89.05691321788471,-0.2381184488607869,-0.26912121254609733,-1.8468392278172132,-2.381184488607869,-0.08349182765900602,-0.10764848501843893,-1.407840362260913,-0.05783276159729667,-0.6135986531935487,0.23243254923454515,-0.0636455859973288,-0.00261450097636965,-0.027739541283614316,0.010507800598306742,-1.4656731238582097,-0.3811661039590035,-0.06626008697369845,-0.017231740685307573,0.1725799841557134,0.2165774771535704,0.10192583209754369,0.13120042103481372,0.1945787306546419,0.8834368734338213,0.5390078020442316,11.875,4.166666666666666,11.875,10.347222222222221,10.555555555555555,61.18055555555556
"Ferrer, Jose A.",678606,2025,1208,89.03558528077006,-0.13029281498216122,-0.26964572637036677,-1.0111157289196626,-1.302928149821612,-0.08370163318871379,-0.1078582905481467,1.1190411971545018,0.4863581810841424,-0.9188934823370118,-1.697621624821295,0.09263586069159782,0.040261438831468745,-0.07606734125306389,-0.14053159145871646,1.6053993782386442,-2.616515107158307,0.1328972995230666,-0.21659893271178038,0.31380189583224494,0.2850454506830949,0.16438264243825038,0.21999642969612232,0.29942367325766994,0.8078104639328136,0.5536170685952417,11.805555555555555,13.472222222222221,11.805555555555555,36.52777777777778,92.08333333333333,1.1805555555555556
"Webb, Logan",657277,2023,3145,88.99027637467577,-0.3406160793929203,-0.27075999951742474,-2.6464339199750384,-3.406160793929203,-0.084147342447537,-0.1083039998069699,3.7850494945670334,-1.2996449105328338,-4.273533671596397,-0.8583048324128413,0.12035133528035082,-0.04132416249706944,-0.1358834235801716,-0.02729109165064678,2.4854045840341996,-5.131838504009238,0.07902717278328138,-0.16317451523081838,0.40469705918685683,0.21654151138747985,0.18830504660272013,0.16850247528943502,0.3106192852871683,0.8215962390539224,0.5661077621705454,11.73611111111111,1.3888888888888888,11.73611111111111,64.09722222222223,95.69444444444444,2.430555555555556
"Mikolas, Miles",571945,2025,2483,88.98750831033999,-0.2689864430840916,-0.2708280739872046,-2.0900546286061967,-2.689864430840916,-0.08417457223544893,-0.10833122959488184,-0.7202107330094805,0.0452786631528852,-0.6342638942701342,-0.7808586644794673,-0.029005667861839727,0.001823546643289779,-0.02554425671647741,-0.03144819430042156,-0.6749320698565953,-1.4151225587496015,-0.02718212121854995,-0.05699245101689897,0.19540204201402395,0.22859303827832636,0.11782286151389176,0.15585622892047857,0.21199754014617517,0.8631604547828149,0.537578997464495,11.666666666666666,3.2638888888888893,11.666666666666666,9.027777777777777,19.444444444444446,31.52777777777778
"Contreras, Roansy",672710,2024,1106,88.97179876339536,-0.11998525756355663,-0.27121441583082423,-0.9326799452402383,-1.1998525756355662,-0.08432910897289678,-0.10848576633232969,-0.9226378910932453,0.4951333835560945,-0.3018477914340565,-0.203327646269031,-0.08342114747678529,0.04476793703038829,-0.027291843710131693,-0.01838405481636808,-0.42750450753715086,-0.5051754377030875,-0.038653210446397,-0.045675898526499774,0.17096800005026727,0.2684482695636172,0.0943033390036503,0.15188988258994146,0.21970813480694223,0.8769033892032041,0.5483057620050732,11.597222222222223,15.069444444444443,11.597222222222223,24.791666666666668,25.416666666666664,51.24999999999999
"Winder, Josh",680739,2023,557,88.9177151909712,-0.060722910733633374,-0.27254448264646935,-0.47267652584429243,-0.6072291073363337,-0.08486113569915484,-0.10901779305858775,-0.2191498631959803,0.3255145336568148,-0.5052504551022139,-0.07379074120291307,-0.039344679209332184,0.05844067031540661,-0.09070923789985887,-0.013247888905370389,0.10636467046083453,-0.579041196305127,0.019095991106074423,-0.10395712680522926,0.18837748498897916,0.3258722715664362,0.12791186148584296,0.1442118679629932,0.2571248782777077,0.8639381352755819,0.5605315067766448,11.527777777777779,30.416666666666664,11.527777777777779,52.916666666666664,62.083333333333336,32.29166666666667
"Miller, Mason",695243,2023,607,88.9078898170008,-0.0662324690047263,-0.2727861161644411,-0.5156937798755052,-0.662324690047263,-0.08495778910634352,-0.10911444646577644,-0.5539461074002929,0.048561482113655074,0.11072144064200984,-0.12103059523087722,-0.09125965525540246,0.008000244170289139,0.01824076452092419,-0.019939142542154405,-0.5053846252866379,-0.010309154588867386,-0.08325941108511331,-0.001698378021230212,0.15209118522136747,0.2447137028431167,0.07876177303255956,0.15015747448342517,0.19840244403224208,0.8855403762420077,0.5419714101371249,11.458333333333332,28.61111111111111,11.458333333333332,13.88888888888889,12.222222222222221,63.68055555555555
"Jansen, Kenley",445276,2023,719,88.90249557238828,-0.07849143991341731,-0.2729187757768335,-0.6112280327198505,-0.7849143991341732,-0.08501085295130048,-0.10916751031073339,-0.22760842087109268,0.3227298738454465,-0.30636892188704223,-0.39998056380716207,-0.031656247687217344,0.04488593516626516,-0.04261042029027013,-0.05563012014007817,0.09512145297435382,-0.7063494856942043,0.01322968747904782,-0.0982405404303483,0.20658204265989638,0.26830175769701264,0.12047675454789646,0.1968910419567369,0.2374419001784545,0.8413161017476833,0.5393790009630689,11.38888888888889,24.09722222222222,11.38888888888889,10.902777777777779,42.083333333333336,10.625
"Milner, Hoby",571948,2025,1139,88.90126282367167,-0.12435560655535745,-0.27294909252712346,-0.9684117382296336,-1.2435560655535745,-0.08502297965141647,-0.10917963701084939,0.8099204380300762,-1.7384514104485334,-0.9434435057537485,0.9035627399425721,0.07110802792186798,-0.15262962339319872,-0.08283086090902093,0.07932947672893521,-0.9285309724184572,-0.03988076581117639,-0.08152159547133074,-0.003501384180085723,0.4413593633801493,0.11616467003917447,0.17017192268310644,0.112158783087532,0.2787620167096619,0.8588346471146808,0.5687983319121713,11.319444444444445,14.166666666666666,11.319444444444445,69.79166666666666,79.09722222222221,26.319444444444446
"Leiter Jr., Mark",643410,2025,832,88.89430129270863,-0.09089443454507722,-0.27312029610900607,-0.7079609562202904,-0.9089443454507722,-0.08509146108416951,-0.10924811844360242,-1.3675451386272925,-0.014752260734326228,0.9088725034675917,-0.2345360603262634,-0.16436840608501113,-0.001773108261337287,0.10923948358985479,-0.028189430327675888,-1.3822973993616188,0.6743364431413283,-0.1661415143463484,0.08105005326217889,0.12079768444198777,0.21287418488735768,0.04416261380249346,0.1512066879563958,0.16683593466467272,0.9023153491205553,0.534575641892614,11.25,20.48611111111111,11.25,6.597222222222222,2.9166666666666665,81.31944444444444
"Ashby, Aaron",676879,2025,1188,88.86012440050563,-0.13018617301333307,-0.2739608017957346,-1.014880640703268,-1.3018617301333308,-0.08542766335886094,-0.10958432071829385,-1.7899743531352215,-0.11557706683743163,0.407934859689135,0.4827359195802501,-0.15067124184639913,-0.009728709329750137,0.03433795115228409,0.04063433666500422,-1.905551419972653,0.8906707792693851,-0.16039995117614925,0.07497228781728832,0.1358031195422128,0.1831109312121421,0.0637770280783499,0.10768504534078084,0.15945702537717743,0.9142689632904346,0.536862994333806,11.180555555555555,13.541666666666666,11.180555555555555,8.472222222222223,1.7361111111111112,88.88888888888889
"Faucher, Calvin",676534,2023,512,88.8390798083787,-0.05621316554171003,-0.274478347371631,-0.4384495697368038,-0.5621316554171003,-0.0856346815892195,-0.10979133894865241,-0.11732557171853841,0.13394125952981994,-0.16688623018490034,-0.288179027363185,-0.022915150726277034,0.026160402251917958,-0.03259496683298835,-0.05628496628187207,0.016615687811281532,-0.45506525754808536,0.0032452515256409242,-0.08887993311486042,0.19672951220198726,0.26973304930570396,0.09733364238141701,0.189977872119972,0.2332312807538456,0.8563442427493055,0.5447877617515756,11.11111111111111,31.944444444444443,11.11111111111111,18.47222222222222,37.291666666666664,23.680555555555554
"Cantillo, Joey",676282,2024,759,88.81287291260587,-0.08352729679873341,-0.2751228484806766,-0.6519239386292384,-0.8352729679873341,-0.08589248203283774,-0.11004913939227065,-1.3669071121003071,0.5088135566700203,0.6106775334703798,-0.4045079166693313,-0.18009316364957934,0.06703735924506195,0.08045817305275096,-0.053294850681071315,-0.8580935554302869,0.2061696168010485,-0.11305580440451737,0.027163322371679646,0.12953121160516856,0.32757229632531915,0.05711675874963352,0.20655971908812598,0.22855175396524385,0.8681617610811203,0.548356757523182,11.041666666666666,22.430555555555557,11.041666666666666,25.069444444444443,33.88888888888889,38.68055555555556
"Gomber, Austin",596295,2024,2695,88.79197550009073,-0.297136442907661,-0.2756367744969026,-2.3203425132398934,-2.97136442907661,-0.08609805243932814,-0.11025470979876105,-2.4702622868458093,0.571462681293724,1.3706244717691334,-1.7921673794569415,-0.09166093828741408,0.021204552181585307,0.050858050900524435,-0.06649971723402381,-1.8987996055520853,-0.4215429076878081,-0.07045638610582877,-0.015641666333499376,0.15619494939014314,0.25451416896922274,0.07468260374019456,0.20007544756065002,0.20535455917968293,0.8626209743495777,0.5339877667646303,10.972222222222221,2.638888888888889,10.972222222222221,5.972222222222222,15.138888888888888,30.97222222222222
"Cano, Yennier",666974,2025,986,88.77363764197588,-0.10888901013334236,-0.2760877538877849,-0.850705459769415,-1.0888901013334236,-0.08627844419568104,-0.11043510155511395,0.5123525696258184,-0.2980917118634352,-1.5122070469296887,0.4472407293978904,0.051962735256168194,-0.030232425138279433,-0.15336785465818345,0.04535910034461363,0.21426085776238324,-1.0649663175317983,0.021730310117888767,-0.10800875431356981,0.2815802445297068,0.22823141497435562,0.24913257088567367,0.14626474865322034,0.25490582975203124,0.802301340230553,0.5286035849912921,10.902777777777779,16.944444444444446,10.902777777777779,2.8472222222222223,60.138888888888886,0.9027777777777777
"Hanifee, Brenan",669724,2024,513,88.76981053608341,-0.05667252037270577,-0.2761818731613342,-0.4428015514731669,-0.5667252037270577,-0.08631609190510076,-0.11047274926453367,0.42513961150234536,-0.13451692482112776,-0.6239954964657954,-0.10942874168858907,0.08287321861644159,-0.026221622772149664,-0.12163654901867357,-0.021331138730719117,0.2906226866812176,-0.7334242381543845,0.05665159584429193,-0.1429676877493927,0.2952105974404517,0.2234463144096675,0.17527912018279138,0.1733639780385243,0.2593284559250596,0.8256784508893422,0.5425034534072009,10.833333333333334,31.666666666666664,10.833333333333334,14.791666666666666,64.375,3.3333333333333335
"Wilson, Bryse",669060,2023,1160,88.746199744377,-0.12841781335678726,-0.27676252878617946,-1.0039609081984509,-1.2841781335678726,-0.08654835415503886,-0.11070501151447178,0.0161974744202098,-0.3049180939199232,-1.1302969173470956,0.41505662864835813,0.0013963340017422241,-0.026286042579303722,-0.09743938942647376,0.03578074384899639,-0.2887206194997134,-0.7152402886987375,-0.024889708577561502,-0.06165864557747736,0.22856284880260938,0.20788482406013847,0.1637625124037336,0.11550323165360428,0.21822383643137394,0.8603671279713311,0.5392954822013525,10.76388888888889,13.680555555555557,10.76388888888889,10.833333333333334,24.23611111111111,28.125
"Thompson, Ryan",657044,2023,588,88.71925399093675,-0.0652504071525796,-0.2774252004786547,-0.5104629262523304,-0.6525040715257959,-0.08681342283202897,-0.11097008019146189,0.5132690778245887,-0.7372501980416928,-1.0540014061753027,0.7675196001400764,0.08729065949397768,-0.1253826867417845,-0.17925193982573176,0.1305305442415096,-0.22398112021710403,-0.2864818060352263,-0.03809202724780681,-0.048721395584222164,0.42009007033114,0.13835541404440788,0.25648529676068016,0.06698636042924111,0.27922274218777393,0.8382641714050394,0.5587434567964067,10.694444444444445,29.166666666666668,10.694444444444445,48.333333333333336,79.51388888888889,8.541666666666666
"Hall, DL",669084,2024,782,88.67336436144447,-0.08713161464022923,-0.2785537552436995,-0.6824110858515269,-0.8713161464022923,-0.08726484473804691,-0.11142150209747982,-0.6074216694169081,-0.21297677178881713,0.3534383571732178,-0.21545100181901944,-0.07767540529627981,-0.02723488130291779,0.045196720866140384,-0.027551279004989698,-0.8203984412057252,0.13798735535419837,-0.1049102865991976,0.017645441861150687,0.17818144576361933,0.20762470528554838,0.061552312868706945,0.1520361813982999,0.19290307552458386,0.8932057528664966,0.5430544141955402,10.625,21.458333333333332,10.625,15.76388888888889,9.791666666666666,73.125
"Chirinos, Yonny",630023,2023,1335,88.65437763691907,-0.14899704957097148,-0.2790206920804709,-1.1674791199612855,-1.4899704957097148,-0.08745161947275547,-0.11160827683218838,1.1323146361828549,-0.2540908956589192,-1.7158075420393288,-0.32989531844589237,0.08481757574403408,-0.01903302589205387,-0.12852490951605458,-0.024711259808681076,0.8782237405239357,-2.045702860485221,0.0657845498519802,-0.1532361693247357,0.2934861858172191,0.23348668489250082,0.2017678208515376,0.15836193773818716,0.26348643535485994,0.8199351207051376,0.5417107780299988,10.555555555555555,10.555555555555555,10.555555555555555,13.541666666666666,67.5,2.083333333333333
"Oviedo, Johan",670912,2025,665,88.5871634968112,-0.07465919792308033,-0.28067367640255764,-0.5859502077905745,-0.7465919792308033,-0.08811281320159015,-0.11226947056102306,-0.24215383307773664,0.07812035774441028,-0.11029440602942486,-0.3116223264278233,-0.036414110237253626,0.011747422217204553,-0.016585624966830807,-0.04686050021471027,-0.16403347533332635,-0.42191673245724814,-0.024666688020049076,-0.06344612518154108,0.19064116488392155,0.22451273827269408,0.09915800812607019,0.1701705646925927,0.2075769515783078,0.8653357135906685,0.5364563325844882,10.48611111111111,25.624999999999996,10.48611111111111,7.986111111111111,16.59722222222222,34.65277777777778
"Davis, Noah",663562,2023,599,88.57615316786827,-0.06731429052873264,-0.28094445128853357,-0.5284445277043233,-0.6731429052873263,-0.08822112315598052,-0.11237778051541343,-0.009023901103319076,-0.13140685777989347,-0.6935280231627985,0.3055142543416878,-0.0015064943411217157,-0.021937705806326122,-0.1157809721473787,0.05100404913884604,-0.14043075888321255,-0.3880137688211107,-0.023444200147447837,-0.06477692300853267,0.22589927629067144,0.20724073103251553,0.1895318057929727,0.10931696641256015,0.21657000366159349,0.8505756138972336,0.5335728087794135,10.416666666666668,27.916666666666668,10.416666666666668,5.763888888888889,22.916666666666664,18.194444444444443
"Hodge, Porter",687863,2025,585,88.55489566125247,-0.06586333252883136,-0.28146723302919385,-0.5173168797356311,-0.6586333252883136,-0.08843023585224463,-0.11258689321167754,-0.5778880130424113,0.15121369115001926,-0.173901670664236,0.08325911282099696,-0.09878427573374551,0.025848494213678505,-0.029726781310125815,0.014232326977948198,-0.42667432189239207,-0.09064255784323905,-0.07293578152006702,-0.015494454332177615,0.16801419748599702,0.2927555982872977,0.10251547082190655,0.11657866465123355,0.23038489788664734,0.8904529322634299,0.5604189150750386,10.347222222222221,28.819444444444443,10.347222222222221,52.708333333333336,35.41666666666667,70.34722222222223
"Manaea, Sean",640455,2024,3321,88.530839141248,-0.3746869768231315,-0.2820588503636944,-2.9446271773245485,-3.7468697682313152,-0.08866688278604483,-0.11282354014547774,0.959225803220761,-2.493759788469788,-1.832745666125902,0.42265247405038053,0.028883643577860916,-0.07509062898132454,-0.055186560256726955,0.012726662874145755,-1.534533985249027,-1.4100931920755215,-0.04620698540346363,-0.0424598973825812,0.2616734794318816,0.16957357875672802,0.13204502709486776,0.1313644441194596,0.2156235290943048,0.8682952643928363,0.5419593967435705,10.277777777777777,0.9722222222222222,10.277777777777777,13.819444444444445,22.083333333333332,38.958333333333336
"Voth, Austin",608723,2024,983,88.52086937679661,-0.11100194650254154,-0.2823040348487832,-0.8725595231821899,-1.1100194650254154,-0.08876495658008035,-0.11292161393951326,-0.8625815628074633,0.052957738751729266,0.2980928023002889,-0.3610285014267447,-0.08774990465996575,0.005387358977795449,0.03032480186167741,-0.03672721275958746,-0.8096238240557341,-0.0629356991264558,-0.0823625456821703,-0.006402410897910051,0.16841669419068206,0.2503038101580241,0.06918405479959382,0.15801248282329827,0.20936025217435308,0.8864017311885539,0.5478809916814535,10.208333333333334,16.52777777777778,10.208333333333334,24.09722222222222,17.5,64.72222222222223
"Rogers, Tyler",643511,2025,978,88.50498199591647,-0.11059018625004062,-0.28269475012791573,-0.8696497535251524,-1.1059018625004062,-0.08892124269173338,-0.11307790005116629,-0.3942206039300231,-0.28570127912689713,-0.0710821879474679,-0.11864568252076424,-0.04030885520756882,-0.0292128097266766,-0.007268117377041707,-0.01213146038044624,-0.6799218830569203,-0.18972787046823214,-0.06952166493424543,-0.01939957775748795,0.18274372432065947,0.2649560335802808,0.10791014233308854,0.14854897603982958,0.22384987895047015,0.8717704408135409,0.5478101598820055,10.13888888888889,16.666666666666664,10.13888888888889,23.61111111111111,29.236111111111114,44.02777777777778
"Montero, Keider",672456,2025,1537,88.48763847591351,-0.17406296045670794,-0.283121275954307,-1.3693417809525954,-1.7406296045670793,-0.08909185302228988,-0.11324851038172279,-0.41872644838349515,-1.1874355259085405,0.1214320253468486,0.11538816799259166,-0.027243100090012698,-0.07725670305195449,0.00790058720539028,0.007507362914287031,-1.6061619742920357,0.23682019333944027,-0.10449980314196719,0.01540795011967731,0.19832668554996669,0.1772361798993068,0.08648223078726885,0.12465774162275252,0.18778143272463674,0.8944300137949893,0.541105723259813,10.069444444444445,7.847222222222222,10.069444444444445,13.055555555555557,7.916666666666666,74.30555555555556
"Uribe, Abner",682842,2025,1234,88.36388636508639,-0.14125088981597797,-0.28616468763366687,-1.1144157463443776,-1.4125088981597798,-0.09030921769403383,-0.11446587505346674,0.613442389453212,-2.832393089957634,-0.7461102941178979,1.8506452482779423,0.049711700928137106,-0.22952942382152625,-0.060462746687025754,0.14997125188638108,-2.218950700504422,1.1045349541600444,-0.17981772289338913,0.0895085051993553,0.27986449707755684,0.0895241666841373,0.15981624848121487,0.054248579241811985,0.18469433188084708,0.8929675861384866,0.5388309590096668,10,11.73611111111111,10,10.13888888888889,7.013888888888889,72.91666666666666
"Leiter, Jack",683004,2025,2553,88.2841485517115,-0.29423392830699635,-0.2881256642254175,-2.3256198206836416,-2.9423392830699635,-0.0910936083307341,-0.11525026569016701,-0.7312946540419034,0.1232650943140925,-0.6150666861997252,-1.1025235747561055,-0.028644522289146237,0.004828244979008716,-0.024091918770063656,-0.04318541225053293,-0.6080295597278109,-1.7175902609558307,-0.023816277310137524,-0.06727733102059659,0.20048949220831488,0.23603180590077047,0.08907563119662891,0.16641775402226291,0.21826064905454268,0.8722533073905541,0.5452569782225484,9.930555555555555,2.7083333333333335,9.930555555555555,18.958333333333332,24.305555555555554,44.79166666666667
"Lugo, Seth",607625,2024,3280,88.27830786317433,-0.3782093257285114,-0.28826930314673127,-2.9897548958957145,-3.782093257285114,-0.09115106389925959,-0.1153077212586925,-2.5329062698380085,-0.27440782532698904,-0.9219430485577504,0.7395022478270334,-0.07722275212920758,-0.008366092235578933,-0.028108019773102146,0.02254580023862907,-2.8073140951649975,-0.182440800730717,-0.08558884436478652,-0.005562219534473079,0.1702863018240708,0.21406290537629294,0.10936161959871088,0.11838576310350173,0.19217460360018188,0.8861263086488937,0.5391504561245378,9.86111111111111,0.9027777777777777,9.86111111111111,10.555555555555555,9.652777777777779,64.375
"Beck, Tristan",663941,2023,1285,88.24546908212727,-0.14858552707551018,-0.2890769009251171,-1.1754422236863888,-1.4858552707551018,-0.09147410301061393,-0.11563076037004684,-1.356846124067033,0.22152068915443124,-0.2904034736206995,0.2502866848469125,-0.10559113805969131,0.017238964136531615,-0.022599492110560275,0.01947756302310603,-1.1353254349126018,-0.04011678877378699,-0.08835217392315968,-0.0031219290874542407,0.14804724426560387,0.2434084585139582,0.10069283622861581,0.11709831031656628,0.19572785138978105,0.891104426727409,0.543416139058595,9.791666666666666,10.625,9.791666666666666,16.52777777777778,11.180555555555555,71.04166666666667
"May, Dustin",669160,2023,721,88.24119032052414,-0.0834001256229211,-0.28918212768003154,-0.6598317566676997,-0.834001256229211,-0.0915161937125797,-0.11567285107201261,-0.09561872455856246,-0.09659047817854116,-0.7968983243381444,0.3292757704075484,-0.013261959023378981,-0.01339673761144815,-0.11052681336173986,0.0456693162839873,-0.19220920273710362,-0.46762255393059604,-0.026658696634827134,-0.06485749707775257,0.22082554834426424,0.21280731136281586,0.17908336418564166,0.11527589526204285,0.21681642985354005,0.8528203702761578,0.5348184000648489,9.722222222222223,22.569444444444446,9.722222222222223,6.805555555555555,22.98611111111111,20.625
"Wrobleski, Justin",680736,2024,592,88.22121976449051,-0.06859462789563997,-0.28967325969442553,-0.5429388673885569,-0.6859462789563997,-0.09171264651833731,-0.11586930387777022,-0.41694732070300233,-0.10835979088233216,-0.04900966273794438,0.03137790693472198,-0.07043029065929093,-0.018304018730123675,-0.008278659246274389,0.005300322117351685,-0.5253071115853345,-0.017631755803222404,-0.08873430938941461,-0.0029783371289227034,0.15641291438236876,0.24592747100888218,0.08272849941112799,0.14828123415359445,0.20117019269562547,0.8844951332176387,0.5428326629566321,9.652777777777779,27.77777777777778,9.652777777777779,15.208333333333332,13.194444444444445,62.291666666666664
"Parker, Mitchell",680730,2025,2704,88.16945422734446,-0.31468753919033765,-0.29094631951769384,-2.4936793769043106,-3.1468753919033765,-0.09222187044764461,-0.11637852780707753,-3.6833494945126404,1.1290639212129463,1.0448812936180047,-0.9842750972226213,-0.13621854639469824,0.04175532253006458,0.038642059675222065,-0.03640070625823304,-2.554285573299694,0.06060619639538345,-0.09446322386463366,0.002241353416989033,0.12849715023595487,0.3689164073850696,0.06864503616497744,0.20703684412998677,0.24870677881051223,0.862159059852518,0.5554329193315151,9.583333333333334,1.9444444444444444,9.583333333333334,40.34722222222222,52.708333333333336,30.34722222222222
"Alcala, Jorge",660896,2025,1042,88.11338606595274,-0.1218411404195675,-0.2923251929452195,-0.9666990345103841,-1.218411404195675,-0.0927734198186549,-0.11693007717808782,-0.47345184092944237,-0.1424157809958615,0.052978974005554846,-0.40381038659063506,-0.04543683694140522,-0.013667541362366746,0.005084354511089717,-0.03875339602597266,-0.6158676219253039,-0.3508314125850802,-0.05910437830377196,-0.03366904151488294,0.17280300355959266,0.23107155185128853,0.09044784368973015,0.16800830804251293,0.2019372777054406,0.8707719241338785,0.5363546009196596,9.51388888888889,14.722222222222223,9.51388888888889,7.777777777777778,13.750000000000002,41.875
"Gonzales, Marco",594835,2024,667,88.09868057691412,-0.07808884949558106,-0.2926868421873353,-0.6197635903683931,-0.7808884949558106,-0.09291807951550123,-0.11707473687493414,0.34297095936892674,0.0929219378772359,-0.4836207004136668,-0.572035787200889,0.05141993393836983,0.013931325019075848,-0.07250685163623191,-0.08576248683671499,0.43589289724616265,-1.0556564876145558,0.06535125895744567,-0.1582693384729469,0.24935388040472117,0.2898060342632367,0.12536484272810838,0.19173673649651063,0.26957995733397894,0.8414492103876905,0.5555145838608347,9.444444444444445,24.23611111111111,9.444444444444445,40.55555555555556,72.43055555555556,10.76388888888889
"Rocker, Kumar",677958,2025,1090,88.08711616191623,-0.12773546221146753,-0.29297124360428334,-1.0140470568968567,-1.2773546221146754,-0.09303184008228042,-0.11718849744171334,0.3982747264961972,-0.012719500875846279,-0.7797382185176502,-0.6198640639995574,0.03653896573359608,-0.0011669266858574568,-0.07153561637776608,-0.05686826275225298,0.38555522562035094,-1.3996022825172076,0.03537203904773862,-0.12840387913001905,0.2517066483155214,0.23152458869487752,0.12652367113999516,0.1739875246493102,0.24161561850519947,0.8497444021053473,0.5456800103052734,9.375,13.819444444444445,9.375,20,46.80555555555556,17.291666666666668
"Estévez, Carlos",608032,2025,1043,88.07970230900187,-0.12230366984300212,-0.29315357105225825,-0.971082762171136,-1.2230366984300212,-0.09310477106147037,-0.11726142842090329,-0.29160084955151433,-0.0055577397292836395,-0.09264419602914131,-0.5812799768611967,-0.027957895450768395,-5.328609519926788e-4,-0.008882473253033683,-0.05573154140567562,-0.29715858928079797,-0.673924172890338,-0.028490756402761067,-0.0646140146587093,0.20398751058350453,0.2629970161183981,0.09717109782306321,0.20043973169314525,0.2334922633509513,0.8511945852418958,0.5423434242964236,9.305555555555555,14.652777777777779,9.305555555555555,14.444444444444443,37.84722222222222,18.819444444444443
"Rea, Colin",607067,2024,2650,88.05629084013125,-0.31135308425538366,-0.29372932476922986,-2.473379422528865,-3.113530842553837,-0.09333507254825904,-0.11749172990769195,1.5588707467618406,-0.9051030779511393,-2.1307559874003346,-0.9963911039392315,0.05882531119856002,-0.034154833130231675,-0.08040588631699376,-0.03759966429959364,0.6537676688107013,-3.127147091339566,0.024670478068328346,-0.11800555061658739,0.27945928625880156,0.2064227933775805,0.13889892417135802,0.15968809935688866,0.24294103981819104,0.8507064882358767,0.5468237640270339,9.23611111111111,2.013888888888889,9.23611111111111,22.22222222222222,47.77777777777778,18.333333333333332
"Cortes, Nestor",641482,2023,1066,88.0437455568405,-0.12537773859614426,-0.29403784849001935,-0.9962674185098876,-1.2537773859614425,-0.09345848203657482,-0.11761513939600773,-1.1740086130971576,0.2715446469874223,-0.5258535442121683,0.43205009181201603,-0.11013214006539941,0.025473231424711286,-0.04932960077037227,0.04053002737448556,-0.9024639661097353,-0.09380345240015231,-0.08465890864068812,-0.008799573395886709,0.12971548506263006,0.28807070199481793,0.12221862493711606,0.10621195097351036,0.20889309352872398,0.8857847120446868,0.5473389027867054,9.166666666666666,14.027777777777779,9.166666666666666,22.916666666666664,17.430555555555554,63.888888888888886
"Parker, Mitchell",680730,2024,2403,87.95829730908447,-0.2846490573731777,-0.29613926068786695,-2.2660060973846043,-2.846490573731777,-0.09429904691571386,-0.11845570427514678,-2.8523418587633387,0.9740158802634369,0.9003371289868483,-1.2880172478715508,-0.11869920344416723,0.04053332835053836,0.03746721302483763,-0.05360038484692262,-1.8783259784999018,-0.38768011888470255,-0.07816587509362886,-0.016133171822085,0.14687524641218488,0.3241677104700265,0.0692199458435866,0.21527278272163555,0.23552147844110571,0.8577536357173889,0.5466375570792473,9.097222222222221,2.9166666666666665,9.097222222222221,21.73611111111111,40.486111111111114,25.27777777777778
"Gomber, Austin",596295,2023,2157,87.90866120174992,-0.25656216646174307,-0.2973599518564477,-2.044562565374463,-2.5656216646174306,-0.09478732338314617,-0.11894398074257909,-1.2543221761470704,0.2852113663002456,0.3113879870300025,-1.3868397425576404,-0.058151236724481706,0.013222594636079998,0.014436160733889775,-0.06429484202863424,-0.96911080984682485,-1.075451755527638,-0.04492864208840171,-0.04985868129474446,0.16724522692481383,0.2562573909084691,0.08896819817519658,0.19742837141235256,0.21175130891664146,0.8568017152062255,0.5342765120614335,9.027777777777777,3.6111111111111107,9.027777777777777,6.25,19.23611111111111,24.23611111111111
"Cisnero, José",542585,2023,986,87.89756512610506,-0.11738639031901003,-0.2976328354944474,-0.9356792616260918,-1.1738639031901004,-0.09489647683834604,-0.11905313419777895,0.1783971545244185,-0.08053684732749389,-0.597303127163741,-0.43623644165927544,0.018093017700245285,-0.008168037254309724,-0.06057841046285406,-0.04424304682142753,0.09786030719692462,-1.0335395688230165,0.00992498044593556,-0.10482145728428159,0.2356084558749403,0.23359991672731034,0.11706116772846244,0.16252509876255847,0.23460418630112534,0.8602068667544895,0.5474055265278075,8.958333333333334,15.555555555555555,8.958333333333334,23.194444444444446,39.44444444444444,27.916666666666668
"Gray, Sonny",543243,2023,2949,87.89741610583081,-0.35109201577885574,-0.29763650032117306,-2.798540332258881,-3.5109201577885574,-0.09489794276903632,-0.11905460012846923,-2.0370245503432898,0.6394709535850325,-1.0144297060523968,-0.3865570294482268,-0.0690750949590807,0.02168433209850907,-0.03439910837749735,-0.013108071530967337,-1.3975535967582573,-1.4009867355006236,-0.04739076286057163,-0.04750717990846468,0.17751082294696352,0.2504930848539396,0.0918336663243175,0.13942348239192828,0.21400195390045157,0.8843714256418771,0.5491866897711644,8.88888888888889,1.25,8.88888888888889,27.430555555555557,20.97222222222222,62.083333333333336
"Jameson, Drey",686753,2023,673,87.88741233739765,-0.0801899746692432,-0.2978825210595958,-0.6393254426634485,-0.801899746692432,-0.09499635106440542,-0.11915300842383833,-0.07569391931122027,-0.14180092714923376,-0.4134207843717377,-0.008409811831256775,-0.011247239124995582,-0.02106997431637946,-0.061429537053750025,-0.001249600569280353,-0.21749484646045403,-0.42183059620299446,-0.03231721344137504,-0.06267913762303037,0.20998867562558535,0.21008650679512944,0.1284079714654432,0.14045256120443378,0.2100375912103574,0.8655697336650615,0.5378036624377095,8.819444444444445,23.61111111111111,8.819444444444445,9.23611111111111,17.77777777777778,35.208333333333336
"Nicolas, Kyle",693312,2024,925,87.85612792420429,-0.11050120025111472,-0.29865189257058034,-0.8815629219363927,-1.1050120025111472,-0.09530409966879921,-0.11946075702823213,-0.8827660560382355,-0.4137160026773472,0.6676789033936075,-0.25275976661441746,-0.09543416822034978,-0.044726054343496996,0.07218150306957918,-0.027325380174531618,-1.2964820587155828,0.41491913677919,-0.14016022256384678,0.04485612289504757,0.15470360285652343,0.2272718197697146,0.05006936477602978,0.16057786439464541,0.19098771131311904,0.8946763854146624,0.5428320483638908,8.75,16.73611111111111,8.75,15.138888888888888,9.027777777777777,74.375
"Cortes, Nestor",641482,2024,2866,87.85483931868949,-0.34241085954693995,-0.298683582996284,-2.7317787955480526,-3.4241085954693995,-0.09531677583908069,-0.1194734331985136,-2.708985422332489,0.8674528372553141,-1.901778548851098,1.0115323383802206,-0.09452147321467164,0.03026702153717076,-0.0663565439236252,0.03529421976204538,-1.841532585077175,-0.8902462104708775,-0.06425445167750088,-0.031062324161579818,0.1451329845717196,0.29868358089179864,0.12933165453201123,0.10975786975532048,0.2219082827317591,0.8804552378563342,0.5511817602940466,8.680555555555555,1.3194444444444444,8.680555555555555,31.041666666666668,27.916666666666668,56.59722222222222
"Vieira, Thyago",600986,2024,737,87.71366577327967,-0.08907542272152952,-0.3021554366401951,-0.7127196624762746,-0.8907542272152952,-0.09670551729664513,-0.12086217465607804,0.2769062152203787,-0.1722466432465808,-0.4111587441939264,-0.40622049025614615,0.03757207804889806,-0.02337132201446144,-0.05578816067760195,-0.0551181126534798,0.10465957197379794,-0.8173792344500725,0.014200756034436627,-0.11090627333108175,0.2501226329752269,0.22712556947836074,0.12930742373609572,0.17043988740793714,0.23862410122679384,0.8501263444279836,0.5443752228273887,8.61111111111111,20.90277777777778,8.61111111111111,18.333333333333332,43.611111111111114,17.916666666666668
"Holmes, Clay",605280,2023,1022,87.68347900245121,-0.12382462638168354,-0.30289781404521415,-0.9913652256034311,-1.2382462638168354,-0.09700246825865275,-0.12115912561808566,-0.3240925394950409,-1.081444936517073,-0.8190730231222005,1.2332452735308834,-0.031711598776422795,-0.10581652999188582,-0.08014413142095896,0.12066979193061482,-1.405537476012114,0.4141722504086829,-0.1375281287683086,0.04052566050965586,0.21775230911659307,0.16572652308837257,0.1487559319342953,0.0588149048526177,0.19173941610248282,0.8962145816065435,0.5439769988545132,8.541666666666666,14.23611111111111,8.541666666666666,17.77777777777778,9.375,75.34722222222221
"Miller, Erik",669062,2024,1264,87.5877524680205,-0.15433541026736977,-0.30525199815539905,-1.2380139536504657,-1.5433541026736977,-0.09794414190272673,-0.12210079926215964,-0.20385579304752355,-1.5343953219754667,1.4707871749951664,-0.9705500136226419,-0.01612783172844332,-0.1213920349664135,0.11635974485721254,-0.07678402006508243,-1.7382511150229902,0.5002371613725245,-0.13751986669485683,0.0395757247921301,0.18699340772493905,0.1805209561550176,0.03932761462022359,0.2059888562496193,0.1837571819399783,0.8773417645650785,0.5305494732525284,8.472222222222223,9.791666666666666,8.472222222222223,3.680555555555556,6.805555555555555,51.94444444444445
"Bird, Jake",656234,2024,684,87.58739888334635,-0.0835193258222486,-0.3052606937947683,-0.6699617218839649,-0.8351932582224859,-0.09794762015847439,-0.1221042775179073,0.17625151586162247,-0.4966702235235516,-0.6547433523883228,0.3052003381662871,0.02576776547684539,-0.07261260577829702,-0.09572271233747409,0.04461993248045133,-0.32041870766192915,-0.3495430142220357,-0.046844840301451626,-0.051102779857022766,0.2507367249768482,0.17532159900301053,0.16576985470559608,0.09191334942798579,0.21302916198992936,0.871158397933209,0.5420937799615692,8.402777777777779,22.5,8.402777777777779,14.027777777777779,20.416666666666668,42.986111111111114
"Burnes, Corbin",669203,2024,3078,87.47523465556475,-0.3792331490540946,-0.3080191269120326,-3.048789577017601,-3.792331490540946,-0.09905099340538014,-0.12320765076481305,-2.5106620791066234,1.0077759975877143,-0.24255910532122016,-1.3033443901774717,-0.0815679687818916,0.03274126048043256,-0.007880412778467192,-0.04234387232545392,-1.5028860815189091,-1.5459034954986919,-0.048826708301459035,-0.050224285103921115,0.16844167605996838,0.26356391344509617,0.09062105187306621,0.18730201625782233,0.21600279475253226,0.8610384659345558,0.538520630343544,8.333333333333332,0.8333333333333334,8.333333333333332,9.86111111111111,22.291666666666668,29.097222222222225
"Lugo, Seth",607625,2023,2359,87.47311902641246,-0.29069594296180634,-0.30807115616978203,-2.337103882509041,-2.9069594296180634,-0.09907180510847989,-0.1232284624679128,-2.916674724866766,-0.6473139470269871,0.8743836553425126,0.35250113404219974,-0.12364030202911261,-0.027440184274141036,0.03706586076059824,0.014942820434175486,-3.5639886718937532,1.2268847893847123,-0.15108048630325363,0.05200868119477373,0.12683781267435296,0.197734816449652,0.07421839896832941,0.12011641971901778,0.1622863145620025,0.9028325906563264,0.5325594526091644,8.26388888888889,2.7777777777777777,8.26388888888889,5,2.083333333333333,81.45833333333333
"Skubal, Tarik",669373,2024,3161,87.45604087146125,-0.39005621755141984,-0.30849115592488124,-3.136970236382524,-3.900562175514198,-0.09923980501051959,-0.1233964623699525,1.6904786169570798,-0.19243057994299306,-1.8534325493950519,-2.781585724001559,0.05347923495593419,-0.006087648843498673,-0.05863437359680645,-0.08799701752614865,1.4980480370140867,-4.635018273396611,0.04739158611243552,-0.1466313911229551,0.25631719238307576,0.2419866807563012,0.12013782728834313,0.2377395771454023,0.24915193656968848,0.8210612977831273,0.5351066171764078,8.194444444444445,0.7638888888888888,8.194444444444445,7.013888888888889,53.05555555555556,2.2916666666666665
"Coulombe, Danny",543056,2025,706,87.45483154933154,-0.08712630118562392,-0.3085208965496598,-0.7007170108986429,-0.8712630118562392,-0.09925170126043101,-0.12340835861986392,-0.22386720719100595,0.36814259191100973,-0.42855079610581015,-0.41644159951283655,-0.03170923614603484,0.05214484304688523,-0.06070124590733855,-0.05898606225394285,0.14427538472000379,-0.8449923956186467,0.020435606900850396,-0.1196873081612814,0.20156811643109998,0.27038249329653175,0.11924498121213466,0.19661764564237227,0.23597530486381585,0.8420686865727465,0.5390219957182811,8.125,21.52777777777778,8.125,10.416666666666668,40.833333333333336,10.972222222222221
"Burnes, Corbin",669203,2025,1009,87.39683798831918,-0.12509465801821645,-0.3099471209569288,-1.0072059074254867,-1.2509465801821646,-0.09982219102333861,-0.12397884838277153,-1.1261664762987493,0.5552051174590815,0.023041343790282554,-0.4592858923761014,-0.11161213838441518,0.05502528418821422,0.002283582139770322,-0.04551891896690797,-0.5709613588396678,-0.43624454858581885,-0.05658685419620098,-0.04323533682713765,0.16705410935216777,0.28668013098174466,0.10463584508329259,0.1851363911853799,0.2268671201669562,0.8551138818656637,0.54099050101631,8.055555555555555,14.097222222222221,8.055555555555555,12.63888888888889,32.083333333333336,22.430555555555557
"Woodruff, Brandon",605540,2025,964,87.35600965866027,-0.11990278432255844,-0.3109512041560126,-0.966157666280651,-1.1990278432255843,-0.10022382430297211,-0.12438048166240502,0.5082256717078053,0.29499565548758255,-1.1428741640843327,-0.6265048293917062,0.05272050536388022,0.03060120907547537,-0.1185554112120677,-0.06499012753025998,0.8032213271953879,-1.7693789934760389,0.08332171443935558,-0.18354553874232768,0.2644300364507671,0.3172745131333216,0.18321141599460286,0.19607505751806867,0.29085227479204434,0.8103567632436642,0.5506045190178543,7.986111111111111,15.138888888888888,7.986111111111111,30.138888888888886,87.63888888888889,1.25
"Feltner, Ryan",663372,2024,2718,87.3320546884965,-0.3387066403560407,-0.31154032409496013,-2.7304884565310203,-3.387066403560407,-0.10045947227855115,-0.12461612963798406,0.058099901598552606,0.8040268857141655,-1.7620579610729692,-1.8305572827707692,0.002137597556973974,0.029581563124141484,-0.06482921122417104,-0.06734942173549556,0.8621267873127181,-3.5926152438437384,0.03171916068111546,-0.13217863295966661,0.22385790307735756,0.2791470967447858,0.13118471787393782,0.19803207053712094,0.2515024999110717,0.8353916057944706,0.5434470528527712,7.916666666666666,1.4583333333333333,7.916666666666666,16.59722222222222,56.111111111111114,6.805555555555555
"Muñoz, Roddery",682610,2024,1485,87.32935759076116,-0.1850943520583517,-0.3116066532968884,-1.4922171587959383,-1.850943520583517,-0.10048600395932246,-0.12464266131875537,0.3993399158844113,-0.136578615650933,-0.9621409496976412,-0.7928375093317754,0.026891576827233084,-0.009197213175147002,-0.0647906363432755,-0.053389731268133025,0.2627613002334783,-1.7549784590294166,0.017694363652086084,-0.11818036761140852,0.2512333315156192,0.2332582844848431,0.12965169643101138,0.17820281727910797,0.24224580800023116,0.8460727431449403,0.5441592755725857,7.847222222222222,6.736111111111111,7.847222222222222,17.98611111111111,47.36111111111111,14.51388888888889
"Suter, Brent",608718,2023,1086,87.24840782662888,-0.13622672583296053,-0.31359743515874894,-1.0999259594061641,-1.3622672583296054,-0.10128231670406668,-0.12543897406349958,-0.35860289697734515,0.2693686733055074,-0.8432463128933705,-0.16744542284095587,-0.03302052458354928,0.024803745239917806,-0.0776469901375111,-0.015418547222924113,-0.08923422367183775,-1.0106917357343264,-0.00821677934363147,-0.0930655373604352,0.2125770801800119,0.3160176008607795,0.1635261489632506,0.14767218144763644,0.2642973405203957,0.8444008347945564,0.554349087657476,7.777777777777778,12.5,7.777777777777778,38.05555555555556,68.26388888888889,12.708333333333332
"Bradley, Taj",671737,2023,1818,87.19335962024907,-0.22903253084205338,-0.31495122503032646,-1.8511572776260437,-2.2903253084205337,-0.10182383265269768,-0.12598049001213057,-2.352205304315248,0.933835588281454,0.5385736761639919,-0.9713612377562413,-0.1293842301603547,0.05136609396487646,0.0296245146404836,-0.05343021109770304,-1.4183697160337942,-0.4327875615922494,-0.07801813619547823,-0.023805696457219437,0.13996755887323264,0.30791449182620473,0.07645659542654415,0.21473781633011574,0.2239410253497187,0.8544027941216701,0.5391719097356944,7.708333333333334,4.513888888888888,7.708333333333334,10.625,29.305555555555557,21.52777777777778
"Anderson, Nick",623433,2024,572,87.1853555690495,-0.07210587775484889,-0.3151480671103536,-0.5828826974525327,-0.7210587775484889,-0.10190256948470852,-0.12605922684414142,-0.40853613872059213,0.002903811573105486,0.19425082449015463,-0.3715011947952007,-0.0714224018742294,5.076593659275325e-4,0.03395993435142563,-0.0649477613278323,-0.40563232714748665,-0.1772503703050461,-0.07091474250830186,-0.03098782697640666,0.16058788886921355,0.2640544844944175,0.07363760547902379,0.22671319831929218,0.21232118668181552,0.849824598100842,0.5310728923913287,7.638888888888889,26.38888888888889,7.638888888888889,4.166666666666666,19.65277777777778,17.569444444444443
"Fried, Max",608331,2023,1308,87.16817272822281,-0.1651065595725804,-0.31557064138490143,-1.3350965174644216,-1.651065595725804,-0.10207159919452766,-0.12622825655396055,-1.604495396806783,0.4804073988941582,0.2604113186980612,-0.471419838249858,-0.12266784379256751,0.036728394410868365,0.019909122224622416,-0.03604127203745092,-1.1240879979126248,-0.21100851955179678,-0.08593944938169915,-0.0161321498128285,0.1430893689862053,0.26831940966895756,0.09031791177086437,0.1642429412429412,0.20570438932758145,0.8727195734930973,0.5392119814103393,7.569444444444444,8.680555555555555,7.569444444444444,10.694444444444445,15.48611111111111,45.416666666666664
"Blalock, Bradley",687134,2024,552,87.15671327935863,-0.06974022347492631,-0.31585246139006473,-0.5640574861251935,-0.6974022347492631,-0.10218432719659301,-0.1263409845560259,-0.4662234050092593,0.2057993032367449,0.023857606563069567,-0.3274909909157486,-0.08446076177703973,0.0372824824704248,0.004322030174469124,-0.05932807806444722,-0.2604241017725144,-0.30363338435267906,-0.04717827930661493,-0.055006047889978094,0.15853865897492578,0.3007774404749445,0.08480358075353343,0.216734718476305,0.22965804972493514,0.8492308503850807,0.539444450055008,7.5,27.22222222222222,7.5,11.041666666666666,34.93055555555556,16.666666666666664
"Bellozo, Valente",678368,2024,1094,87.11002894588819,-0.13871944512428172,-0.31700056015603684,-1.1229206197306212,-1.3871944512428172,-0.10264356670298183,-0.12680022406241473,-0.13460014276961374,-0.45118091528456716,-0.05691662447247836,-0.4802229372039619,-0.012303486542012226,-0.04124139993460395,-0.005202616496570234,-0.043896063729795425,-0.5857810580541809,-0.5371395616764403,-0.05354488647661617,-0.049098680226365654,0.20637049947619598,0.21462153178959767,0.09431416437008186,0.16735248806542907,0.21049601563289683,0.8691666737822445,0.5398313447075707,7.430555555555555,12.01388888888889,7.430555555555555,11.38888888888889,17.916666666666668,39.861111111111114
"Fisher, Braydon",680755,2025,965,87.07257448486139,-0.12271776479666482,-0.31792167045768094,-0.9940659044481208,-1.2271776479666483,-0.10301201082363948,-0.12716866818307238,-1.1885325877751711,0.36435748023995984,0.5591122139641129,-0.7290030108770225,-0.12316399873317835,0.03775725183833781,0.057939089529959895,-0.0755443534587588,-0.8241751075352113,-0.16989079691290954,-0.08540674689484055,-0.017605263928798916,0.1371029531366234,0.35787183587700944,0.05692182341948049,0.26837473367812065,0.24748739450681642,0.8373517214511994,0.5424195579790079,7.361111111111112,14.51388888888889,7.361111111111112,14.652777777777779,51.59722222222223,7.916666666666666
"King, Michael",650633,2025,1238,87.04765562178984,-0.1577382820369623,-0.3185344952281145,-1.2783234022598435,-1.577382820369623,-0.10325714073181289,-0.12741379809124578,0.7360518706160519,-1.1850534642694583,-0.8825998850559245,0.053278076449487344,0.05945491685105427,-0.0957232200540758,-0.07129239782358034,0.004303560294788962,-0.4490015936534064,-0.8293218086064371,-0.03626830320302152,-0.06698883752879137,0.27483283072817344,0.1675392969179299,0.1408413018065606,0.14773744107847217,0.22118606382305167,0.8557106285574836,0.5384483461902676,7.291666666666667,9.23611111111111,7.291666666666667,9.722222222222223,27.013888888888886,23.055555555555557
"Assad, Javier",665871,2024,2538,87.03461165089375,-0.32370188337930383,-0.3188552830765404,-2.623922870010631,-3.237018833793038,-0.10338545587118325,-0.12754211323061615,-0.5619867021896425,-0.8279925347101198,-1.3974920606621595,0.16354842755129084,-0.022142896067361802,-0.032623819334520084,-0.055062728946499585,0.006443988477198221,-1.3899792368997623,-1.2339436331108686,-0.05476671540188189,-0.04861874046930136,0.2157143382184256,0.21284147151753735,0.130557351918879,0.13380917846558732,0.21427790486798148,0.8678167348077668,0.5410473198378741,7.222222222222221,1.7361111111111112,7.222222222222221,12.847222222222221,21.25,38.19444444444444
"Coulombe, Danny",543056,2023,831,87.02498132026619,-0.10606622066519053,-0.31909211993137937,-0.8599203839950178,-1.0606622066519054,-0.10348019061311886,-0.12763684797255176,-0.4682954110554647,0.4125869073304784,-0.3187557418787037,-0.48545613839132784,-0.056353238394159406,0.04964944733218754,-0.038358091682154476,-0.05841830786899252,-0.05570850372498626,-0.8042118802700315,-0.006703791061971873,-0.096776399551147,0.18305239681558133,0.26191263418318117,0.1059419888651634,0.18479433918568947,0.22248251549938125,0.8546318359745736,0.5385571757369774,7.152777777777778,17.63888888888889,7.152777777777778,9.930555555555555,28.26388888888889,21.875
"Sims, Lucas",608371,2024,885,87.00170406633504,-0.1131612588159296,-0.31966457292635486,-0.9178261705283148,-1.131612588159296,-0.10370917181110903,-0.12786582917054193,-0.17358788017406823,-0.5173469791542402,-0.264187568340958,0.03729625714095164,-0.019614449737182852,-0.058457285780140145,-0.029851702637396386,0.004214266343610355,-0.6909348593283084,-0.22689131120000638,-0.078071735517323,-0.025637436293786033,0.19048326613554414,0.18690804378221723,0.09622309407043922,0.1264789639475758,0.1886956549588807,0.8886489709909925,0.5386723129749366,7.083333333333333,16.25,7.083333333333333,10.069444444444445,8.333333333333332,68.26388888888889
"McKenzie, Triston",663474,2024,1382,86.99128257788284,-0.1768522550411425,-0.3199208665722549,-1.4346775457040621,-1.7685225504114248,-0.10381168926946904,-0.12796834662890194,-2.7796982358490823,0.855473806372629,0.9026161018650782,-0.41306921809268715,-0.20113590708025195,0.06190114373173872,0.06531230838386962,-0.029889234304825405,-1.9242244294764532,0.4895468837723911,-0.13923476334851326,0.035423074079044214,0.10939372152070792,0.3654899338229319,0.06063264530783806,0.20500785757016743,0.2374418276718199,0.8671797485609972,0.5523107881164085,7.013888888888889,7.5,7.013888888888889,34.583333333333336,42.01388888888889,37.15277777777778
"Diekman, Jake",518617,2024,607,86.96659794733027,-0.07782418162439975,-0.3205279309077419,-0.6316109060722397,-0.7782418162439975,-0.10405451500366386,-0.12821117236309676,0.022811752868619806,-0.5969827909457308,-0.41610501170362113,0.35866514370849245,0.0037581141463953554,-0.09834971844245977,-0.06855107276830662,0.05908816206070716,-0.574171038077111,-0.05743986799512868,-0.09459160429606442,-0.009462910707599453,0.23108422721863817,0.15757277811874684,0.1561783667361466,0.11318733842778922,0.1943285026686925,0.8653171474180321,0.5298228250433623,6.944444444444445,24.444444444444443,6.944444444444445,3.3333333333333335,10.277777777777777,34.513888888888886
"Fried, Max",608331,2025,3262,86.93909874163782,-0.41910725783247316,-0.3212042135442008,-3.4030824152600303,-4.191072578324731,-0.10432502805824741,-0.12848168541768032,-2.5775005045511534,0.35294770936070563,-0.555303883890474,-0.6232257361791085,-0.07901595660794461,0.010819978827734692,-0.01702341765452097,-0.019105632623516507,-2.224552795190448,-1.1785296200695825,-0.06819597778020993,-0.03612905027803748,0.1678884980058316,0.22774581422478016,0.10767533500419428,0.15119996830915342,0.19781715611530587,0.8705623483433261,0.534189752229316,6.875000000000001,0.4861111111111111,6.875000000000001,6.041666666666667,11.944444444444445,41.66666666666667
"Sánchez, Sixto",664350,2024,651,86.93385994759804,-0.08367512626967988,-0.32133305019078295,-0.6794914232868905,-0.8367512626967988,-0.10437656271688027,-0.12853322007631318,0.07979626659835048,-0.1604124204686741,-0.5687869040702935,-0.03008836534627335,0.012257491028932487,-0.024640924803175746,-0.08737126022585154,-0.00462186871678546,-0.08061615387032361,-0.5988752694165669,-0.012383433774243259,-0.091993128942637,0.2331877672426238,0.2184773823306043,0.15976883140426384,0.13580480621796276,0.22583257478661406,0.8522131811888867,0.5390228779877504,6.805555555555555,22.36111111111111,6.805555555555555,10.48611111111111,31.319444444444443,20
"Montero, Keider",672456,2024,1570,86.91569327597655,-0.20207772672475627,-0.3217798196254081,-1.6415177467044657,-2.0207772672475626,-0.10455527049073031,-0.12871192785016322,-1.2565335448612132,-0.7795360190752945,0.2440111558385354,0.15054066139350653,-0.08003398374912186,-0.0496519757372799,0.015542111836849387,0.009588577158822073,-2.0360695639365076,0.3945518172320419,-0.12968595948640177,0.025130688995671457,0.16028747046956066,0.20173621709000922,0.07457432860146707,0.1263906788246266,0.18101184377978494,0.8995174962869532,0.5402646700333691,6.736111111111111,5.833333333333333,6.736111111111111,11.944444444444445,5.972222222222222,78.95833333333333
"Manning, Matt",666159,2024,515,86.81338815302148,-0.06680493267578827,-0.32429578968829254,-0.5436425413568031,-0.6680493267578826,-0.1055616585158841,-0.12971831587531701,-0.33635791145024996,0.09993893052615022,-0.1447559740699944,-0.16246758636270897,-0.06531221581558251,0.019405617577893247,-0.028107956130096003,-0.03154710414809883,-0.23641898092409974,-0.3072235604327034,-0.04590659823768927,-0.05965506027819483,0.18049018931516905,0.2413339930076882,0.10511414381350527,0.16866339045535622,0.21091209116142862,0.8631112328655692,0.5370116620134989,6.666666666666667,28.194444444444443,6.666666666666667,8.61111111111111,18.26388888888889,31.458333333333332
"Medina, Luis",665622,2023,1882,86.8038581128423,-0.2443063045380122,-0.32453016011956987,-1.9884347538755947,-2.443063045380122,-0.10565540668839503,-0.12981206404782794,-1.7958004694910414,0.7133726347985885,-0.3524021785908644,-0.5536047405922773,-0.09541979115255268,0.0379050284165031,-0.018724876652011925,-0.02941576730033354,-1.082427834692453,-0.9060069191831417,-0.05751476273604957,-0.04814064395234546,0.16817965224284454,0.2665924700880314,0.09151928146209623,0.15672329416861033,0.21738606116543796,0.8758787121846467,0.5466323866750423,6.597222222222222,3.888888888888889,6.597222222222222,21.666666666666668,23.61111111111111,49.65277777777778
"Manning, Matt",666159,2023,1180,86.73699832659983,-0.15395433090605812,-0.3261744298857164,-1.2544947522192729,-1.5395433090605812,-0.10631311459485364,-0.13046977195428655,-1.6229909476311946,0.007444925055324347,0.4747319725296393,-0.11368070217304194,-0.13754160573145716,6.309258521461312e-4,0.04023152309573214,-0.00963395781127474,-1.6155460225758702,0.36105127035659734,-0.13691067987931105,0.030597565284457402,0.1252102762035254,0.25684603793810457,0.07324040152081512,0.15298315037813967,0.191028157070815,0.8868882240505226,0.5389581905606688,6.527777777777779,10,6.527777777777779,10.277777777777777,9.097222222222221,66.04166666666667
"Cabrera, Edward",665795,2023,1791,86.65126452195351,-0.23518184429173247,-0.32828286472882817,-1.9191727096098816,-2.351818442917325,-0.10715648853209835,-0.13131314589153126,-1.6483065197721771,-0.23690603144370925,-0.34529330898567423,0.311333150591679,-0.09203274817265086,-0.013227584111876562,-0.01927935840232687,0.017383202154755945,-1.8852125512158864,-0.03396015839399524,-0.10526033228452744,-0.0018961562475709238,0.18589510715509683,0.22856117808829532,0.09805755551871562,0.12417264221520344,0.2072281426216961,0.8888849011330404,0.5480565218773683,6.458333333333334,4.305555555555555,6.458333333333334,24.305555555555554,16.38888888888889,68.75
"Bradley, Taj",671737,2025,2272,86.62230848391039,-0.29899063324452424,-0.32899497496096414,-2.4410670772389267,-2.9899063324452424,-0.10744133262495276,-0.13159798998438565,-2.000375610293304,1.23086303111063,-0.45410628612489745,-1.2174482119313552,-0.0880447011572757,0.05417530946789745,-0.019987072452680346,-0.05358486848289415,-0.769512579182674,-1.6715544980562527,-0.033869391689378255,-0.0735719409355745,0.17080489576767988,0.30120177078974103,0.10273619680179542,0.1973862463960709,0.23600333327871045,0.8499387784010668,0.5429710558398886,6.388888888888888,2.5,6.388888888888888,15.416666666666668,40.90277777777778,17.63888888888889
"Wilson, Bryse",669060,2024,1607,86.59719615139119,-0.2118749520818662,-0.3296125576880308,-1.7305520370525755,-2.118749520818662,-0.10768836571577944,-0.13184502307521234,0.11298306650542145,-0.4917260792201432,-1.5172246433066903,0.1654156189688365,0.007030682420996979,-0.0305990092856343,-0.09441348122630307,0.01029344237516095,-0.37874301271472177,-1.3518090243378538,-0.023568326864637324,-0.08412003885114211,0.2351298205558146,0.20040388674530787,0.16843419680332214,0.1354255648392331,0.21776685365056125,0.8480701191787223,0.5329184864146418,6.319444444444445,5.208333333333334,6.319444444444445,5.138888888888888,23.680555555555554,15.76388888888889
"Stephenson, Robert",596112,2023,758,86.53881273531438,-0.10037386570072573,-0.3310483697253487,-0.8206311942227558,-1.0037386570072573,-0.10826269053070656,-0.13241934789013945,0.051409327257601944,0.41480729966224317,-0.7706094348832266,-0.5162383862593742,0.006782233147440891,0.0547239181612458,-0.10166351383683729,-0.06810532800255596,0.4662166269198451,-1.2868478211426009,0.06150615130868669,-0.16976884183939325,0.21241269932418333,0.3037827460623238,0.12165487662115636,0.2207449491613401,0.2580977226932536,0.8288000871087517,0.5434489049010027,6.25,18.680555555555557,6.25,16.666666666666664,62.84722222222222,4.236111111111112
"Ramírez, Yohan",670990,2025,604,86.45947909799821,-0.08045265660885696,-0.3329994064936133,-0.6586203556375949,-0.8045265660885697,-0.10904310523801242,-0.13319976259744531,-0.19804157468570338,-0.9001820043163207,0.1813908656181411,0.25821235774628803,-0.03278834017975222,-0.14903675568151004,0.030031600267904156,0.042750390355345703,-1.098223579002024,0.43960322336442914,-0.18182509586126228,0.07278199062324986,0.19090310354549242,0.13068747796238758,0.0662349466945631,0.10600518481499474,0.16079529075394,0.9138799342452211,0.5373376124995806,6.180555555555555,23.541666666666668,6.180555555555555,8.819444444444445,1.9444444444444444,88.61111111111111
"Thornton, Trent",663423,2025,634,86.37739422421902,-0.08496059114575456,-0.3350181038870448,-0.6964527037987409,-0.8496059114575456,-0.109850584195385,-0.1340072415548179,-0.7187370672679663,0.1519029299088288,0.0034698033705353737,-0.13308836981013883,-0.11336546802333852,0.023959452667007698,5.472875978762419e-4,-0.020991856436930415,-0.5668341373591375,-0.12961856643960346,-0.08940601535633083,-0.020444568839054173,0.14158780087354159,0.26757433357345756,0.09314445788519075,0.14972021874292482,0.20458106722349956,0.8785676616859422,0.5415743644547208,6.111111111111111,22.15277777777778,6.111111111111111,13.402777777777777,14.86111111111111,53.81944444444444
"Sasaki, Roki",808963,2025,731,86.26430691308076,-0.09877249725389432,-0.33779923821441277,-0.8111398072414886,-0.9877249725389432,-0.11096303792633222,-0.13511969528576512,-0.35304398413973104,-0.7124568807098512,0.6846940704963345,-0.4303330128882408,-0.04829603066206991,-0.09746332157453505,0.09366539952070238,-0.058869085210429654,-1.0655008648495823,0.2543610576080937,-0.14575935223660497,0.03479631431027273,0.16037223284845023,0.17925483011603324,0.048301775716027395,0.19164589430014636,0.16981353148224174,0.8800261649919131,0.5249198482370774,6.041666666666667,18.958333333333332,6.041666666666667,1.597222222222222,3.4722222222222223,55.69444444444444
"Bassitt, Chris",605135,2023,3123,86.23083719330256,-0.4230070428013904,-0.3386223525467422,-3.475658018678814,-4.230070428013904,-0.111292283659264,-0.1354489410186969,-2.0274617724223845,-1.6851916745799826,-0.8769742844774555,1.1139697128010084,-0.06492032572598093,-0.05396066841434463,-0.028081149038663322,0.03566985951972489,-3.712653447002367,0.23699542832355291,-0.11888099414032556,0.007588710481061573,0.1814989666854737,0.16689817205440105,0.11522161933908107,0.12167223843930486,0.17419856936993738,0.881553071110807,0.5278758202403722,5.972222222222222,0.4166666666666667,5.972222222222222,2.638888888888889,4.375,58.47222222222223
"Ottavino, Adam",493603,2024,1013,86.20412455260345,-0.13747596885208244,-0.3392792913427503,-1.130052749469769,-1.3747596885208244,-0.11155505917766723,-0.13571171653710012,-0.060037077406150274,-1.4002357910435421,-0.8906565741149279,1.2208766930948514,-0.005926661145720659,-0.1382266328769538,-0.08792266279515577,0.12052089764016302,-1.4602728684496924,0.3302201189799234,-0.14415329402267446,0.03259823484500725,0.2070708249915749,0.12478849602250372,0.14991081910286702,0.08508916293408923,0.1659296605070393,0.8825000089815218,0.5242148347442805,5.902777777777778,12.222222222222221,5.902777777777778,1.3194444444444444,2.7777777777777777,59.791666666666664
"Newcomb, Sean",656794,2025,1546,86.18734914010503,-0.21006543744975578,-0.33969184581137746,-1.7271924517207253,-2.100654374497558,-0.11172008096511808,-0.135876738324551,-1.128841303317472,-0.37341597590193487,-0.7674194738001461,0.5424843012988276,-0.0730169018963436,-0.02415368537528686,-0.049639034527823166,0.035089540834335554,-1.5022572792194069,-0.22493517250131845,-0.09717058727163046,-0.01454949369348761,0.16360413326365145,0.18785607800438814,0.12177585387074585,0.12221413260458402,0.1757301056340198,0.8780050067623351,0.5268675561981775,5.833333333333333,5.277777777777778,5.833333333333333,2.2916666666666665,4.791666666666667,52.77777777777778
"Lee, Chase",695445,2025,580,86.18572938068793,-0.07881774981587146,-0.3397316802408253,-0.6480688854740038,-0.7881774981587146,-0.1117360147368972,-0.1358926720963301,0.190922445817705,-0.737830408823811,-0.6406237497503753,0.5394628272824775,0.03291766307201811,-0.1272121394523812,-0.11045237064661642,0.09301083229008233,-0.546907963006106,-0.10116092246789776,-0.0942944763803631,-0.017441538356534097,0.4721699250080217,0.1517741127498001,0.1972018968520984,0.10400856455114839,0.3119720188789109,0.8493947692983765,0.5806833940886438,5.763888888888889,23.88888888888889,5.763888888888889,86.11111111111111,96.11111111111111,16.805555555555557
"Woodford, Jake",663765,2024,547,86.16694462275422,-0.07443437065333341,-0.3401936501523465,-0.6122067907772362,-0.7443437065333341,-0.11192080270150569,-0.1360774600609386,0.12210166674799439,-0.5797097293734623,-0.33438569044210453,0.1797869622903363,0.022322059734551074,-0.10597984083609915,-0.06113083920330979,0.03286781760335216,-0.45760806262546794,-0.15459872815176823,-0.08365778110154808,-0.028263021599957628,0.26556687568510856,0.15678500880963944,0.14937198921806155,0.11138004745753555,0.21117594224737402,0.8696239816622015,0.5403999619547877,5.694444444444445,25.763888888888886,5.694444444444445,12.083333333333334,18.47222222222222,40.486111111111114
"Thompson, Zack",668868,2023,1168,86.09053281287461,-0.15981642663604806,-0.342072830984692,-1.3160145084023043,-1.5981642663604807,-0.11267247503444387,-0.13682913239387678,-2.1111440994186523,-0.137531038968973,1.3393814807293438,-0.40672085074402275,-0.1807486386488572,-0.011774917719946319,0.11467307198025205,-0.03482199064589236,-2.2486751383876253,0.9326606299853211,-0.19252355636880356,0.07985108133435968,0.08668266558717928,0.2645620474434558,0.04790476180260477,0.19393469024808418,0.17562235651531755,0.8790802739746555,0.5273513152449865,5.625,8.958333333333334,5.625,2.5,4.722222222222222,54.65277777777777
"Bassitt, Chris",605135,2024,3032,86.023865856181,-0.41685434842653263,-0.34371235853111193,-3.43611363312732,-4.168543484265326,-0.11332828605301187,-0.13748494341244477,-2.120312066434508,-1.9391031689216334,-0.6911537368023346,1.3144553390311557,-0.06993113675575553,-0.06395459000401166,-0.022795307942029504,0.04335274864878482,-4.059415235356141,0.6233016022288211,-0.13388572675976718,0.020557440706755314,0.1758921923331035,0.1676192085110886,0.11365467627012976,0.11402271824491339,0.17175570042209604,0.8861613027424784,0.5289585015822872,5.555555555555555,0.625,5.555555555555555,2.986111111111111,4.236111111111112,64.44444444444444
"Harris, Hogan",663687,2024,1213,86.01903030651113,-0.16682693621517297,-0.3438312782670506,-1.3752491083818086,-1.6682693621517297,-0.11337585394738735,-0.13753251130682026,-1.695520842450378,-0.8467812506858081,1.255185836855162,-0.08813285210078448,-0.13977912963317213,-0.06980884177129498,0.10347781012820792,-0.007265692671128151,-2.542302093136186,1.1670529847543776,-0.2095879714044671,0.09621211745707976,0.09609821003169638,0.17311635648826557,0.04392749513483456,0.1366243364275095,0.13460728325998098,0.909724084218828,0.5221656837394045,5.486111111111111,8.333333333333332,5.486111111111111,0.9722222222222222,0.625,85.76388888888889
"Harris, Hogan",663687,2025,1125,86.0127867301517,-0.1547931713987253,-0.3439848253305006,-1.2761693186936327,-1.547931713987253,-0.11343727277276736,-0.13759393013220025,-1.8832774181116747,0.054630558766120885,0.651135104038076,-0.09865756338615483,-0.1674024371654822,0.004856049668099634,0.057878675914495636,-0.00876956118988043,-1.8286468593455538,0.5524775406519211,-0.16254638749738257,0.04910911472461522,0.09109896534839124,0.24355034627496264,0.06635404136024564,0.13070010486952366,0.16732465581167694,0.9014729268851154,0.5343987913483962,5.416666666666667,9.652777777777779,5.416666666666667,6.458333333333334,2.986111111111111,80.48611111111111
"Falter, Bailey",663559,2025,1951,85.99168202732372,-0.26885080391350985,-0.3445038491972191,-2.217211654052562,-2.6885080391350984,-0.11364488231945474,-0.13780153967888764,-1.0867350430146416,1.0768335433974698,-1.0062738051151427,-1.2010363493202476,-0.05570143736620409,0.055193928416067135,-0.051577334962334326,-0.06156003840698347,-0.009901499617171794,-2.2073101544353904,-5.075089501369449e-4,-0.1131373733693178,0.18666833033061997,0.3934550216791618,0.11233882001012117,0.21244181268188958,0.29006167600489086,0.8376096836539946,0.5638356798294427,5.347222222222222,3.3333333333333335,5.347222222222222,59.583333333333336,87.22222222222223,8.194444444444445
"Shaw, Bryan",543766,2023,773,85.9689711779333,-0.10669328564350553,-0.3450623727150891,-0.880201895046639,-1.0669328564350553,-0.11386829172660273,-0.13802494908603563,-0.3531166733864666,0.2211714506208864,-0.5194966973413102,-0.22875997493974864,-0.04568132902800344,0.02861208934293485,-0.06720526485657312,-0.029593787184961015,-0.13194522276558018,-0.7482566722810589,-0.01706923968506859,-0.09679905204153413,0.1926419455620666,0.2594528514748175,0.12287666366081536,0.15750798919489162,0.22604739851844205,0.8598076735721465,0.5429275360452943,5.277777777777778,17.430555555555554,5.277777777777778,15.347222222222223,31.59722222222222,27.22222222222222
"Pressly, Ryan",519151,2023,1099,85.95575680340089,-0.15183227961702594,-0.34538735126711995,-1.2528411317900918,-1.5183227961702594,-0.11399828314741509,-0.13815494050684798,-1.4343138963590718,0.5100177963713577,0.1307787129640019,-0.4593237447663796,-0.130510818595002,0.04640744279994156,0.011899791898453312,-0.04179469925080797,-0.9242960999877141,-0.3285450318023777,-0.08410337579506043,-0.029894907352354658,0.14747321196476001,0.29038018833034085,0.07802533372814473,0.18651256468177074,0.21892670014755045,0.8677310507950422,0.5433288754712964,5.208333333333334,10.13888888888889,5.208333333333334,16.180555555555557,24.86111111111111,37.916666666666664
"Smith-Shawver, AJ",700363,2025,711,85.9396769793647,-0.09834062811053798,-0.34578279926349503,-0.8116524472798119,-0.9834062811053799,-0.11415646234596509,-0.138313119705398,-0.7587249796997639,0.0935430232532326,0.2264957291636165,-0.37296621999689705,-0.1067123740787291,0.013156543354885034,0.03185593940416547,-0.05245657102628651,-0.6651819564465313,-0.14647049083328056,-0.09355583072384407,-0.020600631622121036,0.15059775241752518,0.24548452683637415,0.07558677942598162,0.18678569683595656,0.19804113962694966,0.8688137618690309,0.5334274507479903,5.138888888888888,19.02777777777778,5.138888888888888,5.625,12.01388888888889,39.44444444444444
"Lively, Ben",594902,2025,639,85.93795669600561,-0.08839289705750096,-0.34582510585876747,-0.7295679300482334,-0.8839289705750096,-0.11417338498407407,-0.138330042343507,0.0641237753054611,-0.007281568989810694,-0.5168153045678991,-0.26959483179598465,0.010035019609618325,-0.0011395256635071509,-0.08087876440812193,-0.042190114522063324,0.0568422063156504,-0.7864101363638838,0.008895493946111175,-0.12306887893018525,0.22912772592746852,0.25223216072120863,0.1475946289613538,0.1603004777964746,0.24067994332433856,0.8460524466210858,0.5433661949727122,5.069444444444445,21.180555555555554,5.069444444444445,16.319444444444446,45.763888888888886,14.305555555555555
"Liberatore, Matthew",669461,2023,1002,85.9258658902896,-0.1387258790424148,-0.3461224527006357,-1.14520908368263,-1.3872587904241478,-0.11429232372082138,-0.13844898108025427,-1.147666455711942,0.4677568234355931,0.0024679391490280977,-0.46776739055530925,-0.11453757043033354,0.046682317708143024,2.4630131227825326e-4,-0.046683372310909105,-0.6799096322763489,-0.46529945140628115,-0.06785525272219052,-0.046437070998630856,0.14480989031850006,0.2552853685272647,0.09311864705224758,0.15874068782615555,0.20004762942288237,0.8740703325607985,0.5370589809918405,5,11.944444444444445,5,8.680555555555555,12.708333333333332,47.22222222222222
"Holderman, Colin",670059,2024,862,85.9105731323617,-0.11947269815488777,-0.3464985445327371,-0.986496595110566,-1.1947269815488777,-0.11444276045366195,-0.13859941781309484,0.42262659325206187,-0.29676681013233974,-1.1630105930157697,0.0506542147854816,0.04902860710580764,-0.034427704191686746,-0.13492002239162063,0.005876359023837772,0.12585978311972212,-1.112356378230288,0.014600902914120896,-0.12904366336778283,0.2620200858665842,0.20862985562356695,0.24602144633683073,0.1239376522923753,0.23532497074507558,0.815020450685397,0.5251727107152363,4.930555555555555,15.277777777777779,4.930555555555555,1.6666666666666667,40.27777777777778,1.5277777777777777
"Burnes, Corbin",669203,2023,3148,85.74550674585939,-0.4414226212439565,-0.350557990187386,-3.6537746387646166,-4.414226212439565,-0.1160665387155215,-0.1402231960749544,-2.274210593055841,1.0128958353134294,-1.3469841711083745,-1.0454757099138305,-0.07224303027496318,0.03217585245595392,-0.04278856960318852,-0.033210791293323716,-1.2613147577424115,-2.392459881022205,-0.04006717781900926,-0.07599936089651223,0.1910416498577859,0.2511399843095845,0.11383172035438827,0.1660719512733789,0.22109081708368522,0.8600481641861164,0.5405694906349008,4.861111111111112,0.2777777777777778,4.861111111111112,12.152777777777777,26.805555555555554,27.63888888888889
"Sánchez, Cristopher",650911,2024,2955,85.64072297402069,-0.41740547210903217,-0.3531349171819223,-3.4602254961190795,-4.174054721090322,-0.11709730951333602,-0.14125396687276892,1.3608018286577135,0.9963929538976117,-1.584292812093537,-4.233127466580868,0.04605082330482956,0.03371888168858246,-0.05361396995240395,-0.1432530445543441,2.357194782555325,-5.817420278674405,0.07976970499341202,-0.19686701450674807,0.2492944719139458,0.25457174830580004,0.12513608539609797,0.20954392976399316,0.2519331101098729,0.8326599924199545,0.5422965512649137,4.791666666666667,0.5555555555555556,4.791666666666667,14.374999999999998,56.52777777777778,5.486111111111111
"Hill, Rich",448179,2023,2495,85.55143340009256,-0.35462013677316095,-0.35533079836990067,-2.9434927666137582,-3.5462013677316095,-0.11797566198852738,-0.14213231934796028,-3.4916186863998746,-1.5973586768315045,1.8778819578291177,0.2676026387885031,-0.1399446367294539,-0.06402239185697413,0.07526580993303077,0.010725556664869865,-5.088977363231379,2.145484596617621,-0.203967028586428,0.08599136659790063,0.07034268688814353,0.15338423453727748,0.055651910340917474,0.12547311006408637,0.1118634607127105,0.90943748979749806,0.5106504752551043,4.722222222222222,1.1111111111111112,4.722222222222222,0.20833333333333334,0.1388888888888889,85.69444444444444
"Alexander, Scott",518397,2023,683,85.4865817292993,-0.09751209657974393,-0.3569256829419617,-0.8101309960325125,-0.9751209657974392,-0.11861361581735176,-0.14277027317678467,-0.43132524599195676,0.09453700225094508,-0.4065209606260396,-0.0668217916654612,-0.06315157335167741,0.013841435175833834,-0.059519906387414286,-0.009783571254093881,-0.3367882437410117,-0.4733427522915008,-0.049310138175843586,-0.06930347764150817,0.21943661314058616,0.25535984879763823,0.12999936000724066,0.1333008273128808,0.2373982309691122,0.8683499063399392,0.5528740686545257,4.652777777777778,19.166666666666668,4.652777777777778,35.138888888888886,41.875,39.02777777777778
"Gil, Luis",661563,2025,1018,85.45116903937934,-0.14569476752359178,-0.35779658036245526,-1.211032903316891,-1.4569476752359178,-0.1189619747855492,-0.1431186321449821,0.01366357529286688,-0.16214042344631707,-0.6558228717303791,-0.40673318343306164,0.0013421979659004794,-0.01592735004384254,-0.06442267895190365,-0.0399541437557035,-0.1484768481534502,-1.0625560551634408,-0.014585152077942063,-0.10437682270760715,0.220336293902767,0.2343976747386934,0.13835747869926895,0.1654907275108095,0.22736698432073021,0.8480758968949608,0.5377214406078454,4.583333333333333,11.041666666666666,4.583333333333333,9.097222222222221,32.916666666666664,15.833333333333332
"Lorenzen, Michael",547179,2025,2318,85.33233889971811,-0.3344586076201737,-0.36071894695877227,-2.784634758610082,-3.344586076201737,-0.12013092142407601,-0.14428757878350892,-0.0736434465820821,-0.39102848318884753,-1.4907310158847622,-0.8292318129543901,-0.0031770253055255437,-0.016869218429199632,-0.06431108782936852,-0.035773589859982316,-0.46467192977092964,-2.3199628288391523,-0.02004624373472518,-0.10008467768935084,0.2207507594937832,0.22052400170771957,0.12693816546959746,0.15525941166312449,0.2206373806007514,0.858901211433639,0.5397692960171951,4.513888888888888,1.5277777777777777,4.513888888888888,11.25,26.38888888888889,26.38888888888889
"Diekman, Jake",518617,2023,989,85.31433078148453,-0.14287561485293127,-0.3611618171206553,-1.1898468072445212,-1.4287561485293128,-0.12030806948882923,-0.14446472684826214,0.553660254374563,-0.27720976733598945,-1.0545227921434162,-0.4117745021396786,0.05598182551815602,-0.0280292990228503,-0.10662515592956684,-0.0416354400545681,0.27645048703857356,-1.4662972942830947,0.02795252649530572,-0.14826059598413496,0.27646757176331466,0.20271275434902303,0.19808669478105842,0.15772761290723813,0.23959016305616884,0.8220928461558517,0.5308415046060102,4.444444444444445,11.666666666666666,4.444444444444445,4.027777777777778,44.79166666666667,2.569444444444444
"Kowar, Jackson",663804,2023,568,85.2672561893766,-0.0823189934539474,-0.36231951344166985,-0.685980120737895,-0.823189934539474,-0.12077114801723504,-0.14492780537666794,-0.3791212557594008,0.06501627997113246,-0.20726137164638203,-0.16461377330324467,-0.06674669995764099,0.011446528163931772,-0.0364896781067574,-0.028981298116768427,-0.31410497578826835,-0.3718751449496267,-0.05530017179370922,-0.06547097622352582,0.18182148114963637,0.2749961900472177,0.11332546784478435,0.1754869317209832,0.22840883559842703,0.8555938002171162,0.5420013179077716,4.375,22.98611111111111,4.375,13.958333333333334,33.81944444444444,22.77777777777778
"Suárez, Andrew",605498,2023,520,85.20116918813366,-0.0757005138772652,-0.3639447782560826,-0.6313905205036008,-0.757005138772652,-0.12142125394300014,-0.14557791130243306,-0.4708735380700091,0.12439115273537027,-0.023619540296522246,-0.2612885948724397,-0.09055260347500174,0.023921375526032747,-0.004542219287792739,-0.05024780670623841,-0.3464823853346388,-0.28490813516896196,-0.066631227948969,-0.05479002599403115,0.17106801540073607,0.2457603869779164,0.0843735264823506,0.1725520440877522,0.20841420118932624,0.8715372147149486,0.5399757079521375,4.305555555555555,25.27777777777778,4.305555555555555,11.458333333333332,16.944444444444446,43.75
"Davidson, Tucker",656353,2023,843,85.19024036581844,-0.12281280860995895,-0.3642135486653587,-1.02448746455957,-1.2281280860995896,-0.12152876210671057,-0.14568541946614347,-0.8869912450527409,0.27958754111614326,-0.2792658642119932,-0.1378178964109793,-0.10521841578324327,0.033165781864311183,-0.03312762327544403,-0.016348504912334437,-0.6074037039365976,-0.4170837606229725,-0.0720526339189321,-0.04947612818777847,0.15579170059356,0.31194639676675184,0.10522166512087452,0.15936667907356003,0.23386904868015593,0.8677058279027827,0.5507874382914694,4.236111111111112,14.444444444444443,4.236111111111112,30.416666666666664,38.19444444444444,37.84722222222222
"Bender, Anthony",669622,2025,783,85.16903553607982,-0.11423501294126207,-0.3647350349337869,-0.953203502288261,-1.1423501294126206,-0.12173735661408186,-0.14589401397351476,-0.15483082183686747,-0.9317991255784364,-1.145361170232718,1.2787876153597608,-0.019774051320161874,-0.11900371974181817,-0.14627856580239054,0.16331898025028874,-1.0866299474153038,0.13342644512704283,-0.13877777106198005,0.01704041444789819,0.20819144247895727,0.1217763905784318,0.27633797717010167,0.05928728011577286,0.16498391652869454,0.8321873713570627,0.49858564394287863,4.166666666666666,15.972222222222221,4.166666666666666,0.06944444444444445,2.638888888888889,5.277777777777778
"Kelly, Joe",523260,2024,559,85.03620918738943,-0.082285159456319,-0.36800160758639977,-0.68781587992396,-0.8228515945631899,-0.123043985675127,-0.1472006430345599,0.12674328052344208,-0.6077555655581364,-0.18905167937975875,-0.017751915509506944,0.022673216551599658,-0.10872192586013174,-0.03381962064038618,-0.0031756557262087553,-0.4810122850346943,-0.2068035948892657,-0.08604870930853208,-0.036995276366594936,0.22818105028402977,0.16250237601414885,0.09581206615403257,0.1310322114415435,0.19534171314908932,0.8865778612022119,0.5409597871756506,4.097222222222222,23.055555555555557,4.097222222222222,12.5,10.902777777777779,65.48611111111111
"Bard, Daniel",453268,2023,921,84.95476302938336,-0.13630969359617578,-0.37000459716660095,-1.1406141216813808,-1.363096935961758,-0.12384518150720747,-0.14800183886664037,0.2517480556668943,-0.7481028156515777,-0.6897484650162369,0.04548910331953948,0.027334207998577012,-0.08122723296976957,-0.07489125570208868,0.004939099166073777,-0.49635475998468337,-0.6442593616966974,-0.05389302497119255,-0.06995215653601491,0.2598609601627912,0.18352776615811953,0.15507193384350412,0.12829139756406524,0.22169436316045538,0.8583183342962153,0.5400063487283353,4.027777777777778,12.430555555555555,4.027777777777778,11.597222222222223,27.500000000000004,25.833333333333336
"Ferrer, Jose A.",678606,2023,555,84.9034335922107,-0.08242125891903736,-0.37126693206773587,-0.690143140845521,-0.8242125891903735,-0.12435011546766143,-0.14850677282709435,0.5658652703386906,0.20009253412445105,-0.5668313978735569,-0.8892695474351058,0.10195770636733165,0.036052708851252446,-0.10213178340064087,-0.16022874728560463,0.7659578044631417,-1.4561009453086626,0.1380104152185841,-0.26236053068624554,0.317671439279383,0.2890042446021411,0.20934641296290785,0.2366740165013659,0.3033378419407621,0.7769897852678631,0.5401638136043125,3.958333333333333,22.916666666666664,3.958333333333333,11.805555555555555,93.75,0.06944444444444445
"Funderburk, Kody",681892,2025,725,84.86967516502718,-0.10790817249234733,-0.3720971465253356,-0.9039459590675847,-1.0790817249234732,-0.12468220125070133,-0.14883885861013424,0.18051873551735298,-0.6240843830296399,-0.578167909561671,0.11778759800637317,0.024899135933428,-0.0860806045558124,-0.0797472978705753,0.016246565242258367,-0.4435656475122869,-0.4603803115552978,-0.0611814686223844,-0.06350073262831693,0.2401029112647056,0.1720802287329593,0.1556413302659274,0.12307518248213498,0.20609156999883244,0.8606417436259688,0.5333666568124006,3.888888888888889,17.083333333333332,3.888888888888889,5.486111111111111,15.694444444444445,28.333333333333332
"Hill, Tim",657612,2023,713,84.8214182875799,-0.10646057357347824,-0.37328391856058285,-0.8923687687620259,-1.0646057357347825,-0.12515691006480026,-0.14931356742423316,0.7209584762604209,0.3163947609623392,-0.3280438205692917,-1.6016781854154942,0.10111619582895102,0.0443751417899494,-0.04600895099148551,-0.2246392966922152,1.03735323722276,-1.929722005984786,0.14549133761890043,-0.2706482476837007,0.39184095802079244,0.33424673269256094,0.13331506195348006,0.274636440524437,0.36304384535667666,0.7960242487610415,0.579534047058859,3.8194444444444446,17.569444444444443,3.8194444444444446,84.79166666666667,99.93055555555556,0.4861111111111111
"Chapman, Aroldis",547973,2024,1148,84.77882830589138,-0.17189294477367134,-0.3743313257266362,-1.4416110212504236,-1.7189294477367134,-0.12557587293122158,-0.14973253029065448,0.08872532516829779,0.2137966542918548,-1.1720573528548357,-0.5720756478557405,0.007728686861349982,0.0186234019417992,-0.10209558822777313,-0.0498323735065976,0.3025219794601526,-1.7441330007105762,0.026352088803149182,-0.15192796173437076,0.21495735027449908,0.25190974215636447,0.14504040576549504,0.1952794067533076,0.23343354621543178,0.8298400937405987,0.5316368199780153,3.75,7.986111111111111,3.75,4.652777777777778,37.708333333333336,4.513888888888888
"Lambert, Jimmy",669424,2023,675,84.770593015835,-0.10112414074714533,-0.37453385461905675,-0.8481839702952811,-1.0112414074714533,-0.1256568844881898,-0.1498135418476227,-1.1190501293154966,0.22647468140917226,0.36423459435354744,-0.3198431167425042,-0.16578520434303654,0.033551804653210705,0.053960680644969984,-0.04738416544333396,-0.8925754479063244,0.04439147761104323,-0.13223339968982584,0.006576515201636033,0.10839926359100582,0.2500116096008053,0.06484539118237838,0.18955581302347732,0.17920543659590557,0.8727993978970722,0.5260024172464889,3.680555555555556,18.47222222222222,3.680555555555556,1.9444444444444444,5.486111111111111,45.69444444444444
"Gomber, Austin",596295,2025,999,84.65570657511762,-0.15079275014276597,-0.37735923459150644,-1.266602494406925,-1.5079275014276596,-0.12678703647716968,-0.15094369383660258,-1.1092197199002385,0.4376507610622866,0.04412254172120811,-0.6391560772901812,-0.11103300499501886,0.04380888499121988,0.0044166708429637744,-0.06397958731633445,-0.6715689588379519,-0.5950335355689731,-0.06722412000379899,-0.059562916473370676,0.14636334483571745,0.2841511867225173,0.090501634092916,0.2068061123771306,0.21525726577911738,0.8513461267649767,0.533301696272047,3.6111111111111107,10.347222222222221,3.6111111111111107,5.416666666666667,21.944444444444443,19.02777777777778
"Joyce, Ben",690829,2024,541,84.58327349981133,-0.08204601873678655,-0.3791405671755385,-0.6897726710533334,-0.8204601873678654,-0.1274995695107825,-0.1516562268702154,-0.20805426434253604,0.03854344965225209,-0.331714181598727,-0.18854767476432244,-0.03845735015573679,0.007124482375647337,-0.06131500584079982,-0.034851695889893244,-0.16951081469028395,-0.5202618563630494,-0.03133286778008945,-0.09616670173069305,0.19545598606689027,0.2611508775182174,0.13209022712988883,0.17698582271066582,0.22830343179255386,0.8454619750797226,0.5368827034361383,3.5416666666666665,23.125,3.5416666666666665,8.541666666666666,33.611111111111114,13.819444444444445
"Glasnow, Tyler",607192,2025,1822,84.58193096702458,-0.2763417078910699,-0.37917358382419025,-2.323282781821831,-2.763417078910699,-0.1275127761702432,-0.1516694335296761,-1.9632701012546931,0.48949834060681496,0.24711061669631817,-1.0966216378702711,-0.10775357306557043,0.026865990154051316,0.013562602453145894,-0.06018779571186998,-1.4737717606478782,-0.8495110211739529,-0.08088758291151911,-0.04662519325872409,0.16160116349896467,0.28056966215250134,0.0848977951434099,0.23398085119603734,0.22108541282573302,0.8405606768302764,0.5308230448280047,3.4722222222222223,3.0555555555555554,3.4722222222222223,3.958333333333333,26.73611111111111,9.930555555555555
"Quantrill, Cal",615698,2024,2643,84.57685493536924,-0.4009942871786899,-0.3792984176869939,-3.371482417777088,-4.009942871786899,-0.12756270971536465,-0.15171936707479755,0.09224311434377341,1.4949753186062935,-2.5741561821055257,-2.384544668621629,0.0034900913486104203,0.05656357618639023,-0.09739523958023177,-0.09022113767013352,1.587218432950067,-4.958700850727155,0.060053667535000646,-0.18761637725036528,0.22015728800724493,0.30157785462968134,0.1338958577159052,0.22719588520892495,0.26086757131846317,0.8194541285375849,0.540160849928024,3.4027777777777777,0.6944444444444444,3.4027777777777777,11.73611111111111,65.55555555555556,2.013888888888889
"Pérez, Cionel",672335,2023,901,84.50750624826773,-0.13731380430207296,-0.3810038965096364,-1.155486560212239,-1.3731380430207296,-0.12824490124442164,-0.15240155860385454,-1.312364641770273,-0.16423955142226987,-0.22060059069281124,0.5417182236731151,-0.14565645302666738,-0.01822858506351497,-0.024483972329945754,0.06012410917570645,-1.4766041931925429,0.3211176329803038,-0.16388503809018234,0.035640136845760693,0.147086425179394,0.20497039967603953,0.09319655347947009,0.09543395729171184,0.17602841242771677,0.9056847446144091,0.540856578521063,3.3333333333333335,12.36111111111111,3.3333333333333335,12.430555555555555,4.861111111111112,83.40277777777779
"Smith-Shawver, AJ",700363,2023,507,84.49482510601933,-0.07733083640856227,-0.3813157613834431,-0.6508341112732978,-0.7733083640856226,-0.12836964719394434,-0.15252630455337723,-0.7028709437174712,0.17413604733974353,0.05908385196016752,-0.1811830668557377,-0.13863332223224284,0.034346360422040145,0.011653619716009374,-0.03573630509975103,-0.5287348963777276,-0.12209921489557019,-0.1042869618102027,-0.024082685383741656,0.1332049460076828,0.2609092700666042,0.07660334855273508,0.18385554077961908,0.1970571080371435,0.8697705553338229,0.5334138316854832,3.2638888888888893,24.51388888888889,3.2638888888888893,5.555555555555555,11.73611111111111,40.833333333333336
"Woodford, Jake",663765,2023,864,84.45019071654377,-0.13216208703229873,-0.3824134462740124,-1.112907350737487,-1.3216208703229873,-0.12880872115017208,-0.15296537850960498,-0.5866937953633169,-0.553571164356299,-0.4478879467915249,0.4752455557736539,-0.06790437446334686,-0.06407073661531239,-0.05183888273050057,0.05500527265898772,-1.140264959719616,0.027357608982129022,-0.13197511107865925,0.0031663899284871556,0.18432209914815628,0.16956299727485916,0.12120691283439923,0.10290729608580049,0.17694254821150773,0.8879428955399001,0.532442721875704,3.194444444444444,13.333333333333334,3.194444444444444,4.930555555555555,5.138888888888888,67.56944444444444
"Seymour, Carson",693313,2025,621,84.41512159341309,-0.09520573217468258,-0.3832758944230378,-0.8020444795447474,-0.9520573217468258,-0.12915370040978222,-0.15331035776921512,-0.035783893215921125,-0.039831944535762887,-0.41251344931151834,-0.3139151924815451,-0.005762301645075866,-0.006414161760992414,-0.06642728652359393,-0.05054995048011998,-0.07561583775168401,-0.7264286417930634,-0.01217646340606828,-0.1169772370037139,0.22449452790914767,0.24430502112231578,0.13196606580246592,0.19069202305499247,0.23439977451573174,0.8386709555712708,0.5365353650435013,3.125,19.51388888888889,3.125,8.125,39.166666666666664,8.819444444444445
"Avila, Pedro",658648,2023,895,84.39528679837403,-0.13738740019430948,-0.38376368769360186,-1.1576719185761704,-1.3738740019430948,-0.12934881771800785,-0.15350547507744075,-0.7954464464673947,0.051764808737743806,0.113647200271771,-0.5276374811182905,-0.08887669792931785,0.005783777512597074,0.012698011203549832,-0.05895390850483692,-0.7436816377296509,-0.41399028084651945,-0.08309292041672077,-0.04625589730128709,0.17578270312540337,0.23774889932743432,0.08235334630443909,0.1920363417144525,0.20676580122641885,0.8628051559905542,0.5347854786084865,3.0555555555555554,12.291666666666666,3.0555555555555554,6.736111111111111,16.180555555555557,31.180555555555557
"Koenig, Jared",657649,2025,1143,84.38826670688935,-0.17553569073575997,-0.3839363314430445,-1.4792463137392815,-1.7553569073575996,-0.12941787521778492,-0.15357453257721781,-0.6895088993751415,-0.38774922860829975,-0.6903567597209985,0.28836857396515825,-0.060324488134308095,-0.033923817026097966,-0.06039866664225709,0.025229096584878236,-1.0772581279834412,-0.4019881857558403,-0.09424830516040605,-0.03516957005737885,0.19095544516898974,0.21793142709965976,0.15187996182419403,0.11405027271216221,0.20444343613432475,0.8670348827318219,0.5357391594330734,2.986111111111111,7.638888888888889,2.986111111111111,7.222222222222221,14.791666666666666,36.94444444444444
"Hall, DL",669084,2025,588,84.32757837928274,-0.0906528602804356,-0.3854288277229404,-0.7644874575308904,-0.906528602804356,-0.13001487372974327,-0.15417153108917617,-0.2095960851829659,0.13532008698848585,-0.38631830538588474,-0.30389315395052563,-0.035645592718191475,0.02301362023613705,-0.06570039207242938,-0.05168250917525946,-0.07427599819448005,-0.6902114593364104,-0.012631972482054431,-0.11738290124768884,0.19970474743287775,0.25692426255203077,0.12233774171159277,0.17183541663177224,0.22831450499245426,0.8529134208283176,0.5406139629103859,2.9166666666666665,20.625,2.9166666666666665,12.222222222222221,33.68055555555556,20.76388888888889
"Avila, Pedro",658648,2024,1464,84.32638585622148,-0.22572429569184527,-0.3854581552114844,-1.903589493176355,-2.2572429569184527,-0.13002660472516087,-0.15418326208459376,-1.776095631092403,0.5830743116609938,0.16005650443253217,-0.870624678177478,-0.12131800758827889,0.03982748030471269,0.010932821341019958,-0.05946889878261462,-1.1930213194314092,-0.7105681737449459,-0.0814905272835662,-0.04853607744159466,0.1648572482731651,0.2926882683686964,0.07839056425806555,0.19167845959735735,0.22877275832093075,0.8649654880722886,0.5468691231966096,2.8472222222222223,4.652777777777778,2.8472222222222223,22.291666666666668,34.02777777777778,33.958333333333336
"Fried, Max",608331,2024,2806,84.28106618465002,-0.43388919074872445,-0.38657269311183573,-3.6610561019815577,-4.338891907487245,-0.1304724198853014,-0.1546290772447343,-2.9579149703952226,0.6834562951205498,-0.21582077343828132,-1.1707766532686037,-0.10541393337117684,0.024356959911637555,-0.007691403187394202,-0.04172404323836791,-2.2744586752746727,-1.386597426706885,-0.0810569734595393,-0.04941544642576212,0.1502930916416626,0.23843097172516942,0.09605359718735819,0.17600459713311362,0.194362031683416,0.8639709028397641,0.52916646726159,2.7777777777777777,0.3472222222222222,2.7777777777777777,3.0555555555555554,10.416666666666668,32.361111111111114
"Leiter Jr., Mark",643410,2024,1102,84.17196647955862,-0.17158393945605593,-0.38925576101646076,-1.4496330304596086,-1.7158393945605592,-0.1315456470471514,-0.1557023044065843,-1.6803369446192846,0.2673164156103667,0.25851083249699514,-0.29512333394768575,-0.15248066648087882,0.024257387986421658,0.023458333257440574,-0.026780701810134824,-1.413020529008918,-0.036612501450690615,-0.12822327849445717,-0.003322368552694248,0.14812069415839305,0.22482840412158833,0.08149328414219258,0.15556790836753998,0.18647454913999068,0.8814694037451337,0.5339719764425622,2.7083333333333335,8.125,2.7083333333333335,5.902777777777778,7.708333333333334,58.333333333333336
"Pallante, Andre",669467,2024,1948,84.0358769837484,-0.3059159331518876,-0.3926025836138188,-2.588587646157123,-3.059159331518876,-0.1328843760860946,-0.1570410334455275,-3.1015912067746854,0.3675986952190442,0.48429038368522015,-0.3388855182867019,-0.15921926112806392,0.01887056956976613,0.024860902653245386,-0.017396587181042193,-2.733992511555641,0.14540486539851827,-0.1403486915582978,0.007464315472203197,0.14747487679919707,0.32094402656867077,0.08615335125221417,0.21889981727288166,0.23420945168393392,0.847473415737452,0.540841433710693,2.638888888888889,2.2916666666666665,2.638888888888889,12.291666666666666,38.88888888888889,15.416666666666668
"Voth, Austin",608723,2023,660,83.89859809863742,-0.10453836535078347,-0.3959786566317555,-0.8859497149355775,-1.0453836535078347,-0.1342348052932693,-0.1583914626527022,-0.81239887187985,-0.5180856082592982,0.34287962641974445,0.10165513878382626,-0.12309073816361364,-0.07849781943322699,0.05195145854844613,0.01540229375512519,-1.3304844801391482,0.4445347652035707,-0.20158855759684063,0.06735375230357132,0.1186958181176007,0.18551018090821286,0.06408963196113118,0.11429401304582261,0.1521029995129068,0.9108081774965231,0.531455588504715,2.569444444444444,18.125,2.569444444444444,4.513888888888888,1.3194444444444444,86.31944444444444
"Winn, Cole",668390,2025,581,83.73785369347506,-0.09294415325681052,-0.3999318126368783,-0.7890913533098001,-0.9294415325681052,-0.13581606769531843,-0.15997272505475132,0.09288444859384981,-0.029016770089583588,-0.4098824720972516,-0.4430765597168147,0.0159869963156368,-0.004994280566193388,-0.07054775767594693,-0.07626102576881492,0.06386767850426622,-0.8529590318140663,0.010992715749443412,-0.14680878344476184,0.23572528012962016,0.23159256898119412,0.1296506755702139,0.19023484976381622,0.23365892455540715,0.8400572373329849,0.5368580809441961,2.5,20.069444444444446,2.5,8.402777777777779,38.05555555555556,9.51388888888889
"Kochanowicz, Jack",686799,2025,1859,83.4395655883909,-0.30284415330257053,-0.40726755419926103,-2.5793692727138477,-3.0284415330257053,-0.13875036432027152,-0.16290702167970442,0.9525790148427404,-0.12219359725600043,-2.3805703492234898,-1.029184341077098,0.05124147470913074,-0.006573082154706854,-0.1280565007651151,-0.05536225610958031,0.83038541758674,-3.4097546903005878,0.04466839255442388,-0.18341875687469542,0.26258658548312414,0.2509238112911021,0.16498264310328736,0.18940459470331986,0.25675519838711314,0.8228063810966963,0.5397807897419047,2.430555555555556,2.361111111111111,2.430555555555556,11.319444444444445,61.66666666666667,2.8472222222222223
"Flexen, Chris",623167,2025,673,83.3591856678998,-0.1101685714842536,-0.4092443220068855,-0.9391114108135525,-1.101685714842536,-0.1395410714433213,-0.1636977288027542,-0.798026008319539,0.16370587879373488,0.08929333106857484,-0.3940846123563233,-0.11857741579785125,0.02432479625464114,0.013267954096370703,-0.05855640599648192,-0.6343201295258041,-0.30479128128774846,-0.09425261954321011,-0.045288451900111215,0.1278362476147742,0.3123099319279698,0.07194469361152506,0.2409620297825454,0.220073089771372,0.8435466383029648,0.5318098640371685,2.361111111111111,16.805555555555557,2.361111111111111,4.791666666666667,25.833333333333336,12.01388888888889
"Miller, Bobby",676272,2024,1098,82.99627252829335,-0.18365998928893723,-0.4181693745194381,-1.5713597950827989,-1.8365998928893723,-0.14311109244834233,-0.16726774980777523,-1.3287761136816698,-0.019826859479735504,-0.03428848735416068,-0.1884683345672329,-0.12101786099104461,-0.0018057249070797363,-0.0031228130559344883,-0.017164693494283505,-1.3486029731614053,-0.22275682192139357,-0.12282358589812434,-0.020287506550217993,0.15602308041372862,0.22541903531590646,0.08950049856573077,0.1422971593234631,0.19072105786481752,0.8841011710554031,0.5374111144601104,2.2916666666666665,7.013888888888889,2.2916666666666665,8.88888888888889,8.88888888888889,61.875
"Soriano, José",667755,2023,666,82.9131030632648,-0.11194520808272639,-0.4202147450552792,-0.9585687428134406,-1.1194520808272639,-0.1439292406626788,-0.16808589802211168,-0.39917585498744756,-0.7601813419203154,-0.101281994963756,0.30207044905807834,-0.05993631456267982,-0.11414134263067797,-0.015207506751314716,0.04535592328199375,-1.159357196907763,0.20078845409432233,-0.1740776571933578,0.030148416530679033,0.1803055764345402,0.1477274856097253,0.0973797446800602,0.10687531351028327,0.16401653102213276,0.8978724709048282,0.5309445009634806,2.2222222222222223,16.319444444444446,2.2222222222222223,4.097222222222222,2.430555555555556,77.43055555555556
"Houser, Adrian",605288,2024,1101,82.72371812234377,-0.18711373987152163,-0.42487225220599817,-1.60517260118786,-1.8711373987152162,-0.14579224352296638,-0.16994890088239928,-0.3067400966210698,-0.14705018206541354,-0.8919708729072227,-0.25941144959415396,-0.02786013593288554,-0.01335605650003756,-0.08101461152654157,-0.02356143956350172,-0.45379027868648336,-1.1513823225013766,-0.0412161924329231,-0.10457605109004328,0.21220389345098156,0.21714468368641848,0.1332856766946378,0.1500969544628445,0.21467428856870002,0.8583086844212588,0.5364914864949795,2.1527777777777777,6.527777777777779,2.1527777777777777,8.055555555555555,21.52777777777778,25.763888888888886
"Cano, Yennier",666974,2023,1030,82.51869179407697,-0.17712474308538648,-0.4299144249645302,-1.5224338600517058,-1.7712474308538648,-0.1478091126263792,-0.1719657699858121,0.053443393986526644,-0.025490355203146464,-1.3325248449345963,-0.21786205390048963,0.00518867902781812,-0.0024747917672957734,-0.1293713441684074,-0.021151655718494138,0.02795303878338018,-1.550386898835086,0.0027138872605223475,-0.15052299988690154,0.2584351152167444,0.26287384804487063,0.21157793164960956,0.1853010573203715,0.2606544816308075,0.8015605055150095,0.5311074935729085,2.083333333333333,7.430555555555555,2.083333333333333,4.236111111111112,65.34722222222223,0.7638888888888888
"Simpson, Josh",681006,2025,613,82.25094784757408,-0.10702955478875716,-0.4364989999541483,-0.9222152382742479,-1.0702955478875715,-0.1504429426222264,-0.1745995999816593,-0.5596959383765352,-0.16603849435273332,-0.5201075803161075,0.3236267747711281,-0.09130439451493233,-0.027086214413170197,-0.08484626106298654,0.05279392736886266,-0.7257344327292685,-0.19648080554497938,-0.11839060892810252,-0.03205233369412388,0.16224280240392902,0.17969828608454255,0.14263127850989546,0.10282536544231612,0.1709705442442358,0.8772716780238943,0.524121111134065,2.013888888888889,17.36111111111111,2.013888888888889,1.25,4.027777777777778,51.80555555555556
"Cordero, Jimmy",622772,2023,512,82.20873969529725,-0.08960758105363979,-0.4375370168634755,-0.7723937248561015,-0.896075810536398,-0.15085814938595732,-0.17501480674539022,-0.8090782257786486,-0.4331175994302612,-0.10732686215533249,0.5771289625081408,-0.1580230909723923,-0.08459328113872289,-0.020962277764713377,0.11272050048987126,-1.2421958252089098,0.46980210035280834,-0.2426163721111152,0.09175822272515788,0.15636667002429724,0.18202051603463837,0.10650423485083076,0.04302831409276725,0.1691935930294678,0.925233725528201,0.5472136592788344,1.9444444444444444,20.76388888888889,1.9444444444444444,22.63888888888889,3.194444444444444,93.54166666666667
"Ohtani, Shohei",660271,2023,2077,81.78420832772044,-0.3721796525953631,-0.44797743451536237,-3.22006275259821,-3.721796525953631,-0.15503431644671206,-0.17919097380614496,-0.7218708454947773,-1.2671645294985865,-1.355679985614188,0.12465260800934175,-0.03475545717355692,-0.06100936588823237,-0.06527106334204083,0.006001569957118043,-1.9890353749933638,-1.2310273776048462,-0.0957648230617893,-0.05926949338492278,0.19063855902175503,0.18706877724016904,0.1315863868321699,0.1377379275264089,0.18885366813096205,0.8653378428207106,0.5270957554758363,1.875,1.0416666666666665,1.875,2.430555555555556,8.402777777777779,34.72222222222222
"Kelly, Michael",547184,2025,658,81.40501414595668,-0.12036211894839866,-0.45730288354254806,-1.044670384058918,-1.2036211894839866,-0.15876449605758633,-0.18292115341701923,-0.6050199467640596,-0.7501845605693234,-0.037415439612686896,0.34794956288715184,-0.09194832017690875,-0.11400981163667528,-0.005686237023204695,0.052879872779202405,-1.355204507333383,0.31053412327446495,-0.20595813181358402,0.047193635755997713,0.13304406566159835,0.15179641211010336,0.09079167026289114,0.0978633262421675,0.14242023888585087,0.9056725017474707,0.5240463703166608,1.8055555555555554,15,1.8055555555555554,1.1805555555555556,0.9722222222222222,83.33333333333334
"Cantillo, Joey",676282,2025,1681,81.20068603675722,-0.31086926996468456,-0.462327885134867,-2.7026192894347787,-3.108692699646846,-0.1607744966945139,-0.1849311540539468,-2.8958571395720583,0.7404523126965614,0.3033264761780856,-0.8505409387373675,-0.1722699071726388,0.04404832318242483,0.0180444066732948,-0.050597319377594735,-2.155404826875497,-0.5472144625592819,-0.12822158399021397,-0.03255291270429993,0.12386032807794689,0.29138056287001945,0.08087676085254855,0.18802066646500046,0.20762044547398317,0.8655512863412255,0.5365858659076044,1.7361111111111112,2.083333333333333,1.7361111111111112,8.194444444444445,16.666666666666664,35.138888888888886
"Waldrep, Hurston",694462,2025,851,81.18364613688189,-0.15751905976833766,-0.46274694409029865,-1.3696174435546027,-1.5751905976833767,-0.16094212027668656,-0.18509877763611945,-0.06186381981979139,0.20147210877121324,-0.8851141968726779,-0.6241115356333466,-0.007269544044628835,0.02367474838674656,-0.10400871878644864,-0.07333860583235566,0.13960828895142186,-1.5092257325060245,0.01640520434211773,-0.1773473246188043,0.20196820755108794,0.27307954335093004,0.13667309063123145,0.20140894805476728,0.237523875451009,0.8309589806570006,0.5342414280540048,1.6666666666666667,9.305555555555555,1.6666666666666667,6.180555555555555,42.15277777777778,4.722222222222222
"Harris, Hogan",663687,2023,1108,81.13182620007402,-0.20565425866533174,-0.4640213417539073,-1.7888868231108006,-2.0565425866533174,-0.16145187934213,-0.1856085367015629,-0.9658071503272367,0.23357281568942767,-0.4870898866411153,-0.5695626018318762,-0.08716671031834267,0.02108057903334185,-0.0439611811047938,-0.051404566952335404,-0.7322343346378091,-1.0566524884729915,-0.06608613128500082,-0.09536574805712919,0.16850665698149256,0.26171070349374903,0.11071087036118359,0.17286171203241008,0.2151086802376208,0.8582137088032031,0.5366611945204119,1.597222222222222,5.486111111111111,1.597222222222222,8.333333333333332,21.73611111111111,25.624999999999996
"Jansen, Kenley",445276,2024,811,81.06811656570258,-0.15103679276054127,-0.46558814044556485,-1.3144574364204118,-1.5103679276054127,-0.16207859881879305,-0.18623525617822595,-0.8193538573577825,0.544606166570702,-0.5815647057625029,-0.45814503987082844,-0.1010300687247574,0.06715242497789174,-0.07170958147503118,-0.05649137359689623,-0.2747476907870805,-1.0397097456333313,-0.033877643746865665,-0.1282009550719274,0.17809396422898277,0.37079087282080997,0.12146749450370921,0.19383126714369922,0.27444241852489637,0.8423506191762957,0.558396518850596,1.5277777777777777,10.277777777777777,1.5277777777777777,47.638888888888886,76.11111111111111,11.180555555555555
"Wainwright, Adam",425794,2023,1712,81.06321173834853,-0.31891736152842004,-0.46570876391416477,-2.775611641290709,-3.1891736152842003,-0.16212684820623302,-0.18628350556566592,-2.2149975473155337,-1.6009652025884407,0.5108058928760784,0.5295452157371869,-0.12938069785721576,-0.0935143225811005,0.029836792808182147,0.030931379423901107,-3.8159627499039743,1.0403511086132653,-0.22289502043831627,0.06076817223208325,0.12311388096709464,0.15028798051057818,0.0942006957735997,0.11214021870030452,0.1367009307388364,0.8968295427630479,0.5167652367509422,1.4583333333333333,1.8055555555555554,1.4583333333333333,0.4166666666666667,0.7638888888888888,76.25
"Hill, Tim",657612,2024,1079,81.05605742432178,-0.20107584021992264,-0.46588470857257336,-1.7501080692909454,-2.0107584021992264,-0.16219722606959644,-0.18635388342902934,0.9022968102940467,0.4749471604450264,-0.8555418980904506,-2.271810141939568,0.0836234300550553,0.04401734573169846,-0.07929025932256262,-0.21054774253378758,1.3772439707390731,-3.1273520400300185,0.12764077578675376,-0.28983800185635017,0.3287066667146089,0.3145104118388427,0.16872973215591922,0.28117391449817386,0.32160853927672584,0.7750481766729534,0.5483283579748397,1.3888888888888888,6.041666666666667,1.3888888888888888,24.86111111111111,98.19444444444444,0
"Lugo, Seth",607625,2025,2380,80.81542381166663,-0.4491560412856179,-0.47180256437564905,-3.916631967701676,-4.491560412856179,-0.16456436839082672,-0.18872102575025962,-2.3017835129410855,-0.6416320338169044,-1.0830779725956745,0.10986155165198852,-0.09671359298071788,-0.026959329151970773,-0.045507477840154395,0.0046160315820163245,-2.94341554675799,-0.973216420943686,-0.12367292213268866,-0.040891446258138064,0.1577009062029165,0.19675095722251854,0.10812130299705291,0.12730780543917336,0.1772259317127175,0.8822854457818868,0.5297556887473022,1.3194444444444444,0.1388888888888889,1.3194444444444444,3.2638888888888893,5.208333333333334,59.30555555555556
"Toussaint, Touki",657053,2023,1589,80.74586178676839,-0.3009650469799627,-0.4735132897733837,-2.625801184358238,-3.009650469799627,-0.16524865854992057,-0.18940531590935347,-1.615078213570655,-1.4181557906340458,0.84258174102456,-0.4351489211780972,-0.1016411714015516,-0.08924831910849879,0.05302591195875141,-0.027385079998621602,-3.033234004204701,0.40743281984646273,-0.1908894905100504,0.025640831960129812,0.15969755610236114,0.16502217943326394,0.0738081243976639,0.15327894942389897,0.16235986776781253,0.8864564630892185,0.5244081654285155,1.25,2.430555555555556,1.25,1.4583333333333333,2.1527777777777777,65
"Kuhl, Chad",641771,2024,980,80.65597076339044,-0.186483793218121,-0.475723962291125,-1.6281026900587676,-1.86483793218121,-0.1661329275570171,-0.19028958491645,0.23899653972262058,-0.5653179961175283,-1.2657335510566554,-0.03604768260720448,0.024387402012512306,-0.05768550980791105,-0.12915648480169956,-0.0036783349599188247,-0.3263214563949077,-1.30178123366386,-0.03329810779539875,-0.13283481976161837,0.23438583725611958,0.1933084120724889,0.19209795586133804,0.1383077694185751,0.21384712466430422,0.8347971373600435,0.5243221310121738,1.1805555555555556,6.597222222222222,1.1805555555555556,1.3888888888888888,20.833333333333336,6.458333333333334
"Darvish, Yu",506433,2024,1417,80.52285294766435,-0.2714958980241607,-0.47899770293606325,-2.3726591454584423,-2.7149589802416068,-0.16744242381499239,-0.19159908117442528,-0.6310766406757011,-0.2789329477227511,-0.7713611965295968,-0.6912883605303932,-0.04453610731656324,-0.019684752838585118,-0.05443621711570902,-0.048785346544135015,-0.9100095883984523,-1.46264955705999,-0.06422086015514836,-0.10322156365984404,0.18513378100553643,0.20263147435899934,0.10771634542113705,0.17404578903974052,0.19388262768226788,0.8591189327695612,0.5265007802259145,1.1111111111111112,3.125,1.1111111111111112,2.2222222222222223,10.13888888888889,26.59722222222222
"Soriano, José",667755,2024,1737,80.485772690975935,-0.33344119737743666,-0.4799096105029313,-2.914810835441017,-3.3344119737743667,-0.16780718684173962,-0.19196384420117252,-0.942958983218432,-1.260512641020341,-1.2667463442974167,0.5554071330951729,-0.05428664267233344,-0.07256837311573638,-0.07292725067918346,0.03197507962551369,-2.203471624238773,-0.7113392112022439,-0.12685501578806985,-0.040952171053669766,0.20079390790388182,0.18278355590512715,0.1295593685094849,0.12086037481026035,0.1917887319045045,0.8747901283401274,0.5332894301223159,1.0416666666666665,1.597222222222222,1.0416666666666665,5.347222222222222,9.444444444444445,48.125
"Holmes, Clay",605280,2024,1284,80.13017190913801,-0.25097312151898493,-0.48865483161796125,-2.1995597346947307,-2.5097312151898494,-0.1713052752877516,-0.1954619326471845,-1.3586915484813744,-1.094831285960936,-1.0234584666577575,1.2774215664053372,-0.10581709879138429,-0.08526723410910715,-0.07970860332225525,0.09948766093499511,-2.4535228344423103,0.2539630997475797,-0.19108433290049145,0.01977905761273985,0.1694618165234412,0.15757824057540148,0.12616969077787105,0.06251995480628417,0.16352002854942133,0.9056551772079224,0.5345876028786719,0.9722222222222222,3.75,0.9722222222222222,6.666666666666667,2.361111111111111,83.26388888888889
"Cobb, Alex",502171,2023,2491,79.77803031395383,-0.4955246476921264,-0.49731498162597987,-4.3535041420977905,-4.955246476921264,-0.17476933529095906,-0.19892599265039196,-0.7634766861729076,-1.661095484739235,-0.34703586000478026,-1.5818961111808676,-0.030649405306017972,-0.06668388136247431,-0.013931588117413901,-0.0635044605050529,-2.4245721709121426,-1.9289319711856479,-0.09733328666849228,-0.0774360486224668,0.21636517171742795,0.18810505129062033,0.09705501882217245,0.18711371555985973,0.20223511150402412,0.8579156328089839,0.530075372156504,0.9027777777777777,0.06944444444444445,0.9027777777777777,3.4722222222222223,13.958333333333334,25.48611111111111
"Chapman, Aroldis",547973,2023,1128,79.77626913476972,-0.22440806223671556,-0.4973582939643517,-1.971593527352752,-2.2440806223671554,-0.1747866602263078,-0.1989433175857407,-0.2557966283625319,-0.24500448798630714,-0.8422299703779572,-0.6285624406259558,-0.02267700606050815,-0.02172025602715489,-0.07466577751577634,-0.05572362062286842,-0.5008011163488391,-1.470792411003913,-0.044397262087663036,-0.13038939813864478,0.20072489101197782,0.22562430886554985,0.14171591992908755,0.19500029740179606,0.21317459993876384,0.8316418913345582,0.522408245636661,0.8333333333333334,4.722222222222222,0.8333333333333334,1.0416666666666665,20.48611111111111,5.069444444444445
"Ashby, Aaron",676879,2024,584,79.45526413743299,-0.11802703250833468,-0.5052527076555423,-1.0391954461042587,-1.1802703250833468,-0.17794442570278401,-0.2021010830622169,-0.791809109672613,0.04361058509175564,-0.28230147830072383,-0.008695443222677568,-0.13558375165626935,0.007467565940369117,-0.048339294229576,-0.0014889457573078028,-0.7481985245808573,-0.2909969215234014,-0.12811618571590022,-0.0498282399868838,0.13240308662129274,0.16141757579297875,0.10421232831797043,0.13907074288786142,0.14691033120713576,0.8783584643970841,0.51263439780211,0.7638888888888888,15.416666666666668,0.7638888888888888,0.2777777777777778,1.1111111111111112,53.333333333333336
"Darvish, Yu",506433,2023,2214,79.44102138333038,-0.4477619963843084,-0.5056029769470509,-3.942791569905239,-4.477619963843084,-0.1780845334193875,-0.20224119077882038,-1.519356686211836,-0.3653266541114135,-1.4872781758339215,-0.5708300537480682,-0.06862496324353369,-0.016500752218221025,-0.06717606936919249,-0.025782748588440294,-1.8846833403232495,-2.0581082295819897,-0.08512571546175472,-0.09295881795763278,0.17553220215721677,0.20111328878147675,0.11762494852879926,0.1512022196702546,0.18832274546934674,0.8655864159004731,0.52695458068491,0.6944444444444444,0.20833333333333334,0.6944444444444444,2.361111111111111,8.055555555555555,35.27777777777778
"Beck, Tristan",663941,2025,817,79.29718117190748,-0.16638708644272332,-0.5091404113914422,-1.4665109738006663,-1.663870864427233,-0.17949950719714397,-0.20365616455657687,-0.9416261607434535,-0.5118250851551238,-0.20310720815336936,0.19004748025128038,-0.11525412004203839,-0.06264688924787316,-0.02486012339698523,0.0232616254897528,-1.4534512458985773,-0.01305972790208898,-0.17790100928991154,-0.0015984979072324332,0.13259681207377458,0.1689091846713998,0.0928724798373556,0.12026475483445098,0.15075299837258718,0.8934313826640967,0.522092190518342,0.625,8.402777777777779,0.625,0.9027777777777777,1.25,73.26388888888889
"Chirinos, Yonny",630023,2024,515,78.75353863636407,-0.10763708202434559,-0.522510106914299,-0.9519640348423763,-1.0763708202434559,-0.18484738540628667,-0.20900404276571957,0.009077258512661501,-0.6133367799691314,-0.3715385053164937,0.023833991930587217,0.0017625744684779615,-0.1190945203823556,-0.0721433990905813,0.004627959598172275,-0.6042595214564699,-0.34770451338590647,-0.11733194591387763,-0.06751543949240903,0.24901347454759873,0.15438735289288508,0.1459417819189666,0.14250369005681404,0.2017004137202419,0.8557772640121097,0.5287388388661758,0.5555555555555556,17.22222222222222,0.5555555555555556,2.9166666666666665,13.61111111111111,23.194444444444446
"Long, Sam",669674,2025,786,78.72515475542636,-0.16449664116453203,-0.5232081461976209,-1.4550950848001776,-1.6449664116453202,-0.18512660111961549,-0.20928325847904838,-0.9912492435423701,0.15665170583133659,0.0071747450328985,-0.6276722921220426,-0.12611313531073412,0.019930242472180226,0.00091281743421100505,-0.07985652571527259,-0.8345975377110335,-0.6204975470891441,-0.1061828928385539,-0.07894370828106158,0.14697806855974985,0.26936451189771343,0.08614909320842762,0.2115334051327232,0.20817129022873165,0.8511587508294246,0.5296650205290782,0.4861111111111111,8.819444444444445,0.4861111111111111,3.125,16.875,18.75
"Keller, Brad",641745,2023,864,78.28910056721085,-0.18452687927423872,-0.5339319423444407,-1.6365552731568869,-1.8452687927423872,-0.1894161195783434,-0.2135727769377763,-0.39536338253208214,-0.11619150875503692,-0.5440622084538518,-0.580938173415916,-0.045759650756028024,-0.013448091291092236,-0.0629701630154921,-0.06723821451573102,-0.5115548912871191,-1.1250003818697678,-0.05920774204712027,-0.1302083775312231,0.19790898051071476,0.2259320104174344,0.11321666579990436,0.20660421750347846,0.2119204954640746,0.8400895583483086,0.5260050269061916,0.4166666666666667,6.805555555555555,0.4166666666666667,2.013888888888889,19.375,9.583333333333334
"Nastrini, Nick",680897,2024,734,78.00399759460666,-0.15882098943288342,-0.5409434244989216,-1.4109000293105964,-1.588209894328834,-0.19222071244013575,-0.21637736979956865,-1.3142273207981816,0.2185921558921109,0.05519606531015597,-0.3704609297146817,-0.17905004370547434,0.029780947669224917,0.0075198999060158,-0.05047151630990213,-1.0956351649060707,-0.3152648644045257,-0.14926909603624944,-0.04295161640388634,0.13524634702277163,0.29699046860225314,0.08246681089684535,0.24717783803998847,0.2161184078125124,0.8351776755315831,0.5256480416720477,0.3472222222222222,9.097222222222221,0.3472222222222222,1.875,22.569444444444446,6.666666666666667
"Funderburk, Kody",681892,2024,650,77.48200005681869,-0.14398301028451957,-0.5537808087866136,-1.2828118300088818,-1.4398301028451956,-0.19735566615521255,-0.22151232351464545,-0.22204274044634076,-0.8164375809574267,-0.306110020928827,0.061778512323712675,-0.03416042160712935,-0.12560578168575795,-0.047093849373665696,0.009504386511340413,-1.0384803214037674,-0.24433150860511432,-0.15976620329288732,-0.03758946286232528,0.18977825242601207,0.15091578343419176,0.13446444582540704,0.13107798661503295,0.17034701793010193,0.8672287837797801,0.518787900854941,0.2777777777777778,11.458333333333332,0.2777777777777778,0.625,3.6111111111111107,37.22222222222222
"Soriano, José",667755,2025,2784,75.08504440506886,-0.6823346520550921,-0.6127286746184376,-6.150825179664309,-6.823346520550921,-0.22093481248794214,-0.24509146984737504,-1.477615733664436,-3.333534653178731,-1.501440824525389,0.16176603170424642,-0.05307527778967083,-0.11973903208256935,-0.0539310640993315,0.005810561483629541,-4.811150386843167,-1.3396747928211425,-0.1728143098722402,-0.04812050261570196,0.1986510160950075,0.1539439115221893,0.10601651407122312,0.13402030817625282,0.1762974638085984,0.879981588876262,0.5281395263424302,0.20833333333333334,0,0.20833333333333334,2.7083333333333335,5,55.625
"Pallante, Andre",669467,2023,1114,74.65648334517186,-0.2777283071183483,-0.6232681937126308,-2.5081779081994,-2.777283071183483,-0.2251506201256194,-0.2493072774850523,-1.9994727135067478,-0.14333691638194068,0.6164521297713463,-0.9818204080820578,-0.17948588092520176,-0.012866868615973132,0.05533681595793055,-0.08813468654237504,-2.1428096298886885,-0.3653682783107115,-0.1923527495411749,-0.03279787058444448,0.12669544640049968,0.2623441763229899,0.06362459160031436,0.270228685785027,0.1945198113617448,0.8330733613073293,0.5137965863345371,0.1388888888888889,2.986111111111111,0.1388888888888889,0.3472222222222222,10.48611111111111,5.694444444444445
"Darvish, Yu",506433,2025,1179,74.32120493062556,-0.2978218282792329,-0.6315136307871776,-2.6934112925246154,-2.978218282792329,-0.22844879495543813,-0.252605452314871,-0.36636951582818256,-1.0639079918423704,-0.5734667095457553,-0.6896670753083072,-0.03107459845870929,-0.0902381672470204,-0.04864009410905473,-0.0584959351406537,-1.430277507670553,-1.2631337848540625,-0.12131276570572969,-0.10713602924970844,0.19535192263774104,0.1662932961406756,0.12228532847337667,0.1690366862010924,0.1808226093892083,0.8543389926627655,0.5175808010259869,0.06944444444444445,2.569444444444444,0.06944444444444445,0.5555555555555556,5.833333333333333,21.458333333333332
"Rom, Drew",680723,2023,670,61.180595956239195,-0.2558537256396106,-0.9546780807448156,-2.3966876520879055,-2.558537256396106,-0.35771457493849335,-0.38187123229792624,-0.7374145291523746,-0.7897179455256378,-0.33840193431842636,-0.5311532430914667,-0.11006187002274247,-0.11786835007845341,-0.05050775139080991,-0.07927660344648757,-1.5271324746780124,-0.8695551774098931,-0.22793022010119587,-0.12978435483729747,0.12088921829084767,0.1607578088820953,0.12481558585106357,0.17131204393159108,0.1408235135864715,0.8519361851086726,0.49637984934757207,0,3.680555555555556,0,0,0.9027777777777777,19.65277777777778
