"tunneling_plus_tier","n_pitchers","pct_of_total","avg_tunneling_plus","avg_runs_saved_per_100","avg_tunnel_quality","avg_release_similarity","avg_approach_divergence"
"Elite (110+, +1 SD effect)",192,13.3056133056133,115.169685106375,0.953867492624312,0.560125633140203,0.246166293162997,0.874084973117408
"Above Average (100-110)",569,39.4317394317394,104.56130985283,0.270146839075978,0.561619058919097,0.245228504768738,0.878009613069456
"Below Average (90-100)",484,33.5412335412335,95.6718188292297,-0.302789964826782,0.560520979029196,0.242308191347252,0.878733766711141
"Poor (<90, -1 SD effect)",198,13.7214137214137,82.7619941412563,-1.13484139229729,0.561035372650425,0.248021770445594,0.874048974855256
