"tunneling_plus_quartile","n_pitchers","avg_tunneling_plus","avg_tunnel_quality","avg_release_similarity","avg_approach_divergence","avg_actual_rv","avg_xrv","avg_runs_saved_per_100","median_runs_saved_per_100"
"Q4 (Top 25%)",361,111.842414764643,0.561480815393548,0.246916977096042,0.876044653691054,-0.0114890705774824,-0.00409485547492513,0.739421510255724,0.644862310532505
"Q3 (50-75%)",360,103.38980313775,0.560428644543248,0.243459594755237,0.877397694331258,-0.00441783062214129,-0.00247141031153184,0.194642031060945,0.196913018888427
"Q2 (25-50%)",361,97.6557266602674,0.561317955216958,0.242815090231649,0.879820820202267,0.00111529860372265,-0.000633952121974912,-0.174925072569756,-0.170892461579419
"Q1 (Bottom 25%)",361,87.1214454737323,0.560658879492627,0.245832942503666,0.875484816481588,0.00987549547439222,0.00133679259850577,-0.853870287588644,-0.720705702470942
